:020000040800F2
:1000000000040020C1010008616F0008616F000852
:10001000F1230008616F0008616F0008616F00083C
:10002000616F0008616F0008616F0008919200081D
:10003000616F0008616F0008616F000871F00008CF
:10004000616F000811C50008A1C60008F1C60008CC
:10005000616F0008616F000851C20008A1C200086A
:10006000F1C2000841C3000891C30008A1B4000810
:10007000F1B4000841B5000891B50008E1B50008E9
:1000800031B6000881B6000891BF000891C8000889
:1000900001C90008B1C9000861CA0008E1C300082D
:1000A000616F0008616F0008D1EA0008616F000805
:1000B00031EC000871EC0008B1EC000821D8000810
:1000C00061D90008616F0008616F0008616F000866
:1000D000616F0008616F0008616F000831F100086E
:1000E00071C4000861C50008B1C50008616F00084F
:1000F000616F000811EB0008616F0008D1B60008BD
:10010000616F0008F1CB0008F1EC0008616F000896
:10011000616F0008616F000891EA0008616F0008D4
:1001200021B7000871B70008C1B7000811B800086E
:1001300061B80008616F000801C60008616F00081F
:10014000616F0008616F0008616F000831E400080A
:10015000B1B8000801B9000851B90008616F000882
:10016000616F0008616F0008616F0008616F00082F
:1001700051C60008616F0008A1140008616F0008F3
:10018000616F0008616F0008616F0008616F00080F
:10019000616F0008616F0008616F0008616F0008FF
:1001A000616F0008616F0008616F0008616F0008EF
:1001B000616F0008616F0008616F0008616F0008DF
:1001C00072B62E4880F3098840F20000CCF200009D
:1001D0004EF63471CEF20001086040F20000C0F229
:1001E000F0004EF68851CEF2000108604FF000009A
:1001F000E1EE100A4EF63C71CEF2000108600620D6
:1002000080F31488BFF36F8F0FF0DAF84FF055309A
:100210001B491C4A91423CBF41F8040BFAE71A49BA
:10022000164A91423CBF41F8040BFAE71749184AB5
:10023000184B9A423EBF51F8040B42F8040BF8E702
:1002400000201549154A91423CBF41F8040BFAE7DA
:1002500006F06EFE124C134DAC4203DA54F8041B48
:100260008847F9E700F0D4FF0F4C104DAC4203DA99
:1002700054F8041B8847F9E706F06ABE000800201E
:10028000000000200004002000040020E83E0108D7
:10029000000800200415002008150020B05600209A
:1002A000C0010008C0010008C0010008C00100082A
:1002B0002DE9F04F2DED108AC1F80CD0D0F80CD0FC
:1002C000BDEC108ABDE8F08F06F08AFF07F0C0FF92
:1002D000002383F311882846A047002007F058FD2B
:1002E00007F09EFF06F05CFF07F07AFB06F078FF50
:1002F00007F0AEFF00DFFEE7000000000000000096
:1003000081F0004102E000BF83F0004330B54FEAC6
:1003100041044FEA430594EA050F08BF90EA020F33
:100320001FBF54EA000C55EA020C7FEA645C7FEAC6
:10033000655C00F0E2804FEA5454D4EB5555B8BFE9
:100340006D420CDD2C4480EA020281EA030382EA5A
:10035000000083EA010180EA020281EA0303362DEC
:1003600088BF30BD11F0004F4FEA01314FF4801CBF
:100370004CEA113102D0404261EB410113F0004FD1
:100380004FEA03334CEA133302D0524263EB430388
:1003900094EA050F00F0A780A4F10104D5F1200E26
:1003A0000DDB02FA0EFC22FA05F2801841F1000181
:1003B00003FA0EF2801843FA05F359410EE0A5F155
:1003C00020050EF1200E012A03FA0EFC28BF4CF086
:1003D000020C43FA05F3C01851EBE37101F000453C
:1003E00007D54FF0000EDCF1000C7EEB00006EEB49
:1003F0000101B1F5801F1BD3B1F5001F0CD34908D3
:100400005FEA30004FEA3C0C04F101044FEA445229
:1004100012F5800F80F09A80BCF1004F08BF5FEAB0
:10042000500C50F1000041EB045141EA050130BD90
:100430005FEA4C0C404141EB010111F4801FA4F133
:100440000104E9D191F0000F04BF01460020B1FA88
:1004500081F308BF2033A3F10B03B3F120020CDAC0
:100460000C3208DD02F1140CC2F10C0201FA0CF09E
:1004700021FA02F10CE002F11402D8BFC2F1200C03
:1004800001FA02F120FA0CFCDCBF41EA0C019040B9
:10049000E41AA2BF01EB0451294330BD6FEA040402
:1004A0001F3C1CDA0C340EDC04F11404C4F12002ED
:1004B00020FA04F001FA02F340EA030021FA04F3FF
:1004C00045EA030130BDC4F10C04C4F1200220FA56
:1004D00002F001FA04F340EA0300294630BD21FA94
:1004E00004F0294630BD94F0000F83F4801306BF5A
:1004F00081F480110134013D4EE77FEA645C18BF4E
:100500007FEA655C29D094EA050F08BF90EA020FE4
:1005100005D054EA000C04BF1946104630BD91EADC
:10052000030F1EBF0021002030BD5FEA545C05D1DF
:100530004000494128BF41F0004130BD14F580041E
:100540003CBF01F5801130BD01F0004545F0FE4192
:1005500041F470014FF0000030BD7FEA645C1ABFC7
:10056000194610467FEA655C1CBF0B46024650EAFE
:10057000013406BF52EA033591EA030F41F400212A
:1005800030BD00BF90F0000F04BF0021704730B5B0
:100590004FF4806404F132044FF000054FF0000185
:1005A00050E700BF90F0000F04BF0021704730B546
:1005B0004FF4806404F1320410F0004548BF40421B
:1005C0004FF000013EE700BF42004FEAE2014FEA70
:1005D00031014FEA02701FBF12F07F4393F07F4F4B
:1005E00081F06051704732F07F4208BF704793F04E
:1005F0007F4F04BF41F40021704730B54FF4607461
:1006000001F0004521F000411CE700BF50EA010263
:1006100008BF704730B54FF000050AE050EA01020C
:1006200008BF704730B511F0004502D5404261EB7C
:1006300041014FF4806404F132045FEA915C3FF4BD
:10064000D8AE4FF003025FEADC0C18BF03325FEA5A
:10065000DC0C18BF033202EBDC02C2F1200300FA0B
:1006600003FC20FA02F001FA03FE40EA0E0021FA30
:1006700002F11444BDE600BF0000000000000000CD
:1006800070B54FF0FF0C4CF4E06C1CEA11541DBF28
:100690001CEA135594EA0C0F95EA0C0F00F0DEF8F3
:1006A0002C4481EA030621EA4C5123EA4C5350EAD8
:1006B000013518BF52EA033541F4801143F4801329
:1006C00038D0A0FB02CE4FF00005E1FB02E506F0BA
:1006D0000042E0FB03E54FF00006E1FB03569CF00F
:1006E000000F18BF4EF0010EA4F1FF04B6F5007F15
:1006F00064F5407404D25FEA4E0E6D4146EB060687
:1007000042EAC62141EA55514FEAC52040EA5E500F
:100710004FEACE2EB4F1FD0C88BFBCF5E06F1ED8B9
:10072000BEF1004F08BF5FEA500E50F1000041EBF0
:10073000045170BD06F0004646EA010140EA02009D
:1007400081EA0301B4EB5C04C2BFD4EB0C0541EABF
:10075000045170BD41F480114FF0000E013C00F3D4
:10076000AB8014F1360FDEBF002001F0004170BDF8
:10077000C4F10004203C35DA0C341BDC04F1140411
:10078000C4F1200500FA05F320FA04F001FA05F29D
:1007900040EA020001F0004221F0004110EBD3706A
:1007A00021FA04F642EB06015EEA430E08BF20EA96
:1007B000D37070BDC4F10C04C4F1200500FA04F339
:1007C00020FA05F001FA04F240EA020001F00041CB
:1007D00010EBD37041F100015EEA430E08BF20EA3E
:1007E000D37070BDC4F1200500FA05F24EEA020E86
:1007F00020FA04F301FA05F243EA020321FA04F0B5
:1008000001F0004121FA04F220EA020000EBD3706B
:100810005EEA430E08BF20EAD37070BD94F0000F6B
:100820000FD101F00046400041EB010111F4801F9F
:1008300008BF013CF7D041EA060195F0000F18BF50
:10084000704703F00046520043EB030313F4801F8C
:1008500008BF013DF7D043EA0603704794EA0C0F46
:100860000CEA135518BF95EA0C0F0CD050EA41065C
:1008700018BF52EA4306D1D181EA030101F00041D9
:100880004FF0000070BD50EA410606BF1046194601
:1008900052EA430619D094EA0C0F02D150EA01360D
:1008A00013D195EA0C0F05D152EA03361CBF10464E
:1008B00019460AD181EA030101F0004141F0FE41ED
:1008C00041F470014FF0000070BD41F0FE4141F471
:1008D000780170BD70B54FF0FF0C4CF4E06C1CEA71
:1008E00011541DBF1CEA135594EA0C0F95EA0C0F26
:1008F00000F0A7F8A4EB050481EA030E52EA0335E1
:100900004FEA013100F088804FEA03334FF0805501
:1009100045EA131343EA12634FEA022245EA11152E
:1009200045EA10654FEA00260EF000419D4208BFDF
:10093000964244F1FD0404F5407402D25B084FEA8C
:100940003202B61A65EB03055B084FEA32024FF438
:1009500080104FF4002CB6EB020E75EB030E22BF95
:10096000B61A754640EA0C005B084FEA3202B6EB55
:10097000020E75EB030E22BFB61A754640EA5C0004
:100980005B084FEA3202B6EB020E75EB030E22BF94
:10099000B61A754640EA9C005B084FEA3202B6EB95
:1009A000020E75EB030E22BFB61A754640EADC0054
:1009B00055EA060E18D04FEA051545EA16754FEAB6
:1009C00006164FEAC30343EA52734FEAC2025FEAD4
:1009D0001C1CC0D111F4801F0BD141EA00014FF063
:1009E00000004FF0004CB6E711F4801F04BF014334
:1009F0000020B4F1FD0C88BFBCF5E06F3FF6AFAE50
:100A0000B5EB030C04BFB6EB020C5FEA500C50F1DF
:100A1000000041EB045170BD0EF0004E4EEA113162
:100A200014EB5C04C2BFD4EB0C0541EA045170BD69
:100A300041F480114FF0000E013C90E645EA060EAD
:100A40008DE60CEA135594EA0C0F08BF95EA0C0FDB
:100A50003FF43BAF94EA0C0F0AD150EA01347FF423
:100A600034AF95EA0C0F7FF425AF104619462CE7FA
:100A700095EA0C0F06D152EA03353FF4FDAE10465D
:100A8000194622E750EA410618BF52EA43067FF4AE
:100A9000C5AE50EA41047FF40DAF52EA43057FF43E
:100AA000EBAE12E7000000000000000000000000B4
:100AB0004FEA410212F5001215D211D56FF4787386
:100AC000B3EB625212D94FEAC12343F0004343EA29
:100AD000505311F0004F23FA02F018BF4042704704
:100AE0004FF00000704750EA013005D111F000408E
:100AF00008BF6FF0004070474FF00000704700BF24
:100B000053B94AB9002908BF00281CBF4FF0FF3174
:100B10004FF0FF3000F074B9ADF1080C6DE904CE70
:100B200000F006F8DDF804E0DDE9022304B07047C8
:100B30002DE9F047089E04468846002B4BD18A4297
:100B4000154667D9B2FA82F24AB1C2F1200701FA1A
:100B500002F320FA07F7954047EA030894404FEA6A
:100B6000154E230CB8FBFEF71FFA85FC0EFB178809
:100B700043EA084307FB0CF1994209D9EB1807F146
:100B8000FF3080F01B81994240F21881023F2B44D4
:100B90005B1AA4B2B3FBFEF00EFB103344EA03442D
:100BA00000FB0CFCA44509D92C1900F1FF3380F09F
:100BB0000781A44540F2048102382C4440EA0740F2
:100BC000A4EB0C0400271EB1D4400023C6E9004367
:100BD0003946BDE8F0878B4209D9002E00F0EB8042
:100BE0000027C6E9000138463946BDE8F087B3FA68
:100BF00083F7002F47D18B4202D3824200F2FA8062
:100C0000841A61EB030301209846002EE0D0C6E968
:100C10000048DDE702B9FFDEB2FA82F2002A40F0B6
:100C20008F80491B4FEA154E1FFA85F80127B1FB4B
:100C3000FEFC230C0EFB1C1143EA014308FB0CF1E4
:100C4000994207D9EB180CF1FF3002D2994200F219
:100C5000CD808446591AA3B2B1FBFEF00EFB1014EE
:100C600043EA044408FB00F8A04507D92C1900F119
:100C7000FF3302D2A04500F2B6801846A4EB080468
:100C800040EA0C409FE7C7F1200CBB4022FA0CFE63
:100C90004EEA030E01FA07F420FA0CF521FA0CF3E0
:100CA0004FEA1E482543B3FBF8F92C0C08FB193317
:100CB0001FFA8EFA44EA034309FB0AF49C4202FA43
:100CC00007F200FA07F10BD91EEB030309F1FF301D
:100CD00080F087809C4240F28480A9F1020973442D
:100CE0001B1BADB2B3FBF8F008FB103345EA03441D
:100CF00000FB0AFAA24508D91EEB040400F1FF33F9
:100D00006BD2A24569D90238744440EA0940A0FB7D
:100D10000289A4EB0A044C45C2464B4654D351D039
:100D2000002E69D0B1EB0A0564EB030404FA0CFC55
:100D3000FD40FC404CEA0505C6E90054002747E7A2
:100D4000C2F1200320FA03F7954001FA02F021FADC
:100D500003F34FEA154E3843010CB3FBFEF71FFABD
:100D600085F80EFB173341EA034107FB08F38B427A
:100D700004FA02F407D9691807F1FF3C2FD28B421D
:100D80002DD9023F2944CB1A81B2B3FBFEF00EFBF2
:100D9000103341EA034100FB08F38B4207D969187D
:100DA00000F1FF3C17D28B4215D902382944C91AE9
:100DB00040EA07473BE73746304609E70746E7E69C
:100DC0001846FBE64145ABD2B8EB020A69EB0E02CE
:100DD00001381346A4E76046E9E7184695E76746F9
:100DE000D1E781467CE702382C4447E7ACF1020C9E
:100DF0002B442FE7384608E73746E9E600000000B5
:100E0000704700BF0000000000000000000000006C
:100E1000844641EA000313F003036DD1403A41D305
:100E200051F8043B40F8043B51F8043B40F8043BC4
:100E300051F8043B40F8043B51F8043B40F8043BB4
:100E400051F8043B40F8043B51F8043B40F8043BA4
:100E500051F8043B40F8043B51F8043B40F8043B94
:100E600051F8043B40F8043B51F8043B40F8043B84
:100E700051F8043B40F8043B51F8043B40F8043B74
:100E800051F8043B40F8043B51F8043B40F8043B64
:100E900051F8043B40F8043B51F8043B40F8043B54
:100EA000403ABDD2303211D351F8043B40F8043BF4
:100EB00051F8043B40F8043B51F8043B40F8043B34
:100EC00051F8043B40F8043B103AEDD20C3205D304
:100ED00051F8043B40F8043B043AF9D2043208D0FC
:100EE000D2071CBF11F8013B00F8013B01D30B886E
:100EF00003806046704700BF082A13D38B078DD04C
:100F000010F003038AD0C3F10403D21ADB071CBF1D
:100F100011F8013B00F8013B80D331F8023B20F887
:100F2000023B7BE7043AD9D3013A11F8013B00F8C0
:100F3000013BF9D20B7803704B7843708B78837048
:100F40006046704700000000000000000000000044
:100F500090F800F06DE9024520F007016FF0000CF9
:100F600010F0070491F820F040F049804FF00004A1
:100F70006FF00700D1E9002391F840F000F108007C
:100F800082FA4CF2A4FA8CF283FA4CF3A2FA8CF3B4
:100F90004BBBD1E9022382FA4CF200F10800A4FA1B
:100FA0008CF283FA4CF3A2FA8CF3E3B9D1E904236F
:100FB00082FA4CF200F10800A4FA8CF283FA4CF3A6
:100FC000A2FA8CF37BB9D1E9062301F1200182FA60
:100FD0004CF200F10800A4FA8CF283FA4CF3A2FA66
:100FE0008CF3002BC6D0002A04BF04301A4612BA74
:100FF000B2FA82F2FDE8024500EBD2007047D1E977
:10100000002304F00305C4F100004FEAC50514F005
:10101000040F91F840F00CFA05F562EA05021CBFD6
:1010200063EA050362464FF00004A9E700000000F0
:1010300001F0FF01102A2BDB10F0070F08D010F889
:10104000013B013A8B422DD010F0070F42B3F6D18D
:10105000F0B441EA012141EA014122F007047FF0A6
:1010600000070023F0E80256083C85EA010586EAFD
:10107000010685FA47F5A3FA87F586FA47F6A5FA39
:1010800087F68EB9EED1F0BC01F0FF0102F0070245
:1010900032B110F8013B013A83EA010313B1F8D1F0
:1010A0000020704701387047002D06BF35460338D1
:1010B000073815F0010F07D1013015F4807F02BF0A
:1010C000013015F4C03F0130F0BC0138704700BF5B
:1010D0004FF0FF3C06E000BF4FF0010C02E000BF04
:1010E0004FF0010C4DF804CD4FEA410C7FEA6C5CE7
:1010F0004FEA430C18BF7FEA6C5C1BD001B050EA8A
:10110000410C0CBF52EA430C91EA030F02BF90EA74
:10111000020F0020704710F1000F91EA030F58BF33
:10112000994208BF90422CBFD8176FEAE37040F095
:10113000010070474FEA410C7FEA6C5C02D150EA33
:10114000013C07D14FEA430C7FEA6C5CD6D152EAEE
:10115000033CD3D05DF8040B704700BF84461046B3
:1011600062468C461946634600E000BF01B5FFF7B2
:10117000B7FF002848BF10F1000F01BD4DF808ED82
:10118000FFF7F4FF0CBF012000205DF808FB00BF53
:101190004DF808EDFFF7EAFF34BF012000205DF8AD
:1011A00008FB00BF4DF808EDFFF7E0FF94BF0120FA
:1011B00000205DF808FB00BF4DF808EDFFF7CEFFFB
:1011C00094BF012000205DF808FB00BF4DF808ED3A
:1011D000FFF7C4FF34BF012000205DF808FB00BF0B
:1011E0004FEA410C7FEA6C5C02D150EA013C0AD123
:1011F0004FEA430C7FEA6C5C02D152EA033C02D115
:101200004FF0000070474FF00100704700000000F1
:10121000F0B55C4B5C4F1B6883B0019308F098F805
:1012200005F0B6FE01F08CF8584A5949594805F0C6
:1012300087FD002001F0ACFD01F012FE05F040FD3D
:1012400000F0E6FF01F0CCFF01F0DAFA01F070FEE9
:1012500001F0E6FB0A28FBDC0021084600F080FFD5
:1012600000242546204601F01BFE0646284601F0D4
:1012700017FE8642A4BF2046254604F10104B8BFEC
:101280002846082CEED101F00BFE05286ADDB0F5EA
:10129000167F26DD072DDBD8DFE805F004171717CA
:1012A0000B0B0B04002001F04BFB002001F070FB46
:1012B000CEE7384601F044FB4FF4FA7001F068FBCA
:1012C0000121002000F04CFFC2E74FF4FA7001F05A
:1012D00037FB384601F05CFB0121002000F040FFA5
:1012E000B6E7072DB4D8DFE805F004352D250D1D30
:1012F00015044FF42F7001F023FB4FF42F7001F011
:1013000047FBA5E7384601F01BFB4FF4FA7001F0EC
:101310003FFB9DE7642001F013FB4FF42F7001F0B9
:1013200037FB95E7002001F00BFB4FF4167001F03E
:101330002FFB8DE74FF4FA7001F002FB384601F005
:1013400027FB85E74FF4167001F0FAFA002001F050
:101350001FFB7DE74FF42F7001F0F2FA642001F0DB
:1013600017FB75E705F0D4FC044601F059FB002C8F
:10137000C8D14FF47A7001F0E3FA4FF47A7001F0BB
:1013800007FB65E7000800200CFEFFFF04080020B3
:101390000C080020081500200000000000000000DC
:1013A00000B5084B83B01A680192019A1B689A42F3
:1013B00005D1054803B05DF804EB05F051BEFFF719
:1013C000EFFF00BF00080020C02E01080000000051
:1013D00030B5104D81682B680F4A83B001930B68BC
:1013E00023F001030B608168946A03E0936A1B1B7E
:1013F000C72B09D8086810F00100F7D1019A2B68B3
:101400009A4204D103B030BD4FF0FF30F6E7FFF74A
:10141000C7FF00BF00080020F046002000000000C9
:1014200070B51C4E82B03368019311F00C0F0D465D
:10143000044610D0C268117A52683D238B40136075
:101440000378032B21D0062263682270DB6813B176
:10145000002120469847AA060BD563685B6873B1E4
:1014600001993268914213D1204602B0BDE8704024
:101470001847EB0603D563689B68002BF0D1019AEF
:1014800033689A4204D102B070BDFFF7A1FFDAE7DA
:10149000FFF786FF000800200000000000000000A9
:1014A000F0B5284D83B02B68019306F081FE05F05E
:1014B000F7FE254B1E69F20715D55A69234C42F0F9
:1014C00001025A612778BB1F012B2AD905226368C4
:1014D00022701B680BB120469847042F27D0022F9B
:1014E00025D003232370B30710D5174A174C53692F
:1014F00043F0020353612378032B1DD06368DB683C
:101500000622227013B101211048984705F0F0FE21
:10151000019A2B689A4213D103B0BDE8F04007F05E
:10152000D7BE019A2B689A420AD103B0F0BD0223BC
:101530002370B307EAD5D8E72046FFF749FFDDE778
:10154000FFF72EFF000800200000055014150020B2
:101550002DE9F0412F4C0578266882B0012D0196C7
:1015600006D0019A23689A4252D102B0BDE8F081B8
:10157000294DA842F5D10E4690461F46274AE868F5
:101580002B460C210AF044FA002839D1D5E9023261
:10159000126828339360EB681A68042151611B6854
:1015A000C3F80C80EB681A6817611B68B6085E60A8
:1015B0002B694FB343F480232B61E968184A09680B
:1015C0000B60EB6819680B6843F001030B60536B09
:1015D00043F0010353630B214E2009F0F9FED5E9D6
:1015E0000113DA6842F00102DA60DA6842F00202BE
:1015F000DA600A6922F4804222F001021A60B0E740
:10160000084805F02DFDC1E723F480232B61D4E7C2
:10161000FFF7C6FE00080020141500202114000862
:1016200000380240E02E0108000000000000000029
:1016300030B5184C0378226883B0022B019205D094
:10164000019A23689A4223D103B030BD124B9842CD
:101650000546F5D18168114A0B6823F4804323F0D5
:1016600001030B608168CB6823F00F03CB60536BE1
:1016700023F0010353634E2009F0D2FE019A236840
:101680009A4205D1E86803B0BDE830400AF028BAB4
:10169000FFF786FE000800201415002000380240E5
:1016A00000B50F4B0278196883B0022A01910ED160
:1016B00081680A6842F002020A6081680A6842F49E
:1016C00080420A6081680A6842F001020A60019A59
:1016D0001B689A4202D103B05DF804FBFFF760FE7D
:1016E00000080020000000000000000000000000D2
:1016F00000B50F4B0278196883B0022A01910ED110
:1017000081680A6822F002020A6081680A6842F46D
:1017100080420A6081680A6842F001020A60019A08
:101720001B689A4202D103B05DF804FBFFF738FE54
:101730000008002000000000000000000000000081
:101740002DE9F043254D83B02C680194DDF82890F5
:101750000F4616469846044618B111B1204B9A42DE
:101760002FD9204805F07CFC202383F3118806F054
:1017700057FD05F015FD2378012B02D0194805F01F
:101780006FFC4246314620464B466760FFF7E0FE5D
:101790000223237005F024FD06F05AFD124B1A684F
:1017A0009A4204D0996993688A689A420FD30023B9
:1017B00083F31188019A2B689A420CD103B0BDE8DB
:1017C000F0839307CDD1B8F1000FCDD1C9E7074819
:1017D00005F046FCEBE7FFF7E3FD00BF0008002043
:1017E000FCFF0300102F0108F0460020002F010825
:1017F00030B51C4D83B02B680193044658B32023A9
:1018000083F3118806F00CFD05F0CAFC2378022B47
:1018100002D0154805F024FC2046FFF709FF0123FC
:10182000237005F0DDFC06F013FD104B1A689A4298
:1018300004D0996993688A689A4208D3002383F395
:101840001188019A2B689A4209D103B030BD08482B
:1018500005F006FCF2E7044805F002FCCFE7FFF7CD
:101860009FFD00BF00080020202F0108F046002047
:10187000002F010800000000000000000000000030
:1018800030B51C4D83B02B680193044658B3202318
:1018900083F3118806F0C4FC05F082FC2378022B48
:1018A00002D0154805F0DCFB2046FFF7F9FE0423C3
:1018B000237005F095FC06F0CBFC104B1A689A4299
:1018C00004D0996993688A689A4208D3002383F305
:1018D0001188019A2B689A4209D103B030BD08489B
:1018E00005F0BEFBF2E7044805F0BAFBCFE7FFF7CF
:1018F00057FD00BF00080020302F0108F0460020EF
:10190000002F01080000000000000000000000009F
:1019100030B51C4D83B02B680193044658B3202387
:1019200083F3118806F07CFC05F03AFC2378022B47
:1019300002D0154805F094FB2046FFF7D9FE03239B
:10194000237005F04DFC06F083FC104B1A689A4298
:1019500004D0996993688A689A4208D3002383F374
:101960001188019A2B689A4209D103B030BD08480A
:1019700005F076FBF2E7044805F072FBCFE7FFF7CE
:101980000FFD00BF00080020502F0108F046002086
:10199000002F01080000000000000000000000000F
:1019A00030B51A4D83B02B680193044638B3202319
:1019B00083F3118806F034FC05F0F2FB0223204685
:1019C0002370FFF735FE0123237005F009FC06F0B4
:1019D0003FFC0F4B1A689A4204D0996993688A6851
:1019E0009A4208D3002383F31188019A2B689A4204
:1019F00009D103B030BD074805F032FBF2E70648D5
:101A000005F02EFBD3E7FFF7CBFC00BF000800205A
:101A1000F0460020002F0108602F010800000000A0
:101A200000B5074B07491A68087083B00192019A04
:101A30001B689A4202D103B05DF804FBFFF7B0FCCB
:101A40000008002028150020000000000000000011
:101A500000B5174B174A93F90030116883B0019114
:101A600001995BB1012B18D0022B13680ED099425B
:101A70004FF0000019D103B05DF804FB13689942E0
:101A800013D103B05DF804EB00F0DABA99420CD13F
:101A900003B05DF804EB00F093BA1368994204D1E7
:101AA00003B05DF804EB00F0ABBAFFF779FC00BFC0
:101AB00020080020000800200000000000000000B6
:101AC00010B51B4B1B4C93F90030226882B0019279
:101AD000B3B1012B21D0022B06D00020019A23683C
:101AE0009A4223D102B010BD134B1B788BB1019ADF
:101AF00023689A421AD102B0BDE8104000F060BAE3
:101B0000019A23689A4211D102B0BDE8104000F05A
:101B100097BA00F055FA4000E0E7019A23689A422C
:101B200004D102B0BDE8104000F06ABAFFF738FCFB
:101B300020080020000800202108002000000000EC
:101B4000F0B5124F83B03B68019300F051F9104B90
:101B500093F90030022B064606D0019A3B689A4260
:101B6000304610D103B0F0BD0A4B1C7824B1F4E725
:101B7000735D33550134A4B2FFF7A2FF6500ADB227
:101B80008542F5D3E9E7FFF70BFC00BF0008002012
:101B900020080020210800200000000000000000B4
:101BA00000B5084B08491A6883B000200192019AD9
:101BB0001B6808709A4202D103B05DF804FBFFF77E
:101BC000EFFB00BF000800202F15002000000000E0
:101BD00010B5104C82B023680193202383F3118841
:101BE00006F04EFB05F01CFB0B4B0C4801221A7053
:101BF00006F04EFE05F034FB06F05AFB002383F39B
:101C00001188019A23689A4201D102B010BDFFF7F2
:101C1000C7FB00BF00080020381500202408002062
:101C200010B50F4C0F4B2268197082B0202301921F
:101C300083F3118806F024FB05F0F2FA0A4806F057
:101C400027FE05F00DFB06F033FB002383F311881C
:101C5000019A23689A4201D102B010BDFFF7A0FBA0
:101C6000000800202C15002024080020000000009F
:101C700000B51F4A1F4B127818681F4983B00190A6
:101C800001208242087006D0019A1B689A422CD12A
:101C900003B05DF804FB1949194A0978D2688142FA
:101CA000126811D01748184900780968012810688F
:101CB00006D000030ED51069884212D0D160E3E748
:101CC0000003FBD41161DFE71068104900030968C5
:101CD000F8D5F3E7D0688842F4D10C49096811615E
:101CE000D2E70A490968D160CEE7FFF759FB00BF88
:101CF0002E150020000800202F1500202915002097
:101D0000141500202A15002030150020341500205D
:101D100030B51B4D1B4C2B78226885B0012B0392EC
:101D200025D0FFF7CDFE184B1B78024653B9B0F50E
:101D3000164F20D8154900930B6815481549FFF731
:101D4000FFFC0BE0B0F5964F15D813490F4B09680F
:101D50001B680F4800910F49FFF7F2FC01232B701D
:101D60000020039A23689A4208D105B030BD084884
:101D7000FFF73EFDD5E74FF0FF30F2E7FFF710FB2E
:101D80002D150020000800202E1500203015002001
:101D900014150020702F01083415002000000000E9
:101DA00010B50F4C0F48236882B0019306F038FC41
:101DB0000D4806F015FE0D4B0A481B7843B106F09E
:101DC00067FC0020019A23689A4206D102B010BD38
:101DD00006F05EFC4FF0FF30F4E7FFF7E1FA00BFDA
:101DE000000800202C0800202408002038150020BE
:101DF00070B5294B294C1878294D236882B001937E
:101E00002B7858B9012B03D0264A012310682B7078
:101E1000019A23689A423DD102B070BD012B37D0A0
:101E2000214E3378012B33D0204B1B78FBB9204B4C
:101E30001C4ADB6811681B681A68100307D5DA684A
:101E40008A424FF0010221D03270D868E0E71A6967
:101E50008A424FF0010208D032701869D8E71A6937
:101E6000096891424FF00102F6D12A70F5E7FFF7B9
:101E700097FF0F4B0B49DB681B681A681203EED5FE
:101E8000DA68096891424FF00102DDD12A70DCE77F
:101E90000020BDE7FFF784FA2E150020000800207F
:101EA00029150020301500202A1500202F150020AC
:101EB00014150020000000000000000000000000D9
:101EC00010B5084B084C1A68084882B00192019975
:101ED0001A68002391422370037001D102B010BD33
:101EE000FFF75EFA00080020291500202A150020BF
:101EF00010B5174A174B1278196882B00191F2B1E8
:101F0000154A1648164C11780022027022701548A6
:101F100051B101991B680270994216D1124802B062
:101F2000BDE81040FFF7F4BC019A1B6801709A42AB
:101F30000BD10D4802B0BDE81040FFF7A1BC019ADB
:101F40001B689A4201D102B010BDFFF729FA00BF09
:101F50002D150020000800202B1500202A15002038
:101F6000291500203815002014150020000000005D
:101F700010B50D4B0D4C1A78216882B0012A0191E1
:101F800008D0019A23689A420CD102B0BDE81040F3
:101F9000FFF7BEBE0649074800220A701A70FFF715
:101FA000FFFCEEE7FFF7FCF92D15002000080020EC
:101FB0002C15002014150020000000000000000077
:101FC00010B50A4B0A4A1988146858881B7982B0E0
:101FD000022B019400FB01F00199136818BF400027
:101FE000994201D102B010BDFFF7DAF93C1500208B
:101FF00000080020000000000000000000000000B9
:1020000010B50A4B0A4A1988146858881B7982B09F
:102010000D2B019400FB01F00199136818BF4000DB
:10202000994201D102B010BDFFF7BAF94415002062
:102030000008002000000000000000000000000078
:1020400010B50A4B0A4A1988146858881B7982B05F
:10205000442B019400FB01F00199136818BF400064
:10206000994201D102B010BDFFF79AF94C1500203A
:102070000008002000000000000000000000000038
:1020800070B5164E16483368154D82B005224FF4D0
:10209000807101930BF0E4FA20246B6983F4807360
:1020A0006B61012005F0B4FD631E13F0FF04F4D151
:1020B0004FF4807140F20622298309480BF0D0FAD0
:1020C000019A33689A4206D10649074802B0BDE832
:1020D000704007F01DBCFFF763F900BF0008002047
:1020E00000040240902F0108705100200000000001
:1020F00000B50C4A0C4B1278196883B0012A019183
:10210000019A1B6804D09A4209D103B05DF804FB20
:102110009A4204D103B05DF804EBFFF7B1BFFFF7BB
:102120003FF900BF705100200008002000000000AF
:1021300000B5084B83B01A680192019A1B689A4255
:1021400005D1054803B05DF804EB07F029BCFFF7A3
:1021500027F900BF00080020705100200000000097
:1021600070B5294D82B02B6801930E46032841D8E3
:10217000DFE800F01A120A02012922D9234A536922
:1021800083F40063536116E0012926D91F4A53697D
:1021900083F4806353610EE0012918D91B4A536907
:1021A00083F04003536106E001291CD9174A5369A3
:1021B00083F020035361019A2B689A4218D102B030
:1021C00070BD124B4FF4006229B15A83F3E70F4BF5
:1021D00040220029F9D11A83EDE70C4B4FF48062BD
:1021E0000029F8D0F1E7094B20220029F3D0ECE7D1
:1021F000FFF7D6F80024E0B231460134FFF7B0FF14
:10220000042CF8D1D7E700BF00080020000C0240E2
:10221000F0B5104F104C3B6883B0002501932E465B
:102220000021E8B2FFF79CFF01F01AF868B1013510
:10223000042D26706670A67004F10304F0D1019A93
:102240003B689A4204D103B0F0BD00F0F1FFEEE725
:10225000FFF7A6F800080020541500200000000039
:1022600030B5094B094D044607CB83B02B68019369
:10227000206001982B6861609842A26001D103B090
:1022800030BDFFF78DF800BF541500200008002076
:102290002DE9F043254E83B034680194042A9DF85B
:1022A0002890144605460F46984639D9B9F1000FD3
:1022B00014BF00224FF08052640002EB0863013C1F
:1022C0001C4405F00F0527F01F07202383F3118816
:1022D00005F0A6FF3D4304F063FF154B1035DD60AC
:1022E0001C6104F07DFF05F0B3FF124B1A689A429F
:1022F00004D0996993688A689A420DD3002383F3C6
:102300001188BFF36F8FBFF34F8F019A33689A42E2
:102310000AD103B0BDE8F083074804F0A1FEEDE761
:10232000064804F09DFEC1E7FFF73AF800080020D8
:1023300090ED00E0F0460020203001080030010858
:1023400030B5224D224C2B68224A85B00393636836
:1023500043F004036360536A43F4803353622023E1
:1023600083F3118805F05CFF04F01AFF17221A4B63
:10237000E260236104F034FF05F06AFF174B1A682E
:102380009A4204D0996993688A689A4218D30020C7
:1023900080F31188BFF36F8FBFF34F8F03231D228C
:1023A00000904FF00051FFF773FF094A536843F064
:1023B00001035360039A2B689A4205D105B030BDE2
:1023C000074804F04DFEE2E7FEF7EAFF00080020B0
:1023D00090ED00E000ED00E009000010F046002064
:1023E0002030010800000000000000000000000094
:1023F00070B51A4D1A4C1B4E0FCD0FC49EB02A68F3
:10240000336822801D93EFF30981682203A8FEF749
:10241000FFFC154B9D6AAA0714D4EB0708D5124B95
:1024200008995B6B114A00910D4880210DF030FB3B
:102430001D9A33689A420FD109481EB0BDE870401A
:1024400004F00EBE099A5B6B0092A4F11000084ADA
:1024500080210DF01DFBE0E7FEF7A2FFE42F01084D
:10246000601500200008002000ED00E0C02F0108EA
:10247000A02F010800000000000000000000000084
:1024800000B51F4B0278196883B00191E2B11D4A73
:102490004FF4005111834278EAB11A4A4FF4805147
:1024A00011838278F2B1174A4FF480411183C278C8
:1024B000FAB9144A4FF400415183019A1B689A42B9
:1024C0001CD103B05DF804FB0E4A4FF40051518358
:1024D0004278002AE1D10B4A4FF48051518382782F
:1024E000002AE0D1074A4FF480415183C278002A84
:1024F000DFD0044A4FF400411183DEE7FEF750FFBE
:102500000008002000100240000000000000000051
:1025100000B51F4B0278196883B00191E2B11D4AE2
:102520004FF4007111834278EAB11A4A4FF4807176
:1025300011838278F2B1174A4FF400611183C27897
:10254000FAB9144A4FF480615183019A1B689A4288
:102550001CD103B05DF804FB0E4A4FF400715183A7
:102560004278002AE1D10B4A4FF48071518382787E
:10257000002AE0D1074A4FF400615183C278002A53
:10258000DFD0044A4FF480611183DEE7FEF708FFD5
:1025900000080020001002400000000000000000C1
:1025A00030B50C4A0C4B116883B04FF400550191C3
:1025B0004FF480544FF400414FF480405D835C83BE
:1025C0005883598301991368994201D103B030BDF2
:1025D000FEF7E6FE000800200010024000000000A8
:1025E00030B50C4A0C4B116883B04FF40075019163
:1025F0004FF480744FF480614FF400605D835C831E
:102600005883598301991368994201D103B030BDB1
:10261000FEF7C6FE00080020001002400000000087
:1026200010B50B4C0B48236882B09922002101930E
:1026300007F0A6FB019A23689A4206D105480021BB
:1026400002B0BDE8104007F083BCFEF7A9FE00BF52
:1026500000080020D054002000000000000000000E
:1026600010B50B4C0B48236882B0992200210193CE
:1026700007F086FB019A23689A4206D1054800219B
:1026800002B0BDE8104007F063BCFEF789FE00BF52
:1026900000080020EC5400200000000000000000B2
:1026A00000B5084B83B01A680192019A1B689A42E0
:1026B00006D10548002103B05DF804EB07F0B0BB7C
:1026C000FEF76EFE00080020D0540020000000003D
:1026D00000B5084B83B01A680192019A1B689A42B0
:1026E00006D10548002103B05DF804EB07F098BB64
:1026F000FEF756FE00080020EC5400200000000009
:1027000070B51A4C1A4E2378326882B0022B0192AF
:10271000A26811D165781748013505F0070500EB6F
:102720008500904763686570013B6360019A336878
:102730009A4219D102B070BD012B08D001993368BB
:10274000994211D10C4802B0BDE87040104765783D
:102750000848013D05F0070500EB850090476368D8
:10276000657001336360E1E7FEF71AFEFC15002097
:1027700000080020C0300108B0300108000000004F
:1027800070B51A4C1A4E2378326882B0012B019230
:10279000A26811D165781748013505F0070500EBEF
:1027A000850090476368657001336360019A336800
:1027B0009A4219D102B070BD022B08D0019933683A
:1027C000994211D10C4802B0BDE8704010476578BD
:1027D0000848013D05F0070500EB85009047636858
:1027E0006570013B6360E1E7FEF7DAFDE01500206C
:1027F00000080020C0300108B030010800000000CF
:1028000070B51D4E1D4A1E4B30681E491E4C91600E
:1028100082B00021D46001901C4C1D481D4D9D606C
:10282000117051705160106154611B481B4A1C4D5E
:10283000D8601C48197059705960C3E90425FFF726
:102840001FFE1848FFF764FE1749204607F000FAFC
:10285000204607F035FB2846144907F0F9F9019A9C
:1028600033689A4205D1284602B0BDE8704007F0AF
:1028700027BBFEF795FD00BF00080020FC150020D7
:10288000E01500208124000821260008D0540020F3
:10289000A12600081125000861260008D12600089D
:1028A000EC540020B03001087030010830300108CD
:1028B00030B5204D85B02B68039340F24C439942CC
:1028C000044628DCA3F69803994212DB4B00002B48
:1028D00081612BD10370036998474FF47A71039A91
:1028E0002B689A4220D1606905B0BDE8304007F0FE
:1028F000FFB98361104B02225B42227040F28922B1
:1029000093420E4991FBF3F189B208DC0191E3682F
:1029100098470199E3E70122836102702D2101911B
:10292000236998470199DAE7FEF73AFDE3DD0122D2
:102930000270E3E70008002068F7FFFFA0860100AF
:1029400030B50E4C83B023680193054604F0A8FA15
:10295000019A236840B99A420ED10948294603B02A
:10296000BDE83040FFF7A4BF9A4205D1284603B026
:10297000BDE8304004F0ACBAFEF712FD00080020BC
:10298000E015002000000000000000000000000032
:1029900030B50E4C83B023680193054604F080FAED
:1029A000019A236840B99A420ED10948294603B0DA
:1029B000BDE83040FFF77CBF9A4205D1284603B0FE
:1029C000BDE8304004F09CBAFEF7EAFC00080020A5
:1029D000FC150020000000000000000000000000C6
:1029E0000A490B4B09680B4A82B020200191402113
:1029F00058834FF4806559834FF400644FF480404E
:102A000004215D835C8358835183FEE70008002026
:102A1000000C024000040240000000000000000022
:102A200030B5104C104B2268104983B001921869E0
:102A30001A6909691B69019D2468C2F3C032C1F398
:102A4000001102EB4102C3F38033C0F3403003EBCB
:102A50004203A54200EB430001D103B030BDFEF7B5
:102A60009FFC00BF0008002000080240000C02404C
:102A700010B51E491E4A0B78106882B0013B0190C8
:102A8000072B0AD8DFE803F012151C1F26290F04B4
:102A900018480824012304830B7001991368994294
:102AA00021D102B010BD08230B70F6E702230B7092
:102AB000F3E711484FF48054032304830B70ECE7D1
:102AC00004230B70E9E70C484FF48044052304838A
:102AD0000B70E2E706230B70DFE7064804240723A8
:102AE00004830B70D9E7FEF75BFC00BF9819002048
:102AF0000008002000100240000402400000000016
:102B000030B50C4B0C4918680C4A83B04FF4804523
:102B100001904FF480504883042408204D8354834F
:102B20005083019A1B689A4201D103B030BDFEF771
:102B300037FC00BF000800200004024000100240E3
:102B40002DE9F04F594D5A4AAB695A4E9A61A3B0DC
:102B500003AB802205AC30680092CDE903331A46FE
:102B6000554B219021460AA8CDE905440024CDE922
:102B7000074409941C4604F0FBF80AA94F4A504840
:102B8000DFF860B104F01CF904F11C08AB6993F89C
:102B9000219019F004096FD14A4805F0E1FB4A4B36
:102BA0004A4819691F681A6AA260C4E900711F6B5C
:102BB0005969E7605F685A6AA261C4E904715F6B92
:102BC000E7619F6B99699A6AE7629F682762616211
:102BD000DF68D969A262DA6ADB6B61632763E3634A
:102BE0004946A263426A50F8043F9A4296BF9B1A34
:102BF000016403644045F5D1802221460AA804F00F
:102C00000FF9DFF8E4C09CF80030002BBED0DFF8ED
:102C1000DCA09AF80090B9F1000F34D0B9F1010F9F
:102C2000B4D12B4ADFF8C8E002F12009714652F80E
:102C3000040B51F8043F4A4503440B60F7D1254A81
:102C400013780133DBB2642B13709FD1224A2348DF
:102C50005EF8043F8BFB0371DB17C3EB6113704518
:102C600042F8043BF4D100238CF80030AB6993F8B0
:102C7000219019F004098FD0219A33689A4213D118
:102C800023B0BDE8F08F2022494613480CF0B0FE77
:102C90002022494612480CF0ABFE0E4A012382F86E
:102CA00000908AF8003071E7FEF77AFBF0460020CA
:102CB000E030010800080020A016002020310108A3
:102CC0000815002040080020381600209C1600201F
:102CD000E01600207916002000170020981600202A
:102CE0007C1600201F85EB51781600207A160020F4
:102CF0007816002000000000000000000000000026
:102D000070B502691E4D52882B6882B006460C468B
:102D10001C480193920000210CF06AFE33695B8825
:102D20005BB1184AA11E002331F8020F42F8040BD0
:102D30003069408801339842F6D8202383F3118804
:102D400005F09EFA04F06CFA04F0FAFA0E48836873
:102D5000002B0FDD04F084FA05F0AAFA002383F3B8
:102D60001188019A2B68094901209A42087004D100
:102D700002B070BD05F02CFBECE7FEF711FB00BFC5
:102D80000008002038160020400800209819002074
:102D9000F0B5294D294C2E78236885B0012E039378
:102DA00005D0039A23689A4244D105B0F0BD0128AA
:102DB00007462CD00021284606F0E2FB2846204991
:102DC000204A334606F05CFC1F49204806F040FFCD
:102DD0004FF4967200211D4806F0D2FF00211B48D7
:102DE00007F0B6F8194807F06BF84FF4827201212A
:102DF000164806F0C5FF002300931548154B4022E6
:102E00004FF41E7104F0ACFE134B1860C9E70E4E70
:102E100041F66A0328460021736006F0B1FB28469C
:102E20003B46084A064906F02BFC3146074806F0A7
:102E30000FFFCDE7FEF7B4FA144E00200008002083
:102E4000F0300108181600204C080020B45400206F
:102E500020170020412B00089C16002000000000D5
:102E600030B50C4D0C4A2B680C4C83B000210193FB
:102E7000012311702370142004F0CAFE2378002B64
:102E8000F9D1019A2B689A4201D103B030BDFEF707
:102E900087FA00BF000800207A160020781600206C
:102EA00010B50E4A82B013680193072811D80C4957
:102EB00000F1180300F1100451F8233051F82400F8
:102EC000C01A20EAE07001991368994203D102B058
:102ED00010BD0020F7E7FEF763FA00BF00080020EE
:102EE000A01600200000000000000000000000000C
:102EF00000B50A4B0A481B680A4C87B0694605931F
:102F000001224FF4F07305F0A3FD012005F088FEC7
:102F1000684605F0E5FD2060F7E700BF00080020E7
:102F2000285500209C19002000000000000000002F
:102F300010B50C4C0C4923680C4884B0039307F07F
:102F4000EFFC002300934022094B0A484FF41E7106
:102F500004F006FE039A23689A4201D104B010BD22
:102F6000FEF71EFA000800208008002024550020EB
:102F7000F12E0008A0190020000000000000000051
:102F80002DE9F04F884C894AA369894912689961F3
:102F900085B0002332200392029304F039FEDFF85B
:102FA0003082DFF830A2DFF81C92DFF80CB2202567
:102FB00085F3118805F034F904F0F2F8A66A04F0FC
:102FC0000FF905F045F92368A34207D0A2699B6871
:102FD00092689A4202D2774804F042F8002383F3C1
:102FE000118885F3118805F01BF904F0D9F898F8D9
:102FF0000030012B00F0A38004F0F2F805F028F96E
:103000002368A34207D0A2699B6892689A4202D2C1
:10301000684804F025F8002383F311889AF80030FB
:10302000012B06D1FEF764FFFEF7BAFE002840F040
:103030008A8040F6FC72FF215F480CF0D9FC5F4BA0
:103040001B78012B77D04FF06533C9E90033C9F8FD
:1030500008305B4807F06CFD574B5A4A58480C2122
:1030600007F0E6FD564807F0A3FD00230293029BFC
:1030700042F20F72934206D800BF029B01330293C3
:10308000029B9342F8D99BF80000FEF7C9FC9AF81E
:103090000030012B49D19BF80130B72B88D1FEF7C6
:1030A000D7FC494E8308A6FB0323C3F3CF17009731
:1030B000FEF7CEFC8308A6FB0323DB09C3EB8323C7
:1030C000A0EB83030193FEF73BFD404B18603FB339
:1030D00000273E463A4807F02BFD3C4B38481A681B
:1030E000354B3A4440F6FC7107F0A2FD344807F036
:1030F0005FFD00230293062E029B48D943F69722D8
:10310000934206D800BF029B01330293029B934275
:10311000F8D90136009AB3B29A4207F6FC77D9D8AB
:10312000019B9BB9FEF7CCFE42E706F13201304627
:1031300004F0AEFD3CE72348FFF792F889E703204F
:1031400004F0C6FA58E7FEF713FF31E71C4807F012
:10315000EFFC1E4B009A1E681948174B0199C2EBF1
:10316000822206EB820207F063FD154807F020FD7E
:1031700000230293029B43F697229342D2D800BFCA
:10318000029B01330293029B9342F8D9CAE741F2B2
:1031900087329342BDD800BF029B01330293029B4A
:1031A0009342F8D9B5E700BFF046002000080020A0
:1031B0005031010830310108241C0020201C00205F
:1031C0004C540020A0310020010208201C1C0020CB
:1031D000202C0020181C002000000000000000002F
:1031E00010B50D4C0D4923680D4884B0039307F0CA
:1031F00057FC0023009340220A4B0B484FF4AF6169
:1032000004F0AEFC039A236808499A42086001D191
:1032100004B010BDFEF7C4F80008002040310108DA
:103220004C540020812F0008282C0020242C002042
:1032300000B5084B08491A6883B001200192019A31
:103240001B6808709A4202D103B05DF804FBFEF7D8
:10325000A7F800BF00080020201C0020000000008C
:1032600000B5074B07491A68087883B00192019AA4
:103270001B689A4202D103B05DF804FBFEF790F898
:1032800000080020201C00200000000000000000BA
:1032900000B5084B83B01A680192019A1B689A42E4
:1032A00005D1054803B05DF804EB05F0B9B9FEF7A8
:1032B00077F800BF000800208C0800200000000004
:1032C00000B5084B83B01A680192019A1B689A42B4
:1032D00005D1054803B05DF804EB05F0D9B9FEF758
:1032E0005FF800BF000800208C08002000000000EC
:1032F00070B50D4C82B0236801930D1E06460DDD9E
:10330000284605F05DFF18B90C2333604FF0FF30FD
:10331000019A23689A4205D102B070BD034803F0B8
:103320009FFEEDE7FEF73CF8000800206031010841
:1033300000B5064B83B01A680192019A1B689A4245
:1033400002D103B05DF804FBFEF72AF80008002064
:1033500000B5074B83B01A680192019A1B689A4224
:1033600004D103B05DF804EB05F05AB9FEF718F884
:103370000008002000000000000000000000000025
:1033800000B5074B83B01A680192019A1B689A42F4
:1033900004D103B05DF804EB05F07AB9FEF700F84C
:1033A00000080020000000000000000000000000F5
:1033B00000B5074B83B01A680192019A1B689A42C4
:1033C00004D103B05DF804EB05F08ABAFDF7E8FF1D
:1033D00000080020000000000000000000000000C5
:1033E00000B5074B83B01A680192019A1B689A4294
:1033F00004D103B05DF804EB03F07AB8FDF7D0FF19
:103400000008002000000000000000000000000094
:1034100010B50C4C82B02368019315290CD80122F9
:10342000094B8A4013403BB101740020019A236884
:103430009A4204D102B010BD6FF00700F6E7FDF725
:10344000AFFF00BF000800200B00300000000000AC
:1034500000B5074B83B01A680192019A1B689A4223
:1034600004D103B05DF804EB02F00ABBFDF798FF4E
:103470000008002000000000000000000000000024
:1034800010B5074B82B01C680194019C1B689C42DC
:1034900004D102B0BDE8104002F0B2B9FDF780FFE0
:1034A00000080020000000000000000000000000F4
:1034B00010B5074B82B01C680194019C1B689C42AC
:1034C00004D102B0BDE8104002F0B2BAFDF768FFC7
:1034D00000080020000000000000000000000000C4
:1034E0002DE9F04182B002AB0024364D03F8054DC2
:1034F00090462A6801920F461A460121064603F0BB
:103500001FFA0446E0B9B8F1010F9DF803301FD04F
:10351000042F53D8DFE807F0322D0328230003F0EF
:10352000FB07BB420CD03A460121304603F0A8F914
:10353000044628B986F830717169304602F0A0FA65
:10354000019A2B689A42204636D102B0BDE8F0813C
:10355000042F33D8DFE807F02B26211C170003F0D7
:103560007F07BB42DFD1EBE703F0BF07BB42DAD1F5
:10357000E6E703F0D707BB42D5D1E1E703F0EF0759
:10358000BB42D0D1DCE743F08007BB42CBD1D7E7C9
:1035900043F04007BB42C6D1D2E743F00407BB4229
:1035A000C1D1CDE743F02807BB42BCD1C8E743F007
:1035B0001007BB42B7D1C3E7FDF7F2FE6FF003047B
:1035C000BEE700BF0008002000000000000000006F
:1035D00030B583B002AA114D002302F8053D0C4618
:1035E0002B680193012103F0ABF978B99DF8033002
:1035F000C3F30011C3F3C0022170A270C3F38001B2
:10360000C3F38012DB096170E2702371019A2B68A9
:103610009A4201D103B030BDFDF7C2FE0008002080
:1036200070B5134C84B00E46236803930DF1060267
:10363000F821054603F09CF928B1039A23689A42C1
:1036400013D104B070BD02AA0421284603F0A8F9E2
:103650000028F2D1BDF8062012B93368AB61ECE75F
:10366000029BB3FBF2F33360F8E7FDF799FE00BF6E
:103670000008002000000000000000000000000022
:1036800000B5084B027F18680A7083B00190019A58
:103690001B689A4203D1002003B05DF804FBFDF7DC
:1036A0007FFE00BF000800200000000000000000B6
:1036B00070B5104C82B00E46236801930DF10202E2
:1036C0002021054603F054F938B9BDF8023053B152
:1036D000DB00012233602B622A77019A23689A4229
:1036E00005D102B070BD2B6A33602877F5E7FDF78E
:1036F00057FE00BF0008002000000000000000008E
:10370000F0B5294F83B03B680193052947D80E4691
:103710000446154662B100EB81020023526B012082
:10372000711E04292FD8DFE801F02522130631008D
:1037300010460123F4E75B00FE226021204603F0DF
:10374000CFF870B9344445B9284684F8285008E0C9
:1037500084F82B003444002DF6D0012384F828305F
:103760000020019A3B689A421CD103B0F0BD84F856
:103770002A00EFE7C2F34F224421204603F098F8D5
:103780000028DFD0EDE784F82800E3E71B01EF22F3
:103790006021204603F0A4F80028D3D0E1E76FF0C1
:1037A0000300DEE7FDF7FCFD00080020000000003C
:1037B00010B50C4B82B01C68019405290AD801444D
:1037C000002091F828101170019A1B689A4206D1C6
:1037D00002B010BD002111706FF00300F4E7FDF797
:1037E000DFFD00BF00080020000000000000000016
:1037F000F0B543181C4E83B0044693F82800336894
:1038000001930D46174630B105292AD8DFE801F0AB
:10381000141E1A1C0C0C04EB81046263019A3368B9
:103820009A421CD103B0F0BDC2F34F22642120465E
:1038300003F03EF808B1F1E7626304EB8504002071
:103840006763EBE7E263F8E72264F6E7C2F34F222F
:103850004421204603F02CF80028EED0DEE7FDF7E7
:103860009FFD6FF00300D9E7000800200000000072
:1038700070B5204C82B02368019305461646052991
:1038800034D8DFE801F0030E0C1E2020436B3360B8
:103890000020019A23689A4226D102B070BDC36B02
:1038A000F5E70DF10202442103F062F80028F0D19F
:1038B000BDF802305A028BB9AB6B336085F8290032
:1038C000E7E7036CE3E70DF10202642103F050F82F
:1038D0000028DED1BDF802305B02D8E70123326058
:1038E000AA6385F82930D4E7FDF75AFD6FF003008D
:1038F000CFE700BF0008002000000000000000002B
:1039000070B5104C82B00E46236801930DF103028E
:103910000121054603F014F858B99DF8033085F8E5
:1039200030311B064BBF012303463370307085F8DE
:103930004C30019A23689A4201D102B070BDFDF764
:103940002FFD00BF00080020000000000000000064
:103950002DE9F047DFF898A0027CDAF8003082B059
:103960000F4601F8082B06460193FFF759FEA0BB4E
:10397000387307F110013046FFF79AFE68BB07F174
:103980001401304600F0A4FD38BB044607F12405BD
:1039900006F1280907F118082A46A1B23046FFF7B8
:1039A00067FFD0B9013419F8013B08F8013B062C38
:1039B00005F10405F0D107F13C013046FFF7A0FF07
:1039C00058B9019ADAF800309A420ED1391D3046C2
:1039D00002B0BDE8F04702F0CBB8019ADAF8003047
:1039E0009A4202D102B0BDE8F087FDF7D9FC00BFD2
:1039F000000800200000000000000000000000009F
:103A00002DE9F041614F92B005463B6811930022C9
:103A1000882102F035FF4FF47A724FF4C8735C4985
:103A2000A5F85221A5F854315A4AC5F85811002377
:103A3000C5F8D42085F8F0302B62284601A9FFF79D
:103A400087FF044688B9ADF8040001AE0FCE05F13A
:103A5000100CACE80F000FCEACE80F000FCEACE8B6
:103A60000F0096E80F008CE80F004B4BC5F834317F
:103A700001264FF420634FF4FA72A5F83C31A5F803
:103A800038218021324685F85061284602F0F8FE40
:103A900032468046FF21284602F0F2FE002248EA24
:103AA000000011460443284602F0EAFE64B20DF11C
:103AB000030204439121284602F042FF64B29DF8BC
:103AC000033085F83A31044332460021284602F09B
:103AD000D7FE64B200220443FF21284602F0D0FE44
:103AE00064B2044300228021284602F0C9FE64B279
:103AF000204340B278B90146324628463446FFF7A3
:103B0000FFFD40B90122A1B228461444FFF7F8FD99
:103B1000062CF6D130B1119A3B689A4233D112B0DB
:103B2000BDE8F0816885024604212846FFF7E8FDDC
:103B30000028F0D1024605212846FFF7E1FD0028C4
:103B4000E9D14FF490136B634FF480420121284672
:103B5000FFF74EFE0028DED14FF40C13EB6395F80F
:103B60002B3003B10023FF222B6485F83021012183
:103B7000284602F085FE012385F832310028CAD19B
:103B800085F81501C7E7FDF70BFC00BF0008002012
:103B9000856B0100A470090064008403000000002C
:103BA00010B5084B82B01C680194019C1B689C42B4
:103BB00005D1012302B0BDE8104000F079BFFDF748
:103BC000EFFB00BF00080020000000000000000024
:103BD00030B5184C90F8DA30226883B0042B01928B
:103BE0000D460DF1030211D0142102F0A9FE20B9F7
:103BF0009DF80330DB0706D42870019A23689A42A7
:103C000015D103B030BD01232B70F6E7132102F06C
:103C100097FE9DF8033013F0180F03F0070318BF49
:103C20006FF00500042BEED000232B70E5E7FDF7C5
:103C3000B7FB00BF000800200000000000000000EB
:103C40002DE9F047564F8EB03B680D930C460C2380
:103C50000AAA1421054602F0F3FD8646002840F02A
:103C60008B809DF82EE09DF830C09DF82F209DF8A8
:103C700031109DF82A609DF82B30A07502EB0E22C2
:103C800001EB0C2192B289B249025202C4E903212C
:103C900003EB0623C4E900009BB2A3829DF83280A7
:103CA0009DF83360B5F852E195F831C19DF82810C0
:103CB00006EB0826BEF57A7FB6B21FD006FB0EF6DD
:103CC000DFF8E09095F81C80D5F820E006F5FA764C
:103CD000A9FB0696B609B8F1000F0ED01FFA8EFEAA
:103CE00003FB0EFE4FEA2E2E72454DD0B6B202FBFC
:103CF00006F6A2EB0E0EB6FBFEF6B6B2BCF1000F56
:103D000047D0B001C0B2B608E0750DF10B002681B6
:103D1000CDE90040284602F083FA864660BB9DF854
:103D20000B8084F8188005F150060FCE0DF10C0CB5
:103D3000ACE80F002389ADF8143096E807006389DA
:103D4000ADF81630E36894F817A0B4F81490069311
:103D50002369646804948CE8070003AC8DF8248020
:103D60008DF823A00793ADF820900FCC50350FC5E8
:103D70009CE8070086E807000D9A3B689A42704667
:103D80000CD10EB0BDE8F087BCF1000F03D148F6AE
:103D9000E0260020B8E740F6AE06B5E7FDF700FBE9
:103DA00000080020D34D6210000000000000000059
:103DB0002DE9F041134D144C296882B0164601914B
:103DC0000DF102020E211F46804602F0D1FDBDF822
:103DD000023004EA4343336050B90DF10202404619
:103DE0000C2102F0C5FDBDF8023004EA43443C60FA
:103DF000019A2B689A4202D102B0BDE8F081FDF72A
:103E0000CFFA00BF000800200000FE1F00000000E5
:103E1000F0B590F8DA30254C85B0013B226803926A
:103E2000022B07D90025039A23689A4228463AD1E3
:103E300005B0F0BD02AB0F4601AA01210646FFF70F
:103E4000B7FF019BB3F57F0F05461FD9002DEAD1BF
:103E50001FBB0422FF21304602F012FD2A4607460E
:103E60007021304602F00CFD2A460743FF21304600
:103E700002F006FD7FB22A46802147EA000530465F
:103E800002F0FEFC6DB205436DB2CCE7029BB3F5C8
:103E90007F0FC8D9002DDBD0C5E73046044901F0BB
:103EA000DFFE0546BFE7FDF77BFA00BF00080020F4
:103EB0009409002000000000000000000000000045
:103EC000F0B53F4F057C3B6883B00446012280215A
:103ED000019302F0D5FC0122FF21204602F0D0FC24
:103EE00000221146204602F0CBFC94F83A219121A1
:103EF000204602F0C5FC01220021204602F0C0FC51
:103F00000022FF21204602F0BBFC20460022802137
:103F100002F0B6FC012D37D017D3032D08D06FF077
:103F20000706019A3B689A42304647D103B0F0BD7C
:103F300068B304220021204602F0A2FC06460028B5
:103F4000EFD1042384F83231EBE70122002120462F
:103F500002F096FC012306468DF803300028E0D1DC
:103F600005462DB301350DF103020021204602F074
:103F7000E7FC9DF80330DB0713D590B9B5F5FA6F70
:103F8000EFD16FF00606CCE730B10222D2E7012173
:103F90002046FFF73DFFCCE729462046FFF738FFD4
:103FA000F3E7B5F5FA6F14BF06466FF00606B8E7FB
:103FB0009DF80330DA07B4D50225D4E7FDF7F0F910
:103FC00000080020000000000000000000000000C9
:103FD00030B5114C037C226883B0019283B9054649
:103FE000FFF76EFF30B9284600F0B2FF10B9032387
:103FF00085F83231019A23689A420AD103B030BD64
:10400000019A23689A4204D103B0BDE8304000F021
:104010009FBFFDF7C5F900BF0008002000000000A9
:1040200030B51D4D83B000222B6801930446114624
:1040300002F026FC0122FF21204602F021FC002292
:104040001146204602F01CFC00229121204602F07D
:1040500017FC01220021204602F012FC204600221B
:10406000FF2102F00DFC70B9019A2B6801469A42BB
:104070004FF0030084F832010BD1204603B0BDE8B5
:104080003040FFF7C5BE019A2B689A4201D103B0B8
:1040900030BDFDF785F900BF0008002000000000DA
:1040A000F0B51A4F83B03B68019306460025012204
:1040B0000B21304602F0E4FB002204460B2130467F
:1040C00002F0DEFB0DF1030204431321304602F03F
:1040D00037FC9DF8033064B2204301355B0740B2E2
:1040E000EDB20CD0032D07D00028E0D0019A3B6838
:1040F0009A4209D103B0F0BD6FF00B00F6E7032D33
:1041000008BF6FF00B00F1E7FDF74AF90008002047
:1041100070B5124C82B000222368027405460E4628
:104120000193FFF755FF28B1019A23689A4212D1F3
:1041300002B070BD31462846FFF782FD0028F3D15A
:10414000019A23689A4206D10146284602B0BDE88A
:104150007040FFF7A5BFFDF723F900BF000800205E
:10416000F0B5574D83B02C680194152906463AD016
:1041700014461F46042A00F2A080DFE802F0213234
:104180002E30030004220A21304602F079FBF0B9F8
:10419000002F14BF10230023EF228421304602F0A9
:1041A0009FFBA0B9019A2B6886F8DA409A4240F04A
:1041B00082800146304603B0BDE8F040FFF770BF93
:1041C00000220A21304602F05BFB0028E0D0019A71
:1041D0002B689A426FD103B0F0BD0222D3E70322CD
:1041E000D1E70122CFE70122FF2102F049FB0022A3
:1041F00011460446304602F043FB00220443FF21EF
:10420000304602F03DFB64B2012204438021304677
:1042100002F036FB64B2022204438521304602F0EC
:104220002FFB64B204220443FF21304602F028FB36
:1042300064B200220443CD21304602F021FB64B277
:1042400011220443CC21304602F01AFB64B207224B
:104250000443FF21304602F013FB64B20022044302
:10426000BE21304602F00CFB64B206220443FF215B
:10427000304602F005FB64B209220443CC213046EB
:1042800002F0FEFA64B200220443FF21304602F03D
:10429000F7FA64B201220443FF21304602F0F0FA3B
:1042A00064B2002204431146304602F0E9FA64B2D7
:1042B000204340B28BE7FDF773F86FF00A0086E702
:1042C00000080020000000000000000000000000C6
:1042D000F0B5704F97B004463B681593402200211B
:1042E00005A80BF085FB002320460121ADF80A301C
:1042F0008DF807308DF80830039300F091FE94F8A4
:104300001421012A06D894F8131100F0B9800C2961
:1043100040F2B98002AA03A9204600F0F9FB054645
:10432000002D40F0A38094F85031002B00F0A580C0
:104330005949204601F094FC0546002840F096803B
:104340002B46294604222046FFF70AFF054600288F
:1043500040F08C800122FF21204602F091FA0DF1FD
:104360000A0206468421204602F002FB2A46FF216B
:1043700046EA0005204602F083FA6DB205436DB2AD
:10438000002D73D1BDF80A301B01C4F8D43005A943
:104390002046FFF7DDFA0546002867D10DF1070238
:1043A0000921204602F0CCFA054600285ED105AE70
:1043B0000FCE9DF807C004F110050CF0010C84F835
:1043C00031C10FC50FCE0FC50FCE0FC596E80F0038
:1043D0008DF807C085E80F000DF107020121204686
:1043E00002F0AEFA0546002840D19DF8073084F867
:1043F0003031024601462046FFF772F80546A8BB59
:10440000024602212046FFF76BF8054670BB0323E6
:10441000014684F832310DF10902204601F008FB13
:10442000054618BB9DF8093084F8E8300DF1090203
:104430000121204601F0FCFA0546B8B99DF8093083
:1044400084F8E03004AA0321204601F0C9F80546AB
:1044500060B9049BC4F8E43004AA0421204601F0AA
:10446000BFF8054610B9049BC4F8DC30159A3B68C8
:104470009A4228460CD117B0F0BDD4F84C1158E739
:1044800020293FF647AF204600F042F9054647E7AE
:10449000FCF786FF00080020A008002000000000B4
:1044A00010B5074B82B01C680194019C1B689C42AC
:1044B00004D102B0BDE8104000F02ABBFCF770FF49
:1044C00000080020000000000000000000000000C4
:1044D00030B5134C83B00D46236801930DF10202F1
:1044E000282102F045FA50B9BDF80230C3F30B039E
:1044F000B3F5006F09D2FA2202FB03F32B60019A95
:1045000023689A420AD103B030BDA3F58053C3EBB0
:10451000431203EB82035B002B60F0E7FCF740FFE4
:104520000008002000000000000000000000000063
:10453000F0B5DFF860C083B0DCF800400194D70824
:104540004FF0FF348F421C6017D23C1902F0070273
:1045500020443E4610F8015FBE4203BF1541EDB254
:104560001446002415F0010F0ED10134082C4FEA37
:104570005505F7D10136B142ECD1019ADCF8003093
:104580009A4205D103B0F0BD04EBC6041C60F4E709
:10459000FCF706FF000800200000000000000000FB
:1045A0002DE9F04F87B0354CDDF84C802468129E21
:1045B00005941F46149B01900296DDE9105B009361
:1045C000B8F1000F33D08A46914600241AE003EB7D
:1045D0000B0292092A4951F82220003218BF012209
:1045E000524518D1DA08954207D9B85C03F00701A3
:1045F000012606FA01F10143B9540134A04503F143
:10460000010614D002AB324629464846FFF790FF18
:10461000029B5A1CDBD1009B6FF031001E60174BD0
:10462000059A1B689A4227D107B0BDE8F08F009B1E
:1046300001981E603A460623B02102F0E1F80028F6
:10464000EDD1019803AA0623B02102F0F9F8002D5C
:10465000E5D09DF80C203B789A420AD13D4403AB4B
:104660000137AF42DBD017F8012B13F8011F91423D
:10467000F7D06FF03100D2E7FCF792FE000800207F
:104680004C0B0020000000000000000000000000B3
:10469000F0B51D4D90F830612B6889B00F46C022EF
:1046A00001210446079302F0EBF828B1079A2B6822
:1046B0009A4226D109B0F0BD69462046FFF728FD91
:1046C0000028F3D10122FF21204602F0D9F800286A
:1046D000ECD13A46B621204602F04AF90028E5D14D
:1046E0000246FF21204602F0CBF80028DED13246F8
:1046F0000121204602F0C4F80028D7D184F83061A7
:10470000D4E7FCF74DFE00BF0008002000000000C9
:10471000F0B52F4E89B00F46154633680793012236
:10472000FF21044602F0ACF8A8B30021C4F824111C
:10473000A4F828116DB327488368012203B306A8A3
:10474000B4220623CDE90032CDE90217049004F526
:10475000927304F5957229462046FFF721FF30B980
:10476000012384F8137184F8145184F81531079AE1
:1047700033689A422AD109B0F0BD2C290A46DED00E
:1047800002F1B5039B09511C50F82330002BF4D0E3
:10479000D5E72946D3E702464F21204602F070F8BC
:1047A0000028C2D12C224E21204602F069F8024690
:1047B0000028BAD1FF21204602F062F80028B4D1C7
:1047C000B422B621204602F05BF8AEE7FCF7E8FD24
:1047D000000800204C0B002000000000000000003A
:1047E00030B5164C83B041F00102236801930021DB
:1047F000054602F045F8024630B101992368994216
:10480000104619D103B030BD284600F0A1FB024686
:104810000028F2D101462846FFF742FC0246002854
:10482000EBD101992368994206D12846114603B07D
:10483000BDE8304002F024B8FCF7B2FD00080020CB
:104840002DE9F04F87B03F4F109C039400263C6841
:1048500002928A460122FF210546019305948DF8B4
:104860001360DDF844809DF848B09DF84C9002F04C
:1048700007F8324604463146284602F001F832462F
:104880000443FF21284601F0FBFF64B2044364B2F5
:10489000BAF1000F27D0BBF1000F33D1B9F1000FEF
:1048A0003AD10122FF21284601F0EAFF0122044308
:1048B0000021284601F0E4FF64B200220443FF21F6
:1048C000284601F0DDFF9DF81330059A23F0100310
:1048D00088F800303B6864B220439A4240B22FD13E
:1048E00007B0BDE8F08FBBF1000F1ED1B9F1000F8A
:1048F000D7D0019B8022EE21284601F0F1FF04432E
:1049000064B2CEE7039ACB21284602F019F804439B
:1049100064B2B9F1000FC4D00DF11302EE212846A4
:1049200002F00EF8044364B2BBE7029ACB2128469A
:1049300001F0A6FF044364B2B9F1000FB1D0D8E78B
:10494000FCF72EFD00080020000000000000000021
:104950002DE9F0472A4F86B03C68059400240546AF
:10496000884691468DF813401E469BB1012290F86F
:1049700030A11146284601F083FF044698B1002378
:1049800088F80030059A3B689A42204635D106B037
:10499000BDE8F0870122114628469A4601F070FFD3
:1049A00004460028EBD140212846FFF719FF0446B2
:1049B0000028E4D1B9F1010F0ED088F80000002ED4
:1049C000E0D052460121284601F05AFF0446002853
:1049D000D8D185F830A1D5E70DF11303CDE90290C8
:1049E000019302460346CDF8008049462846FFF76A
:1049F00027FF0028E3D00446C4E7FCF7D1FC00BF42
:104A0000000800200000000000000000000000007E
:104A10002DE9F047254F86B03C6805940546884649
:104A200091461E469BB190F830A1022201212846F2
:104A300001F026FF044660B1002388F80030059A93
:104A40003B689A4220462ED106B0BDE8F0879A46D0
:104A5000EBE701462846FFF7C3FE04460028EBD1EA
:104A6000B9F1010F0ED088F80000002EE7D05246B1
:104A70000121284601F004FF04460028DFD185F813
:104A800030A1DCE70DF11303CDE9020900930246E2
:104A90000346CDF8048049462846FFF7D1FE00289A
:104AA000E3D00446CBE7FCF77BFC00BF0008002006
:104AB0002DE9F041144C90F8307182B01E46236805
:104AC00001939046002332460546FFF741FF30B17F
:104AD000019A23689A4214D102B0BDE8F0810346DE
:104AE000324641462846FFF793FF0028F0D13A4668
:104AF0000121284601F0C4FE0028E9D185F8307173
:104B0000E6E7FCF74DFC00BF0008002000000000B5
:104B10002DE9F04FDFF8B0A2B0F83C71DAF80040B0
:104B200095B00023CDE90912C0F82431A0F828314E
:104B30000122FF2106461394CDE90F338DF838305A
:104B40008DF8393001F09CFE054648B1139ADAF829
:104B500000309A42284640F0318115B0BDE8F08F10
:104B600002464F21304601F08BFE05460028EDD16C
:104B70002C224E21304601F083FE05460028E5D167
:104B80000246FF21304601F07BFE05460028DDD1BC
:104B9000B422B621304601F073FE05460028D5D177
:104BA00002468021304601F06BFE05460028CDD13B
:104BB00003460DF139020EA93046FFF779FF05468D
:104BC0000028C3D10DF1500B06F595734BF8140D69
:104BD0000320039006F592780620B4240D930295E5
:104BE00029461A46CDE90004CDF810B043463046B8
:104BF000FFF7D6FC05460028A8D10DF13A01304652
:104C00000F9CFFF745FD054600289FD1BDF83A30BF
:104C1000BB4230D904F1B4039B096A4951F82320FF
:104C20000023C6F82431A6F82831002A40F0BF80BE
:104C30002B2C03D9BBE02C2A144607D004F1B50372
:104C40009B09621C51F82330002BF4D0B4210623B9
:104C50004FF00309CDE90031CDE90229CDF810B0BC
:104C600043460D9A01213046FFF79AFC002800F0D8
:104C70008D8005466AE700220C9291460792BB425E
:104C800066D2DB1B002BB8BF5B42B8F80420D8F813
:104C9000000008930B959DF81C300D9DADF8482041
:104CA00011900C934FF0030B224610AB06212846BF
:104CB000FFF73EFC109C631C10D004F1B403414A82
:104CC0009B0952F82330079A003318BF01239342FF
:104CD00059D1E308052B0BF1010902D96FF0310519
:104CE00034E718F8031004F00702012000FA02F27A
:104CF0000A4308F80320B021062342463046013417
:104D000001F07EFD0028B4D10DF13A013046FFF7E5
:104D1000BFFC0028ADD1BDF83A20D31B002BB8BF93
:104D20005B42BA4225D9089A0B9D934210D90623BB
:104D300011AAB021304601F063FDBDF848200346BA
:104D40001198C6F82401D946A8F80420002B37D1C1
:104D5000099A0A999DF83040C2F8009001230C701E
:104D600086F81531136886F813310B7886F81431FC
:104D7000ECE6D8F80000B8F8042011900893CB4670
:104D8000ADF8482090E70B9DD946E1E70DF13A01D7
:104D900030460F9CFFF77CFC00287FF46AAFBDF81B
:104DA0003A30BB4205D901220C92079267E72246AE
:104DB0004CE701220C908146079260E7FCF7F0FA7D
:104DC0001D46C3E64C0B0020000800200000000038
:104DD00010B50E4982B00B680193013830F0FF0323
:104DE00009D000234008013320F0FF029BB2002AC3
:104DF000F8D11B029BB2019C0A681844944280B20D
:104E000001D102B010BDFCF7CBFA00BF00080020B2
:104E10002DE9F0434B4E85B03368039303291746C1
:104E2000054657D0042940F0878001A9FEF7D0FB42
:104E30009DF8070078BB80460DF101094A46012123
:104E40002846FEF735FB0446E8B99DF801203E4BA5
:104E50003E4803FB02F303F5FA73A0FB0323DA09D0
:104E60004FF47A709B0900FB0720B0FBF3F010EBC6
:104E700008005DD102467121284601F019FD044663
:104E800008B9C5F8DC70039A33689A42204656D1B7
:104E900005B0BDE8F0830DF101094A46002128461E
:104EA000FEF706FB04460028EDD10DF10202512168
:104EB000284601F05DFDBDF802305FFA83F81B0A59
:104EC00008FA03F808F101081FFA88F804460028D8
:104ED000B4D0D8E70DF101020021FEF7E9FA9DF800
:104EE0000120194B044603FB02F3184803F5FA733B
:104EF000A0FB0323DA094FF47A709B0900FB07201B
:104F0000B0FBF3F080B280B9ADF80200A5F8D8008C
:104F1000002CB8D102465121284601F0C9FC0446B4
:104F20000028B0D1C5F8E470ADE7FFF751FFEBE71B
:104F3000FFF74EFF02469EE76FF00304A3E7FCF77E
:104F40002FFA00BF00080020002F3A00D34D621056
:104F5000F0B5134F83B002AE00223B6806F8052D72
:104F6000054601934FF4FA6408E09DF80330012BE5
:104F70000AD0013C0ED0284601F02AFD31462846D1
:104F8000FEF726FE0028F0D0019A3B689A4204D131
:104F900003B0F0BD6FF00600F6E7FCF701FA00BFC2
:104FA00000080020000000000000000000000000D9
:104FB000F0B5174F83B03B6801930022832106466A
:104FC00001F05EFC044680B94FF4FA6502E060B976
:104FD000013D17D00DF103028321304601F0B0FCF2
:104FE0009DF803300446002BF1D001223046832186
:104FF00001F046FC019A3B6820439A4240B204D13A
:1050000003B0F0BD6FF00604EFE7FCF7C9F900BF8D
:105010000008002000000000000000000000000068
:105020002DE9F04FDFF8B48590F8F060D8F8003043
:1050300091B04FF0000B072E0F93CDE906BB0AD1BC
:105040005C460F9AD8F800309A42204640F0C4825D
:1050500011B0BDE8F08F0F4601228021054601F016
:105060000FFC01228146FF21284601F009FC5A4627
:1050700049EA00095946284601F002FC4FFA89F92D
:10508000062249EA0009FF21284601F0F9FB4FFA00
:1050900089F949EA00090DF111028321284601F03E
:1050A0004FFC9DF811204FFA89F949EA000942F0B6
:1050B00004028321284601F0E3FB4FFA89F9072215
:1050C00049EA0009FF21284601F0DAFB4FFA89F985
:1050D0000122812149EA0009284601F0D1FB4FFA5B
:1050E00089F949EA0009284601F072FC4FFA89F96A
:1050F00049EA000901228021284601F0C1FB4FFA4C
:1051000089F949EA000017F0010A44B213D0F30705
:1051100040F1FE8117F00203CDE901BB009310D1ED
:1051200017F0040B00F0EA80700740F16B81002358
:1051300003939946E5E0CDE901AA17F00203009335
:10514000EED016F00209EBD102229421284601F09C
:1051500097FB83462846FFF72BFF4BEA00000443EA
:105160000DF112029021284601F0EAFB64B27B2285
:1051700094210443284601F083FB64B2044328468B
:10518000FFF716FF64B20DF1130204439021284685
:1051900001F0D6FB64B2772294210443284601F043
:1051A0006FFB64B204432846FFF702FF64B2044376
:1051B00005AA9021284601F0F3FB059B64B2DA00B2
:1051C000C3F38641044302F07802C3F3C6204FEADA
:1051D000536C8DF81120C3F3061378228DF8291033
:1051E0008DF82A00942128468DF828C08DF82B30A0
:1051F00001F046FB64B204432846FFF7D9FE64B2CF
:1052000005AA04439021284601F0CAFB059B9DF89E
:1052100011C0990101F0400164B2C3F38652044306
:105220008DF81110C3F30620C3F3C6310CEB537C89
:105230008DF82D20C3F3460379228DF82E108DF8BA
:105240002F00942128468DF82CC08DF8303001F0C5
:1052500017FB64B204432846FFF7AAFE64B205AA0E
:1052600004439021284601F09BFB059B9DF81120EB
:1052700064B202EB9362C3F3C6414FEA830C04436A
:10528000C3F306300CF07C0CC3F346138DF83120C9
:105290008DF832107A2294218DF8330028468DF84B
:1052A00011C08DF8343001F0EBFA64B204432846A3
:1052B000FFF77EFE64B205AA04439021284601F060
:1052C0006FFB059B9DF811208DF83A9064B202EBBC
:1052D0009372C3F3C65EC3F3064CC3F34621044383
:1052E000C3F3860364B28DF835208DF836E08DF86F
:1052F00037C08DF838108DF8393011E7CDF80CB083
:10530000D94600228121284601F0BAFA0622044338
:10531000FF21284601F0B4FA64B20DF111020443F2
:105320008321284601F00CFB9DF8112064B2044350
:1053300002F0FB028321284601F0A2FA64B20122A6
:105340000443FF21284601F09BFA64B20122044382
:105350000021284601F094FA64B200220443FF21A0
:10536000284601F08DFA64B20443002280212846C9
:1053700001F086FA64B2044364B2002C7FF461AE9B
:10538000BAF1000F14D0F10712D49DF8043085F85B
:1053900013319DF8083085F8143108A905F5957288
:1053A00005F5987C11F8013B02F8013B6245F9D103
:1053B000009B73B1B2070CD49DF812109DF8132016
:1053C00085F8F11085F8F2200AA905F1F3000AF03A
:1053D000A7FBBBF1000F11D073070FD4039B069AF4
:1053E000C5F818215B02C5F82031079BC5F81C31B0
:1053F000B9F1000F40F0E3804B46EB603E4385F887
:10540000F0601EE67B229421284601F039FA81469D
:105410002846FFF7CDFD49EA0000044306AA902183
:10542000284601F0BDFA64B27C2294210443284648
:1054300001F026FA64B204432846FFF7B9FD64B2CE
:1054400007AA04439021284601F0AAFA64B2732205
:1054500094210443284601F013FA64B20443284619
:10546000FFF7A6FD64B2044305AA9021284601F087
:1054700097FA059A64B213029421742204432846D1
:105480001FFA83F901F0FCF964B204432846FFF7E0
:105490008FFD64B205AA04439021284601F080FAEA
:1054A0009DF8173064B243EA09037522942104433E
:1054B0002846039301F0E4F964B204432846FFF759
:1054C00077FD64B205AA04439021284601F068FAEA
:1054D000059A64B2942104434FEA022928467622B1
:1054E00001F0CEF964B204432846FFF761FD64B2CF
:1054F00005AA04439021284601F052FA64B29DF8AF
:1055000017201FFA89F9044364B242EA0909F8E650
:105510006B229421284601F0B3F981462846FFF713
:1055200047FD49EA0000044305AA9021284601F0FE
:1055300037FADDF814C064B2CCF306232422942198
:10554000044301932846CCF3C033029301F098F949
:1055500064B204432846FFF72BFD64B205AA044356
:105560009021284601F01CFA059B8DF82330190E76
:1055700064B24FEA134C25221B0A04438DF8201015
:10558000284694218DF822308DF821C001F078F959
:1055900064B204432846FFF70BFD64B205AA044336
:1055A0009021284601F0FCF9059B64B21A0E0443D1
:1055B0001B0C64B28DF824208DF82530BDE5A9F5CB
:1055C000C8534FF47A7909FB03F94FEA1919C9F165
:1055D00000090FFA89F310E7FBF7E2FE000800204C
:1055E0002DE9F0435D4D87B000242B680593022917
:1055F00016468DF80740ADF8084007460DD9032937
:105600004FD004292AD020463460059A2B689A424C
:1056100040F0A18007B0BDE8F08321460DF10602FD
:10562000FDF746FF28B938460DF10702462101F083
:1056300087F99DF806104A4B4A4A9DF8074003FB3C
:1056400001F303F5FA73A2FB03139B0904FB033375
:1056500003F5FA74A2FB0434A409D5E703A9FDF706
:10566000B7FF9DF80F30002B48D00DF106094A46D0
:1056700021463846FDF71CFF00284CD09DF8061047
:10568000374B384A03FB01F303F5FA73A2FB03130C
:105690009B0904FB03F404F5FA74A2FB0434A40987
:1056A000B2E70DF106022146FDF702FF0028ABD15B
:1056B00001460DF106023846FDF7FAFE20B93846DC
:1056C00002AA512101F054F9BDF808109DF80670A6
:1056D000234C244ACBB204FB07F4090A8B4004F59F
:1056E000FA740133A2FB04149BB2A40904FB03F473
:1056F00004F5FA74A2FB0434A40985E798460DF179
:1057000006094A4601213846FDF7D2FE98B1C8F194
:105710000004A4B2B2E702AA5121384601F028F9E8
:10572000BDF80830DCB21B0A9C4001341FFA84F833
:105730000028E6D0EBE738460DF10A02712101F0AE
:1057400017F9BDF80A30DCB21B0A9C400134A4EB07
:105750000804A4B292E7FBF723FE00BF0008002074
:10576000002F3A00D34D621000000000000000003E
:1057700070B51E4C82B023680193022907D9FFF748
:1057800047FB019A23689A422DD102B070BD15469D
:1057900000210DF103020646FDF78AFE0028F0D134
:1057A0009DF80310124B134A03FB01F303F5FA7340
:1057B000A2FB0323DA094FF47A719B0901FB05254B
:1057C000B5FBF3F5ABB2B3F5807F09D8013DEAB282
:1057D00093B2A6F8D8303046462101F051F8D0E710
:1057E000FF231A46F5E7FBF7DBFD00BF00080020AA
:1057F000002F3A00D34D62100000000000000000AE
:105800002DE9F041864E88B0174633680793002291
:1058100017F001088DF80F204BD1054661BBA7F1A9
:105820000C03062B45D80C2F46D00E2F50D0102F2E
:1058300050D0122F78D07B08013B05AA03212846BF
:10584000DCB2FFF7CDFE002846D085F8E87058B9E5
:1058500069692846FDF7FCFD30B902460123284658
:105860000DF10F01FFF7D4F8079A33689A4240F020
:10587000D58008B0BDE8F08101291AD1A7F108024E
:10588000062A16D8082F51D00A2F00F082800C2F3C
:1058900000F0A0800E2F00F0AF807B08013B04AA2F
:1058A00004212846DCB2FFF79BFE80B385F8E07048
:1058B000CDE76FF00300D7E71822572100F0E0FF93
:1058C00008225621284600F0DBFF0028CCD1B2E7A1
:1058D0003022F2E74022F0E706AA02212846FFF72D
:1058E0007FFE0028B1D122465021284600F0C8FF93
:1058F0000028AAD1059A03212846FFF789FA002833
:10590000A3D1069A02212846FFF732FF9DE72246DF
:105910007021284600F0B4FF0028C7D1049A042162
:105920002846FFF775FAC1E75022C6E70191102219
:10593000482100F0A5FF3A464721284600F0A0FF85
:10594000022204463221284600F09AFF0C2204432A
:105950003021284600F094FF019B64B21A460443AC
:10596000FF21284600F08CFF64B23022044330212E
:10597000284600F085FF64B204434246FF212846D2
:1059800000F07EFF64B2204340B200287FF46CAF89
:1059900083E701912822482100F072FF0822472165
:1059A000284600F06DFF032204463221284600F00D
:1059B00067FF092204433021284600F061FF019B64
:1059C00064B21A460443FF21284600F059FF64B22E
:1059D0002022CBE701913822482100F051FF082214
:1059E0004721284600F04CFF032204463221284676
:1059F00000F046FF0822DDE748220191114600F041
:105A00003FFF08224721284600F03AFF03220446C0
:105A10003221284600F034FF0722CBE7FBF7C0FC19
:105A2000000800200000000000000000000000004E
:105A300030B5124C83B0236801931546B1B10129EA
:105A400007D06FF00300019A23689A4214D103B083
:105A500030BD0DF10302702100F072FF0028F2D179
:105A60009DF8033001335B002B70ECE70DF103026E
:105A7000502100F065FFF1E7FBF792FC00080020E1
:105A80002DE9F041384D86B02B6805930E4644F65B
:105A90001F634FF4FA6100229E42CDE901125BD9E7
:105AA00003A90746FDF794FD0446C0B99DF80C30E4
:105AB000A6F63638DBB99DF80D30C3B99DF80E3027
:105AC000ABB99DF80F30A3BB9DF810303BB1A8F2E5
:105AD000262204213846FFF79BF97E610446059A89
:105AE0002B689A4220463DD106B0BDE8F08101AA5C
:105AF00002213846FFF774FD30BB9DF80C3033B1FE
:105B0000019B03F24E23984526D9A8EB03089DF884
:105B10000E30DBB99DF80D30002BD2D0019B03F580
:105B20002573984518D9A8EB03089DF80F30002B72
:105B3000CAD002AA03213846FFF752FD029B03F5A3
:105B40002573434508D250B10446C8E7019B03F2D0
:105B5000B2235B009845E6D86FF00304BFE7A8EBDB
:105B60000308B1E7FBF71CFC000800200000000060
:105B7000F0B5374E87B00D4640F6363331680591A3
:105B80002B604FF4FA62002303A9CDE901230746F5
:105B9000FDF71EFD0446E8B99DF80C300BBB9DF8DF
:105BA0000D30F3B99DF80E30DBB99DF80F3063B1BD
:105BB00002AA03213846FFF713FD029A2B6802F56B
:105BC000257213442B60002835D19DF810302BBB73
:105BD0002B687B61059A33689A42204635D107B01D
:105BE000F0BD01AA02213846FFF7FAFC18BB9DF868
:105BF0000C302BB1019A2B6802F24E2213442B6019
:105C00009DF80E30CBB99DF80D30002BCDD0019A08
:105C10002B6802F5257213442B60C6E76A460421FF
:105C20003846FFF7DDFC009A2B6802F22622134467
:105C30002B600028CDD00446CCE7019A2B6802F2F5
:105C4000B22203EB42032B60AFE7FBF7A9FB00BFD7
:105C5000000800200000000000000000000000001C
:105C6000F0B5324F0B783A6883B00192002B42D0E6
:105C70000D4606460024621CFF2B09D0042B0ED9CA
:105C80006FF00300019A3B689A424CD103B0F0BD1B
:105C9000AB5C032BF4D8DFE803F03B302419A95C9C
:105CA000541C68462A440DEB030E12F801CF00F88D
:105CB00001CB7045F9D11C446A46304600F0A0FD86
:105CC0002B5D002BDED00028D5D0DBE7AB18587851
:105CD000997801EB0021A6F83C11DB785BB1043226
:105CE000CAE7AB185878997801EB0021A6F838116B
:105CF000DB78002BF3D10020C4E7AB1858789978F3
:105D000001EB0021A6F83611DB78002BE7D1F2E792
:105D1000AB185878997801EB0021A6F83411DB789C
:105D2000002BDCD1E7E7FBF73BFB00BF00080020BE
:105D3000F0B515460F4C83B0002223682A600F4649
:105D40000DF1030101930646FDF79AFC48B99DF851
:105D5000033033B1BA8A336A03FB02F380331B0A80
:105D60002B60019A23689A4201D103B0F0BDFBF782
:105D700017FB00BF0008002000000000000000002A
:105D8000F0B5B0F85461D0F858514E4C05FB06F50B
:105D900083B08035206801902D0A05FB06F5DDE90A
:105DA00008E7DDE90A605AB1890201EB5201B1FB53
:105DB000F2F202EB420202FB02F202F50042120C86
:105DC00007F50041090CDFF80CC103310EFB03F3AA
:105DD000ACFB01E1890803F50043C1EBC1011B0CD9
:105DE000B1F5803F03FB03F362D2F91CACFB0171F8
:105DF0008908C1EBC10101F50041090C01FB01F16A
:105E000003EB56030B44B3FBF6F39B032E4F7F3398
:105E10005B08A7FB03139B0903FB02F22B4902F566
:105E2000FA72A1FB02329209120102F5FA72A1FB89
:105E3000023105F120078909BF094FF080439B0813
:105E40009F42FCD3002B38D0002603EB060CBC4548
:105E50004FEA56069CBFA7EB0C07F6189B08F4D137
:105E600049B11A4BA3FB023205EBD212B2FBF1F19E
:105E7000B1F1804F1ED24FF080439B088B42FCD87B
:105E80006BB10022D5188D424FEA52029CBF491BCC
:105E9000D2189B08F6D1B242134628BF334603609E
:105EA000019A23689A424FF0000008D103B0F0BD78
:105EB0000749A5E74FF08043E3E71E46D0E7FBF72D
:105EC0006FFA00BF0008002009040281D34D621060
:105ED0000000F0FFABAAAAAA00000000000000002A
:105EE0002DE9F04FC24F056A3E688FB00446049218
:105EF0000CAA0B9505930D460D96D1E903B8FFF753
:105F000017FF002840F064810C9E5E440BAA2946CE
:105F10002046FFF70DFF002840F0538194F8E02061
:105F20004FF47A7E0EFB06F3082A03F5004314BFF4
:105F30004FF0030C4FF0020C190C079100F04A814E
:105F4000D4F8DC1094F8E8000691AA49DFF8BC9276
:105F5000D4F8E4A001FB02F201FB00F101F5FA71B3
:105F6000A9FB010102F5FA72A9FB0202C809089017
:105F7000D0090990089889090EFB0A00B0FBF1F1DD
:105F800006980891014609980EFB010E089992099E
:105F9000BEFBF2F21144C9020CFB01F202F5FA72E7
:105FA000A9FB0212920940F2776101FB02F202F5AD
:105FB000FA7206F18001A9FB02294FEA9919080A31
:105FC00009FB00F04FF47A728030000A02FB08F8F7
:105FD000894A079E18BF00EB40004FEA184814BFDB
:105FE00080000C204FEA0848B8FBF6F8904528BF1F
:105FF00090464FF4167C0CFB08F64FF08042920856
:106000008242FCD84FF0000C0CEB020E86454FEAA2
:106010005C0C9CBFA0EB0E0094449208F4D10B984A
:10602000DFF8E8E14FF47A7808FB00F0B0F5481F9C
:1060300028BF4FF448101B0C40001B04C0F5FA7039
:106040001844AEFB008003F5FA7395F818802D898B
:106050008009AEFB03E300029B094FEA4C0CB0FB46
:10606000F3F3B8F1000F40F0BD806448DFF8A08181
:1060700000FB05F5A8FB05051B02AD0AC3F580333F
:1060800005FB03F303F500431B0C03F580335B08AA
:1060900003FB03F39B0B4FF4487505FB03F505F574
:1060A00000452D0C05FB05F006F500452D0C05FB04
:1060B0000505B5F1804F4FF0804002D2800885423F
:1060C000FCD302EB000EAE454FEA52029CBFA5EB9B
:1060D0000E0512188008F4D1494D12043232A5FB86
:1060E000025241F2883E40F6B538069D5209B2FB95
:1060F000FCF2DFF820C108FB02E25544ACFB02C20F
:10610000DFF808A105F5FA75520BAAFB055AB2F59E
:10611000704F4FEADA1E28BF4FF470424FF08045AF
:106120000EF5C81E4FEA9A1ABEFBFAFEAD08AE4540
:10613000FCD3BDB14FF0000C05EB0C08C6454FEA8F
:106140005C0C24BFAEEB080EAC44AD08F4D14FEAB2
:106150000C25DFF8B8C005F5FA75ACFB05C5AD092F
:1061600005FB05F502FB0255B5F1804F4FF080426B
:1061700003D292089542FCD392B100EB020CAC45DD
:106180004FEA50009CBFA5EB0C0580189208F4D193
:106190001C4D4FF47A7202FB00F2AA4228BF2A4635
:1061A00004984FF4487502600598039021F0FF01B0
:1061B000C4F840212046CDE901695A460095FFF711
:1061C000DFFD0D9A3B689A4210D10FB0BDE8F08F09
:1061D0005E469BE6049A0B4B1360C4F84031059B66
:1061E0001860EEE708484FF480335DE7FBF7D8F816
:1061F00000080020002F3A00666666009A990600A3
:106200001F85EB51AE878F0200C40900D34D621089
:10621000517BC6375917B7D10000000000000000BD
:106220002DE9F04F4FEAD10A8FB0DFF8608218995C
:1062300002910AF00F074FF2A105FD400024D8F8A3
:1062400000100D919B4605F0010304920393214633
:10625000199B8DF81A400DF11A028DF81B408DF82C
:106260001C408DF81D40ADF81E400C94054601936E
:10627000FDF79EFA9DF81A608146002E55D0002841
:106280003AD0264600244FF00009019B1B7813B931
:10629000029A002353810DF11B0201212846FDF7CC
:1062A00087FA00BB9DF81A309DF81C20002B08BF10
:1062B0000126042F18BF9DF81B3085F82E601ABFE9
:1062C000B3FA83F35B09012385F82F309DF81D3065
:1062D000002A08BF0124002B08BF4FF0010985F8F0
:1062E000304085F831900D9AD8F800309A4240F04D
:1062F000C7800FB0BDE8F08F029C0CAB08AA214606
:106300002846FFF7EDFD002840F08D800C9B63814F
:10631000494609AA2846FDF7ABFA099E814626B1EF
:10632000089B9E422CBF00260126B9F1000FA9D17F
:1063300007AA02212846FDF73BFA9DF81C400346B8
:10634000B4B1002840F0A0800AAA02212846FDF737
:106350008FFA0346002868D0BDF81E200A9C52021E
:10636000C5F84821002C8ED094422CBF0024012473
:106370000593002B87D10DF11D0203212846FDF75F
:1063800017FA9DF81D900246B9F1000F13D0059B36
:10639000002877D1BBF1000F33D10BAA0321284687
:1063A000FDF766FA0B9B02464BB35B4594BF4FF07B
:1063B00000094FF00109002A7FF467AF039B53BB2C
:1063C0007B1E022B17D9062F29D0092F27D00AF0C0
:1063D0000D0ABAF1080F1AD0012C18D0042F46D09C
:1063E000B9F1010F43D0012E45D0019A002313705B
:1063F000B14634464CE7019A052313704BE79946A2
:10640000D9E7049B4FEA0329B9FBFBFBC5E7019AD7
:10641000032313703FE7019AFF2313703BE7019AB0
:106420000423137037E74E462CE70122FF2128464C
:1064300000F026FA034600288ED10DF11E02B62187
:10644000284600F095FA0346002885D14A46FF21E8
:10645000284600F015FABDF81E200A9C5202034699
:10646000C5F84821002C7FF47FAF4C4680E7019AA5
:10647000022313700FE7019A012313704C460AE7B9
:10648000FAF78EFF994600E74C46FCE6000800202C
:106490002DE9F041134D82B02B680193884602210B
:1064A00017460646FEF7BCFD044660B996F8F13083
:1064B00007F140007BB196F8F23088F8003006F121
:1064C000F30109F02DFB019A2B689A42204607D16F
:1064D00002B0BDE8F08188F8004087F84040F2E75C
:1064E000FAF75EFF00080020000000000000000036
:1064F000F0B52A4D83B00C462B6801930A460DF186
:1065000003010646FFF7C4FF60BB9DF80330002B74
:1065100036D0222B2CD9262B38D9214F0FCF2060F3
:1065200097F804C038686160A260E360206184F875
:1065300014C01C4B03CB04F1600220626162304640
:10654000C02100F0FDF968B90DF102023046C22108
:1065500000F0F6F99DF8023001221B0984F8623040
:1065600084F86120019A2B689A4215D103B0F0BDDE
:10657000202B0BD00C4B07CB20606160A260D8E7CA
:106580000A4B07CB20606160A260D2E7084B07CBC3
:1065900020606160A260CCE7FAF702FF00080020EB
:1065A00094310108AC3101087C31010870310108D7
:1065B0008831010800000000000000000000000019
:1065C0002DE9F043214E8FB05C1C8DF8141031681A
:1065D0000D9107465FFA84F90DF114083BB1D0180C
:1065E000444410F8015D04F8015D9042F9D1184D62
:1065F0003224284603F08CFA4FF0000C029404ACCD
:10660000CDE9004C4B4642467908284603F010FA83
:10661000044650B9284603F09BFA20460D9A336889
:106620009A4210D10FB0BDE8F0832B78052B05D02E
:10663000074803F08DFA6FF01300EFE7FBF778FDE2
:10664000FBF756FDF4E7FAF7ABFE00BF00080020A9
:106650007051002000000000000000000000000059
:106660002DE9F0471B4E1C4D346886B091460594C9
:1066700006AC9A4604F8081D80463227284603F0E7
:1066800047FACDF804A02246CDF800904FEA580111
:1066900028460297012303F0CBF958B9044628464F
:1066A00003F056FA2046059A33689A4210D106B094
:1066B000BDE8F0872B78052B05D0074803F048FA92
:1066C0006FF01300EFE7FBF733FDFBF711FDF4E785
:1066D000FAF766FE0008002070510020000000005C
:1066E00010B5094C84B023688DF8072003930DF191
:1066F00007020123FFF764FF039A23689A4201D13E
:1067000004B010BDFAF74CFE0008002000000000A5
:1067100010B582B002AB140A03F8084D084C8DF88E
:1067200001201A46236801930223FFF749FF019ACB
:1067300023689A4201D102B010BDFAF731FE00BFC2
:106740000008002000000000000000000000000021
:1067500010B5084B82B01C680194019C1B689C42D8
:1067600005D1012302B0BDE81040FFF779BFFAF769
:1067700017FE00BF0008002000000000000000001D
:1067800030B50A4C83B023680193154602236A464C
:10679000FFF766FFBDF80030019A5BBA2B802368D3
:1067A0009A4201D103B030BDFAF7FAFD000800208B
:1067B00070B50F4C82B023680193154604236A46D6
:1067C000FFF74EFFBDF800309DF802109DF8032042
:1067D000019E5BBA9BB241EA032342EA03232B608A
:1067E00023689E4201D102B070BDFAF7D9FD00BF07
:1067F0000008002000000000000000000000000071
:1068000030B50D4C90F8BF01256883B03F2B019542
:1068100094BF00256FF00305FFF7D2FE019A2368AD
:1068200000280CBF28466FF013009A4201D103B034
:1068300030BDFAF7B5FD00BF0008002000000000E1
:1068400030B50D4C90F8BF01256883B03F2B019502
:1068500094BF00256FF00305FFF702FF019A23683C
:1068600000280CBF28466FF013009A4201D103B0F4
:1068700030BDFAF795FD00BF0008002000000000C1
:1068800010B50A4C90F8BF01236882B00193FFF75E
:1068900027FF019A2368002814BF6FF0130000201F
:1068A0009A4201D102B010BDFAF77AFD000800202B
:1068B00010B50A4C90F8BF01236882B00193FFF72E
:1068C00027FF019A2368002814BF6FF013000020EF
:1068D0009A4201D102B010BDFAF762FD0008002013
:1068E0002DE9F041134E90F8BF7182B01546326821
:1068F000019238460DF103021C468846FFF728FF37
:1069000090B99DF803302B402343414638461A4640
:106910008DF80330FFF7E4FE30B9019A33689A42EC
:1069200005D102B0BDE8F0816FF01300F5E7FAF78A
:1069300037FD00BF0008002000000000000000003C
:1069400010B50A4C90F8BF01236882B00193FFF79D
:10695000FFFE019A2368002814BF6FF01300002087
:106960009A4201D102B010BDFAF71AFD00080020CA
:1069700010B50A4C90F8BF01236882B00193FFF76D
:10698000FFFE019A2368002814BF6FF01300002057
:106990009A4201D102B010BDFAF702FD00080020B2
:1069A00010B50A4C90F8BF01236882B00193FFF73D
:1069B000FFFE019A2368002814BF6FF01300002027
:1069C0009A4201D102B010BDFAF7EAFC000800209B
:1069D00000B50D4A83B01168019100230093009B1C
:1069E000F92B06D800BF009B01330093009BF92BC5
:1069F000F8D90199136899424FF0000002D103B011
:106A00005DF804FBFAF7CCFC000800200000000051
:106A100030B5164C85B0236803930546FCF7F0FFAC
:106A200028B1039A23689A421DD105B030BD05F5FF
:106A3000AE712846FCF7D4FC0028F2D12846FDF7B9
:106A400047FC0028EDD10DF1050202A92846FDF70B
:106A500027FD0028E5D128460DF107020DF10601BA
:106A6000FDF79EF8DDE7FAF79BFC00BF0008002069
:106A700070B5554D82B00C462B6801930122002160
:106A80000646FCF73DFE002871D0032C03D8DFE852
:106A900004F00451250B6FF00300019A2B689A4211
:106AA00040F08F8002B070BD0028F6D14FF48042D4
:106AB00001213046FCF79CFE0028EED101464FF440
:106AC00000123046FCF794FE0028E6D1019A2B68AC
:106AD0009A4276D1304647F2305143E00028DCD16B
:106AE00041F6991201213046FCF782FE0028D4D1EC
:106AF00001464FF470123046FCF77AFE0028CCD1E4
:106B000048F2E8013046FCF7A3FC0028C5D1014655
:106B100012223046FCF7B4FC0028BED1019A2B6843
:106B20009A424ED130460E22012102B0BDE870409B
:106B3000FCF7A6BC0028B0D14FF4804201213046BA
:106B4000FCF756FE0028A8D101464FF490123046BB
:106B5000FCF74EFE0028A0D1019A2B689A4230D152
:106B60001A49304602B0BDE87040FCF771BC012202
:106B700011463046FCF7C4FD032C8CD801A353F812
:106B800024F000BF956B0008356B0008DD6A000833
:106B9000A96A0008002880D1012203213046FCF7B1
:106BA000AFFD00287FF479AF019A2B689A4208D193
:106BB000304640F6D402032102B0BDE87040FCF735
:106BC00017BEFAF7EDFB00BF00080020400D0300E0
:106BD00030B50C4C83B0236801930546FCF718FCD4
:106BE000019A236818B19A4209D103B030BD9A4284
:106BF00005D1284603B0BDE83040FDF761B9FAF78A
:106C0000CFFB00BF000800200000000000000000D3
:106C10002DE9F043224C234FA369234E234A9A6166
:106C200083B03B6801933046522386F8BF31FFF7AB
:106C3000EFFE50B902213046FFF71AFF1C4D01212B
:106C40003046FFF7C5FF01232B70A36993F821306D
:106C50005A0719D4164DDFF85C90DFF85C8007E026
:106C6000642000F0D5FFA36993F821305B070BD4B3
:106C70002B78002BF4D049460B48FCF7E1FFB6F81F
:106C80005830A8F80030EBE7019A3B689A4205D1EA
:106C9000054803B0BDE8F043FDF7C2B9FAF780FB41
:106CA000F046002000080020A0410020C03101086B
:106CB0009C410020F04100206443002000000000BF
:106CC00030B50D4B0D4C1D78236885B003935DB92D
:106CD000FBF70EFA0A4B00950A484A224FF45E7100
:106CE00000F03EFF084B1860039A23689A4201D1D6
:106CF00005B030BDFAF754FB9C410020000800208D
:106D0000116C000868430020604300200000000070
:106D100000B5074B07491A68088883B00192019AA9
:106D20001B689A4202D103B05DF804FBFAF738FB06
:106D30000008002064430020000000000000000064
:106D400010B5084B82B01C68019400240460019CBB
:106D50001B689C42C0E9011201D102B010BDFAF7D4
:106D60001FFB00BF00080020000000000000000022
:106D70002DE9F0430E4D83B02C68019404469946EA
:106D80000F46164610304C220021DDF8288008F00E
:106D90002FFEC4F80090019A2B68E6609A42C4E97D
:106DA000018702D103B0BDE8F083FAF7F9FA00BF1A
:106DB00000080020000000000000000000000000AB
:106DC000F0B5144E83B001F11003174632680192FA
:106DD0000446412218460D46002108F009FE3946B6
:106DE000402208F0FDFE6068FCF7B2FA236803B1A8
:106DF000AB652560A068FCF7DBFA019A33689A421C
:106E000005D1606803B0BDE8F040FCF7B9BAFAF705
:106E1000C7FA00BF000800200000000000000000CA
:106E2000F0B51C4E436883B005469342306801902C
:106E300006D20020019A33689A4229D103B0F0BDEE
:106E400014460F46A868FCF783FA2246394628689C
:106E5000F9F7DEFF012385F85130E868FCF7A8FA5E
:106E60006C6D84B123681868FCF772FA23689D6022
:106E700023685868FCF79CFA23681868FCF780FAC6
:106E80006468002CEED1A868FCF77AFA0120D1E7FB
:106E9000FAF786FA00080020000000000000000059
:106EA00000B5074B07491A68087883B00192019A28
:106EB0001B689A4202D103B05DF804FBFAF770FA3E
:106EC00000080020E0460020000000000000000054
:106ED00000B5074B07491A68086083B00192019A10
:106EE0001B689A4202D103B05DF804FBFAF758FA26
:106EF00000080020E4460020000000000000000020
:106F000000B5074B07491A68086083B00192019ADF
:106F10001B689A4202D103B05DF804FBFAF740FA0D
:106F200000080020E84600200000000000000000EB
:106F300000B5064B83B01A680192019A1B689A4209
:106F400002D103B05DF804FBFAF72AFA000800202A
:106F5000024B82B01B680193FEE700BF00080020CF
:106F600000B5044B04481B6883B0019300F078F827
:106F7000FEE700BF00080020D0310108000000003B
:106F8000024B82B01B680193FEE700BF000800209F
:106F9000F0B5294E294B3268294885B00024039268
:106FA0009C60D968274A4FF6FF0529400A43DA60FA
:106FB000C2682549254D42F08072C2600A6842F0DD
:106FC00001020A6010202022D87783F8222000F0E6
:106FD000DFFA00F045FA01F073F802F0C9F802F0A8
:106FE00037F901F0C5F800F0FBF9402105F588609C
:106FF00000F01EFD0127164BC36180F82070A861C8
:1070000000F0A6F884F3118862B6AB69114A9A6160
:107010004FF4C4713A46104B009405F59D6000F0A2
:107020009FFD039A33680D4981619A4201D105B0F1
:10703000F0BDFAF7B5F900BF0008002000ED00E050
:10704000F0ED00E00003FA05001000E0F04600203B
:107050000004002070330108816F0008F03101083E
:1070600000B5054B83B01B680193044672B6FBF76D
:10707000B7FC024BDC62FEE700080020F04600206F
:107080002DE9F047DFF890A0224DDAF8003082B009
:10709000019300F055F9AB6993F8232012B1013A3E
:1070A00083F823205A6ADFF8748001325A6200F0B4
:1070B00047F9AB6AEA6901334245AB6220D0936875
:1070C000013B9360EC69A668D6B94FF020092368AC
:1070D000E768E660C3F804802368EB6100F0C0F85D
:1070E00001F0E6F886F311882069B84789F3118822
:1070F00001F0C6F800F094F8EC69A368002BE6D024
:10710000019ADAF800309A4202D102B0BDE8F08765
:10711000FAF746F9F0460020000800200C4700204E
:1071200010B5094C094A236882B00193516853682D
:107130005B1A9842FBD8019A23689A4201D102B0A7
:1071400010BDFAF72DF900BF00080020001000E084
:1071500000B50E4A0E4B116B186883B0019009B947
:10716000526B4AB1019A1B689A420CD1094803B08C
:107170005DF804EBFFF774BF019A1B689A4202D1D5
:1071800003B05DF804FBFAF70BF900BFF0460020EE
:10719000000800200032010800000000000000008C
:1071A00030B50B4C0B4D236B2A6883B001920BB9A1
:1071B000636B13B10848FFF753FF019A2B68012155
:1071C0009A42616301D103B030BDFAF7E9F800BF1C
:1071D000F0460020000800203032010800000000C6
:1071E00030B50C4C0C4D236B2A6883B0019253B917
:1071F000636B002B07DD019A2B6800219A426163C3
:1072000005D103B030BD0548FFF72AFFF3E7FAF7D1
:10721000C7F800BFF04600200008002050320108E7
:1072200030B50B4C0B4D236B2A6883B0002B0192B9
:1072300001DD636B13B10848FFF712FF019A2B6859
:1072400001219A42616301D103B030BDFAF7A8F879
:10725000F046002000080020403201080000000035
:1072600030B50C4C0C4D236B2A6883B0002B019277
:107270000ADD636B002B07DD019A2B6800219A421F
:10728000616305D103B030BD0448FFF7E9FEF3E7C1
:10729000FAF786F8F0460020000800206032010866
:1072A00030B50F4D83B02B680193202383F31188F1
:1072B0000C4C236B002B01DB626B1AB10A48FFF701
:1072C000CFFE236B01332363002383F31188019ADC
:1072D0002B689A4201D103B030BDFAF761F800BFC4
:1072E00000080020F04600201032010800000000D5
:1072F00030B50F4D83B02B680193202383F31188A1
:107300000C4C236B002B01DD626B1AB10A48FFF7AE
:10731000A7FE236B013B2363002383F31188019AAB
:107320002B689A4201D103B030BDFAF739F800BF9B
:1073300000080020F0460020203201080000000074
:1073400000B50F4A0F4B116B186883B000290190EC
:1073500009DB526B002A06DD019A1B689A420CD1A8
:1073600003B05DF804FB019A1B689A4205D10648F8
:1073700003B05DF804EBFFF773BEFAF711F800BF36
:10738000F0460020000800207032010800000000D4
:1073900000B50E4A0E4B116B186883B0019049B9C5
:1073A000526B002A06DD019A1B689A420CD103B089
:1073B0005DF804FB019A1B689A4205D1054803B0A9
:1073C0005DF804EBFFF74CBEF9F7EAFFF04600204A
:1073D00000080020803201080000000000000000CA
:1073E00010B5084A084B116882B0402401910199F8
:1073F000126818199142C3E90E4001D102B010BDC4
:10740000F9F7CEFF00080020F04600200000000041
:1074100010B51149114B0A6882B00192DA6B9C6A6F
:107420001460DA6B9C695460DA6B846A9460DA6B7E
:1074300090F820001073DA6B03F5886010328242F6
:1074400028BF03F14002DA63019A0B689A4201D126
:1074500002B010BDF9F7A4FF00080020F04600209C
:1074600010B50B4A0B4B116882B04FF0FF340191FD
:1074700000219962019811685C6203F11C02884244
:10748000C3E9072201D102B010BDF9F789FF00BF9F
:1074900000080020F046002000000000000000006E
:1074A0002DE9F041184E82B00546306801900C4637
:1074B00017469846FFF744FF05B3FFB1F4B1C5E99D
:1074C00003781248C3699A68944204D91B68A41AC5
:1074D0009A68A242FAD32B605A686A6015605D60B0
:1074E000AC609968019D3268091B95424FF0FF34EA
:1074F0009960446206D102B0BDE8F0810448FFF70C
:10750000AFFDDCE7F9F74CFF00080020F046002053
:1075100090320108000000000000000000000000A0
:1075200030B5164D83B004462B680193FFF708FF72
:10753000ECB1E368BBB12268A06893680199034489
:107540009360D4E900231A6020682B680C4A6568B0
:10755000456099424FF000054FF0FF30E560506202
:1075600009D103B030BD0748FFF77AFDE3E70548CE
:10757000FFF776FDDDE7F9F713FF00BF00080020F5
:10758000F0460020A03201080000000000000000CA
:1075900000B50A4A0A4B11681B6083B000200191B4
:1075A000019912685B609142C3E90433986002D18B
:1075B00003B05DF804FBF9F7F3FE00BF00080020FC
:1075C000F046002000000000000000000000000065
:1075D00030B5164D83B004462B680193FFF7B0FE1B
:1075E000ECB194F82030B3B10F2B14D00022A16875
:1075F0000F4B84F820201B689A688A42FBD22360D4
:107600005A686260146001992A685C609142204661
:1076100009D103B030BD0748FFF722FDE6E7054872
:10762000FFF71EFDDDE7F9F7BBFE00BF00080020F5
:10763000F0460020B0320108000000000000000009
:1076400070B5204D82B02B6801930446202383F34C
:10765000118800F015FEFFF7E3FD94F82030072BAA
:1076600011D8DFE803F0161010230A04100AA66AE6
:10767000FFF766FEB3680133B360D4E900231A60F4
:10768000D4E900325A604FF0FF33A3622046FFF77F
:107690009FFFFFF7E5FD00F00BFE002383F3118849
:1076A000019A2B689A420BD102B070BDA36A0022E6
:1076B0001A604FF0FF33A3622046FFF789FFE8E727
:1076C000F9F76EFE00080020000000000000000036
:1076D000F0B5194E194C336883B007460193FFF794
:1076E00057FEA569236885F82070142285F82320A9
:1076F0001A68226001215460284683F82010A36193
:10770000FFF786FE2946A06900F06AFDEFF30983C2
:10771000EA69643B9A4202D90948FFF7A1FC019A41
:1077200033689A4206D1A069294603B0BDE8F0400B
:10773000F8F7BEBDF9F734FE00080020F04600203F
:10774000C03201080000000000000000000000003E
:10775000F0B5154C87B0236805930E460746FFF732
:1077600017FE731C18D0114D114AAB69314668469B
:10777000FFF796FE3846FFF7ABFFFFF7E1FD039BEF
:1077800013B16846FFF7CCFE059A2368A9699A42AF
:10779000886A06D107B0F0BD3846FFF799FF034D60
:1077A000F2E7F9F7FDFD00BF00080020F0460020D9
:1077B000417600080000000000000000000000000A
:1077C000F0B51E4D1E4E2B6883B0044601930F4644
:1077D000FFF7DEFDB069A7628368A2689A421DD9EF
:1077E000FFF7F6FE0123074684F82030B461FFF767
:1077F0000FFE3946204600F0F3FCEFF30983FA69E7
:10780000643B9A4214D8019A2B689A4214D13946A3
:10781000204603B0BDE8F040F8F74ABD019A2B6856
:107820009A4209D1204603B0BDE8F040FFF7D0BE30
:107830000448FFF715FCE6E7F9F7B2FD0008002061
:10784000F0460020C03201080000000000000000E7
:1078500010B50E490E4B8A69086892F823101C680F
:107860008068926882B0019449B9904234BF002088
:107870000120019A1B689A4206D102B010BD9042C5
:1078800094BF00200120F4E7F9F78AFDF0460020BC
:1078900000080020000000000000000000000000C0
:1078A00070B5184C184E2368A5691A682260546098
:1078B000012283F8202082B01422316885F8232029
:1078C0002846A3610191FFF783FE2846FFF7A0FD3C
:1078D0002946A06900F084FCEFF30983EA69643B60
:1078E0009A4202D90948FFF7BBFB019A33689A42D2
:1078F00006D1A069294602B0BDE87040F8F7D8BCAF
:10790000F9F74EFDF046002000080020C0320108C3
:1079100070B51C4D1C4E2A68AC6913682B600121A0
:1079200082B05D60002082F82010AA613268A168F0
:1079300084F82000019200E01B689A688A42FBD814
:1079400023605A686260204614605C60FFF760FD47
:107950002146A86900F044FCEFF30983E269643B27
:107960009A4202D90948FFF77BFB019A33689A4291
:1079700006D1A869214602B0BDE87040F8F798BC6E
:10798000F9F70EFDF046002000080020C032010883
:1079900010B50F4C82B023680193FFF7F9FCFFF795
:1079A000CFFC0C4B1A689B6992689B689A42019ABB
:1079B000236803D89A4208D102B010BD9A4204D17C
:1079C00002B0BDE81040FFF7A3BFF9F7E9FC00BF24
:1079D00000080020F0460020000000000000000029
:1079E00000B50E4A0E4B9269196892F8232083B0B5
:1079F000019142B1019A1B689A420DD103B05DF822
:107A000004EBFFF785BF019A1B689A4204D103B0CB
:107A10005DF804EBFFF744BFF9F7C2FCF046002025
:107A2000000800200000000000000000000000002E
:107A3000F0B51A4A1A4D02610446816083B01423DE
:107A400050692E68616484F82330022700230121E5
:107A5000278484F82210C4E90F3304F16801A3617C
:107A6000019604F12C07636204F1500604F130031F
:107A700060610461C4E90C33E1613046E76254613E
:107A800000F0B6FA304600F0D3FA019A2B689A4219
:107A900002D1204603B0F0BDF9F782FCF046002089
:107AA00000080020000000000000000000000000AE
:107AB00010B5094B82B01C680194884203D200F8CB
:107AC000012B8142FBD1019A1B689A4201D102B07D
:107AD00010BDF9F765FC00BF0008002000000000A1
:107AE0002DE9F043184E83B0346801940546DDF863
:107AF00028900C4617469846FFF722FC15B1B4F5BE
:107B0000BC7F19D21148FFF7ABFAA4F164012944F4
:107B1000E960C1F84080EB68019AC3F8449033688B
:107B2000E9680B4808669A420CD13946284603B0EA
:107B3000BDE8F043FFF77CBF7F2FE3D8B8F1000F1B
:107B4000E3D1DFE7F9F72CFC00080020103301082F
:107B5000C902000800000000000000000000000052
:107B60002DE9F04FDFF8A48087B0D8F80040DDF8A9
:107B70004090059407468A46934600F168060446FD
:107B8000FF2504F8015BA642FBD107EB0A05A542DD
:107B900004D9552604F8016BA542FBD1039320229A
:107BA00082F3118800F03CFBFFF7FAFA039BCDF853
:107BB00000905A4651463846FFF792FF002104468E
:107BC000FFF7FEFDFFF70CFB00F042FB0D4B1A68C0
:107BD0009A4204D0996993688A689A420BD3002329
:107BE00083F31188059AD8F800309A42204606D1CE
:107BF00007B0BDE8F08F0448FFF732FAEFE7F9F776
:107C0000CFFB00BFF0460020D03201080008002062
:107C100030B5184C83B0236801930546202383F3C5
:107C2000118800F0FDFAFFF7BBFA15B91248FFF70B
:107C300017FA29460820FFF78BFDFFF7D1FA00F06D
:107C400007FB0E4B1A689A4204D0996993688A68B8
:107C50009A4208D3002383F31188019A23689A4239
:107C600005D103B030BD0648FFF7FAF9F2E7F9F79E
:107C700097FB00BF00080020E0320108F04600201A
:107C8000D0320108000000000000000000000000E9
:107C9000F0B51C4F83B03B68019304460E46202389
:107CA00083F31188184D00F0BBFAFFF779FAA96A3F
:107CB000331B0C1B9C4219D3FFF792FA00F0C8FA51
:107CC0002B68AB4204D0AA699B6892689A4209D398
:107CD000002383F31188019A3B689A4230460FD102
:107CE00003B0F0BD0948FFF7BBF9F1E7741A02D100
:107CF0000748FFF7B5F921460820FFF729FDDBE724
:107D0000F9F74EFB00080020F0460020D0320108B1
:107D1000E032010800000000000000000000000048
:107D200070B5164B164E9C693268E36AA06282B049
:107D300004F12C05AB42019207D01A68E2621846A2
:107D4000FFF746FCE36AAB42F7D194F821309B077A
:107D500005D1D4E904231A61D4E904325A610F2011
:107D6000FFF7B6FC019A33689A4205D1054802B084
:107D7000BDE87040FFF774B9F9F712FBF046002038
:107D8000000800202033010800000000000000006F
:107D900030B50C4C83B0236801930546202383F350
:107DA000118800F03DFAFFF7FBF9019A23689A4227
:107DB00005D1284603B0BDE83040FFF7B1BFF9F761
:107DC000EFFA00BF000800200000000000000000E3
:107DD000F0B50D4D0D4E03682A68B76983B00446AF
:107DE000019213B10A48FFF73BF927600320BC62F8
:107DF000FFF76EFC019A2B68B1699A42886A01D13B
:107E000003B0F0BDF9F7CCFA00080020F0460020DE
:107E100030330108000000000000000000000000F6
:107E2000F0B5124D0368124A83B0044628680190E9
:107E30000E46976913B10F48FFF712F966B1276034
:107E4000019A2B68BC629A420ED13146032003B0DE
:107E5000BDE8F040FFF77CBC019A2B689A424FF0D6
:107E6000FF3001D103B0F0BDF9F79AFA0008002005
:107E7000F046002040330108000000000000000030
:107E8000F0B5124D04682B6883B00193B4B194F837
:107E90002030032B06460F460CD100233360019A95
:107EA0002B68A7629A420FD1204603B0BDE8F0408C
:107EB000FFF78EBB0648FFF7D3F8EEE7019A2B6871
:107EC0009A4201D103B0F0BDF9F76AFA0008002028
:107ED0006033010800000000000000000000000006
:107EE00030B5104A83B01368019381B10E4B019DE8
:107EF0009B69186044685C60236012684360954227
:107F00000DD1042003B0BDE83040FFF721BC01993A
:107F1000136899424FF0FF3001D103B030BDF9F73B
:107F20003FFA00BF00080020F046002000000000DB
:107F300070B5124D04682B6882B0A042019315D031
:107F400023680360586094F82030042B0E4602D05A
:107F50000B48FFF785F8019A2B68A6629A420BD16D
:107F6000204602B0BDE87040FFF732BB019A2B6893
:107F70009A4201D102B070BDF9F712FA0008002050
:107F8000F0320108000000000000000000000000C6
:107F90002DE9F041DFF850800468D8F8003082B055
:107FA000A042019313D00F4F05460E4623682B6065
:107FB0005D6094F82030042B02D03846FFF750F86B
:107FC000A6622046FFF704FB2C68A542EED1019A79
:107FD000D8F800309A4202D102B0BDE8F081F9F73A
:107FE000DFF900BFF03201080008002000000000A7
:107FF00030B50B4B83B01A6801924FF0FF3202602C
:1080000001991A680024002300259142C0E9044523
:10801000C0E90133C36001D103B030BDF9F7C0F945
:108020000008002000000000000000000000000028
:1080300000B5084B084A196883B001915168019A4C
:108040001B6881609A4202D103B05DF804FBF9F726
:10805000A7F900BF00080020001000E000000000A9
:10806000F0B51449144B0A68846883B00192134A2E
:108070005B68D2F8A864C2681B1BD0E904450132D2
:108080009B1BC26042688360E61845F1000793427B
:10809000C0E9046709D80268934238BF0360019AB7
:1080A0000B689A4203D103B0F0BD4360F7E7F9F7DC
:1080B00077F900BF00080020001000E0F046002023
:1080C00030B5114D114C2B6889B04FF0FF3107933B
:1080D000002300226846C4F8A834CDE90133039395
:1080E0000023CDE904230091FFF7A2FF6846FFF7C4
:1080F000B7FF079A2B680299C4F8A8149A4201D1D5
:1081000009B030BDF9F74CF900080020F046002016
:108110002DE97048134E144B326883B001925B68AE
:108120008B60D0E902411B1BD0E90445426814EB87
:10813000030B45F1000C01319342C0E90231C0E963
:1081400004BC0AD80268934238BF0360019A3368BE
:108150009A4204D103B0BDE870884360F6E7F9F7AE
:108160001FF900BF00080020001000E00000000020
:1081700030B50D4D0D4C2B6883B004F5976001931D
:108180000023C4F8B034C4F8B434FFF731FF019AC7
:108190002B689A4206D104F59A6003B0BDE83040DE
:1081A000FFF726BFF9F7FCF800080020F046002092
:1081B00000B50949094A0B6883B001930198D2F8C8
:1081C000B034096801338842C2F8B03402D103B038
:1081D0005DF804FBF9F7E4F800080020F046002001
:1081E00070B50D4C0D4A236882B00193019DD2F801
:1081F000B43424680133A542C2F8B43409D10E4620
:1082000000F1500106F1500002B0BDE87040FFF7E8
:108210007FBFF9F7C5F800BF00080020F046002036
:1082200000B5084B83B01A680192019A1B689A4204
:1082300005D1054803B05DF804EBFFF7F9BEF9F787
:10824000AFF800BF00080020A84B0020000000008D
:1082500000B5084B83B01A680192019A1B689A42D4
:1082600005D1054803B05DF804EBFFF7F9BEF9F757
:1082700097F800BF00080020A84B00200000000075
:1082800000B5084B83B01A680192019A1B689A42A4
:1082900005D1054803B05DF804EBFFF7C9BEF9F757
:1082A0007FF800BF00080020C04B00200000000045
:1082B00000B5084B83B01A680192019A1B689A4274
:1082C00005D1054803B05DF804EBFFF7C9BEF9F727
:1082D00067F800BF00080020C04B0020000000002D
:1082E00070B51B4D82B004462B680193FFF750F820
:1082F00044B3A3682268002B10DBA24203D01548C8
:10830000FEF7AEFEA368013B002BA3600CDB002050
:10831000019A2B689A4219D102B070BDA242EED0E8
:10832000013B002BA360F2DA0B4EB3699C621C6028
:1083300062685A60052013606360FFF7C9F9B3698A
:10834000986AE5E70348FEF78BFED2E7F9F728F8CD
:1083500000080020A0330108F046002000000000C3
:1083600030B5164C83B0236801930546202383F370
:108370001188FFF755FFFEF713FF2846FFF7B0FF00
:108380000546FEF72DFFFFF763FF0D4B1A689A4273
:1083900004D0996993688A689A4209D3002383F3C9
:1083A0001188019A23689A42284605D103B030BD4E
:1083B0000448FEF755FEF1E7F8F7F2FF0008002049
:1083C000F04600209033010800000000000000008B
:1083D00030B51C4D83B004462B680193FEF7B0FF07
:1083E0004CB3A3682268002B0FDBA24203D01648CF
:1083F000FEF736FEA3680133002BA3600BDD019A64
:108400002B689A421BD103B030BDA242EFD001339A
:10841000002BA360F3DC20680199036823602A68BD
:108420005C6091424FF00003836208D103B0BDE865
:108430003040FFF7CDB80448FEF712FED1E7F8F759
:10844000AFFF00BF00080020B033010800000000AB
:1084500030B50B4D83B02B680193044650B12460B6
:1084600001992A68646000239142A360236105D1C9
:1084700003B030BD0348FEF7F3FDF0E7F8F790FFD7
:1084800000080020D03301080000000000000000B8
:10849000F0B55D4E5D4B32689D6983B00446019234
:1084A000FEF776FF002C00F08480A0682369002886
:1084B00043D0002B40F39780854276D0AA6883682A
:1084C0009A4208D990F820308260062B40D0072BC2
:1084D00073D0002B5DD02746234603E09968AA6835
:1084E000914233D31B689C42F8D12F607B686B604C
:1084F00006201D607D60AC62FFF7EAF8A368AB421E
:1085000002D04348FEF7ACFD2B6CA34202D040489A
:10851000FEF7A6FD2369012B05D1019A33689A4223
:108520006FD103B0F0BD019A33689A4269D13848DF
:1085300003B0BDE8F040FEF793BD002B58D10133E6
:10854000A56023612B6CE3602C64E6E71F46CCE753
:10855000D0E900231A60D0E900325A60876A3B46AE
:1085600003E099688268914247D31B689F42F8D123
:1085700007607B68436018607860836AAA689868BF
:1085800083689342A7D290F820308260062B9ED158
:10859000DEE7D0E90023012180F820101A60D0E93D
:1085A00000325A60FFF714F895E72369013323611D
:1085B000B3E71748FEF754FD77E7D0E900231A60C8
:1085C000D0E900325A60876A3B4603E099688268C6
:1085D000914214D31B689F42F8D107607B684360C7
:1085E0001860786077E70A48FEF73AFDA06863E70D
:1085F0000748FEF735FD2369A1E71F46B8E71F4688
:10860000EBE7F8F7CDFE00BF00080020F0460020A1
:10861000E03301080000000000000000000000003E
:1086200030B5154C83B0236801930546202383F3AE
:108630001188FFF7F5FDFEF7B3FD2846FFF728FF89
:10864000FEF7CEFDFFF704FE0C4B1A689A4204D0E9
:10865000996993688A689A4208D3002383F3118842
:10866000019A23689A4205D103B030BD0448FEF751
:10867000F7FCF2E7F8F794FE00080020F04600202F
:10868000C0330108000000000000000000000000EE
:108690002DE9F043DFF800813C4FD8F80030BE6987
:1086A00083B005460193002864D0202383F311880A
:1086B000FFF7B6FDFEF774FD336C002B5ED09B68B0
:1086C000B34202D03248FEF7CBFC2B69002B49DDC8
:1086D000013B2B615BBB336CAB4202D02C48FEF7F5
:1086E000BFFCEB683364FEF753FE2B689D423ED01F
:1086F000D6E910495CB1FEF74BFE23689C4203D0DB
:108700009B68994538BF9946E468002CF3D1C6F8B8
:1087100008902B6801222A611A682A605560AB60B4
:108720001A6CEA6018461D640021FFF749F8FEF74D
:1087300057FDFFF78DFD3B68BB4204D0BA699B68CB
:1087400092689A420AD3002383F31188019AD8F8D9
:1087500000309A4217D103B0BDE8F0830D48FEF710
:108760007FFCF0E70A48FEF77BFC2B69B0E70023AB
:10877000AB60DCE70648FEF773FC96E70448FEF7BB
:108780006FFC336C9BE7F8F70BFE00BFF046002050
:10879000F0330108C0330108000800200000000089
:1087A0002DE9F041DFF8D880334BD8F800209E69DE
:1087B00082B005460192FEF7EBFD002D4FD0336CE1
:1087C000002B52D09B68B34202D02C48FEF748FCE5
:1087D0002B69002B3EDD013B2B61002B32D1336C2A
:1087E000AB4202D02548FEF73BFCEB683364FEF752
:1087F000CFFD2B689D4223D0D6E910475CB1FEF730
:10880000C7FD23689C4203D09B689F4238BF1F4628
:10881000E468002CF3D1B7602868019901232B612B
:1088200003682B60D8F800205D60A860036CEB60E3
:10883000914205641ED102B0BDE8F041FEF7C8BE0A
:108840000023AB60019AD8F800309A4212D102B0EE
:10885000BDE8F0810948FEF703FC2B69BBE7074838
:10886000FEF7FEFB336C002BACD10448FEF7F8FB9F
:10887000336CA7E7F8F794FDF046002000340108B8
:1088800000080020000000000000000000000000C0
:1088900070B5114E82B0044633680193FEF750FD67
:1088A0009CB12068A0420AD06FF0010503682360E4
:1088B0005C60FEF78DFE85622068A042F6D1019AC9
:1088C00033689A4205D102B070BD0448FEF7C8FB78
:1088D000E7E7F8F765FD00BF000800202034010835
:1088E00030B5164C83B0236801930546202383F3EB
:1088F0001188FFF795FCFEF753FC2846FFF7C8FFE9
:10890000FFF746F8FEF76CFCFFF7A2FC0C4B1A6869
:108910009A4204D0996993688A689A4208D30023DE
:1089200083F31188019A23689A4205D103B030BDC0
:108930000448FEF795FBF2E7F8F732FD0008002047
:10894000F046002010340108000000000000000084
:108950002DE9F0411E4F1F4E3B68B46982B00546B9
:108960000193FEF715FD65B3236C33B3B369D3F8F8
:1089700040804046FFF714FF2E46A5622B4603E0D9
:108980009968A268914216D31B689D42F8D126606F
:108990007368636007201C607460FEF799FE4046B0
:1089A000A46AFFF775FD019A3B689A4220460CD1F4
:1089B00002B0BDE8F0811E46E9E70748FEF750FB2C
:1089C000D4E70548FEF74CFBCEE7F8F7E9FC00BF1B
:1089D00000080020F046002040340108000000009C
:1089E00030B5164C83B0236801930546202383F3EA
:1089F0001188FFF715FCFEF7D3FB2846FFF7A8FF09
:108A00000546FEF7EDFBFFF723FC0D4B1A689A4273
:108A100004D0996993688A689A4209D3002383F342
:108A20001188019A23689A42284605D103B030BDC7
:108A30000448FEF715FBF1E7F8F7B2FC0008002048
:108A4000F046002010340108000000000000000083
:108A50002DE9F0431D4F83B03C68019491460C46CC
:108A60009846064660B359B3202383F31188FFF775
:108A7000D7FB174DFEF794FB336823603460AB6976
:108A800063600023C4E90338C4F80890FEF7A8FB2C
:108A9000FFF7DEFB2B68AB4204D0AA699B689268A3
:108AA0009A4209D3002383F31188019A3B689A42C2
:108AB0000AD103B0BDE8F0830648FEF7D1FAF1E72A
:108AC0000548FEF7CDFACFE7F8F76AFC000800206A
:108AD000F046002050340108603401080000000016
:108AE00070B5164C82B0236801930546202383F3AA
:108AF0001188FFF795FBFEF753FB0023EE68EB6050
:108B0000FEF76EFBFFF7A4FB0D4B1A689A4204D0E8
:108B1000996993688A689A4209D3002383F311887C
:108B2000019A23689A42304605D102B070BD0548CB
:108B3000FEF796FAF1E7F8F733FC00BF00080020D3
:108B4000F046002050340108000000000000000042
:108B500070B5184E82B00446336801930D46FEF797
:108B6000EFFB0CB3E16B94F8203029430A2BE1634F
:108B700016D00B2B05D0019A33689A4218D102B057
:108B800070BDA36A8B43F6D1019A336800219A42E3
:108B9000A1620DD1204602B0BDE87040FEF718BDBD
:108BA000A36A1942F0D1E6E70348FEF759FAD9E77C
:108BB000F8F7F6FB00080020A034010800000000D0
:108BC000F0B5134F83B006463B6801930D46FEF7A0
:108BD000B7FBB6B13468A6420DD0E3682B43E3601F
:108BE00015B12269134203D0D4E90101FFF7B0FFA8
:108BF0002468A642F1D1019A3B689A4205D103B09C
:108C0000F0BD0448FEF72CFAE4E7F8F7C9FB00BF13
:108C1000000800208034010800000000000000006F
:108C20002DE9F041DFF87C801C4CD8F80030A569B4
:108C300082B006460193202383F31188FFF7F0FAF0
:108C4000FEF7AEFAEB6B13EA060706D1AE620A2016
:108C5000FEF73EFDEB6B03EA060723EA0703EB632F
:108C6000FEF7BEFAFFF7F4FA2368A34204D0A26924
:108C70009B6892689A420BD3002383F31188019A70
:108C8000D8F800309A42384606D102B0BDE8F081EB
:108C90000348FEF7E5F9EFE7F8F782FBF04600201E
:108CA000503401080008002000000000000000000F
:108CB00070B50C4CC16082B0266801960A44006011
:108CC000019E02612268069D4060C0E9051196423E
:108CD0004FF00001C3618160056201D102B070BD37
:108CE000F8F75EFB00080020000000000000000014
:108CF00070B5164D82B004462B6801930E46FEF700
:108D00001FFBFEF71DFBD4E905239A42A36816D08A
:108D10000133511CA36061611670D4E904329A4298
:108D20000AD220460021FFF703F90020019A2B68A0
:108D30009A4209D102B070BDE3686361F1E7002B8C
:108D4000E6D06FF00300F1E7F8F72AFB00080020F7
:108D5000F0B5234F83B03B68019304460E462023B1
:108D600083F31188FFF75CFAFEF71AFAE36943B15F
:108D70002046984705E031462046FFF7B1F8051E2A
:108D800010DBFEF7DDFAA368002BF4D0A16920699F
:108D90004A1C013B8242A360A26128BFE3680D78B0
:108DA00028BFA361FEF71CFAFFF752FA0D4B1A68B1
:108DB0009A4204D0996993688A689A4209D3002339
:108DC00083F31188019A3B689A42284605D103B083
:108DD000F0BD0548FEF744F9F1E7F8F7E1FA00BF06
:108DE00000080020F0460020B03401080000000018
:108DF0002DE9F04FDFF8F490044685B0D9F8000073
:108E000003908A461D46D4F81C809346002A60D001
:108E1000202383F311880193FFF702FAFEF7C0F9CC
:108E20002F4E0027B8F1000F07D02046C04704E0BE
:108E300029462046FFF754F860BBFEF781FAA36885
:108E4000002BF5D0A269013B511CA161A3601378EE
:108E50000AF8013B2369A2699A4224BFE368A3612F
:108E6000FEF7BEF9FFF7F4F93368B34204D0B269F4
:108E70009B6892689A4228D3002383F311880137B4
:108E8000BB4519D0019B83F31188FFF7C9F9FEF7A1
:108E900087F9C7E7FEF7A4F9FFF7DAF93368B342B9
:108EA00007D0B2699B6892689A4202D20D48FEF7D9
:108EB000D7F8002383F31188039AD9F800309A4237
:108EC00038460AD105B0BDE8F08F0648FEF7C8F86D
:108ED000D2E70548FEF7C4F89AE7F8F761FA00BF51
:108EE000F0460020B0340108C0340108000800201A
:108EF00070B50B4D82602E68C16082B0C0E9000081
:108F000001960A44019E02612A68069C9642C0E9C5
:108F10000511C0E9073401D102B070BDF8F740FA7D
:108F20000008002000000000000000000000000019
:108F30002DE9F0412E4F82B03B68019304468846EC
:108F40001646202383F31188FFF76AF9FEF728F904
:108F500005E031462046FEF7C3FF051E2DDBFEF778
:108F6000EFF9A368002BF4D06269013B511C6161E9
:108F7000A36082F80080D4E904329A4224BFE368F7
:108F80006361E3690BB120469847FEF729F9FFF7C3
:108F90005FF9184B1A689A4204D0996993688A68F5
:108FA0009A421ED3002585F31188019A3B689A42A4
:108FB00028461AD102B0BDE8F081FEF711F9FFF79B
:108FC00047F90C4B1A689A4207D0996993688A68E6
:108FD0009A4202D20848FEF743F8002383F311882F
:108FE000E3E70548FEF73CF8DCE7F8F7D9F900BFFE
:108FF00000080020F0460020B03401080000000006
:1090000070B5154E82B0044633680193FEF798F9A7
:10901000FEF796F9D4E905329342A36815D020698A
:10902000511C0133A360A161814215780AD2204608
:109030000021FEF77DFF2846019A33689A4209D144
:1090400002B070BDE368A361F1E7002BE7D06FF0D9
:109050000200F1E7F8F7A4F9000800200000000082
:109060002DE9F04F04463B48D4F81C90006885B0C9
:109070000D46039001931646002A61D04FF0200A56
:109080008AF31188FFF7CCF8FEF78AF84FF0000852
:10909000314FC346FEF754F9A368002B32D0626902
:1090A000013B511C6161A3602B781370D4E9043239
:1090B0009A4224BFE36863610135B9F1000F01D022
:1090C0002046C847FEF78CF8FFF7C2F83B68BB4262
:1090D00007D0BA699B6892689A4202D21F48FDF78E
:1090E000BFFF8BF31188013E08F101081FD08AF3FE
:1090F0001188FFF795F8FEF753F8FEF721F9A368FA
:10910000002BCCD101992046FEF7EAFE0028C1D001
:10911000FEF766F8FFF79CF83B68BB4204D0BA69DB
:109120009B6892689A420FD3002383F31188094BFE
:10913000039A1B689A4240460AD105B0BDE8F08FF9
:109140000748FDF78DFF99E70448FDF789FFEBE736
:10915000F8F726F900080020F0460020B034010896
:10916000D0340108000000000000000000000000F2
:1091700030B50B490B4A0B680B4D0C4C83B022F0F9
:109180000702019301980A4B09682A6023F007033C
:109190008842236001D103B030BDF8F701F900BF68
:1091A00000080020B7560020644D0020604D0020CC
:1091B000000002200000000000000000000000008D
:1091C00070B51C4E82B0336801930446202383F3AC
:1091D0001188FFF725F8FDF7E3FFFEF7B1F8164A0F
:1091E000164B15681B68E01D20F007005B1B9842BA
:1091F0009ABF401910600025FDF7F2FFFFF728F82D
:109200000F4B1A689A4204D0996993688A689A4207
:1092100009D3002383F31188019A33689A422846C0
:1092200005D102B070BD0748FDF71AFFF1E7F8F766
:10923000B7F800BF00080020644D0020604D0020FA
:10924000F0460020F034010800000000000000009B
:1092500000B50B4B0B481A6883B0019201991A684C
:10926000094B036091424FF00003C0E9023305D17E
:10927000103003B05DF804EBFFF7EAB8F8F790F8A8
:1092800000080020684D0020C19100080000000087
:1092900080B50D4A0D4982B000AF13687B604B6802
:1092A00023F001034B60EFF30983683383F30988EC
:1092B000002383F3118879681368994202D1083733
:1092C000BD4680BDF8F76CF80008002030EF00E0E4
:1092D000B0B5194C82B000AF23687B60202383F3C4
:1092E0001188164B5B6813F4006308D183F311886F
:1092F0007A6823689A421DD10837BD46B0BDF1EEA9
:10930000103AEFF309854FF080720D4B45F84C2C65
:10931000DB6845F8083CA5F1680383F30988FEF78C
:1093200097FA18B1074B45F8503CE1E7064B45F872
:10933000503CDDE7F8F734F80008002000ED00E0CD
:1093400030EF00E0E1020008F40200080000000035
:1093500010B5184C82B02368019302F001FC164846
:1093600004F096F800F0D4F800F0CAF900F010FA12
:1093700000F03EFA00F06CFA00F09AFA00F008FCF7
:1093800000F036FC01F084FA01F08AF901F058FB94
:1093900001F0C6FC01F044FB06F05AF8019A23687C
:1093A0009A4204D102B0BDE8104001F0A1BCF7F729
:1093B000F7FF00BF00080020303B0108000000005C
:1093C000F0B51A4D83B02B68019391420E461446B6
:1093D000074619D38B1A1F2B16D806F01F03581CEB
:1093E0006209012376098340B24203F1FF3304F09E
:1093F0001F0457F822000BD31840E040019A2B6855
:109400009A4210D103B0F0BD0948FDF729FEE4E708
:1094100057F82610C4F120020B4020FA04F403FA96
:1094200002F02043EAE7F7F7BBFF00BF0008002087
:1094300000350108000000000000000000000000EE
:10944000F0B51D4E83B033680193054670B37E229C
:109450007F212846FFF7B4FF80B1012806D0002005
:10946000019A33689A4225D103B0F0BD28463022D4
:109470004521FFF7A5FF01308002F1E73E22492197
:109480002846FFF79DFF2F22044631212846FFF78B
:1094900097FF5022074653212846FFF791FF0134DA
:1094A00002370938BC4004FA00F0D9E70348FDF759
:1094B000D7FDCCE7F7F774FF00080020203501083E
:1094C000F0B5104D83B02B680193044698B194F821
:1094D000D63094F8D770019994F8D4602A6894F83B
:1094E000D5001B0403EB07633344914203EB0020D8
:1094F00005D103B0F0BD0448FDF7B2FDE7E7F7F78B
:109500004FFF00BF000800204035010800000000A8
:1095100000B5074B83B01A680192019A1B689A4202
:1095200004D103B05DF804EB02F0DABBF7F738FFC3
:109530000008002000000000000000000000000003
:1095400000B50C4B83B01A68019201220270019998
:109550001A6800239142C0E90133C0E90333436133
:1095600005D1183003B05DF804EBFEF771BFF7F7D3
:1095700017FF00BF000800200000000000000000EE
:1095800070B51D4D82B02B6801930E46044668B33A
:10959000202383F31188FEF743FEFDF701FE2378B5
:1095A000013B012B02D91548FDF75AFD20466660A4
:1095B00002F0E6FB02232370FDF712FEFEF748FEE1
:1095C0000F4B1A689A4204D0996993688A689A4244
:1095D00008D3002383F31188019A2B689A4209D19A
:1095E00002B070BD0748FDF73BFDF2E70348FDF709
:1095F00037FDCDE7F7F7D4FE0008002070350108ED
:10960000F046002060350108000000000000000066
:109610002DE9F041174D82B00446286801900E46AE
:1096200090461F46FDF78CFE3CB136B1B8F1000FF5
:1096300003D0012F04D0FB0702D50F48FDF710FD22
:109640002378022B05D0043B012B02D90A48FDF7F1
:1096500007FD03232370019A2B6826619A42C4E90F
:10966000028705D1204602B0BDE8F04102F008BCF7
:10967000F7F796FE00080020803501080000000082
:109680002DE9F041184C82B02568019598460546B1
:109690000E461746202383F31188FEF7C1FDFDF720
:1096A0007FFD43463A4631462846FFF7B1FFFDF7B6
:1096B00097FDFEF7CDFD0D4B1A689A4204D09969CB
:1096C00093688A689A4209D3002383F31188019A28
:1096D00023689A4206D102B0BDE8F0810448FDF744
:1096E000BFFCF1E7F7F75CFE00080020F046002021
:1096F00060350108000000000000000000000000CC
:1097000000B5074B83B01A680192019A1B689A4210
:1097100004D103B05DF804EB03F002BAF7F740FEA2
:109720000008002000000000000000000000000011
:1097300030B5134B83B01A68019201220270019C6C
:109740001968002200F1180300F11C0542608361D2
:1097500000F1200200F12403C561026200F1280536
:1097600000F1080243628C4200F110038562C0E9F7
:109770000222C0E9043301D103B030BDF7F710FE77
:1097800000080020000000000000000000000000B1
:1097900000B5074B83B01A680192019A1B689A4280
:1097A00004D103B05DF804EB03F052BEF7F7F8FD07
:1097B0000008002000000000000000000000000081
:1097C00000B50A4B83B01A68019201220270019918
:1097D0001A6800239142C0E9043305D1183003B060
:1097E0005DF804EBFEF734BEF7F7DAFD0008002061
:1097F00000B5074B83B01A680192019A1B689A4220
:1098000004D103B05DF804EB03F0AAB9F7F7C8FD83
:109810000008002000000000000000000000000020
:1098200000B5084B83B01A68019201220270019AB8
:109830001B6800219A42416002D103B05DF804FB2D
:10984000F7F7AEFD00080020000000000000000057
:1098500000B5074B83B01A680192019A1B689A42BF
:1098600004D103B05DF804EB05F072B9F7F798FD89
:1098700000080020000000000000000000000000C0
:1098800000B5084B83B01A68019201220270019A58
:109890001B6800219A42416002D103B05DF804FBCD
:1098A000F7F77EFD00080020000000000000000027
:1098B00000B5074B83B01A680192019A1B689A425F
:1098C00004D103B05DF804EB04F0DAB8F7F768FDF3
:1098D0000008002000000000000000000000000060
:1098E00000B50A4B83B01A68019201220270019AF6
:1098F0001B6800219A42416005D10C3003B05DF82D
:1099000004EBFEF7A5BDF7F74BFD00BF00080020F4
:1099100070B51F4D82B02B6801930E46044680B38C
:1099200079B323785A1E012A04D9052B02D019488D
:10993000FDF796FB202383F31188FEF771FCFDF7FA
:109940002FFC2046666004F0C3F802232370FDF765
:1099500047FCFEF77DFC104B1A689A4204D09969C7
:1099600093688A689A4208D3002383F31188019A86
:109970002B689A4209D102B070BD0848FDF770FB10
:10998000F2E70448FDF76CFBCBE7F7F709FD00BFF2
:1099900000080020B0350108F0460020A03501087D
:1099A00030B51D4D83B02B680193044670B3237806
:1099B0005A1E012A04D9052B02D01848FDF750FB86
:1099C000202383F31188FEF72BFCFDF7E9FB2046EB
:1099D00004F0BEF901232370FDF702FCFEF738FC0A
:1099E0000F4B1A689A4204D0996993688A689A4220
:1099F00008D3002383F31188019A2B689A4209D176
:109A000003B030BD0748FDF72BFBF2E70348FDF735
:109A100027FBCCE7F7F7C4FC00080020C03501089D
:109A2000F0460020A0350108000000000000000002
:109A30002DE9F04F304E87B034680594DDF840B022
:109A40000D4690461F46DDE9119A044608B10029EB
:109A50003DD12A48FDF704FB2378022B02D027488A
:109A6000FDF7FEFA202383F31188FEF7D9FBFDF7FB
:109A700097FB4FF0000C0320C4F808C0424629466B
:109A800020703B462046CDE9019ACDF800B004F0A5
:109A9000B7F9431C0CBF0523022323700546FDF7CD
:109AA0009FFBFEF7D5FB164B1A689A4204D09969C2
:109AB00093688A689A4218D3002383F31188059A21
:109AC00033689A42284614D107B0BDE8F08F002BC6
:109AD000BFD0002ABDD0B9F1000F02D0BBF1000FFA
:109AE000B7D0BAF1000FB7D1B3E70648FDF7B8FA1F
:109AF000E2E7F7F755FC00BF00080020D035010869
:109B0000F0460020A0350108000000000000000021
:109B100030B50B4C83B023680193054650B1019AD0
:109B200023689A420AD105F10C0003B0BDE8304029
:109B3000FEF776BD0348FDF793FAF0E7F7F730FC40
:109B400000080020F03501080000000000000000BF
:109B500030B50B4C83B023680193054650B1019A90
:109B600023689A420AD105F10C0003B0BDE83040E9
:109B7000FEF78EBD0348FDF773FAF0E7F7F710FC28
:109B8000000800200036010800000000000000006E
:109B900000B5074B83B01A680192019A1B689A427C
:109BA00004D103B05DF804EB04F0A2BDF7F7F8FBB5
:109BB000000800200000000000000000000000007D
:109BC00000B5084B83B01A68019201220270019A15
:109BD0001B6800219A42416002D103B05DF804FB8A
:109BE000F7F7DEFB00080020000000000000000086
:109BF00000B5074B83B01A680192019A1B689A421C
:109C000004D103B05DF804EB05F092B8F7F7C8FB98
:109C1000000800200000000000000000000000001C
:109C200000B5094B83B01A680192012202700199B4
:109C30001A68002391424360C360037402D103B0E9
:109C40005DF804FBF7F7ACFB000800200000000003
:109C500070B5214E82B0336801930D46044600284A
:109C600033D0002931D0202383F31188FEF7D8FAAE
:109C7000FDF796FA2378013B012B02D91748FDF72F
:109C8000EFF965606B68A360204605F091F800224B
:109C90000223E2602370FDF7A3FAFEF7D9FA104B16
:109CA0001A689A4204D0996993688A689A4208D3DC
:109CB000002383F31188019A33689A4209D102B0D4
:109CC00070BD0848FDF7CCF9F2E70448FDF7C8F984
:109CD000C9E7F7F765FB00BF000800202036010840
:109CE000F0460020103601080000000000000000CF
:109CF00070B51C4E82B0336801930C46054650B3D4
:109D0000202383F31188FEF78BFAFDF749FA2B78AD
:109D1000022B02D01448FDF7A3F9AB69AC60013CFB
:109D2000DC62FDF75DFAFEF793FA104B1A689A426F
:109D300004D0996993688A689A4208D3002383F310
:109D40001188019A33689A4209D102B070BD08485F
:109D5000FDF786F9F2E70448FDF782F9D0E7F7F757
:109D60001FFB00BF0008002030360108F04600202D
:109D70001036010800000000000000000000000094
:109D8000F0B5214E83B0336801930D461746044663
:109D900078B3037C8B422CD9202383F31188FEF700
:109DA0003FFAFDF7FDF92378022B02D01748FDF7A3
:109DB00057F9E3680122AA401343E3603A46294673
:109DC000204605F0DDF8FDF70BFAFEF741FA104BDF
:109DD0001A689A4204D0996993688A689A420CD3A7
:109DE000002383F31188019A33689A4209D103B0A2
:109DF000F0BD0648FDF734F9CEE70648FDF730F927
:109E0000EEE7F7F7CDFA00BF000800204036010862
:109E1000F04600201036010800000000000000009D
:109E200070B5204E82B0336801930D46044678B376
:109E3000037C8B422CD9202383F31188FEF7F0F9A1
:109E4000FDF7AEF92378022B02D01748FDF708F989
:109E5000E3680122AA4023EA0203E3602946204680
:109E600005F0A6F8FDF7BCF9FEF7F2F90F4B1A68FA
:109E70009A4204D0996993688A689A420CD3002365
:109E800083F31188019A33689A4209D102B070BDF8
:109E90000548FDF7E5F8CEE70548FDF7E1F8EEE700
:109EA000F7F77EFA0008002060360108F04600202F
:109EB0001036010800000000000000000000000053
:109EC00030B51E4D83B02B680193044680B3202328
:109ED00083F31188FEF7A4F9FDF762F92378022BCA
:109EE00002D01748FDF7BCF863689B68E3B12046D1
:109EF00005F07EF8FDF774F9FEF7AAF9114B1A6820
:109F00009A4204D0996993688A689A4208D30023D8
:109F100083F31188019A2B689A420DD103B030BDAA
:109F20000948FDF79DF8F2E70548FDF799F8DEE7E7
:109F30000348FDF795F8CAE7F7F732FA0008002062
:109F400080360108F04600201036010800000000AD
:109F500070B5294E82B0336801930D46044600283F
:109F600032D0037C8B422FD9202383F31188FEF754
:109F700057F9FDF715F92378022B02D01F48FDF79A
:109F80006FF8E368EB40DB0726D5636803EBC50396
:109F90001B6953B32946204605F04AF8FDF720F91E
:109FA000FEF756F9164B1A689A4204D099699368DD
:109FB0008A689A420CD3002383F31188019A33688C
:109FC0009A4216D102B070BD0C48FDF749F8CBE7B4
:109FD0000C48FDF745F8EEE70848FDF741F86368DF
:109FE00003EBC5031B69002BD4D10448FDF738F8F7
:109FF000D0E7F7F7D5F900BF00080020A036010828
:10A00000F0460020103601080000000000000000AB
:10A0100070B5104D82B02B6801930E46044650B1C6
:10A0200049B12379052B0CD00120019A2B689A4263
:10A030000ED102B070BD0848FDF712F82379052B48
:10A04000F2D1A36A73604FF4007333600020ECE731
:10A05000F7F7A6F9000800203037010800000000DB
:10A060002DE9F047DFF89C8386B002AFD8F80030C6
:10A07000FB600446002800F019812379022B01D0EF
:10A08000052B2BD103232371204602F001FE002271
:10A090001146204602F074FE07F108034FF4D57212
:10A0A0000821204602F0B4FEE0B9BB680122C3F3E8
:10A0B00003239342226300F0FD80204602F020FE3D
:10A0C000022323710125FA68D8F800309A42284605
:10A0D00040F046811037BD46BDE8F087C048FCF728
:10A0E000BFFFCFE707F1080300223721204602F027
:10A0F0008FFE002840F0BE80BB68BA4A1A40002A92
:10A1000040F0B88022631146204602F039FE266BEB
:10A1100006F00F03022B00F0AF80B34EB34ADFF816
:10A12000C492012B18BF1646642504E0013DC4D03B
:10A130000A20FDF76DFD07F10803002237212046B4
:10A1400002F066FE0028B8D1BB6813EA090FB4D14B
:10A1500007F1080332462921204602F031FE00288B
:10A16000ABD1BB68002BE1DA5B0003D5236B43F076
:10A170001003236304F1080300220221204602F0A9
:10A180003FFF002899D1024604F1380303212046FD
:10A1900002F03EFE002890D104F118052B46A26B78
:10A1A0000921204602F02CFF002886D13B1DA26B1E
:10A1B0000721204602F02CFE824600287FF47DAF66
:10A1C000236B03F00F03022B00F097806E467E2274
:10A1D00090B07F212846FFF7F3F80DF10809002819
:10A1E00079D10146B546204602F072FD236B03F09B
:10A1F0000F03022B00F096802846FFF721F9A0629A
:10A200003B1D4FF400721021204602F001FE05466E
:10A2100000287FF452AF7B68724E33427FF44DAF1B
:10A22000236B03F00F03012B40F2B280022B7FF46B
:10A2300044AFE36A1A79012A00F0A88017D3022AF2
:10A2400040F0E2806A4E1979204602F071FD07F174
:10A25000080332460621204602F0DAFD00287FF48A
:10A260002CAFBA685F4B1340002B7FF426AF052359
:10A27000237128E7022323635E4E642505E0013D38
:10A280003FF41BAF0A20FDF7C3FC07F10803324679
:10A290000121204602F094FD00287FF40EAFBB6838
:10A2A000002BECDA5B007FF565AF5FE74C48FCF70D
:10A2B000D7FEE2E6024607F108033721204602F006
:10A2C000A7FD00287FF4F9AEBA68464B1340002B77
:10A2D0007FF4F3AE1BE7CDF800A0062340224946E9
:10A2E000204602F0BDFE00284ED199F80D3013F043
:10A2F000020337D11946B54675E7E36A1B687BB19F
:10A3000007F108033C4A0621204602F081FD38B9D6
:10A31000BB6834491940B1FA81F1490963E7B54690
:10A32000002160E77E227F212846FFF749F80128B7
:10A330007FF662AFE36A1D68002D3FF4BEAE0023D6
:10A3400000934FF4007208232946204602F088FE4D
:10A3500000287FF4B2AE2846FFF7B2F8A0624FE7BC
:10A36000F7F71EF8254B0093402206234946204666
:10A3700002F076FE40B999F8103003F00F030F2B6E
:10A38000CDD0B54601212EE7B54696E61C4E5AE7DC
:10A39000E36A197900293FF46AAF01297FF48DAE91
:10A3A000204602F0C5FC07F10803A26B37212046C6
:10A3B00002F02EFD00287FF480AEBB6833427FF4AC
:10A3C0007CAE07F1080302220621204602F020FDA0
:10A3D00000287FF472AEBB6833423FF448AF6CE6AE
:10A3E000E036010808E0FFFD000010C0000010800A
:10A3F0000002B7030080FFC00001B903F1FFFF8036
:10A400000001B703000800200248034EFCF728FEB5
:10A41000E36A18E7C03601080000B7030000000037
:10A420002DE9F041194D82B02C6801940F469046F9
:10A430001E460446C0B1BAB1B3B12379052B02D090
:10A440001348FCF70DFE781EA36A304498420FD9DA
:10A45000636B43F0800363630120019A2B689A4287
:10A4600011D102B0BDE8F0810948FCF7F9FDE4E73D
:10A4700006203346207142463946204602F050FFFE
:10A4800005232371E9E7F6F78BFF00BF00080020E2
:10A49000003701080000000000000000000000007C
:10A4A0002DE9F041194D82B02C6801940F46904679
:10A4B0001E460446C0B1BAB1B3B12379052B02D010
:10A4C0001348FCF7CDFD781EA36A304498420FD99B
:10A4D000636B43F0800363630120019A2B689A4207
:10A4E00011D102B0BDE8F0810948FCF7B9FDE4E7FD
:10A4F00007203346207142463946204602F050FF7D
:10A5000005232371E9E7F6F74BFF00BF00080020A1
:10A5100010370108000000000000000000000000EB
:10A5200070B50E4D82B02B680193044680B1267938
:10A53000052E06D00120019A2B689A420CD102B058
:10A5400070BD08232371204602F06AFF2671F2E7EE
:10A550000348FCF785FDEAE7F6F722FF0008002034
:10A56000203701080000000000000000000000008B
:10A5700070B5124D124E2B6882B0044601936B46A3
:10A58000A26B0D21204602F043FC78B9009B3342B8
:10A590000BD1C3F34323042B08D04FF0010005D3A4
:10A5A000072B03D8FDF734FBE9E70120019A2B685C
:10A5B0009A4201D102B070BDF6F7F2FE0008002009
:10A5C00008E0FFFD000000000000000000000000A7
:10A5D00070B52D4E82B033680193044600284CD0EC
:10A5E000202383F31188FDF71BFEFCF7D9FD2379A7
:10A5F000022B29D0052B21D104232371FCF7F0FD78
:10A60000FDF726FE214B1A689A4204D09969936897
:10A610008A689A4229D3002383F311882046FFF7E2
:10A62000A7FF0546204602F06BFB02232371019A27
:10A6300033689A42284624D102B070BD1448FCF712
:10A640000FFD2379022BD7D1FCF7CAFDFDF700FEE1
:10A650000E4B1A689A4204D0996993688A689A42A4
:10A6600007D3002585F31188E1E70A48FCF7F8FCD9
:10A67000D1E70848FCF7F4FCF3E70548FCF7F0FCE9
:10A68000AEE7F6F78DFE00BF00080020F046002080
:10A69000F03601084037010800000000000000000B
:10A6A00000B5074B83B01A680192019A1B689A4261
:10A6B00004D103B05DF804EB02F0CABAF6F770FEFD
:10A6C0000008002000000000000000000000000062
:10A6D00010B50A4B0A4A1968026082B00124019140
:10A6E00001991A680471002391424363C0E90A3357
:10A6F00001D102B010BDF6F753FE00BF00080020E4
:10A7000050370108000000000000000000000000B9
:10A7100030B5084C83B025680195019D2468A54299
:10A7200005D10C3003B0BDE83040FEF761BBF6F751
:10A7300037FE00BF000800200000000000000000FD
:10A7400010B5094B82B01C680194019C1B689C42A7
:10A7500007D10C304FF0FF3302B0BDE81040FEF7D8
:10A7600047BBF6F71DFE00BF0008002000000000F8
:10A7700030B5084C83B025680195019D2468A54239
:10A7800005D1303003B0BDE83040FEF769BCF6F7C4
:10A7900007FE00BF000800200000000000000000CD
:10A7A00010B5094B82B01C680194019C1B689C4247
:10A7B00007D130304FF0FF3302B0BDE81040FEF754
:10A7C0004FBCF6F7EDFD00BF0008002000000000C0
:10A7D00000B5084B83B01A680192019A1B689A422F
:10A7E00005D10C3003B05DF804EBFEF7B1BAF6F713
:10A7F000D7FD00BF0008002000000000000000009E
:10A8000000B5094B83B01A680192019A1B689A42FD
:10A8100007D10C304FF0FF3103B05DF804EBFEF7C9
:10A8200097BAF6F7BDFD00BF000800200000000049
:10A8300010B5084B82B01C680194019C1B689C42B7
:10A8400005D1303002B0BDE81040FEF771BBF6F71D
:10A85000A7FD00BF0008002000000000000000006D
:10A8600000B5094B83B01A680192019A1B689A429D
:10A8700007D130304FF0FF3203B05DF804EBFEF744
:10A8800057BBF6F78DFD00BF000800200000000058
:10A8900000B5074B83B01A680192019A1B689A426F
:10A8A00004D103B05DF804EB04F012BDF6F778FDB7
:10A8B0000008002000000000000000000000000070
:10A8C000F0B5144D144B2F68044685B040F8043B96
:10A8D0004FF0010C00940B461646606084F808C0E7
:10A8E00004F1540104F10C0080220397FEF7E0F913
:10A8F00033468022009404F1D40104F13000FEF7C5
:10A90000F7FA039A2B689A4201D105B0F0BDF6F729
:10A9100047FD00BF00080020A0370108000000002C
:10A9200070B51D4D82B02B6801930E46044668B386
:10A93000202383F31188FDF773FCFCF731FC237AA5
:10A94000013B012B02D91548FCF78AFB3146204612
:10A9500004F0DEFC02232372FCF742FCFDF778FCD6
:10A960000F4B1A689A4204D0996993688A689A4290
:10A9700008D3002383F31188019A2B689A4209D1E6
:10A9800002B070BD0748FCF76BFBF2E70348FCF729
:10A9900067FBCDE7F6F704FD0008002080370108CB
:10A9A000F0460020703701080000000000000000A1
:10A9B00070B5174D82B004462B6801930E46FCF724
:10A9C000BFFCF4B1FCF7BCFC636963B1314604F130
:10A9D0000C00FEF78DF90028019A2B6808DB9A42DB
:10A9E00013D102B070BD04216018FEF7E9F8EDE75D
:10A9F0009A420AD1201D802102B0BDE87040FEF7C6
:10AA0000DFB80448FCF72CFBDCE7F6F7C9FC00BF15
:10AA1000000800209037010800000000000000003E
:10AA200000B5064B83B01A680192019A1B689A42DE
:10AA300002D103B05DF804FBF6F7B2FC0008002079
:10AA400000B5074B83B01A680192019A1B689A42BD
:10AA500004D103B05DF804EB03F0F2BEF6F7A0FCFE
:10AA600000080020000000000000000000000000BE
:10AA700000B50A4B83B01A68019201220270019955
:10AA80001A6800239142C0E9013305D10C3003B0AC
:10AA90005DF804EBFDF7DCBCF6F782FC0008002053
:10AAA00070B51E4D82B02B6801930E46044670B3FC
:10AAB00069B3202383F31188FDF7B2FBFCF770FB29
:10AAC0002378013B012B02D91548FCF7C9FA20462F
:10AAD000666003F0E5FE02232370FCF781FBFDF7BF
:10AAE000B7FB104B1A689A4204D0996993688A6838
:10AAF0009A4208D3002383F31188019A2B689A4263
:10AB000009D102B070BD0848FCF7AAFAF2E7044880
:10AB1000FCF7A6FACDE7F6F743FC00BF00080020DB
:10AB2000D0370108F0460020C037010800000000BF
:10AB300030B51B4D83B02B680193044648B32023E6
:10AB400083F31188FDF76CFBFCF72AFB2378022BBB
:10AB500002D01448FCF784FA204603F009FFFCF702
:10AB60003FFBFDF775FB104B1A689A4204D09969B8
:10AB700093688A689A4208D3002383F31188019A64
:10AB80002B689A4209D103B030BD0848FCF768FA37
:10AB9000F2E70448FCF764FAD1E7F6F701FC00BFDE
:10ABA00000080020E0370108F0460020C037010807
:10ABB00030B51B4D83B02B680193044648B3202366
:10ABC00083F31188FDF72CFBFCF7EAFA2378022BBC
:10ABD00002D01448FCF744FA204603F0E1FEFCF7EB
:10ABE000FFFAFDF735FB104B1A689A4204D09969B9
:10ABF00093688A689A4208D3002383F31188019AE4
:10AC00002B689A4209D103B030BD0848FCF728FAF6
:10AC1000F2E70448FCF724FAD1E7F6F7C1FB00BFDE
:10AC200000080020F0370108F0460020C037010876
:10AC30002DE9F041274D82B02C6801940E469046D4
:10AC40001F46044608B1002938D12348FCF708FA0A
:10AC5000202383F31188FDF7E3FAFCF7A1FA2378A8
:10AC6000022B02D01C48FCF7FBF963681B6813B188
:10AC70001948FCF7F5F903203B464246314620705F
:10AC8000204603F0A5FE04F10800FDF7A1F8FCF74B
:10AC9000A7FAFDF7DDFA114B1A689A4204D09969B8
:10ACA00093688A689A420ED3002383F31188019A2D
:10ACB0002B689A420BD102B0BDE8F081002BC4D0C2
:10ACC000002AC5D1C1E70648FCF7CAF9ECE7F6F758
:10ACD00067FB00BF0008002000380108F046002094
:10ACE000C037010800000000000000000000000064
:10ACF00000B5074B83B01A680192019A1B689A420B
:10AD000004D103B05DF804EB04F0DAB9F6F748FBC0
:10AD1000000800200000000000000000000000000B
:10AD200000B5074B83B01A680192019A1B689A42DA
:10AD300004D103B05DF804EB03F0FAB8F6F730FB8A
:10AD400000080020000000000000000000000000DB
:10AD500000B50C4B83B01A68019201220270019970
:10AD60001A6800239142C36183620362C362436233
:10AD70000363C0E9013302D103B05DF804FBF6F7C9
:10AD80000FFB00BF000800200000000000000000D2
:10AD9000F0B5124D83B004462B6801930E46FCF7C4
:10ADA000CFFAA4B1012000FA06F362899BB212EA3D
:10ADB000030706D1134320466381314603F0D0FBDD
:10ADC0003846019A2B689A4205D103B0F0BD044879
:10ADD000FCF746F9E6E7F6F7E3FA00BF00080020C3
:10ADE0001038010800000000000000000000000012
:10ADF000F0B5124D83B004462B6801930E46FCF764
:10AE00009FFAA4B1012000FA06F322899BB212EA4C
:10AE1000030706D1134320462381314603F0C0FBCC
:10AE20003846019A2B689A4205D103B0F0BD044818
:10AE3000FCF716F9E6E7F6F7B3FA00BF00080020C2
:10AE40003038010800000000000000000000000091
:10AE500010B50D4A82B01168019102210170019C68
:10AE6000116800228C42C264C0E90222C0E90422B7
:10AE7000826180F8342004D102B0BDE8104003F0B4
:10AE800087B8F6F78DFA00BF000800200000000028
:10AE9000F0B5C34D83B0044600222B6880F83420FF
:10AEA00000F14402019303F04BF963689B68002BA7
:10AEB00036D02046984798B3E16B94F8443094F824
:10AEC0004B0094F84A2042EA00228A422CBF0A46EC
:10AED000E2631806E16800F1A680002A00F0848091
:10AEE000042384F834308B69A16BD96000265A6042
:10AEF0001E709E603146204603F03AF9202383F30A
:10AF00001188FDF7BDF9FCF78BF931462046FFF7B4
:10AF10003FFFFCF7A5F9FDF7CBF986F3118816E0A2
:10AF200094F8443013F06006184617D000212046EC
:10AF300003F07EFB0021204603F05AFB63681B6888
:10AF400013B1052120469847062384F83430019A2E
:10AF50002B689A4240F03A8103B0F0BD94F8451056
:10AF600003F07F0242EA0122B2F5407F00F0058142
:10AF700017D9B2F5C06F00F0C68040F28A80B2F5F2
:10AF8000106F64D040F602418A4200F0D880B2F5DA
:10AF9000006FCBD104F14F0201212664C4E90E21D8
:10AFA0008DE7022A00F0D28040F29280B2F5807FD5
:10AFB00060D0B2F5817FB9D194F84630002BB5D17D
:10AFC00094F8483013F00F0107D01F06204600F117
:10AFD000F38003F04DFB94F844000023C4E90E33E2
:10AFE00023640306E16829D4052384F834304B69CF
:10AFF00000261E70DE605E609E603146204603F0D3
:10B0000057F9202383F31188FDF73AF9FCF708F983
:10B0100031462046FFF7ECFEFCF722F9FDF748F930
:10B0200086F3118893E74AB1012384F834304B69E1
:10B03000A16BD96000265A601E70DDE7032384F8F7
:10B0400034308B6900261E70DE605E6051E794F834
:10B05000463084F84F30002B40F09E80032323704D
:10B0600063681B68002BB8D020460221984794F8EB
:10B070004400B2E794F84630012B7FF457AFB4F8A0
:10B080004C30A66323F00203C4E90F66A4F84C30E9
:10B09000A7E740F202339A4222D0B2F5A06F7FF4C4
:10B0A00045AFB4F84430B3F5A06F96D194F846306C
:10B0B00084F84E30204602F0E3FF63681B6813B14A
:10B0C000012120469847032394F84400237084E725
:10B0D00092BB04F14C0002212264C4E90E01EEE6A9
:10B0E00094F84630002B7FF421AF94F8483013F0E9
:10B0F0000F013FF472AF1E06204662D403F078FAC7
:10B1000094F8440069E794F84900616894F848307D
:10B110004F6894F8462094F8471043EA00232046ED
:10B12000B84700283FF402AF4368A363016894F86E
:10B130004430C4E90F16C2E6012A7FF4F7AE194A7B
:10B14000A26302210022C4E90F12B8E694F8483045
:10B1500003F00F011B06204628D402F0B1FF01289E
:10B1600028D002287FF4E2AE0F4BA3630221002314
:10B17000C4E90F1394F84430A1E694F84630012B4B
:10B180007FF4D4AEB4F84C30A66343F00203C4E9B4
:10B190000F66A4F84C3024E70423237060E700BF57
:10B1A00000080020903801087038010802F0A8FF5C
:10B1B0000128D6D1064BD8E703F07AFA94F8440078
:10B1C0000BE703F035FA94F8440006E7F6F7E8F8E1
:10B1D00080380108000000000000000000000000AE
:10B1E00070B5454D90F834302A6882B0044601921B
:10B1F000062B57D8DFE803F004255404041E07008B
:10B200003E48FBF72DFF0021204603F011FA0021F4
:10B21000204603F0EDF963681B6813B10521204651
:10B220009847062384F83430019A2B689A4261D1FA
:10B2300002B070BD036C03B19847002384F834302A
:10B24000F2E790F84B0094F84A20E16BE36842EA99
:10B250000022914205D21A8AB1FBF2F602FB1616C1
:10B2600056B3032284F834209B6900261E70DE60EA
:10B27000C3E901663146204602F07AFF202383F3BA
:10B280001188FCF7FDFFFBF7CBFF31462046FFF7A7
:10B290007FFDFBF7E5FFFDF70BF886F31188C3E7A9
:10B2A000C368DEE7019A2B689A4223D1134802B0A3
:10B2B000BDE87040FBF7D4BE5B6931461E70DE60AE
:10B2C000C3E90166204602F0F3FF202383F31188CF
:10B2D000FCF7D6FFFBF7A4FF31462046FFF788FDB9
:10B2E000FBF7BEFFFCF7E4FF86F31188022384F826
:10B2F000343099E7F6F754F8000800205038010878
:10B3000070B5304D90F834302A6882B0044601920E
:10B31000062B4AD8DFE803F00404043D1E040700AE
:10B320002948FBF79DFE0021204603F081F900210A
:10B33000204603F05DF963681B6813B105212046C0
:10B340009847062384F83430019A2B689A4236D104
:10B3500002B070BDC368052280F834205B69002606
:10B360001E70DE60C3E90166314602F0A1FF2023B2
:10B3700083F31188FCF784FFFBF752FF3146204628
:10B38000FFF736FDFBF76CFFFCF792FF86F31188A1
:10B39000DAE7C3689B699B68002BD5D1036C03B1C6
:10B3A0009847002384F83430CEE7019A2B689A42FC
:10B3B00005D1054802B0BDE87040FBF751BEF5F776
:10B3C000EFFF00BF00080020603801080000000007
:10B3D00030B54309104D83B09B002A68019200F1FB
:10B3E000604403F1604303F561430122090104F560
:10B3F000614400F01F0002FA00F0C9B284F80013A3
:10B40000C3F880011860019A2B689A4201D103B0F9
:10B4100030BDF5F7C5FF00BF0008002000000000A8
:10B4200030B543090B490C4C00F01F0583B02033A5
:10B430000122AA4020440D68019544F823200023EE
:10B4400080F80033019A0B689A4201D103B030BDF5
:10B45000F5F7A6FF0008002000E100E00000000072
:10B4600070B50D4E82B0336801930C2804460D462A
:10B4700002D90A48FBF7F4FD04F1604000F56D4085
:10B480002D01EDB20576019A33689A4201D102B0DE
:10B4900070BDF5F785FF00BF00080020A038010847
:10B4A00010B50F4C82B023680193FCF781FEFBF7C7
:10B4B000F7FE0C4B0C4A196801F03D0199601368C6
:10B4C0000BB150689847FBF713FF019A23689A4223
:10B4D00004D102B0BDE81040FDF7FABEF5F760FFF9
:10B4E0000008002000600240904D00200000000095
:10B4F00030B5104C83B023680193FCF759FEFBF77D
:10B50000CFFE0D4B0D4819688268890901F03D0195
:10B510008D019D600AB1C0689047FBF7E9FE019A72
:10B5200023689A4204D103B0BDE83040FDF7D0BE95
:10B53000F5F736FF0008002000600240904D002023
:10B5400030B5104C83B023680193FCF731FEFBF754
:10B55000A7FE0D4B0D4819680269090C01F03D0169
:10B560000D049D600AB140699047FBF7C1FE019A46
:10B5700023689A4204D103B0BDE83040FDF7A8BE6D
:10B58000F5F70EFF0008002000600240904D0020FB
:10B5900030B5104C83B023680193FCF709FEFBF72C
:10B5A0007FFE0D4B0D4819688269890D01F03D0140
:10B5B0008D059D600AB1C0699047FBF799FE019A1D
:10B5C00023689A4204D103B0BDE83040FDF780BE45
:10B5D000F5F7E6FE0008002000600240904D0020D4
:10B5E00010B50F4C82B023680193FCF7E1FDFBF727
:10B5F00057FE0C4B0C485968026A01F03D01D960B6
:10B600000AB1406A9047FBF773FE019A23689A4299
:10B6100004D102B0BDE81040FDF75ABEF5F7C0FEF8
:10B620000008002000600240904D00200000000053
:10B6300030B5104C83B023680193FCF7B9FDFBF7DC
:10B640002FFE0D4B0D485968826A890901F03D01B2
:10B650008D01DD600AB1C06A9047FBF749FE019A8F
:10B6600023689A4204D103B0BDE83040FDF730BEF4
:10B67000F5F796FE0008002000600240904D002083
:10B6800030B5104C83B023680193FCF791FDFBF7B4
:10B6900007FE0D4B0D485968026B090C01F03D0186
:10B6A0000D04DD600AB1406B9047FBF721FE019A63
:10B6B00023689A4204D103B0BDE83040FDF708BECC
:10B6C000F5F76EFE0008002000600240904D00205B
:10B6D00030B5104C83B023680193FCF769FDFBF78C
:10B6E000DFFD0D4B0D485968826B890D01F03D015E
:10B6F0008D05DD600AB1C06B9047FBF7F9FD019A3B
:10B7000023689A4204D103B0BDE83040FDF7E0BDA4
:10B71000F5F746FE0008002000600240904D002032
:10B7200010B50F4C82B023680193FCF741FDFBF785
:10B73000B7FD0C4B0C481968026C01F03D01996093
:10B740000AB1406C9047FBF7D3FD019A23689A42F7
:10B7500004D102B0BDE81040FDF7BABDF5F720FEF8
:10B760000008002000640240904D0020000000000E
:10B7700030B5104C83B023680193FCF719FDFBF73B
:10B780008FFD0D4B0D481968826C890901F03D0150
:10B790008D019D600AB1C06C9047FBF7A9FD019A2D
:10B7A00023689A4204D103B0BDE83040FDF790BD54
:10B7B000F5F7F6FD0008002000640240904D0020DF
:10B7C00030B5104C83B023680193FCF7F1FCFBF714
:10B7D00067FD0D4B0D481968026D090C01F03D0124
:10B7E0000D049D600AB1406D9047FBF781FD019A01
:10B7F00023689A4204D103B0BDE83040FDF768BD2C
:10B80000F5F7CEFD0008002000640240904D0020B6
:10B8100030B5104C83B023680193FCF7C9FCFBF7EB
:10B820003FFD0D4B0D481968826D890D01F03D01FA
:10B830008D059D600AB1C06D9047FBF759FD019AD7
:10B8400023689A4204D103B0BDE83040FDF740BD03
:10B85000F5F7A6FD0008002000640240904D00208E
:10B8600010B50F4C82B023680193FCF7A1FCFBF7E5
:10B8700017FD0C4B0C485968026E01F03D01D96070
:10B880000AB1406E9047FBF733FD019A23689A4254
:10B8900004D102B0BDE81040FDF71ABDF5F780FDF8
:10B8A0000008002000640240904D002000000000CD
:10B8B00030B5104C83B023680193FCF779FCFBF79B
:10B8C000EFFC0D4B0D485968826E890901F03D016E
:10B8D0008D01DD600AB1C06E9047FBF709FD019A4A
:10B8E00023689A4204D103B0BDE83040FDF7F0BCB4
:10B8F000F5F756FD0008002000640240904D00203E
:10B9000030B5104C83B023680193FCF751FCFBF772
:10B91000C7FC0D4B0D485968026F090C01F03D0141
:10B920000D04DD600AB1406F9047FBF7E1FC019A1E
:10B9300023689A4204D103B0BDE83040FDF7C8BC8B
:10B94000F5F72EFD0008002000640240904D002015
:10B9500030B5104C83B023680193FCF729FCFBF74A
:10B960009FFC0D4B0D485968826F890D01F03D0118
:10B970008D05DD600AB1C06F9047FBF7B9FC019AF5
:10B9800023689A4204D103B0BDE83040FDF7A0BC63
:10B99000F5F706FD0008002000640240904D0020ED
:10B9A00070B5134D134E2B68134A1448144C82B0D3
:10B9B0000021019331600B4601E052F80C0C01604C
:10B9C00044F833100133102B02F10C02F5D10D4A6B
:10B9D0000D494FF0FF338B60CB609360D360019AC9
:10B9E0002B689A4201D102B070BDF5F7D9FC00BFB7
:10B9F00000080020104E00200C39010810600240A1
:10BA0000904D0020006402400060024000000000F1
:10BA1000F0B52E4E87B0346805940546002849D00D
:10BA20002B4F95F809E0D7F800C0012000FA0EF47A
:10BA300014EA0C0F30D1274C44F83E2095F809E069
:10BA400004EBCE0463606B7A984040EA0C0313F079
:10BA5000FF0F3B6004D0204C206B40F400102063AB
:10BA600013F47F4F1ED12868036823F01F0303607F
:10BA70002B681C6814F00104FBD12F7A68683D2301
:10BA8000BB4003602B681C602B68212058617AB191
:10BA9000A87AFFF79DFC2046059A33689A4213D195
:10BAA00007B0F0BD0C48036B43F480030363DAE78F
:10BAB0001046F1E709480191CDE90223FBF7D0FADE
:10BAC000DDE902230199ABE7F5F76AFC00080020E5
:10BAD000104E0020904D002000380240C038010870
:10BAE00070B51B4E82B033680193044650B3194DB4
:10BAF000617A2A6801238B4013421FD0A07AFFF796
:10BB00008FFC617A2B6801228A4023EA020313F03A
:10BB1000FF0F2B6004D110490A6B22F400120A6354
:10BB200013F47F4F04D10C4A136B23F48003136387
:10BB3000019A33689A4209D102B070BD0748FBF7F9
:10BB40008FFADBE70548FBF78BFAD0E7F5F728FC1F
:10BB500000080020104E002000380240E0380108A4
:10BB600030B51C4C1C4B22681C4D83B04FF0FF318C
:10BB700001920022186919611A61586959615A6164
:10BB8000186A60F0805018621A62586A59625A62E4
:10BB9000196C41F080511964296841F48071296061
:10BBA000196F01F44071B1F5007F03D04FF480317B
:10BBB00019671A67094A536823F400735360019A9E
:10BBC00023689A4204D103B0BDE83040FFF7E8BED5
:10BBD000F5F7E6FB00080020003802400070004046
:10BBE00010B53649364B0868364A82B04FF080545B
:10BBF00001904FF440401C6410601A6842F001024A
:10BC00001A601A689007FCD598682D4A20F0030046
:10BC1000986098689860936813F00C03FBD11468DF
:10BC2000274804F0F90414609360136843F4A023D8
:10BC3000136003689A03FCD5436F214A43F0010364
:10BC40004367536F9B07FCD51F4B536013681D4818
:10BC500043F08073136043685C04FCD5184A136892
:10BC60009801FCD5194BC2F884301368144843F08E
:10BC70008063136003681B01FCD5154B154A826075
:10BC800040F205721A6083680D4A43F00203836034
:10BC9000936803F00C03082BFAD1536C43F48043F0
:10BCA0005364536E43F480435366019A0B689A427F
:10BCB00001D102B010BDF5F773FB00BF00080020F2
:10BCC0000038024000700040185440070030006007
:10BCD000003C024000940838000000000000000012
:10BCE0002DE9F041194FDFF88C80194ED8F800305B
:10BCF000184C194D82B038460193FDF721FC174BC3
:10BD0000FB623046164B7B633C63FDF719FC154A1A
:10BD1000154BF2622846A4F1180232637363FDF7F3
:10BD20000FFC019AD8F8003010491148E862243C11
:10BD30009A42C5E90C4106D10621122002B0BDE8A5
:10BD4000F041FFF745BBF5F72BFB00BF144E002079
:10BD50004C4E002090390108844E00200020014004
:10BD6000162C020000210140162C0202162C02049F
:10BD70000022014000080020000000000000000038
:10BD800070B5344D03782A6882B0012B019205D03A
:10BD9000019A2B689A425BD102B070BD2E4EB04220
:10BDA000044638D02D4EB04224D02D4EB0420FD094
:10BDB0002C4A536803F4400343F440335360E26A6F
:10BDC00000235360E26A9360E36A01229A60DFE72E
:10BDD0000346254A006B0621FFF71AFE002833D1DF
:10BDE000336B224A1B6822499960536C43F4806389
:10BDF0005364DDE703461C4A006B0621FFF708FE8B
:10BE0000F0B9336B194A1B681A499960536C43F4B3
:10BE100000735364CCE70346134A006B0621FFF717
:10BE2000F7FD48B9336B114A1B6813499960536C8D
:10BE300043F480735364BBE71048FBF711F9F1E753
:10BE40000E48FBF70DF9DCE70C48FBF709F9C7E7EB
:10BE5000F5F7A6FA00080020144E00204C4E0020F2
:10BE6000844E00200023014021C100080038024018
:10BE70004C2201404C2101404C200140C0390108B6
:10BE800070B503692C491A780C6882B00194446B30
:10BE900032B1C268012A94BF44F4807444F48474BB
:10BEA000026B85681268D560056B5E88C2682D6874
:10BEB00002FB06F26A60026B12681460026B14687F
:10BEC000226842F001022260C26A00241460C26A41
:10BED0005C69D460C26A9C691461C26ADC69D4621C
:10BEE000C26A1C6A1463C26A5C6A5463DA68C46A10
:10BEF00042F0806242F4807262601B695A000BD487
:10BF000043F44073C26A43F001039360019A0B68E3
:10BF10009A420ED102B070BD23F0804240F2033449
:10BF2000C56A22F002022243AA60C26A23439360D8
:10BF3000ECE7F5F735FA00BF00080020000000002C
:10BF400030B5026B114C1268236883B001931368FB
:10BF500023F01F031360016B0A68136813F00103D9
:10BF6000FBD10D7A49683D22AA400A60C26A53603B
:10BF7000C26A9360C36A01229A60019A23689A4256
:10BF800001D103B030BDF5F70BFA00BF0008002067
:10BF900070B5574C82B023680193FCF709F9FBF7A1
:10BFA0007FF9544B1A6800211960910605D5524D4E
:10BFB0002B6B1B685B68002B6FD1504B1A680021FC
:10BFC0009206196005D54E4D2B6B1B685B68002BE4
:10BFD0003BD14C4B1A680021196093062AD54A4D73
:10BFE0002B6B1B685B682BB32B691BB32846FFF7D1
:10BFF000A7FF2B699B684BB105222A7001212846B7
:10C0000098472B78052B04BF02232B7000262E6146
:10C01000202383F31188FCF733F9FBF701F94FF084
:10C02000FF313A48FBF72CFFFBF71AF9FCF740F910
:10C0300086F31188FBF75CF9019A23689A4254D180
:10C0400002B0BDE87040FDF743B92B69002BC0D0AA
:10C050002846FFF775FF2B699B684BB105222A70B4
:10C060000121284698472B78052B04BF02232B700B
:10C0700000262E61202383F31188FCF701F9FBF7DA
:10C08000CFF84FF0FF312248FBF7FAFEFBF7E8F854
:10C09000FCF70EF986F311889BE72B69002B8CD0F7
:10C0A0002846FFF74DFF2B699B684BB105222A708C
:10C0B0000121284698472B78052B04BF02232B70BB
:10C0C00000262E61202383F31188FCF7D9F8FBF7B3
:10C0D000A7F84FF0FF310F48FBF7D2FEFBF7C0F88F
:10C0E000FCF7E6F886F3118867E7F5F759F900BF22
:10C0F0000008002000200140144E002000210140D3
:10C100004C4E002000220140844E0020984E00201A
:10C11000604E0020284E00200000000000000000BB
:10C12000F0B5484D83B02B68019311F00C0F044615
:10C130001DD10369002B3FD08E0643D51A78002A03
:10C1400050D05E68002E37D0D0E90212012A71D992
:10C15000019F2C68A7424FEA520271D15B885400BC
:10C1600004FB0311334603B0BDE8F0401847FFF766
:10C17000E7FE23699A6852B1052222709B6800216C
:10C18000204698472378052B04BF022323700026FE
:10C190002661202383F31188FCF772F8FBF740F83F
:10C1A00004F114004FF0FF31FBF76AFEFBF758F87B
:10C1B000FCF77EF886F31188019A2B689A423FD1EA
:10C1C00003B0F0BDCA06F7D55B68002BF4D0019927
:10C1D0002A68914234D1D0E90212520803B0BDE876
:10C1E000F0401847FFF7ACFE23695A68EAB1042211
:10C1F00022705B68D4E90212204698472378042B0A
:10C2000013D0202383F31188FCF73AF8FBF708F8E2
:10C2100004F114000021FBF733FEFBF721F8FCF7D3
:10C2200047F8002383F31188C6E702220023227017
:10C230002361E6E7019C2B689C4208BF334692D0FD
:10C24000F5F7AEF800080020000000000000000034
:10C2500010B50E4C82B023680193FBF7A9FFFBF7E2
:10C260001FF80B480B4A4368012151615B680021AC
:10C270009847FBF73DF8019A23689A4204D102B02F
:10C28000BDE81040FDF724B8F5F78AF80008002053
:10C29000EC4E0020003C01400000000000000000C7
:10C2A00010B50E4C82B023680193FBF781FFFAF7BB
:10C2B000F7FF0B480B4A436802215161DB680121FB
:10C2C0009847FBF715F8019A23689A4204D102B007
:10C2D000BDE81040FCF7FCBFF5F762F8000800204D
:10C2E000EC4E0020003C0140000000000000000077
:10C2F00010B50E4C82B023680193FBF759FFFAF793
:10C30000CFFF0B480B4A4368042151615B6902214E
:10C310009847FAF7EDFF019A23689A4204D102B0D8
:10C32000BDE81040FCF7D4BFF5F73AF8000800204C
:10C33000EC4E0020003C0140000000000000000026
:10C3400010B50E4C82B023680193FBF731FFFAF76A
:10C35000A7FF0B480B4A436808215161DB690321A1
:10C360009847FAF7C5FF019A23689A4204D102B0B0
:10C37000BDE81040FCF7ACBFF5F712F8000800204C
:10C38000EC4E0020003C01400000000000000000D6
:10C3900010B50E4C82B023680193FBF709FFFAF742
:10C3A0007FFF0B480B4A4368102151615B6A0421EF
:10C3B0009847FAF79DFF019A23689A4204D102B088
:10C3C000BDE81040FCF784BFF4F7EAFF0008002046
:10C3D000EC4E0020003C0140000000000000000086
:10C3E00030B51E4D83B02B680193FBF7E1FEFAF7E1
:10C3F00057FF1B4B5C6904F478725A61A30604D59D
:10C40000184843680521DB6A9847600604D515483B
:10C41000436806215B6B9847210604D511484368A1
:10C420000721DB6B9847E20504D50E4843680821D5
:10C430005B6C9847A30504D50A4843680921DB6C67
:10C440009847FAF755FF019A2B689A4204D103B036
:10C45000BDE83040FCF73CBFF4F7A2FF0008002025
:10C46000003C0140EC4E00200000000000000000F5
:10C4700030B5224D83B02B680193FBF799FEFAF794
:10C480000FFF1F4B5C6904F47C425A61620504D5BE
:10C490001C4843680A215B6D9847230504D5194859
:10C4A00043680B21DB6D9847E00404D515484368C9
:10C4B0000C215B6E9847A10404D5124843680D21F6
:10C4C000DB6E9847620404D50E4843680E215B6F0B
:10C4D0009847230404D50B4843680F21DB6F984726
:10C4E000FAF706FF019A2B689A4204D103B0BDE81F
:10C4F0003040FCF7EDBEF4F753FF00BF000800200A
:10C50000003C0140EC4E0020000000000000000054
:10C5100010B50F4C82B023680193FBF749FEFAF780
:10C52000BFFE0C480C4A43684FF480315161D3F888
:10C53000843010219847FAF7DBFE019A23689A426B
:10C5400004D102B0BDE81040FCF7C2BEF4F728FFEA
:10C5500000080020EC4E0020003C014000000000DC
:10C5600010B50F4C82B023680193FBF721FEFAF758
:10C5700097FE0C480C4A43684FF400315161D3F8E0
:10C580008C3011219847FAF7B3FE019A23689A423A
:10C5900004D102B0BDE81040FCF79ABEF4F700FFEA
:10C5A00000080020EC4E0020003C0140000000008C
:10C5B00010B50F4C82B023680193FBF7F9FDFAF731
:10C5C0006FFE0C480C4A43684FF480215161D3F848
:10C5D000943012219847FAF78BFE019A23689A4209
:10C5E00004D102B0BDE81040FCF772BEF4F7D8FEEB
:10C5F00000080020EC4E0020003C0140000000003C
:10C6000010B50F4C82B023680193FBF7D1FDFAF708
:10C6100047FE0C480C4A43684FF400215161D3F89F
:10C620009C3013219847FAF763FE019A23689A42D7
:10C6300004D102B0BDE81040FCF74ABEF4F7B0FEEA
:10C6400000080020EC4E0020003C014000000000EB
:10C6500010B50F4C82B023680193FBF7A9FDFAF7E0
:10C660001FFE0C480C4A43684FF480115161D3F807
:10C67000A43014219847FAF73BFE019A23689A42A6
:10C6800004D102B0BDE81040FCF722BEF4F788FEEA
:10C6900000080020EC4E0020003C0140000000009B
:10C6A00010B50F4C82B023680193FBF781FDFAF7B8
:10C6B000F7FD0C480C4A43684FF400115161D3F860
:10C6C000AC3015219847FAF713FE019A23689A4275
:10C6D00004D102B0BDE81040FCF7FABDF4F760FEEB
:10C6E00000080020EC4E0020003C0140000000004B
:10C6F00010B50F4C82B023680193FBF759FDFAF790
:10C70000CFFD0C480C4A43684FF480015161D3F8C7
:10C71000B43016219847FAF7EBFD019A23689A4244
:10C7200004D102B0BDE81040FCF7D2BDF4F738FEEA
:10C7300000080020EC4E0020003C014000000000FA
:10C74000F0B54D4D4D4E2B684D4C83B00193336C7D
:10C7500043F000733364D4F800321B0C1B0443F025
:10C76000010343EA0023C4F80032002967D0002304
:10C77000C4F81C321846C4F80432C4F80C32C4F8A9
:10C7800014321C46C30003F1804303F5C843013053
:10C790001C28C3F84042C3F84442F3D1384B10324E
:10C7A00000264FF0010CA2F11007387952F8104C16
:10C7B00010F0010F0CFA04F405D0D3F80402204362
:10C7C000C3F80402387910F0020F05D0D3F80C0238
:10C7D0002043C3F80C023879400704D5D3F814027B
:10C7E0002043C3F8140252F8100C52F8087C483069
:10C7F000013643F8307052F8100C52F8047C48307F
:10C8000003EBC000B1424760D3F81C0244EA0004C5
:10C8100002F11002C3F81C42C5D11949174AD1F8D8
:10C82000003223F00103C1F80032136C23F00073CF
:10C830001364019A2B689A421BD103B0F0BDC20069
:10C8400002F18042012302F5C842834043F0010314
:10C85000C4F84012C4F84412C2F84012C2F844129C
:10C86000C4F80412C4F81412C4F80C32C4F81C3210
:10C87000D3E7F4F795FD00BF000800200038024020
:10C880000064004000000000000000000000000004
:10C8900030B5184D184C2B6883B00193FBF788FC1A
:10C8A000FAF7FEFCE36A154A9A60202383F31188A5
:10C8B000FBF7E6FCFAF7B4FC04F108000021FBF7F3
:10C8C00067FB04F11C000121FCF77AF9FAF7C8FCB8
:10C8D000FBF7EEFC002383F31188FAF709FD019AB8
:10C8E0002B689A4204D103B0BDE83040FCF7F0BC9D
:10C8F000F4F756FD00080020BC4E002001010100A5
:10C9000070B5274D274C2B6882B00193FBF750FC84
:10C91000FAF7C6FCE36ADE68B20721D1F30614D544
:10C92000E36A1024DC60202383F31188FBF7A8FC62
:10C93000FAF776FC21461C48FCF742F9FAF790FC1E
:10C94000FBF7B6FC002383F31188FAF7D1FC019AB8
:10C950002B689A4221D102B0BDE87040FCF7B8BC08
:10C960005A6922F002025A61202383F31188FBF7EF
:10C9700087FCFAF755FC04F110000021FBF708FBD7
:10C9800004F118000121FCF71BF9FAF769FCFBF729
:10C990008FFC002383F31188C0E7F4F701FD00BF8B
:10C9A00000080020BC4E0020DC4E002000000000EB
:10C9B00070B5274D274C2B6882B00193FBF7F8FB2D
:10C9C000FAF76EFCE36A1E69B20721D1F30614D5AB
:10C9D000E36A10241C61202383F31188FBF750FCC9
:10C9E000FAF71EFC21461C48FCF7EAF8FAF738FC77
:10C9F000FBF75EFC002383F31188FAF779FC019AB8
:10CA00002B689A4221D102B0BDE87040FCF760BCAF
:10CA10005A6922F010025A61202383F31188FBF730
:10CA20002FFCFAF7FDFB04F110000021FBF7B0FA30
:10CA300004F118000221FCF7C3F8FAF711FCFBF728
:10CA400037FC002383F31188C0E7F4F7A9FC00BF8B
:10CA500000080020BC4E0020DC4E0020000000003A
:10CA600070B52C4D2C4C2B6882B00193FBF7A0FBCA
:10CA7000FAF716FCE36A5E681C225A6032072CD46F
:10CA800073071FD5E36A9C699A6904F0070622F0D0
:10CA9000700214F0700F9A6118BF46F00806202348
:10CAA00083F31188FBF7ECFBFAF7BAFB46EA044183
:10CAB0001A48FCF785F8FAF7D3FBFBF7F9FB0023DC
:10CAC00083F31188FAF714FC019A2B689A421FD15C
:10CAD00002B0BDE87040FCF7FBBBE26A03232370A1
:10CAE000136823F002031360202383F31188FBF7FC
:10CAF000C7FBFAF795FB04F128000021FCF760F86A
:10CB0000FAF7AEFBFBF7D4FB002383F31188B7E7FA
:10CB1000F4F746FC00080020BC4E0020DC4E00204C
:10CB200030B50C4D0C4C2B6883B020460193FCF7BC
:10CB3000FFFD019A2B680949E1629A4207D1002260
:10CB400011460E2003B0BDE83040FFF7F9BDF4F701
:10CB500027FC00BF00080020BC4E002000640040FD
:10CB600000B5084B83B01A680192019A1B689A427B
:10CB700005D1054803B05DF804EBFCF751BEF4F7AE
:10CB80000FFC00BF00080020EC4E00200000000059
:10CB900010B5144C82B0236801938A0701F0010399
:10CBA00048BF43F002034A0748BF43F008030A079F
:10CBB00048BF43F00403CA0648BF43F010038A0687
:10CBC00048BF43F020038A050268019948BF43F03B
:10CBD0004003134303602368994201D102B010BDA2
:10CBE000F4F7DEFB00080020000000000000000059
:10CBF00030B5144D83B02B680193FBF7D9FAFAF7DF
:10CC00004FFB202383F31188FBF73AFBFAF708FB6D
:10CC10000D4B0E480024DC632146FBF731F9FAF78F
:10CC20001FFBFBF745FB84F31188FAF761FB019AC0
:10CC30002B689A4204D103B0BDE83040FCF748BBF2
:10CC4000F4F7AEFB00080020002C0140304F00201C
:10CC500030B50B4C0B4D83B02B6801932046FDF78C
:10CC600037FD019A2B680848084960649A424FF0E2
:10CC70000000E063A16401D103B030BDF4F790FB84
:10CC8000F44E00200008002084390108002C0140E7
:10CC900000B50E4A836C116883B001917821596008
:10CCA000816C0B6843F003030B60816C4B6843F4A9
:10CCB00080734B6001991368994205D10A2003B033
:10CCC0005DF804EBFAF7A4BFF4F76AFB0008002054
:10CCD00000B5094A816C136883B001934B6823F057
:10CCE000FF034B6001991368994202D103B05DF8CC
:10CCF00004FBF4F755FB00BF000800200000000013
:10CD000000B5094B816C1A6883B0019200224A6019
:10CD1000816C0A60019A1B689A4202D103B05DF8E7
:10CD200004FBF4F73DFB00BF0008002000000000FA
:10CD300000B50F4A806C136883B0012901934368E2
:10CD400023F4C0530DD00AD3022906D001991368E9
:10CD500099420AD103B05DF804FB43F48053436069
:10CD6000F4E743F400634360F0E7F4F719FB00BF16
:10CD7000000800200000000000000000000000008B
:10CD800030B50C4C836C256883B041F4806101950B
:10CD90009A60836CD960826C536B1B06FCD5802330
:10CDA0009363019A23689A4201D103B030BDF4F72E
:10CDB000F7FA00BF0008002000000000000000009B
:10CDC00070B5124D846C2E6882B041F48861019672
:10CDD000A260826CD160826C516B11F04504FBD073
:10CDE000946311F0040209D1816C496919601046FD
:10CDF000019A2B689A4206D102B070BD3430FFF719
:10CE0000C7FE0120F4E7F4F7CBFA00BF00080020CA
:10CE100070B5124D846C2E6882B041F48861019621
:10CE2000A260826CD160826C516B11F04504FBD022
:10CE3000946311F0050209D1816C496919601046AB
:10CE4000019A2B689A4206D102B070BD3430FFF7C8
:10CE50009FFE0120F4E7F4F7A3FA00BF00080020CA
:10CE6000F0B53A4D83B02B68019304460E46174641
:10CE7000202383F31188FBF7D3F9FAF791F9A36C18
:10CE8000DA6B002A39D15B6BDB053ED5616C0A6831
:10CE9000136813F00103FBD191F808C048682C49CE
:10CEA0003D2202FA0CF20260A26C9163A26CD36282
:10CEB000FAF796F9FBF7CCF9264B1A689A4204D098
:10CEC000996993688A689A4231D3002282F3118863
:10CED000012E0BD901992B68994235D13B4620464A
:10CEE0000C2103B0BDE8F040FFF792BF1046019A55
:10CEF0002B689A4228D103B0F0BD04F13C00FAF748
:10CF000067FFA36C5B6BDB05C0D4FAF769F9FBF72D
:10CF10009FF9104B1A689A4204D0996993688A68FD
:10CF20009A420DD3002383F311880120DFE70A48DA
:10CF3000FAF796F8002282F31188012ECAD8D5E7B5
:10CF40000548FAF78DF8EDE7F4F72AFA0008002013
:10CF5000FF07C000F0460020303A01080000000042
:10CF60002DE9F0410546224E406C3368077AAC6CDF
:10CF7000406882B0884601933D23BB40D4F834C05A
:10CF800003606B6C1868036823F01F030360686C10
:10CF9000036817461C6814F00104FBD190F808E000
:10CFA0004168144A3D2303FA0EF30B60AB6C9A639D
:10CFB000AB6CDC63AB6C6146DC6205F13400FFF7FF
:10CFC000E7FDB8F1010F019A33680AD99A420DD1F1
:10CFD0003B46224628460C2102B0BDE8F041FFF74F
:10CFE00017BF9A4202D102B0BDE8F081F4F7D8F938
:10CFF00000080020FF07C000000000000000000043
:10D0000070B5164D846C2E6882B041F4986101961B
:10D01000A260826CD160826C516B11F04504FBD030
:10D02000946311F03F0212D1816C096A1960816C1E
:10D03000C9695960816C89699960816C4969D96055
:10D040001046019A2B689A4206D102B070BD343066
:10D05000FFF79EFD0120F4E7F4F7A2F90008002095
:10D060002DE9F0432E4E83B034680194B2F1807FF5
:10D07000DDF828801546044689461F4649D2A36C30
:10D08000284A5A622046FDF773FA00283FD1636CA4
:10D0900025491B68C3F80C90636C1B68AA085A608A
:10D0A000D4E910231B681A60636C1A68136843F094
:10D0B00001031360A36C9963A36C40F22A32DA6314
:10D0C000A36C9D62A36C0F206D46D8624246394620
:10D0D0002B462046FFF79CFE60B120462A460121E0
:10D0E000FFF73EFF0120019A33689A4215D103B041
:10D0F000BDE8F083009A0D4B1340002BEDD12A467A
:10D1000001212046FFF7ACFE0028E6D1EBE76D4693
:10D11000E3E70748F9F7A4FFB1E7F4F741F900BFE7
:10D1200000080020C0270900FF07C00008E0FFFD3D
:10D13000D0390108000000000000000000000000DD
:10D140002DE9F041324E1D4682B033680193B5F5AA
:10D15000004F04460F4690464CD2A36C2D4A5A62AB
:10D160002046FDF705FA30B1019A33689A424CD156
:10D1700002B0BDE8F081636C27481B68C3F80C80DF
:10D18000626C6B02126899085160D4E9101212683F
:10D190001160626C11680A6842F001020A60A26CB8
:10D1A0009063A26C40F22A31D163A26C9362A36CAB
:10D1B0009B22DA62236BDB0658BF7F02E846012D13
:10D1C0003A4643461AD912212046FFF721FE50B9AC
:10D1D000009A124B134033B9424629462046FFF7C6
:10D1E0003FFE0028C0D0204642462946FFF7B8FE41
:10D1F0000120B9E70A48F9F733FFAEE711212046CD
:10D20000FFF706FE0028E3D0EDE7F4F7C9F800BF0A
:10D2100000080020C0270900FF07C00008E0FFFD4C
:10D22000F0390108000000000000000000000000CC
:10D230002DE9F041334E1D4684B033680393B5F5B4
:10D24000004F04460F4690464ED2A36C2E4A5A62B7
:10D250002046FDF78DF930B1039A33689A424ED1DA
:10D2600004B0BDE8F081636C28481B68C3F80C80EB
:10D27000626C6B02126899085160D4E91021096848
:10D2800042F040020A60626C11680A6842F00102D2
:10D290000A60A26C9063A26C40F21A31D163A26C56
:10D2A0009362236BDB0658BF7F0202AB012D019313
:10D2B0003A461DD919212046FFF7AAFD68B9029AFE
:10D2C000134B13404BB9A36C9922DA622946019A99
:10D2D0002046FFF7C5FD0028BED020462946019A0A
:10D2E000FFF73EFE0120B7E70A48F9F7B9FEACE7C1
:10D2F00018212046FFF78CFD0028E0D0EDE7F4F779
:10D300004FF800BF00080020808D5B00FF07C000C1
:10D3100008E0FFFD103A01080000000000000000D6
:10D320002DE9F043DFF8749083B0D9F80040019400
:10D33000940724D01F4603B3154680460C46164E6C
:10D340000F440AE0284601344FF400723146F3F7E7
:10D350005FFDBC4205F500750FD001233246214622
:10D360004046FFF7EDFE0028ECD0019AD9F80030D6
:10D370009A420ED103B0BDE8F0830020F5E7019D8D
:10D38000D9F80040A54204D103B0BDE8F043FFF74F
:10D39000D7BEF4F705F800BF404F0020000800207A
:10D3A0002DE9F043DFF8749083B0D9F80040019480
:10D3B000940724D01F4603B3154680460C46164EEC
:10D3C0000F4402E00134BC4217D029464FF40072EA
:10D3D0003046F3F71DFD0123324621464046FFF754
:10D3E00027FF05F500750028ECD0019AD9F8003028
:10D3F0009A420ED103B0BDE8F0830020F5E7019D0D
:10D40000D9F80040A54204D103B0BDE8F043FFF7CE
:10D410000FBFF3F7C5FF00BF404F002000080020FA
:10D4200000B5074B83B01A680192019A1B689A42B3
:10D4300003D1002003B05DF804FBF3F7B1FF00BF98
:10D4400000080020000000000000000000000000B4
:10D4500030B5094D094C2B6883B020460193FCF789
:10D46000AFF9019A2B680649E1629A4201D103B0F3
:10D4700030BDF3F795FF00BF0008002040510020A9
:10D48000403A010800000000000000000000000019
:10D4900070B5704C704A236882B040F2FF16019359
:10D4A000156B6E4B35431563116D31431165426841
:10D4B0005A6082689A60C268DA6002695A61426999
:10D4C0001A6282695A6202681A60026AC3F8042406
:10D4D000426AC3F80824826AC3F80C24C26AC3F8FB
:10D4E0001424026BC3F82024426BC3F82424C269BD
:10D4F000C3F80024C26BC3F80428026CC3F80828E0
:10D50000426CC3F80C28826CC3F81428C26CC3F8B0
:10D510002028026DC3F82428826BC3F8002803F585
:10D520004063826D5A60C26D9A60026EDA60426E2C
:10D530005A61826E1A62C26E5A62426D1A60426FFE
:10D54000C3F80424826FC3F80824C26FC3F80C2404
:10D55000D0F88020C3F81424D0F88420C3F8202405
:10D56000D0F88820C3F82424026FC3F80024D0F830
:10D570009020C3F80428D0F89420C3F80828D0F8E5
:10D580009820C3F80C28D0F89C20C3F81428D0F8B1
:10D59000A020C3F82028D0F8A420C3F82428D0F86D
:10D5A0008C20C3F8002803F54063D0F8AC205A6003
:10D5B000D0F8B0209A60D0F8B420DA60D0F8B82063
:10D5C0005A61D0F8BC201A62D0F8C0205A62D0F854
:10D5D000A8201A60D0F8C820C3F80424D0F8CC20C2
:10D5E000C3F80824D0F8D020C3F80C24D0F8D420F5
:10D5F000C3F81424D0F8D820C3F82024D0F8DC20B5
:10D60000C3F82424D0F8C420C3F80024D0F8E420C0
:10D61000C3F80428D0F8E820C3F80828D0F8EC2094
:10D62000C3F80C28D0F8F020C3F81428D0F8F42060
:10D63000C3F82028D0F8F820C3F82428D0F8E02038
:10D64000C3F80028019A23689A4201D102B070BD44
:10D65000F3F7A6FE00080020003802400000024058
:10D660002DE9F04F2C4B83B01B68019302F00308A7
:10D67000C2F3800EC2F3C10CC2F341170025C2F3FE
:10D68000C3124FF00F0B4FF0010A4FF0030927E0D0
:10D69000066A34402343036243680AFA05F423EA26
:10D6A000040343EA0E0343606B00846809FA03F342
:10D6B000DB431C4044EA0C048460C4681C403C43C7
:10D6C000C4600468234043EA08030360490819D092
:10D6D0004FEA4E0E4FEA8C0CBF004FEA8808013526
:10D6E000CB07F3D505F007039B000BFA03F4072DD6
:10D6F0006FEA040402FA03F3CAD9466A34402343AA
:10D700004362C9E7044B019A1B689A4202D103B0F5
:10D71000BDE8F08FF3F744FE000800200000000091
:10D7200070B5144D866B2B6882B011F00C0F044657
:10D73000019319D1636B1A68136823F01F031360F8
:10D74000616B0A681368DB07FCD4087A4A683D23DA
:10D7500083401360736843F400737360019A2B680D
:10D760009A4205D102B070BD0348F9F779FCE1E7B0
:10D77000F3F716FE00080020A03A010800000000A0
:10D78000F0B5224F856B3B6883B011F00C0F064655
:10D79000019334D1336B1A68136823F01F031360AD
:10D7A000326B13681C6814F00104FBD1117A5268C3
:10D7B0003D238B4013606B6823F480536B602B68B0
:10D7C00023F480632B602B6843F400732B602023C9
:10D7D00083F31188FAF754FDF9F722FD214606F18B
:10D7E0002000FAF74DFBF9F73BFDFAF761FD84F3F2
:10D7F0001188019A3B689A4205D103B0F0BD0448F4
:10D80000F9F72EFCC6E7F3F7CBFD00BF00080020B8
:10D81000A03A010800000000000000000000000025
:10D820002DE9F041474E484D336882B00193FAF735
:10D83000BFFCF9F735FDAC6B444AA369676947EA59
:10D84000034323F07F4393424ED02BD8073A9342B1
:10D850003ED00132934216D1636823F400736360B3
:10D860002B6B1A68136843F001031360636843F479
:10D87000805363602B6B1B685B68012B03D82368A4
:10D8800023F48063236017F00A0F18BFA369F9F728
:10D890002FFD019A33689A4251D102B0BDE8F041A0
:10D8A000FBF716BD2A4A934223D002329342EAD1B3
:10D8B0002B6B1B68D3F80480B8F1000F24D0AB8C1D
:10D8C00043F00103AB84236843F4A0632360DEE7E5
:10D8D000AB8C1A0A0BD003F0010343F0F00302F003
:10D8E000060213432361CEE7AB8CC3F347032361E6
:10D8F000C9E7636823F4007363606B6B1A6813688D
:10D9000043F001031360BEE7636823F400736360B0
:10D91000236843F400732360202383F31188FAF70C
:10D92000AFFCF9F77DFC414605F12000FAF7A8FAB3
:10D93000F9F796FCFAF7BCFC88F31188A3E7F3F734
:10D940002FFD00BF000800207051002008000300D8
:10D95000820007000000000000000000000000003E
:10D96000F0B5444C444DA36B2A6883B001925E69C4
:10D97000FAF71EFCF9F794FCA26B06F45F43DB4355
:10D980005361636B1A68136823F01F031360606BA5
:10D990000168B2B20B68DB07FCD4077A41683D230B
:10D9A000BB400B60236B19680B6823F01F030B60EF
:10D9B000206B01680B68DF07FCD4077A41683D23C0
:10D9C000BB400B6012F4807318BF0123A360930562
:10D9D00003D5A36843F00203A360570530D4A368BE
:10D9E000100544BF43F00803A360510444BF43F053
:10D9F0002003A360D20436B231D543F01003002EC9
:10DA0000A36031DB202383F31188FAF739FCF9F79F
:10DA100007FC6FF001011948FAF732FAF9F720FC18
:10DA2000FAF746FC002383F31188F9F761FC019AA9
:10DA30002B689A421CD103B0BDE8F040FBF748BC0C
:10DA4000A16B4B6823F400734B60A16B0B6843F42C
:10DA500000730B60A36843F00403A360C0E7002ECB
:10DA600002DB002BE1D0CDE743F04003A360C9E720
:10DA7000F3F796FC70510020000800209051002020
:10DA800030B50C4C0C4D83B02B6801932046FBF74E
:10DA900027FF0A4B01992A680948A063002503F172
:10DAA000540091422562C4E90C3001D103B030BD6D
:10DAB000F3F776FC705100200008002000390108BF
:10DAC00000540040000000000000000000000000C2
:10DAD0002DE9F043904F03783A68866B83B040F2AB
:10DAE00056410192012B40F216420446C0E90A2138
:10DAF00000F09480236B894A196806F110038B604B
:10DB0000616BD1F800C04FF4004500204FF4106164
:10DB1000CCF808303560306071606368D4F83880C4
:10DB20005D6893F808906B1E934202D97C48F9F720
:10DB300097FAD8F804307B4A4FF6C0710B40C8F80A
:10DB40000430D8F80430954243F02A03C8F8043072
:10DB50003BDCB9F1010F5AD1734A4FEA4509B2FBD8
:10DB6000F9F309FB1323002B40F09A806E4DB5FBAF
:10DB7000F9F5ADB2032D40F28A802B23B5F5805F15
:10DB8000C8F82030C5F30B0902D36548F9F768FAE5
:10DB9000C8F81C906268A16B12780B68022A9BB2CD
:10DBA0006FD0032A6AD0012A02D123F00A039BB264
:10DBB0000B60336843F001033360019A3B689A427B
:10DBC00040F0A78003B0BDE8F083584B9D4222DCB3
:10DBD000A9F10203012B6ED8B9F1020F74D1524A98
:10DBE00005EB4505B2FBF5F305FB1323002B40F0D5
:10DBF0008C804D4BB3FBF5F900231FFA89F949EAF4
:10DC000003090D2349F40049C8F82030C0E744480F
:10DC1000F9F726FAA0E74FF00009B9E7444DA8420A
:10DC20007FF468AF434B444A196A002041F4001165
:10DC300019621862206B23460521FDF7E9FE0028D2
:10DC40005FD13B4B3D4A686B0521FDF7E1FE0028A3
:10DC500053D1384A136C43F40013136405211F2079
:10DC6000FDF7B6FB05212020FDF7B2FBAA6A344977
:10DC7000EB6A0A430B43C5E90A233BE743F00A0377
:10DC800096E723F008039BB243F0020390E7244891
:10DC9000F9F7E6F92B23C5F30B09C8F8203077E72D
:10DCA0001F48214DF9F7DCF9B5FBF9F5ADB2032DAD
:10DCB0003FF663AFEBE71A48F9F7D2F90D23C8F83E
:10DCC000203048F6FF7963E7B9F1030FF6D1164A21
:10DCD00005EB850505EB8505B2FBF5F305FB132385
:10DCE0003BB9114BB3FBF5F54FF480431FFA85F9AF
:10DCF00085E70B48F9F7B4F9F3E71248F9F7B0F9FB
:10DD0000A7E71048F9F7ACF99BE70548F9F7A8F938
:10DD10006FE7F3F745FB00BF00080020FF083D0058
:10DD2000703A0108A086010080DE8002801A060099
:10DD3000705100200038024081D7000821D7000828
:10DD400000000302903A01080000000000000000FB
:10DD500030B5264D03782A6883B0012B019231D06B
:10DD6000836B00224FF4004119601A605A605A61B7
:10DD7000436B1A68136823F01F031360416B0A6832
:10DD800004461368D807FCD4087A4A683D238340C8
:10DD90001360236B1A68136823F01F031360216B51
:10DDA0000A681368DB07FCD4087A4A683D2383407D
:10DDB0001360606BFDF794FE206BFDF791FE0C4B3A
:10DDC0009C4205D0019A2B689A420DD103B030BD18
:10DDD0001F20FDF725FB2020FDF722FB054A136CD1
:10DDE00023F400131364EDE7F3F7DAFA00080020D8
:10DDF00070510020003802400000000000000000C8
:10DE00002DE9F04FDFF81881434C85B09A46DDE9E3
:10DE10000E930646D8F80000039049000020B18414
:10DE2000B0600093109B01939346B56BF9F7D8F956
:10DE3000FAF70EFA2368A34204D0A2699B6892689D
:10DE40009A424DD3002383F31188726BF16A1268F2
:10DE5000324F1160726B1268C2F80CB0726B1268AC
:10DE6000C2F804A0326BB16A12681160326B00997B
:10DE70001268C2F80C90326B12685160D4F828B066
:10DE800099464FF0200A10E0F9F7AAF9FAF7E0F9FD
:10DE90002368A34207D0A2699B6892689A4202D283
:10DEA0003846F9F7DDF889F311888AF31188FAF713
:10DEB000B7F9F9F775F9AB699A0702D42B689B0596
:10DEC00012D5A36AA3EB0B03312BDDD9039AD8F843
:10DED00000309A424FF0FF301BD105B0BDE8F08F03
:10DEE0000E48F9F7BDF8ADE76B6843F400736B605B
:10DEF0002B6843F480732B60039AD8F800309A4261
:10DF000007D1019906F1200005B0BDE8F04FF9F7FF
:10DF100087BFF3F745FA00BFF0460020603A0108DA
:10DF200000080020000000000000000000000000C9
:10DF300030B5134C134D83B02B6801932046FCF78A
:10DF400007FF4FF0A043104A236562650023FF22BC
:10DF500004F1D00104F16800C4E91833F9F7A8FD11
:10DF6000019A2B689A4209D1552204F5187104F1DF
:10DF7000D00003B0BDE83040F9F79ABDF3F710FACE
:10DF8000B051002000080020F03A01080000000015
:10DF9000F0B5354E056D336883B0074601932023F5
:10DFA0002B612C6914F02004FBD10C20F9F7B8F890
:10DFB00023464FF00060FF2105EB43120133C2F806
:10DFC0000009C2F8000BC2F80819C2F8081B7A6DE4
:10DFD00092689A42F0D24FF0FF324FF00113C5F829
:10DFE0001828C5F81C387B6D1A68BA651B686B6207
:10DFF0003A6D10231361146914F01004FBD10C2046
:10E00000F9F78EF8D5F80038184A23F4FE63C5F8FE
:10E010000038AB6943F4402343F01003AB6109239C
:10E02000C5F81038C5F81438114BFA60C5F8104B14
:10E03000C5F8003BC5F81049C5F80039D7E91524E3
:10E0400004F11003BB655268934202D90948F9F7FD
:10E0500007F844F48014AC62019A33689A4201D103
:10E0600003B0F0BDF3F79CF900080020C03A0108A6
:10E0700040800010B03A01080000000000000000DD
:10E0800000B50C4A016D136890F84E0083B00193FF
:10E09000D1F8003823F4FE6343EA0013C1F80038D6
:10E0A00001991368994202D103B05DF804FBF3F7BC
:10E0B00077F900BF00080020000000000000000009
:10E0C00000B50C4A036D106883B0583149010190C6
:10E0D0005B5813F4004004D013F4001F14BF012058
:10E0E000022001991368994202D103B05DF804FB44
:10E0F000F3F756F9000800200000000000000000BF
:10E1000000B50C4A036D106883B048314901019095
:10E110005B5813F4004004D013F4001F14BF012017
:10E12000022001991368994202D103B05DF804FB03
:10E13000F3F736F90008002000000000000000009E
:10E1400010B500EB8101094BC9681868096A82B0F3
:10E150000C6801904868146001991B6850609942EE
:10E1600001D102B010BDF3F71BF900BF0008002079
:10E17000F0B500EB8107134EFA683368956983B0F8
:10E180006A6801932A6129B9402A03D940220E4CBA
:10E190006A6001E042F0C044FB68006D5D8A00EBFC
:10E1A00041116B1E1344B3FBF5F344EAC343C1F8BA
:10E1B000103B019A33689A4201D103B0F0BDF3F7E6
:10E1C000EFF800BF000800204000006000000000E1
:10E1D0002DE9F041314EDFF8C880376DD8F80030B6
:10E1E00082B00546019307EB4013D3F8084BC3F800
:10E1F000084B20070AD5D7F81438190706D506EBBF
:10E2000085032946DB6830465B689847E2073BD5C3
:10E21000D7F81438DB0737D506EB8503D9688B6947
:10E2200058681A69904211D37389019CD8F800008C
:10E230000122AA4023EA0203844273812CD1CB68D5
:10E240001648294602B0BDE8F0411847121A0024CA
:10E25000C3E9012429461148FFF78AFF202383F3ED
:10E260001188FAF70DF8F8F7DBFF336D03EB45156E
:10E27000D5F8003B43F08063C5F8003BF8F7F0FFAA
:10E28000FAF716F884F31188019AD8F800309A4208
:10E2900002D102B0BDE8F081F3F782F8B05100205E
:10E2A0000008002000000000000000000000000046
:10E2B00030B500EB8105164CEA682368526983B0DB
:10E2C000019353681361C3B191B1EA68006D158A77
:10E2D00000EB41116A1E1A44B2FBF5F243EAC24355
:10E2E000C1F81039019A23689A420ED103B030BDAB
:10E2F000402B84BF40235360E7E7036D03EB4111DC
:10E300004FF40023C1F81039ECE7F3F749F800BFE8
:10E3100000080020000000000000000000000000D5
:10E320002DE9F0433E4EDFF80081356DD8F800301E
:10E3300083B00746019305EB4013D3F80849C3F8AF
:10E340000849E10715D5D5F81038DA0711D506EBDD
:10E350008003D9684B6958681A69904236D333896B
:10E360000122BA4023EA020333818B6830463946E2
:10E370009847230606D50123D5F8342803FA07F772
:10E38000174207D1019AD8F800309A4245D103B01C
:10E39000BDE8F083202383F31188F9F771FFF8F7C4
:10E3A0003FFFD5F83428F36D1E4822EA0702C5F86E
:10E3B00034281F430021F765F9F762FDF8F750FF95
:10E3C000F9F776FF002383F31188DBE7121A4FF089
:10E3D0000009C3E9012939463046FFF769FF2023C8
:10E3E00083F31188F9F74CFFF8F71AFF326D02EB4F
:10E3F00047100123D0F8001941F00441C0F800197A
:10E40000D2F83418BB400B43C2F83438F8F728FF71
:10E41000F9F74EFF89F31188ABE7F2F7C1FF00BFB0
:10E42000B051002010520020000800200000000021
:10E43000F0B5454F454D3B6883B00193F9F7B8FE01
:10E44000F8F72EFF2E6D7469B3691C40E104746106
:10E4500044D4A20448BFD6F80838230704D56B6813
:10E46000DB680BB139489847E50620D46003D6F83D
:10E47000185807D5E90754D4AA0757D46B075AD4BC
:10E480002E074AD4240307D5E80336D4A90339D488
:10E490006A033CD42B032CD4F8F72AFF019A3B687B
:10E4A0009A424ED103B0BDE8F040FAF711BF2023E5
:10E4B00083F31188F9F7E4FEF8F7B2FEB369244854
:10E4C00023F01003B3610021F9F7DAFCF8F7C8FE76
:10E4D000F9F7EEFE002383F31188C7E72846FCF71F
:10E4E000B7FC6B681B68002BB3D000212846984707
:10E4F000AFE70320FFF76CFECEE70020FFF768FED2
:10E50000A903C5D50120FFF763FE6A03C2D5022027
:10E51000FFF75EFE2B03BFD5EBE70320FFF700FFFD
:10E52000B0E70020FFF7FCFEAA07A7D50120FFF700
:10E53000F7FE6B07A4D50220FFF7F2FE2E07A1D548
:10E54000EBE7F2F72DFF00BF00080020B0510020DC
:10E550001052002000000000000000000000000039
:10E5600000B50B4A036D83B003EB411113680193AF
:10E57000D1F8003B43F08063C1F8003B0199136878
:10E58000994202D103B05DF804FBF2F709FF00BF26
:10E590000008002000000000000000000000000053
:10E5A00030B50F4D026D2B6883B002EB4112019321
:10E5B000D2F8004944F00444C2F80049026D012336
:10E5C000D2F8340803FA01F10143C2F83418019A71
:10E5D0002B689A4201D103B030BDF2F7E1FE00BFD3
:10E5E0000008002000000000000000000000000003
:10E5F00000B50B4A036D83B003EB4111136801931F
:10E60000D1F8003B43F40013C1F8003B01991368B3
:10E61000994202D103B05DF804FBF2F7C1FE00BFDE
:10E6200000080020000000000000000000000000C2
:10E6300000B50B4A036D83B003EB411113680193DE
:10E64000D1F8003943F40013C1F800390199136877
:10E65000994202D103B05DF804FBF2F7A1FE00BFBE
:10E660000008002000000000000000000000000082
:10E6700000B50B4A036D83B003EB4111136801939E
:10E68000D1F8003B23F40013C1F8003B0199136853
:10E69000994202D103B05DF804FBF2F781FE00BF9E
:10E6A0000008002000000000000000000000000042
:10E6B00000B50B4A036D83B003EB4111136801935E
:10E6C000D1F8003923F40013C1F800390199136817
:10E6D000994202D103B05DF804FBF2F761FE00BF7E
:10E6E0000008002000000000000000000000000002
:10E6F00030B50E4C0E4D83B02B6801932046FBF7CE
:10E700005FFA01990B4B2A680B48A3604FF44073E2
:10E710000A4DA38191424FF000032561C4E9053001
:10E72000E36101D103B030BDF2F73AFE2C54002072
:10E7300000080020003800401E2D01002439010887
:10E7400000B50C4B83B01A68019211F00C0F019ABE
:10E750001B6804D19A420AD103B05DF804FB9A42C7
:10E7600005D1054803B05DF804EBF8F779BCF2F782
:10E7700017FE00BF00080020A03A010800000000BA
:10E7800030B52A4D83B02B68019311F00C0F04466D
:10E7900046D1A36A1A68136823F01F031360A16AA5
:10E7A0000A681368D807FCD4087A4A683D23834076
:10E7B0001360636A1A68136823F01F031360616AA9
:10E7C0000A681368DB07FCD4087A4A683D23834053
:10E7D000136063681A6802B3042222701B68204623
:10E7E00098472378042B18D0202383F31188F9F756
:10E7F00047FDF8F715FD04F108000021F9F740FB8B
:10E80000F8F72EFDF9F754FD002383F31188019AE0
:10E810002B689A4208D103B030BD02232370E3E78E
:10E820000348F8F71DFCB4E7F2F7BAFD0008002032
:10E83000A03A0108000000000000000000000000F5
:10E8400030B50F4D0F4C2A680F4B83B02046019214
:10E850004FF6FF721A80FCF70BF90C4B01992A68EE
:10E860000B480C4D2562636203F13C0591420A4B53
:10E870002363C4E90A5001D103B030BDF2F790FD23
:10E88000000800204C54002080540020603901080A
:10E89000160001060030014046000106000000009D
:10E8A00070B52D4D03782A6882B0012B0446019281
:10E8B00026D06368E26A5989236B22F4F04223F47C
:10E8C000F043090544BF42F4205243F42053C4E905
:10E8D0000B23236A00221A606368226A5B8943F46F
:10E8E00041731360236A07225A60226A136843F057
:10E8F00040031360019A2B689A422BD102B070BD7D
:10E90000164EB0420AD0D4E9083212680C33936034
:10E91000A26A236A12680C339360CAE70346104A5E
:10E92000406A0A21FDF774F880B9B06A0B4B0D4AB2
:10E930000A21FDF76DF828B90B4A536C43F4805354
:10E940005364E0E70948F8F78BFBF5E70748F8F769
:10E9500087FBEAE7F2F724FD000800204C54002072
:10E9600081E7000841E7000800380240003B010849
:10E9700000B50A4A416813680889496883B0019361
:10E98000012383409BB24B8301991368994202D1C2
:10E9900003B05DF804FBF2F703FD00BF00080020A0
:10E9A00000B50A4A416813680889496883B0019331
:10E9B000012383409BB20B8301991368994202D1D2
:10E9C00003B05DF804FBF2F7EBFC00BF0008002089
:10E9D00070B5456A174C2D68266882B00196EB60C9
:10E9E000436A1B685960456AC36A2D6843F48063B3
:10E9F0002B60836A1B68DA60836A1B685960826ACD
:10EA0000036B126843F480631360436A1A681368E7
:10EA100043F001031360836A1A68136843F001032B
:10EA20001360019A23689A4201D102B070BDF2F7D7
:10EA3000B7FC00BF0008002000000000000000003C
:10EA400010B5104BC1681A6882B0019200220A61A9
:10EA5000017804290AD1C168022404700A60C168DF
:10EA60000A61C168CA6822F0FF02CA60019A1B6885
:10EA70009A4205D143685B6802B0BDE81040184770
:10EA8000F2F78EFC000800200000000000000000EB
:10EA900010B50C4C82B023680193F9F789FBF8F7A5
:10EAA000FFFB0948FFF7CCFFF8F722FC019A236827
:10EAB0009A4204D102B0BDE81040FAF709BCF2F75F
:10EAC0006FFC00BF00080020A454002000000000DC
:10EAD00010B50C4C82B023680193F9F769FBF8F785
:10EAE000DFFB0948FFF7ACFFF8F702FC019A236847
:10EAF0009A4204D102B0BDE81040FAF7E9BBF2F740
:10EB00004FFC00BF000800208454002000000000DB
:10EB100010B50C4C82B023680193F9F749FBF8F764
:10EB2000BFFB0948FFF78CFFF8F7E2FB019A236867
:10EB30009A4204D102B0BDE81040FAF7C9BBF2F71F
:10EB40002FFC00BF000800209454002000000000AB
:10EB500010B50E4B0E4C0F4A2168DA6082B0184691
:10EB60000191FAF78DFE0C480C4BC360FAF788FE52
:10EB7000019A23680A480B49C1609A4204D102B045
:10EB8000BDE81040FAF77CBEF2F70AFCA45400205E
:10EB9000000800200010004084540020004801407C
:10EBA00094540020002000400000000000000000FD
:10EBB00070B51E4E8369326882B0054601921A69AB
:10EBC000DC681440E2B2D2431A61A30703D543685C
:10EBD0001B6903B19847600704D56B689B690BB14B
:10EBE00028469847210704D56B681B6A0BB1284655
:10EBF0009847E20604D56B689B6A0BB12846984794
:10EC0000E3070BD56B689B6843B101993268914269
:10EC10000AD1284602B0BDE870401847019A33680F
:10EC20009A4201D102B070BDF2F7BAFB0008002091
:10EC300010B50C4C82B023680193F9F7B9FAF8F7D4
:10EC40002FFB0948FFF7B4FFF8F752FB019A23683E
:10EC50009A4204D102B0BDE81040FAF739BBF2F78E
:10EC60009FFB00BF00080020B454002000000000FB
:10EC700010B50C4C82B023680193F9F799FAF8F7B4
:10EC80000FFB0948FFF794FFF8F732FB019A23685E
:10EC90009A4204D102B0BDE81040FAF719BBF2F76E
:10ECA0007FFB00BF00080020D054002000000000BF
:10ECB00010B50C4C82B023680193F9F779FAF8F794
:10ECC000EFFA0948FFF774FFF8F712FB019A23687F
:10ECD0009A4204D102B0BDE81040FAF7F9BAF2F74F
:10ECE0005FFB00BF00080020EC5400200000000083
:10ECF00010B50C4C82B023680193F9F759FAF8F774
:10ED0000CFFA0948FFF754FFF8F7F2FA019A23689F
:10ED10009A4204D102B0BDE81040FAF7D9BAF2F72E
:10ED20003FFB00BF00080020085500200000000045
:10ED30002DE9F041164DDFF87480164FD8F80030F9
:10ED4000154E82B0284604240193FAF769FF4FF06C
:10ED50008043AB6138462C74104DFAF761FF104BBD
:10ED6000BB6130463C74FAF75BFF0E4BB36128463B
:10ED70003474FAF755FF019AD8F800300A492C7418
:10ED80009A42A96102D102B0BDE8F081F2F708FB16
:10ED9000B4540020D0540020EC540020085500202A
:10EDA0000004004000080040000C00400008002063
:10EDB00070B56B4D03782A6882B0012B044601922E
:10EDC00072D08269002313608269536382699363FE
:10EDD0008269D3638269136482695362636862697A
:10EDE0001968B2FBF1F35E1EB6F5803F03D203FB58
:10EDF00001F39A4202D05B48F8F732F9A3699E62A8
:10EE0000A368A269013BD3626268A369D26A5A60AF
:10EE10006268D36803F00F03012B03D0022B0CBFF1
:10EE200003230023516901F00F01012934D0022985
:10EE300030D0D16901F00F01012921D002291DD064
:10EE4000526A02F00F02012A21D0022A27D0A269B9
:10EE50001362A36901225A61A36900221A616368DF
:10EE6000A2691B6B23F0FF03D360A36985221A609C
:10EE7000019A2B689A4271D102B070BD43F40073BD
:10EE8000526A02F00F02012A43F48073DDD143F489
:10EE90008053DCE743F0200343F01003C9E743F459
:10EEA000005343F48053D2E72F4B984244D02F4B6A
:10EEB00098422FD02E4B98421AD02E4B984210D108
:10EEC0002D4B1A6C42F008021A641A6A002042F0B4
:10EED00008021A62072118623220FCF779FA274BE0
:10EEE0006361A26946F668039361A269D36175E71D
:10EEF000214B1A6C42F004021A641A6A002042F094
:10EF000004021A62072118621E20FCF761FA1B4BEB
:10EF10006361E6E7184B1A6C42F002021A641A6A3F
:10EF2000002042F002021A62072118621D20FCF73D
:10EF30004FFA124B6361D4E70F4B1A6C42F0010297
:10EF40001A641A6A002042F001021A62072118624C
:10EF50001C20FCF73DFA094B6361C2E7F2F720FA87
:10EF600000080020103B0108B4540020D0540020B9
:10EF7000EC540020085500200038024000BD010577
:10EF800000B5836908480C3103EB810383B0016845
:10EF900001915A60019A03689A4202D103B05DF868
:10EFA00004FBF2F7FDF900BF00080020000000009C
:10EFB00010B50D4C836901F10C0282B003EB8203A2
:10EFC0002268019200225A6080690222C36802FA14
:10EFD00001F123EA0101C160019A23689A4201D13B
:10EFE00002B010BDF2F7DCF90008002000000000BC
:10EFF00010B50C4982690B6882B00193D368DC07B5
:10F0000007D4146924F001041461826943F00103F8
:10F01000D360019A0B689A4201D102B010BDF2F799
:10F02000BFF900BF00080020000000000000000041
:10F0300030B50C4C8569236883B00193EA680223DC
:10F0400003FA01F1114204D10A43EA608369C9431A
:10F050001961019A23689A4201D103B030BDF2F7D9
:10F060009FF900BF00080020000000000000000021
:10F0700010B5124C82B023680193F9F799F8F8F7AC
:10F080000FF9202383F31188F9F7FAF8F8F7C8F895
:10F09000F7F7F6FFF8F7E4F8F9F70AF9002383F336
:10F0A0001188F8F725F9019A23689A4204D102B031
:10F0B000BDE81040FAF70CB9F2F772F90008002029
:10F0C00010B50C4A0C4B11680C4C82B00020019119
:10F0D00007215C609860196001991368994206D114
:10F0E00008210B2002B0BDE81040FCF7B9B9F2F7D7
:10F0F00057F900BF0008002010E000E03F90020038
:10F1000000B5094A0949136883B00193CB6843F0FD
:10F110008003CB6001991368994202D103B05DF876
:10F1200004FBF2F73DF900BF000800200048004052
:10F130002DE9F047DFF89081604FD8F8003082B0B9
:10F140000193F9F735F8F8F7ABF8D7F85451D5F83B
:10F150000CA02B68DA059CB26ED4202383F31188AF
:10F16000F9F78EF8F8F75CF814F02F0F2DD0544E05
:10F17000A6F1040907E0A00669681DD42C68A4B2B2
:10F1800014F02F0F21D02307F5D014F0080F0CBF77
:10F1900000218021E00748BF41F02001A20748BFBD
:10F1A00041F04001630748BF41F480713046F9F7F0
:10F1B00007FDA0066968E1D5C9B24846FBF7F8FB30
:10F1C0002C68A4B214F02F0FDDD1F8F749F8F9F745
:10F1D0006FF8002383F311881AF0800F01D0220604
:10F1E00041D463060BD4F8F783F8019AD8F80030BD
:10F1F0009A4261D102B0BDE8F047FAF769B820231E
:10F2000083F31188F9F73CF8F8F70AF8F8F798F85B
:10F21000D7E911239A423BD04FF6BF730AEA0303A2
:10F220006FF04002EB602A60F8F71AF8F9F740F83F
:10F23000002383F31188D6E7202383F31188F9F79D
:10F240001FF8F7F7EDFF381D4FF40071F9F7B8FC20
:10F250006FF480732B60F8F703F8F9F729F80023AF
:10F2600083F3118879E7202383F31188F9F708F8ED
:10F27000F7F7D6FF1348F9F7C3FE002810DB6860E4
:10F28000F7F7EEFFF9F714F8002383F31188A8E7E6
:10F29000BB6B002BC0D010210948F9F791FCBBE7EC
:10F2A00008210748F9F78CFC4FF63F730AEA03037D
:10F2B00043F04003EB60E3E7F2F772F824550020D7
:10F2C00028550020545500200008002000000000B0
:10F2D00030B50A4D0A4C2B680A4A83B000212046FB
:10F2E0000193FBF7EDFA019A2B680749C4F8541112
:10F2F0009A4201D103B030BDF2F752F80008002065
:10F300002455002001F100080048004000000000E2
:10F3100070B5224E037A224C326882B0002918BFA1
:10F320000C46012B0546019229D0D5F854311D49D0
:10F3300020688B421ED01C4A93421BD01B4AB2FB52
:10F34000F0F29A60E28842F040021A61228942F0AB
:10F3500001025A61A28842F4045242F02C020021B8
:10F36000DA6019601A685B68019A33689A4213D1AF
:10F3700002B070BD0E4AB2FBF0F29A60E2E70D4BAC
:10F380009842D2D10C4A136C43F4802313640C21AD
:10F390002720FCF71DF8C8E7F2F702F80008002064
:10F3A000203B0108001001400014014080DE800273
:10F3B00000BD010524550020003802400000000077
:10F3C00000B5074B83B01A680192019A1B689A42F4
:10F3D00004D103B05DF804EBFCF702BCF1F7E0FFE9
:10F3E00000080020000000000000000000000000F5
:10F3F00000B5094B094A196883B001911069019A57
:10F400001B689A4206D16FEAD01000F0010003B0E9
:10F410005DF804FBF1F7C4FF000800200010024073
:10F4200000B5074B83B01A680192019A1B689A4293
:10F4300003D1002003B05DF804FBF1F7B1FF00BF7A
:10F440000008002000000000000000000000000094
:10F4500000B5064B83B01A680192019A1B689A4264
:10F4600002D103B05DF804FBF1F79AFF0008002019
:10F470002DE9F04F01F10B05162D83B0064623D878
:10F48000102900F2B980F3F703FF1025182302209A
:10F49000C54F3B44A3F108025C68944200F06681CA
:10F4A000636823F003032344D4E902515A68E960F6
:10F4B00042F001028D6030465A60F3F701FF0834D4
:10F4C000204603B0BDE8F08F35F0070500F19480C9
:10F4D000A94200F29180F3F7DBFEB5F5FC7FC0F0A6
:10F4E00083816B0A00F08F80042B00F24681AB0908
:10F4F00003F1390003F1380CC300AB4F3B44A3F1D7
:10F5000008015C68A14206D10CE0002A80F21D814E
:10F51000E468A14206D0636823F003035A1B0F2A54
:10F52000F3DD60463C69DFF894C2644571D06368DE
:10F5300023F003035A1B0F2A00F34481002AC7E972
:10F5400004CC80F22681B3F5007F80F06981DB086E
:10F55000591C7A6857F83180C4F808804FF0010EC2
:10F560009B100EFA03F307EBC10E1343AEF1080232
:10F57000E2607B6047F83140C8F80C4082100124FB
:10F5800094409C424BD81C4206D120F003006400FA
:10F590001C4200F10400FAD007EBC009CE468046B9
:10F5A000DEF80C309E4507D122E1002A80F2298145
:10F5B000DB689E4500F01C81596821F003014A1B5D
:10F5C0000F2AF2DDD3E9028E5C1945F001055D607A
:10F5D00042F00105C8F80CE03046CEF80880C7E9D3
:10F5E0000444C4E902CC65605A500193F3F768FE05
:10F5F000019B03F1080463E700240C2320463360D9
:10F6000003B0BDE8F08F4FF4007340204FF03F0C83
:10F6100073E77B688210012494409C42B3D9BC6894
:10F62000636823F00309A94503D3A9EB05030F2B56
:10F630007BDC5E4BDFF888A11A68DAF80030013312
:10F6400005EB020800F0488108F5805808F10F0822
:10F6500028F47F6828F00F0841463046F3F748FE4B
:10F66000B0F1FF3F834600F0048104EB09005845E8
:10F6700000F2FD804E4A13684344136000F04D8150
:10F68000DAF8001001311BBFABEB00001B18CAF801
:10F6900000B013601BF0070300F03481C3F10801D0
:10F6A000C3F580538B440833D844C8F30B08A3EB4D
:10F6B0000808414630460192F3F71AFE431C019AAE
:10F6C00000F04681A0EB0B01414441F001011368B9
:10F6D000C7F808B04344BC42CBF80410136015D0FF
:10F6E000B9F10F0F40F230816068A9F10C0121F0EF
:10F6F000070100F0010004EB010C08434FF0050E78
:10F700000F296060CCE901EE00F23A81294A2A48CB
:10F710001168BC688B42016888BF136062688B42C5
:10F7200022F0030288BF0360A7E0621943F00103DF
:10F7300045F0010565603046BA605360F3F7C0FDDF
:10F740000834204603B0BDE8F08F2344E1685A68CE
:10F75000A56842F00102E96030468D605A60F3F717
:10F76000AFFD0834204603B0BDE8F08FDC68A3424B
:10F7700008BF02303FF4D6AE92E6142B71D9542B59
:10F7800000F2AD802B0B03F16F0003F16E0CC30090
:10F79000B3E6234430465A6842F001025A60083406
:10F7A000F3F78EFD8CE600BFF4100020AC5600206D
:10F7B0007C560020A4560020A8560020FC100020F3
:10F7C000FC140020611945F0010E42F00105C4F857
:10F7D00004E03046C7E90411C1E902CC4D60E250B3
:10F7E000F3F76EFD08346BE6E80805F108034FE611
:10F7F00008F1010818F0030F0EF1080E7FF4D0AEE7
:10F8000052E019441C464A68DB6854F8085F42F02D
:10F8100001024A603046EB609D60F3F751FD4FE610
:10F820005A0A042A35D9142A6FD802F15C01C9009A
:10F830005B3207EB010E7958AEF1080E8E4558D0B9
:10F840004A6822F003029A4202D989688E45F7D1AC
:10F85000D1F80CE07B68C4E9021ECEF80840CC6009
:10F860008CE603F15C0003F15B0CC30045E6BC428F
:10F8700072D0BC68626822F003029542A2EB0503D5
:10F8800002D80F2B3FF751AF3046F3F719FD002494
:10F8900016E69A0902F13901C9003832C9E7D9F8E8
:10F8A0000090994540F0838010F0030FA9F1080300
:10F8B00000F1FF30F3D17B6823EA04037B6064002E
:10F8C0009C423FF6ACAE1CB9A9E6640008F10408FE
:10F8D0001C42FAD040465FE608F11008BCE6B3F5DA
:10F8E000AA7F26D8EB0B03F1780003F1770CC30055
:10F8F00003E67B6892104FF0010808FA02F2134306
:10F900007B60A8E74FF48053CEE6542A29D81A0B1F
:10F9100002F16F01C9006E328BE7C0F30B010029C1
:10F920007FF4AEAE09EB0802B96842F001024A600A
:10F93000ECE640F2545293421CD8AB0C03F17D002C
:10F9400003F17C0CC300D8E50123CBF804309BE71E
:10F9500001214FF00008BAE6164A136843441360C9
:10F960008EE6B2F5AA7F14D8DA0B02F17801C9004D
:10F9700077325EE74FF47E737F204FF07E0CBCE55C
:10F9800004F108013046019202F09AFB019A1368D3
:10F99000BCE640F254518A4205D89A0C02F17D012E
:10F9A000C9007C3245E74FF47E717E2241E77B68D7
:10F9B00085E700BF7C56002000000000000000002A
:10F9C00082B049B15AB16BB113780B601278101C38
:10F9D00018BF012002B0704701A9002AF3D11046D8
:10F9E00002B070476FF00100F4E700BF00000000B4
:10F9F000F0B4860743D0541E002A3ED0CAB2034654
:10FA000002E014F1FF3438D303F8012B9D07F8D13D
:10FA1000032C2BD9CDB245EA05250F2C45EA054527
:10FA200016D9A4F110073F0903F1200606EB0716CB
:10FA300003F1100242E9045542E902551032B24284
:10FA4000F8D104F00F040137032C03EB07130DD991
:10FA50001E462246043A032A46F8045BFAD8221FBF
:10FA600022F003020432134404F003042CB1C9B29F
:10FA70001C4403F8011B9C42FBD1F0BC70471446A8
:10FA80000346C5E700000000000000000000000081
:10FA90000CB430B5214B00299DB01C6838DB4FF405
:10FAA000027302900690ADF8143021A819D00139E4
:10FAB0000346209A0491079101904FF6FF7502A921
:10FAC0002046ADF8165000F0C3F8421C01DA8B2333
:10FAD0002360029B00221A701DB0BDE8304002B0C6
:10FAE000704703460491079101904FF6FF75209AE5
:10FAF000ADF8165002A9204600F0AAF8431C04DB1A
:10FB00001DB0BDE8304002B070478B232360F7E79B
:10FB10008B2323604FF0FF30F2E700BF5C0B002027
:10FB200080EA0102844612F0030F4FD111F0030F57
:10FB300032D14DF8044D11F0040F51F8043B0BD0B5
:10FB4000A3F101329A4312F0803F04BF4CF8043B0A
:10FB500051F8043B16D100BF51F8044BA3F1013218
:10FB60009A4312F0803FA4F101320BD14CF8043BD0
:10FB7000A24312F0803F04BF51F8043B4CF8044B01
:10FB8000EAD023460CF8013B13F0FF0F4FEA332372
:10FB9000F8D15DF8044B704711F0010F06D011F851
:10FBA000012B0CF8012B002A08BF704711F0020F3F
:10FBB000BFD031F8022B12F0FF0F16BF2CF8022B2A
:10FBC0008CF8002012F47F4FB3D1704711F8012B4D
:10FBD0000CF8012B002AF9D1704700BF000000008B
:10FBE00040EA01039B0770B42AD1032A28D90C46A6
:10FBF0000346214654F8046BA6F1013525EA0605B3
:10FC000015F0803F06D1043A032A43F8046B2146DD
:10FC1000EFD89AB10C781C70013A01333CB16AB14B
:10FC200011F8014F03F8014B013A002CF7D12AB12A
:10FC30001A44002103F8011B9342FBD170BC7047AA
:10FC40000346E6E70000000000000000000000009E
:10FC50002DE9F04FC1B00C46089191460B930990E5
:10FC600002F026FB036814931846F1F771F9A38993
:10FC700013901D0603D52369002B00F018879FED14
:10FC8000947B00238DED107BCDE924330DF1C0086A
:10FC90000F93129315930693CDF88C80C246CB46F2
:10FCA0009BF80030002B00F09980252B5C4602D198
:10FCB0001CE0252B03D014F8013F002BF9D1A4EB55
:10FCC0000B0585B1DDE9243201332A44072BCAF83C
:10FCD00000B0CAF80450CDE9243277DC0AF1080AF2
:10FCE000069B2B4406932378002B77D000231A46DB
:10FCF0008DF86F30194607931F464FF0FF30637839
:10FD0000059004F1010B0BF1010B9946A9F12003B9
:10FD1000582B00F27583DFE813F0C30273037303FB
:10FD2000BE02730373037303730373037303B2029B
:10FD3000AD02730367034C0373036C03B600B60094
:10FD4000B600B600B600B600B600B600B600730343
:10FD500073037303730373037303730373037303F3
:10FD600073033703E4027303E4027303730373033F
:10FD70007303DF0273037303A50073037303730339
:10FD8000730373037500730373038D0273037303AB
:10FD900073037303730373037303730373037303B3
:10FDA0007C012F01E402E402E4022A012F01730323
:10FDB00073031D0173030901A700CA00C500730383
:10FDC000E1007303770073037303CB0223AADDE919
:10FDD000081002F0A5FD40B9C24681E7259B23B17A
:10FDE0000998089923AA02F09BFD089B9B8913F0B0
:10FDF000400F069B18BF4FF0FF330693069841B0A3
:10FE0000BDE8F08F47F01007BE0640F127850B9D37
:10FE1000073525F0070303F10802D3E900450B92EB
:10FE20000123059A002601328DF86F6000F02884C6
:10FE300027F08002039254EA050240F0C080059A40
:10FE4000002A40F0B086002B40F0D68417F0010362
:10FE50000A9300F0488540AB1A46302302F8413D32
:10FE60000D92CDE047F0100717F0200300F0008559
:10FE70000B9D073525F0070303F10802D3E9004580
:10FE80000B920023CDE7A9F1300300201BF8019B62
:10FE900000EB800003EB4000A9F13003092BF5D9FA
:10FEA000079033E747F020079BF800302BE70B9AC9
:10FEB000094B14681293043247F63003ADF87030E2
:10FEC00047F002070B92002502234FF07809A8E7BC
:10FED0000000000000000000743C01080B9A136849
:10FEE0000D9300248DF86F40151D002B00F00B863C
:10FEF000059A531C00F0B38621460D98F1F798F847
:10FF0000002800F094870D9B0594C31A0A930B9563
:10FF1000039723EAE3739DF86F6004930E94002E19
:10FF200000F08980049B0133049384E0002A41F0AF
:10FF3000A4800B9AB90652F8043B0B9200F112858B
:10FF4000FA0600F106867F0640F10386BDF8182008
:10FF50001A80A5E69BF800306C2B03BF9BF801309C
:10FF600047F020070BF1010B47F01007CBE647F0F5
:10FF700040079BF80030C6E6002A41F06080BC06CE
:10FF800040F10A820B9D073525F00703D3E90045B0
:10FF900003F108020B92002C75F10003C0F2AF844C
:10FFA000059B9DF86F60013300F0B48427F0800258
:10FFB000039254EA05024FF001033FF440AF012BD6
:10FFC00000F06283022B00F08283414600E011467C
:10FFD000E20842EA4572E80804F0070305461446C1
:10FFE000303354EA050001F8013C01F1FF32EED153
:10FFF00003980D92C00700F15984A8EB02030A93FD
:020000040801F1
:10000000059B0A9A9342B8BF1346049300230E93AC
:1000100085E70B9900230A688DF86F301E468DF82E
:10002000982001230A1DCDE90373CDE90A3226ABDE
:1000300005960E960D93039B13F0020702D0049BC6
:1000400002330493039B259C13F084030C933FD14C
:10005000079B049A9D1A002D3ADD102D249B29DD63
:1000600052462146AA461026DDE9085406E0AAF1C8
:10007000100ABAF1100F02F1080218DD0133BB4873
:100080001031072BCDE92431C2E90006EFDD23AAA8
:100090002946204602F044FC00287FF4A6AEAAF1CF
:1000A000100ABAF1100FDDE924314246E6DC55466C
:1000B0000C4692460133AD4A2C44072BCDE924343B
:1000C000CAE9002500F349859DF86F600AF1080A26
:1000D00076B1249B013301340DF16F010122072B0E
:1000E000CDE92434CAE9001200F3DB820AF1080AE0
:1000F0006FB1249B013302341CA90222072BCDE9E6
:100100002434CAE9001200F3D7820AF1080A0C9BD2
:10011000802B00F0E781059B0A9A9D1A002D31DDA6
:10012000102D249A924F22DD534621461026DDE9F8
:1001300008A404E0103D102D03F1080315DD013281
:100140001031072ACDE92421C3E90076F2DD23AA84
:100150005146204602F0E4FB00287FF446AE103DF5
:10016000102DDDE924214346E9DC9A460C46013294
:100170002C44072ACDE92424CAE9007500F3BC8287
:100180000AF1080A039BDF0500F15081249B0D9AB8
:10019000CAF800200A9ACAF8042001331444072B35
:1001A0002594249300F30E820AF1080A039B5A0750
:1001B00031D5079B049A9D1A002D2CDD102D249B10
:1001C0001FDD1026DDE9089704E0103D102D0AF12F
:1001D000080A16DD0133654A1034072BCDE92434B3
:1001E000CAE90026F1DD23AA4946384602F098FB09
:1001F00000287FF4FAAD103D102DDDE92434C2460D
:10020000E8DC0133594A2C44072BCDE92434CAE9F0
:10021000002500F35E83DDE9063204998A42ACBF13
:100220009B185B180693002C40F0958100232493C3
:10023000C24635E5002A40F010874E4B1293B906AE
:100240003DD50B9D073525F00703D3E9004503F1A4
:1002500008020B92FE0740F1D18054EA050300F03A
:10026000CD8030238DF870308DF8719047F0020703
:100270000223D6E59BF8003001222B2143E50B98A1
:100280009BF8003004680794002C00F10400C0F2D1
:100290000A840B9037E547F001079BF8003032E500
:1002A0009BF8003000297FF42EAD012220212AE5A1
:1002B000002A40F0E686304B1293B906C1D40B9B5E
:1002C000FA0653F8044B0B9300F111837B0640F1BF
:1002D0000E83A4B20025BDE747F008079BF8003065
:1002E00011E5002A40F0BD860B9D073525F0070576
:1002F00095ED007B52EC171B22F0004317938DED18
:10030000167A05F10804DDE916014FF0FF321B4BA8
:100310000B948DED107BF0F763FF002840F03183E4
:100320004FF0FF32154BDDE91601F0F73BFF0028D7
:1003300040F0278300220023DDE91001F0F728FFB9
:10034000002840F025859DF86F600D4A0D4B032174
:10035000002027F08004B9F1470FD8BF1A46CDE935
:10036000041003940D920A910E90D8E5903C010878
:10037000A03C0108603C0108743C0108FFFFEF7FCE
:10038000543C0108503C0108002A40F06E8647F0BA
:100390001007BC063FF5F6AD0B9BF80653F8044B6F
:1003A0000B9300F1A682790640F1A38224B2E517EF
:1003B000F1E59BF80090B9F12A0F0BF1010000F074
:1003C0001886A9F13003092B834600F20785002027
:1003D0001BF8019B00EB800003EB4000A9F1300308
:1003E000092BF5D9059091E49BF8003047F00407FC
:1003F00089E447F080079BF8003084E4022310E58D
:10040000002A40F03686B9F1000F3FF4E7AC002334
:1004100001221E468DF86F3005930E9326AB049291
:100420008DF8989003970A920D9304E6B9F1650F41
:1004300040F3D38000220023DDE91001F0F79EFE97
:10044000002800F06981249BB14ACAF800200133DA
:1004500001340122072BCDE92434CAF8042000F32B
:10046000CE830AF1080A1D9B0F9A259C934280F2C5
:100470002B82249B149ACAF80020139ACAF80420ED
:1004800001331444072BCDE9243400F331830AF1FE
:10049000080A0F9B5D1E002D7FF788AE102D249A51
:1004A0009C4F40F3858323461026DDE9084905E08B
:1004B0000AF1080A103D102D40F379830132103300
:1004C000072ACDE92423CAE90076F1DD23AA2146D3
:1004D000484602F025FA00287FF487ACDDE92423A2
:1004E000C246E7E7079B049A9D1A002D7FF713AEDB
:1004F000102D249A874F22DD534621461026DDE930
:1005000008A404E0103D102D03F1080315DD0132AD
:100510001031072ACDE92421C3E90076F2DD23AAB0
:100520005146204602F0FCF900287FF45EAC103DF5
:10053000102DDDE924214346E9DC9A460C460132C0
:100540002C44072ACDE92424CAE9007500F33A8334
:100550000AF1080ADFE523AADDE9081002F0E0F954
:1005600000283FF463AE40E423AADDE9081002F05E
:10057000D7F900287FF439AC1D9B259CC2461BB9D6
:100580000F9A002A00F07583249A1499CAF8001073
:100590001399CAF8041001320C44072A25942492B6
:1005A00000F350840AF1080A002BC0F287840F9BE5
:1005B0000D9901321C44072ACDE92424CAE900130D
:1005C0007FF7F2AD23AADDE9081002F0A9F90028AF
:1005D0007FF40BAC259CC246E8E50F9A249B012AC8
:1005E00004F1010403F101050AF1080640F34A8110
:1005F00001230D9ACAF80020072DCDE92454CAF82A
:10060000043000F3B882139B149A01351C44072D63
:10061000CDE92454C6E9002300F3B98208366B1CE7
:100620001F46B9460F9F0A93013F00220023DDE9D0
:100630001001059706F1080AF0F7A0FD002840F028
:10064000E1800D9B776001333C44B9F1070F3360C3
:100650002594CDF8909000F33B8206F1100305F14C
:10066000020956469A46159A726014441FABB9F1B6
:10067000070F2594CDF8909033607FF797ADA1E7F1
:10068000012B03977FF49EAC002D08BF0A2C80F04D
:10069000478140AB303403F8414D0D9301230A9359
:1006A000AEE423AADDE9081002F03AF900287FF44D
:1006B0009CAB259CC2461BE523AADDE9081002F08D
:1006C0002FF900287FF491AB259CC2461FE5129FAD
:1006D0004246230904F00F0043EA057329091C462A
:1006E0000D463B5C02F8013D54EA0503F1D1A8EB4D
:1006F00002030D920A9383E423AADDE9081002F0B5
:100700000FF900287FF471AB259CC2463AE500BF83
:1007100074320108A03C01081D9B002B40F35E824F
:10072000DDE90E329342A8BF1346002B1D460EDDB5
:10073000249B0D9ACAF8002001332C44072B2594E2
:10074000CAF80450249300F318830AF1080A0E9B98
:10075000002DA8BF5B1B002B1D4600F380811D9B55
:100760000F9A9342C0F2E481039AD00700F1E0812E
:100770000F9A0E98D31A151A9D42A8BF1D46002D38
:100780000FDD249A0D99CAF80450013201442C441B
:10079000072ACAF80010CDE9242400F323830AF1C4
:1007A000080A002DACBF5D1B1D46002D7FF7FEAC77
:1007B000102D249AC54F40F3FB8123461026DDE916
:1007C000084905E00AF1080A103D102D40F3EF81B9
:1007D00001321033072ACDE92423CAE90076F1DD7E
:1007E00023AA2146484602F09BF800287FF4FDAA80
:1007F000DDE92423C246E7E7059B0A93CDF8348060
:10080000FFF7FEBB059A002A7FF72DAF102AAF4FE6
:1008100040F3EA83334692464FF0100922460A9D80
:10082000DDE9086407E00833AAF1100ABAF1100FF5
:1008300040F3EF8101351032072DCDE92452C3E991
:100840000079F0DD23AA3146204602F069F800283D
:100850007FF4CBAADDE924524346E5E70B9BFD0676
:1008600053F8044B0B9376D500250123FFF7D9BA33
:100870000B9A52F8044B0B9217F0100279D0002516
:10088000FFF7CFBA039AD1073FF5B2AE01220D9917
:10089000CAF80010072DCDE92454CAF8042000F34B
:1008A000178103F102090AF1100ADCE6302B00F08F
:1008B00039810D9A0239302302F8013CA8EB01037B
:1008C0000A930D91FFF79CBB039BDE073FF5D1AD6B
:1008D0006CE423AADDE9081002F022F800287FF476
:1008E00084AA259C97E4CDF83480FFF789BB0025C6
:1008F000B0E4E517002C75F10003BFF651AB059B82
:1009000064424FF02D0665EB450501338DF86F60AD
:100910007FF44CAB002D08BF0A2C0397FFF4B9AE4F
:100920004746204629460A220023F0F7E9F83032EC
:1009300007F8012D2046294600230A22F0F7E0F8A7
:1009400004460D4654EA0503EBD1A8EB07030D97C7
:100950000A93FFF755BB780648BFA4B200250123D0
:10096000FFF75FBA069A1046D117C3E90001FFF7F7
:1009700097B917F040031CBF1346A4B20025FFF738
:1009800050BADDE9100102460B46F0F729FC0028B9
:1009900040F00383059B5A1C29F0200600F0448296
:1009A000472E00F06B81119B47F48072002B03925D
:1009B000C0F20B829DED107B8DED187B00230C9314
:1009C000B9F1660F00F02082B9F1460F00F05C82A9
:1009D000452E00F0588121AA1EABCDE9003202213C
:1009E0001DAB059A09989DED180B00F001FCB9F1BB
:1009F000670F0D9040F02F83FB0740F169810D9B3D
:100A0000059A9C1800220023DDE91801F0F7B6FBD7
:100A1000002800F0CE8123460D9A9B1A0F93472E93
:100A20001D9B0E9300F05D81B9F1660F40F061816E
:100A30000E9B002B059B40F3D082002B40F0B98227
:100A4000FD0700F1B6820E9B04930A930C9B002BCA
:100A500040F07A8105939DF86F60FFF760BA102B24
:100A6000249A1A4F40F3EF8023461026DDE9084907
:100A700005E00AF1080A103D102D40F3E380013231
:100A80001033072ACDE92423CAE90076F1DD23AA31
:100A90002146484601F044FF00287FF4A6A9DDE97D
:100AA0002423C246E7E7644207940B909EE440216A
:100AB0000998FEF7DDFC089B18601861002800F01B
:100AC000C282089A40235361FFF7D9B8A03C0108BD
:100AD00023AADDE9081001F023FF00287FF485A98F
:100AE000DDE924340DF1C80A03F101094646BAE5EF
:100AF00023AADDE9081001F013FF00287FF475A98F
:100B0000259CC246C5E4059B0D9E0596062B28BF75
:100B1000062304930A93BA4B0B9503970E960D93F5
:100B2000FFF7FDB90D9BA8EB03030A93FFF768BA23
:100B3000249A1499CAF800101399CAF804100132C3
:100B40000C44072A2594249200F327810AF1080A0D
:100B50000EE6069A1A60FFF7A3B823AADDE908108B
:100B600001F0DEFE00287FF440A99DF86F60259C0F
:100B7000C246FFF7ADBA23AADDE9081001F0D0FEA6
:100B800000287FF432A9DDE9245446463BE523AA38
:100B9000DDE9081001F0C4FE00287FF426A9DDE994
:100BA000245446463BE5012B7FF40CAA71E51C4614
:100BB00001322C44072ACDE92424CAE900757FF7C5
:100BC000F3AAFFE423AADDE9081001F0A9FE00283A
:100BD0007FF40BA9259CC246FFF79DBA249A894948
:100BE000CAF80010013201340121072ACDE924247A
:100BF000CAF804103FF7B8AC0AF1080ABFE423AA08
:100C0000DDE9081001F08CFE00287FF4EEA8C24652
:100C100029E414461E46CDF814A005F1010903F19C
:100C20000802059BCDF890901C44B9F1070F25945C
:100C3000C6E900733FF74CAF09F1010902F1080A58
:100C4000164610E51C4601322C44072ACDE924241F
:100C5000CAE9007500F327810AF1080A7FE50D98BB
:100C60000594F0F775F90397CDE90A050346FFF7F8
:100C700050B9039AD5077FF599AA85E4002B08BFE0
:100C8000012305938FE6059B09985D1C21A91EABE6
:100C9000CDE900312A461DAB02219DED180B00F075
:100CA000A7FA0D90B9F1470F40F0C381FB0740F15F
:100CB000B9810D9BB9F1460F03EB05047FF4A2AE99
:100CC0000D9B1B78302B00F05A811D9D2C4499E61A
:100CD0001D9A219B0E920D9A472EA3EB02030F93B0
:100CE00007D10E9BDA1C02DB059A9A4233DAA9F18E
:100CF00002090E9B8DF87C90013B002B1D93BDBF1C
:100D00000E9BC3F101032D222B22092B8DF87D2090
:100D100000F30181303330228DF87F308DF87E2052
:100D200020AB1FAA9B1A0F9A1593012A13440A930A
:100D300040F349810A9B139A13440A9323EAE3730D
:100D4000049300230E9381E62D2600238DF86F6017
:100D50000593FFF7E7B8DDE90E318B42C0F28080E2
:100D6000F80740F105810E9B139A13440A9323EA76
:100D7000E37304934FF0670968E623AADDE90810DE
:100D800001F0CEFD00287FF430A8259CC246DEE4A9
:100D90002D268DF86F60FFF7D8BA23AADDE9081079
:100DA00001F0BEFD00287FF420A81D9B259CC246B3
:100DB000DEE4219BA342BFF42FAE30215A1C2192C6
:100DC0001970219B9C42F9D826E6DDE9101202F148
:100DD000004319932D2318910C93F1E500230593FB
:100DE000FEF794BF23AADDE9081001F099FD002861
:100DF0007EF4FBAF1D9B0F9A259CD31AC246D0E40C
:100E0000883C010874320108059D099821AA1EAB8F
:100E1000CDE9003203211DAB2A469DED180B00F0F1
:100E2000E7F90D9044194BE706230593BBE5059BB5
:100E300004930A9305900B9503970E909DF86F60AD
:100E4000FFF76DB823AADDE9081001F069FD00285D
:100E50007EF4CBAF1D9BDDE92424C246FFF7A4BB83
:100E6000139A0F9B13440E9A0A93002A06DC0E9BDA
:100E70000A9AC3F101031A4413460A9223EAE37360
:100E800004934FF06709E1E5059D099821AA1EAB7F
:100E9000CDE9003203211DAB2A469DED180B00F071
:100EA000A7F90D9005E723AADDE9081001F038FD48
:100EB00000287EF49AAF259CC24650E45D42103370
:100EC000724F1CDA1026DDF8249004E00AF1080ABB
:100ED000103D102D13DD01321034072ACDE92424F2
:100EE000CAE90076F2DD23AA0899484601F018FD08
:100EF00000287EF47AAFDDE92424C246E8E7013217
:100F00002C44072ACDE92424CAE900757DDC0AF1C6
:100F1000080AFFF74CBB0DF18B0420465C4D00E046
:100F20001046A5FB0312D20802EB8201A3EB41039A
:100F300003F130011346092B00F8011C00F1FF32C8
:100F4000EEDC30330238D9B2844202F8011C73D986
:100F50000DF17E00134601E013F8011B00F8011BA0
:100F60009C42F9D123AB9B1A0DF17E021344D8E6C3
:100F700023EAE37204920A934FF0670966E50022C0
:100F80000023DDE91801F0F7F9F800287FF49DAEA1
:100F9000C5F101051D952C4434E5119B3D4A002BFC
:100FA000B6BF2D269DF86F608DF86F603A4BFFF746
:100FB000CEB90E9B139A1344059A1A4422EAE2739F
:100FC0000A92049342E517F001030E937FF4B2AE48
:100FD0000A9B23EAE373049338E53BB9FC0705D485
:100FE000012304930A9331E552461AE6139B013319
:100FF000E2E70B9D9BF801302C68834644EAE474D9
:10100000281D05940B90FEF77EBE23AADDE908108B
:1010100001F086FC00287EF4E8AEDDE92424C24617
:10102000FFF7C5BA1D9A219B0E920D9A9B1A0F933A
:1010300057E60D9B5C19E5E40DF17E0371E68DF832
:101040006F10FEF79CBF099A0C2313604FF0FF331B
:101050000693FEF7D3BE059D24E68DF86F10FFF7CB
:10106000ECB88DF86F10FFF73FB98DF86F10FFF7F0
:101070008EB98DF86F10FFF7C6B98DF86F10FEF7B7
:1010800058BF8DF86F10FFF716B900BFA03C0108DC
:10109000CDCCCCCC5C3C0108583C010800000000E1
:1010A00021B1FF2A04D80A70012070470846704712
:1010B0008A2303604FF0FF30704700BF000000003C
:1010C0002DE9F04F03690F69BB4283B0C0F28680FF
:1010D000013F01F1140900F1140A59F827205AF8C8
:1010E0002730BC000132B3FBF2F80AEB0403009492
:1010F00009EB040B0193B8F1000F38D000252E4600
:10110000CE46D4465EF8044BDCF80030A2B208FBB1
:101110000255220C2C0C08FB0242ADB2751B96B294
:10112000C6EB134615FA83F306EB23469BB243EA5C
:101130000643F3454FEA12454CF8043B4FEA264676
:10114000E0D2009B5AF803308BB9019A131F9A45DD
:101150000CD252F8043C4BB9A2F1080302E01A6821
:10116000043B1AB99A4507F1FF37F8D307610446E3
:1011700001F0D6FA00282DDB08F1010855460023BE
:1011800059F8041B28688AB29A1A0B0C12FA80F2DA
:10119000C3EB104303EB224392B242EA0342CB4536
:1011A00045F8042B4FEA2343EAD25AF827200AEBEA
:1011B00087037AB91A1F92450BD253F8042C42B90F
:1011C000083B02E01A68043B1AB99A4507F1FF3759
:1011D000F8D32761404603B0BDE8F08F002003B08C
:1011E000BDE8F08F000000000000000000000000DB
:1011F0002DE9F04F55EC104B9BB0066C02918146E7
:1012000007920593CDE9004556B1426C7260012307
:101210009340B360314601F083F80023C9F84030B1
:10122000B5F10008249AB4BF012300231360764B64
:10123000BCBF28F00048CDF8048033EA080300F072
:10124000A680DDE900670022002330463946EFF72B
:1012500095FF054678B1059A01231360259B002B65
:1012600000F0C080694B259A03F1FF3B136058469C
:101270001BB0BDE8F08F18AA19A947EC106B4846BF
:1012800001F0E6FA5FEA1854824640F0A080DDE9FA
:1012900018542C4404F23243202B40F32E84C3F123
:1012A000400308FA03F8009B04F2124023FA00F00E
:1012B00048EA0000EFF766F901230646013CA1F178
:1012C000F8770F93304639460022514BEFF71CF860
:1012D00047A3D3E90023EFF7D3F947A3D3E90023CA
:1012E000EFF714F8064620460F46EFF75BF944A3E4
:1012F000D3E90023EFF7C4F902460B4630463946DE
:10130000EFF704F806460F46EFF7D2FB00220690EF
:10131000002330463946EFF73BFF002840F0738248
:10132000069E162E00F25D823A4B03EBC603D3E90C
:101330000001DDE90023EFF749FF002800F0D98321
:10134000731E069300230D932C1BB4F1010800F1CA
:10135000548200230893069B002BC0F245829844D8
:101360000C9300230B93029B092B5BD8052B40F3B6
:10137000C283043B02930025029B023B032B00F235
:101380009A84DFE813F0E103C103EA03F704059A46
:1013900042F20F731360009B83B9C8F313036BB958
:1013A000259BDFF874B0002B3FF461AF0BF108030D
:1013B000259A584613601BB0BDE8F08F259BDFF8D7
:1013C0005CB0002B3FF453AF0BF10303F0E7C7F31E
:1013D000130343F07F570F95A4F2FF3447F44017EF
:1013E000189D6FE7DFF838B058461BB0BDE8F08FA6
:1013F00061436F63A787D23FB3C8608B288AC63F1B
:10140000FB799F501344D33F0000F07F75320108F1
:101410000000F83F003E0108C03D0108CC3D010836
:10142000743201084FF0FF340125CDE9094500234E
:10143000029307930021C9F844100E94484600F027
:1014400047FF0E2C8346C9F8400000F2FB80002DB8
:1014500000F0F8809DED007B069900298DED107B52
:1014600040F3E7839D4B01F00F0203EBC20393EDC2
:10147000007B0C11E2068DED007B40F1A184984BBE
:10148000DDE91001D3E90823EFF724FACDE91201D1
:1014900004F00F0403267CB1DDE90001904DE30761
:1014A00004D5D5E90023EFF7EBF80136641005F118
:1014B0000805F4D1CDE90001DDE90023DDE91201E1
:1014C000EFF708FACDE900010D9B43B10022854BEF
:1014D000DDE90001EFF75CFE002840F003853046AF
:1014E000EFF760F8DDE90023EFF7CAF87E4B002242
:1014F000EEF70CFF099B0646A1F15077002B00F098
:101500001E84069B1693099B1293DDE90001EFF7F9
:10151000CFFA129A714B03EBC20313ED027B00F179
:1015200030058DED147BEFF73DF80B460246DDE903
:101530000001CDE90067EEF7E7FE0A9BEDB2064633
:101540000F460BF10104002B00F05B84DDE914234E
:1015500000206649EFF7BEF9DDE90023EEF7D4FE7F
:101560008BF8005032463B46CDE90001EFF72EFEE6
:10157000002840F0068532463B4600205949EEF7E8
:10158000C3FE02460B46DDE90001EFF71FFE00280F
:1015900040F0FF84129A012A50D05A44CDF85C8062
:1015A000CDF848A0CDF850B09246CB46DDE9008991
:1015B0000CE000204B49EEF7A7FE42464B46EFF702
:1015C000E7FD002840F0E084544530D040464946CD
:1015D0000022474BEFF754F80022454B80468946DE
:1015E00030463946EFF74CF80F460646EFF760FAFB
:1015F0000546EEF7D7FF02460B4630463946EEF772
:1016000083FE3035EDB242464B4604F8015B064698
:101610000F46EFF7BDFD32463B460028C9D0169B6A
:10162000DDF848A00693D946DDF850B038E2D94637
:10163000DDF85C80DDF848A0DDF850B0DDE910345D
:10164000CDE90034199B002BC0F2AE80069A0E2A19
:1016500000F3AA80214B03EBC20393ED007B079BB1
:10166000002B8DED027BC0F2C082DDE90067DDE971
:10167000022330463946EFF72DF9EFF719FA054600
:10168000EEF790FFDDE90223EEF7FAFF0B46024684
:1016900039463046EEF738FE05F130038BF800305E
:1016A000099B012B06460F460BF1010453D0002283
:1016B0000F4BEEF7E5FF0022002306460F46EFF73B
:1016C0005DFD002840F0EC81CDF800A0CDF81C9025
:1016D000DDF82480DDE9029A17E000BF003E010832
:1016E000D03D01080000F03F00001C400000E03F3A
:1016F00000002440EEF7C4FF0022002306460F46F8
:10170000EFF73CFD002840F03F834A465346304601
:101710003946EFF7DFF8EFF7CBF90546EEF742FF72
:101720004A465346EEF7ACFF02460B463046394672
:10173000EEF7EAFD05F1300C04F801CBA4EB0B0C3D
:10174000E04506460F464FF00002C24BD2D1DDF80D
:1017500000A0DDF81C9032463B4630463946EEF795
:10176000D5FDDDE9022306460F46EFF72FFD58B9F8
:10177000DDE9022330463946EFF700FD002800F08E
:101780008F81E90740F18C8114F8015C05E09B45ED
:1017900000F0768313F8015C1C46392D04F1FF3309
:1017A000F5D001351D707BE10A9A002A3BD0029AE0
:1017B000012A40F30D82099B5F1E0B9BBB42C0F2C6
:1017C000E882DF1B099B002BC0F20E83089A1446A7
:1017D0001A44984408920121484600F041FE05460B
:1017E00024E001230D93AFE5089A069BD21A5B42D1
:1017F0000B93002308920C93B5E5C4F10103089301
:101800004FF00008A7E5DDF818804046EEF7CAFE65
:1018100032463B46EFF7B2FC00287FF481AD08F179
:10182000FF3306937CE50B9F089C0A9D002C0CDD82
:10183000B8F1000F09DD4445089A2346A8BF434686
:10184000D21A0892E41AA8EB03080B9B6BB10A9A10
:10185000002A00F09282DE1B002F40F09D8151464D
:101860003246484600F0B4FE82460121484600F068
:10187000F7FD0C9A0646002A40F02781029B012BB7
:1018800040F36E810120404410F01F0000F01B81E6
:10189000C0F12003042B40F3B083C0F11C00089B6F
:1018A0000344089304448044089B002B05DD514603
:1018B0001A46484600F0DCFE8246B8F1000F05DD0E
:1018C00031464246484600F0D3FE06460D9B002BAB
:1018D00078D1099B002B40F30B820A9B002B00F070
:1018E0008A80002C00F36D810C9B002B40F0CF818F
:1018F000A846009ACDF82CB002F001020A92099A8B
:101900000BF1FF331A445F460992B34659465046DD
:10191000FFF7D6FB29460446504600F001FF594622
:1019200006464246484600F01BFF04F13003009390
:10193000C3680146002B40F0D6810890504600F065
:10194000EFFE089A07901146484600F0E9FC079B15
:1019500033B9029A22B90A9B002B00F01D83029B27
:10196000002EC0F21E8205D1029A1AB90A9A002AE4
:1019700000F01782002B07F1010400F328829DF884
:1019800000303B70099BBB4200F03282514600237D
:101990000A22484600F0D4FC4545824629464FF0CD
:1019A00000034FF00A02484600F0978100F0C8FC9F
:1019B0004146054600230A22484600F0C1FC27465E
:1019C0008046A3E73146504600F0AAFE002880DAA0
:1019D000069F514600230A224846013F069700F021
:1019E000AFFC0A9B8246002B40F0EE820E9B002B40
:1019F00040F3F68209935C46DDF8248002E000F0B3
:101A00009FFC824631465046FFF75AFB00F13007F3
:101A100004F8017BA4EB0B0398454FF00A024FF04A
:101A2000000351464846EADC0023009702935146E2
:101A30000122484600F01CFE3146824600F070FE4E
:101A4000002814F8012C15DC09D1009BDB0711D408
:101A500005E000BF0000244014F8022C1C46302A88
:101A600004F1FF33F8D00BE09B4500F04E8113F8F2
:101A7000012C1C46392A04F1FF33F5D001321A70CB
:101A80003146484600F04CFC55B1029921B1A942BB
:101A900002D0484600F044FC2946484600F040FC8D
:101AA0005146484600F03CFC0022069B2270059AF5
:101AB00001331360259B002B3FF4D9AB58461C60C3
:101AC0001BB0BDE8F08F1C20E9E60146484600F057
:101AD0007FFD029B012B064640F3D48000230C932C
:101AE000336906EB8303186900F06AFCC0F120003B
:101AF000C9E60D9028E401253EE4C3F12008009BCF
:101B000003FA08F0FFF7D6BB00230A93DDE906329B
:101B100013440E930133012B1E460993B8BF0126CF
:101B20000021172EC9F84410099C7FF787AC0122C9
:101B300004235B0003F11400B042114602F10102DC
:101B4000F7D9C9F8441079E400230A93079E002EC0
:101B500040F3E2800E960996E2E701230A93F5E747
:101B6000009B002B7FF48EAEDDE90012C2F313035D
:101B7000002B40F0938122F000431B0D1B052BB17D
:101B8000089B0133089308F1010801230C9A0C9378
:101B9000002A3FF477AEA3E73A462946484600F0CC
:101BA00017FD524601460546484600F069FC51467D
:101BB0000746484600F0B4FBBA46002E3FF455AE47
:101BC0004DE629462246484600F052FD05468BE682
:101BD0000F9A002A00F05E8103F23343089A0B9FAC
:101BE00014461A4498440892F5E5099B002B3FF7E8
:101BF0003CAD40F0BC8051EC170B0022B34BEEF72C
:101C00003FFDDDE90023EFF7D7FA099E35460028AE
:101C100076D1069A3123013206928BF800300BF10F
:101C200001043146484600F07BFB002D7FF434AFC1
:101C300036E700F04381069B5C42A54B04F00F029F
:101C400003EBC203D3E90023DDE91001EEF718FD31
:101C50002411CDE9000100F0C8819E4D0023022629
:101C6000E70705D5D5E90023EEF70AFD0136012384
:101C7000641005F10805F3D1002B3FF425ACCDE944
:101C8000000121E4009B002B3FF46EAF26E769685A
:101C9000484600F01DFB2B6902339A00044605F10B
:101CA0000C010C30EFF7B4F821460122484600F051
:101CB000DFFC80461DE60024C9F844402146484622
:101CC00000F006FB4FF0FF330E9309930123834688
:101CD0000794C9F840000A93B4E400F031FB2746AA
:101CE0000546804612E6484600F01AFB012337E617
:101CF000029B022B7FF7F1AD099B002B00F0D080F7
:101D0000079BDB4306935C468BE7069A312301323F
:101D100006928BF80030B3E6012409940794FFF78C
:101D200089BB3046EEF73EFCDDE90023EEF7A8FC68
:101D30000022694BEEF7EAFA0646A1F1507700223D
:101D4000624BDDE90001EEF7DFFA32463B4604461E
:101D50000D46EFF73BFA002850D1324607F1004319
:101D600020462946EFF714FA00283FF467AC002616
:101D70003546C5E701230A93C8E651460B9A484603
:101D800000F026FC824670E5DDF800A0DDF81C902E
:101D900086E60B9B0C9AFB1A1A44CDE90B720027BE
:101DA00010E5002B02945E4607F10104DDF82CB02B
:101DB00000F3BC809DF8003002953B7045465FE61D
:101DC0009DED107B02268DED127BFFF764BB009B1F
:101DD000392B5E46DDF82CB000F0BA80009B0295EE
:101DE00001333B7045464BE6DDE908329C1AF2E4CC
:101DF0005E460295DDF82CB0454618E600263546CD
:101E000007E7DDE91423DDE90001EEF739FC129B59
:101E10008BF80050012BCDE9000120D0129BCDF8AA
:101E200048805B44984600222C4B30463946EEF7FA
:101E300027FC0F460646EEF73BFE0546EEF7B2FBE3
:101E4000303502460B4630463946EEF75DFA04F867
:101E5000015B444506460F46E5D1DDF84880204B3E
:101E60000022DDE90001EEF751FA32463B46EFF77A
:101E70008FF9002871D0169B069314F8015C8CE44E
:101E800030238BF80030069B14F8015C0133069375
:101E90005B4686E4189BC3F136039FE6002375E694
:101EA00031460522484600F04BFA014606465046A8
:101EB00000F036FC00283FF7ACAE21E79DED107B2B
:101EC00002268DED007BFFF7FFBA00BF0000144033
:101ED000003E0108D03D010800001C4000002440E5
:101EE0000000E03F099B002B3FF41BAF0E9C002C31
:101EF0007FF7A4AB0022454BDDE90001EEF7C0FB04
:101F0000CDE90001701CEEF74DFBDDE90023EEF793
:101F1000B7FB3F4B0022EEF7F9F9069B1294013B09
:101F20000646A1F150771693FFF7EFBA514601220A
:101F3000484600F09DFB3146824600F0F1FB002848
:101F40003BDD009B392B03D0029B3133009331E7FB
:101F5000392202953A7045468CE5DDE900230020E0
:101F60002C49EEF7D1F932463B46EFF72FF910B97D
:101F7000FFF764BB144614F8013C302B04F1FF3228
:101F8000F8D0169B06938BE5D946DDF848A0DDF81E
:101F900050B0169B069300E4009B392B2146324635
:101FA00007F101045E46DDF82CB0D1D0002A7FF79E
:101FB00001AF0B4631330093FCE67FF4FBAE009B90
:101FC000DA077FF5F7AEBCE7294600230A22484628
:101FD00000F0B6F90E9B002B054609DD099380E45D
:101FE000029B022B0EDC0E9B04E50226FFF76CBA67
:101FF000029B022B06DC0E9BF0E73FF455ACC0F1D0
:102000003C004CE40E9B099376E600BF00002440A0
:1020100000001C400000E03F000000000000000045
:10202000F8B5244F0C460646F1F732F9BB685D68F7
:10203000C4F57E610F3125F00305294421F47F6149
:1020400021F00F01A1F58054B4F5805F07DB00217A
:102050003046F1F74DF9BB682B44984204D0304626
:10206000F1F72EF90020F8BD61423046F1F740F952
:1020700001300DD0104BBA6819682D1B45F00105D1
:102080003046091B55601960F1F71AF90120F8BDB7
:1020900000213046F1F72CF9BA68831A0F2BDEDDE8
:1020A000064C0549246843F00103001B5360086097
:1020B000D5E700BFF41000207C560020FC1400205F
:1020C000002953D0F8B50C460646F1F7E1F854F86C
:1020D00004CC714F2CF00101A4F108056B18B8680D
:1020E0005A68984222F0030253D01CF0010F5A6044
:1020F00003EB02003BD154F808CC4068A5EB0C057B
:1021000007F1080EAC687445614400F0010075D019
:10211000D5F80CC0C4F80CC0CCF8084060B341F04E
:1021200001036B606950B1F5007F50D34B0A042B5B
:1021300070D88B0903F13904E40003F1380238192F
:102140003B590838984278D05A6822F003028A42F4
:1021500071D99B689842F7D1C368C5E902039D60B5
:10216000C5603046BDE8F840F1F7AAB8704740684E
:1021700000F001000028D2D19868484C1144A042D8
:1021800041F0010262D0DB68C36098606A60695008
:10219000C9E71CF0010F0A4407D154F8083CED1AB6
:1021A0001A44D5E90213CB6099603D4B1B6842F09D
:1021B000010193426960BD6004D83A4B304619680A
:1021C000FFF72EFF3046BDE8F840F1F779B8C908AF
:1021D00078684A1C012389108B40034307EBC20136
:1021E00057F832007B600839C5E9020147F83250E0
:1021F000C5603046BDE8F840F1F762B8002845D127
:102200000A44D3E9021342F00100CB609960686090
:10221000AA50D7E7142B08D9542B1ED80B0B03F167
:102220006F04E40003F16E0289E703F15C04E4004B
:1022300003F15B0283E718468EE793107968012269
:1022400002FA03F30B437B60034686E7C7E90455B4
:10225000C5E902006A606950B4E7B3F5AA7F06D801
:10226000CB0B03F17804E40003F1770267E740F257
:102270005452934206D88B0C03F17D04E40003F121
:102280007C025CE74FF47E747E2258E741F0010245
:102290006A60196096E700BFF4100020FC1000206F
:1022A00000150020AC5600200000000000000000D7
:1022B000044A054B1268506B002808BF1846F030DE
:1022C000704700BF5C0B0020880F0020000000005A
:1022D000C36C70B505460C464BB153F8240080B171
:1022E000026843F824200023C0E9033370BD212293
:1022F000042100F095FB0346E8640028EDD100209E
:1023000070BD012101FA04F6721D2846920000F00A
:1023100087FB0028F3D0C0E90146E4E70000000095
:1023200031B1C36C4A6853F82200086043F82210A8
:10233000704700BF00000000000000000000000027
:10234000F0B50C6983B00D46064601F1140C002768
:10235000DCF8000081B202FB0133010C180C02FB17
:1023600001019BB2013703EB0143BC424CF8043B33
:102370004FEA1143ECDC3BB1AA68A24207DD05EB52
:102380008402013453612C61284603B0F0BD6968B2
:10239000019301313046FFF79BFF2A69023205F1B4
:1023A0000C01074692000C30EEF732FDF26C6968C2
:1023B000019B52F82100286042F821503D46DEE79B
:1023C000020C12040346C2B90304102013F07F4F1D
:1023D00004BF1B02083013F0704F04BF1B01043010
:1023E00013F0404F04BF9B000230002B04DB5B0066
:1023F00001D501307047202070470020E6E700BF7C
:10240000036813F00702014607D0DA071FD49807C4
:102410001FD55B080B600120704798B2A0B1104631
:1024200013F0FF0F04BF1B0A08301A0704BF1B0973
:1024300004309A0704BF9B080230DA0702D45B0815
:102440000BD001300B6070471B0C1020E8E7002018
:1024500070479B080B60022070472020704700BF28
:1024600010B50C460121FFF733FF0122C0E9042417
:1024700010BD00BF000000000000000000000000D0
:102480002DE9F04F0E691469A64283B00F46154638
:1024900004DA32462F4626460D461446D7E9011384
:1024A00006EB04084345B8BF0131FFF711FF00F107
:1024B000140909EB880EF145009005D24B46002225
:1024C00043F8042B9E45FBD805F1140A0AEB84045B
:1024D00007F11403A24503EB860C61D2641B153C83
:1024E00024F00304CDF804E0A24405F110029E4656
:1024F00005E02D0C2BD1924509F104094ED052F87C
:10250000045F1FFA85FBBBF1000FF2D077464E4601
:10251000002000E0264657F8041B34688BB2A5B2B1
:10252000090C240C0BFB035303440BFB014000EB91
:10253000134034469BB243EA0043BC454FEA104087
:1025400044F8043BE6D8706015682D0CD3D0D9F858
:10255000003076461846CB46002100E0A34634887A
:10256000000C05FB040001449BB25C4643EA0143B6
:1025700044F8043B56F8043BDBF804001B0C87B21C
:1025800005FB037303EB1143B4454FEA1341E5D850
:102590009245CBF8043009F10409B0D1DDF804E02C
:1025A000B8F1000F0BDD5EF8043CAEF1040E1BB178
:1025B00005E05EF8043D13B9B8F10108F9D10098BF
:1025C000C0F8108003B0BDE8F08F00BF000000002D
:1025D00012F003032DE9F041144607462ED10D46B3
:1025E000A4101CD0BE6C96B3E3074FF0000806D4CD
:1025F000641014D03068A8B10646E307F8D5324617
:1026000029463846FFF73CFFB5B16A68FB6C641099
:1026100053F82210296043F822500546EAD1284693
:10262000BDE8F081324631463846FFF729FF306079
:10263000C0F800800646E0E70546D9E7013B0B4AB3
:1026400052F823200023FFF77BFE0546C8E701214F
:102650003846FFF73DFE40F271234361012200231B
:1026600002610646B8640360BEE700BFD03E0108C1
:102670002DE9F04791460A690E464FEA6914D1E9FF
:10268000011304EB020808F101059D42074604DD31
:102690005B009D4201F10101FADC3846FFF718FEAC
:1026A000002C00F1140337DD03EB8401002243F812
:1026B000042B8B42FBD1346906F1140319F01F0976
:1026C00003EB840C20D0C9F1200E002200E051461B
:1026D0001C688A4604FA09F414434AF8044B53F878
:1026E000042B634522FA0EF2F1D34A600AB108F1D5
:1026F0000205FB6C7268013D53F8221005613160E0
:1027000043F82260BDE8F087043953F8042B41F800
:10271000042F9C45F9D8ECE71946CCE700000000EF
:1027200030B40B6905460069C01A0FD19B001435FF
:10273000143119442B4401E09D4207D253F8044D53
:1027400051F8042D9442F7D002D3012030BC7047D9
:102750004FF0FF30FAE700BF00000000000000006B
:102760002DE9F04113690D69ED1A002D0E469046D2
:1027700001F1140402F1140714D19B00E2183B4448
:1027800001E0A24259D952F804CD53F8041D8C45FA
:10279000F7D009D2224633463C464646174698466D
:1027A000012501E0F6DB00257168FFF791FDD8F8FF
:1027B00010303669C56007EB830EBC4600F1140586
:1027C00004EB860700235CF8041B54F8048B8AB2E0
:1027D00013FA88F3090C9A1AC1EB184303EB22434E
:1027E00092B242EA0342E64545F8042B4FEA2343FE
:1027F000E9D8A74217D9AE46A4465CF8042B13FAD1
:1028000082F3191401EB12419BB243EA014267457E
:102810004EF8042B4FEA2143EFD8E443274427F036
:10282000030704373D44043D22B955F8043D013EF9
:10283000002BFAD00661BDE8F0810021FFF748FDCA
:1028400001220023C0E90423BDE8F081000000005C
:102850002DE9F0430F4683B0012155EC104B16468D
:10286000FFF736FDC5F30A588146C5F31303B8F1E7
:10287000000F01D043F48013002C019324D002A850
:1028800040F8084DFFF7BCFD002836D1DDE90023F4
:10289000C9F81420002B0CBF01210221C9F81830FF
:1028A000C9F81010B8F1000F1BD109EB8103A0F299
:1028B000324038601869FFF783FDC0EB411030608B
:1028C000484603B0BDE8F08301A8FFF799FD019BDE
:1028D000C9F8143001212030C9F81010B8F1000FE8
:1028E000E3D0A8F2334808EB0003C0F135003B60A9
:1028F0003060484603B0BDE8F083DDE90013C0F165
:10290000200203FA02F20A43C3400193C9F81420DB
:10291000C0E700BF00000000000000000000000051
:102920002DE9F04F936883B09046002B6CD0176868
:102930008D6882460C460868083742E0A38913F484
:10294000906F2DD0D4E9041505EB4505A0EB010BE4
:1029500005EBD575701C6D105844A8422A4684BFFB
:1029600005462A465B0536D511465046FCF780FDE4
:1029700000283AD05A4621690190EEF749FAA28917
:10298000019B22F4906242F08002A281A5EB0B022F
:1029900003EB0B00656123612060A2603546B346FE
:1029A0005A46494600F074F8D8F80830A268206802
:1029B000551B58449E1BA5602060C8F808601EB3D4
:1029C000083757E90296AB46002EF9D0AE42B5D291
:1029D0003546B346E4E7504600F0C2F80346002807
:1029E000D4D121695046FFF76BFB0C23CAF80030A5
:1029F000A389002243F040034FF0FF30A381C8E9D0
:102A0000012203B0BDE8F08F0020C8F8040003B035
:102A1000BDE8F08F00000000000000000000000092
:102A200010B502FB01F1FCF723FD0446D8B150F8C4
:102A3000042C22F00302043A242A1DD8132A14D9A4
:102A400000231B2AC0E900331BD9242AC0E9023322
:102A50000ABFC0E9043300F1100200F1180200239C
:102A6000C2E900339360204610BD02460023C2E94C
:102A700000339360204610BD0021FCF7B9FF2046CB
:102A800010BD00F10802F1E70000000000000000A6
:102A90008842F0B40DD98B1883420AD9841832B118
:102AA000224613F8014D02F8014D9942F9D1F0BCCC
:102AB00070470F2A49D940EA01039B0747D1A2F189
:102AC00010031B0901F1200707EB031701F11004A4
:102AD00000F1100554F8106C45F8106C54F80C6CAB
:102AE00045F80C6C54F8086C45F8086C54F8046C04
:102AF00045F8046C1034BC4205F11005EAD10133ED
:102B000002F00F051B01032D1944034421D91F1F97
:102B10000E462C46043C56F804CB47F804CF032C51
:102B2000F8D82C1F24F0030404342344214402F079
:102B30000302002ABBD0013B0A4411F8014B03F801
:102B4000014F9142F9D1F0BC70470346F1E70346CB
:102B5000F1E72A46EDE700BF00000000000000009A
:102B60002DE9F04F924683B0002900F0A1800D4678
:102B700080460AF10B04F0F78BFB55F8042C162C59
:102B800022F00306A5F108073ED810242146A245ED
:102B90003FD88E4207EB060974DAC74B9868484560
:102BA00000F0AA80D9F8040020F001034B445B68D0
:102BB000DB0740F18380D20734D551464046FCF70D
:102BC00057FC8246E0B155F8043C23F001033B4436
:102BD000A0F10802934200F0F980321F242A00F28B
:102BE0000781132A296800F2E68003462A46196005
:102BF0005168596092689A6029464046FFF760FA2A
:102C00004046F0F75DFB4FE024F00704002C21461E
:102C1000BDDA4FF0000A0C235046C8F8003003B06C
:102C2000BDE8F08F55F8083CA7EB030BDBF8042058
:102C300022F00302B3188B42BFDBDA46DBF80C103C
:102C40005AF8080F321F242AC1600BEB0309886071
:102C500000F2C680132A296840F2C080CBF8081021
:102C60006968CBF80C101B2AA96800F2D8800BF118
:102C700010020835116069685160A96891601E46AC
:102C80005F4655467B68321B0F2A03F0010322D8AA
:102C900033437B60D9F8043043F00103C9F80430B2
:102CA0004046F0F70DFBAA46504603B0BDE8F08F52
:102CB000114603B0BDE8F04FFCF7DABB20F003008B
:102CC00033188B4261DBD9E902121E46CA6007EB5A
:102CD00003099160D6E73919234342F001027B6072
:102CE0004A60D9F8043043F001030831C9F80430D0
:102CF0004046FFF7E5F9D3E7406820F00309B14407
:102D000004F11000814577DAD2073FF556AF55F848
:102D1000082CA7EB020BDBF8042022F003029144FD
:102D2000484587DCDA46DBF80C105AF8080F321FEA
:102D3000242AC160886000F2A180132A296840F229
:102D40009B80CBF808106968CBF80C101B2AA96887
:102D500000F29B800BF11002083511606968516028
:102D6000A96891600BEB0401A9EB040242F0010297
:102D700099604A60DBF8043003F001031C434046CD
:102D8000CBF80440F0F79CFA8EE7D3073FF515AF78
:102D900055F8083CA7EB030BDBF8042022F00302F4
:102DA000104483198B42FFF645AFD9E90212DA4687
:102DB000CA60916042E701606B6843601B2A3AD8A1
:102DC00005F1080200F10803A96810E750F8043C77
:102DD00023F003031E4407EB060953E7524649E775
:102DE000294650461E465F46FFF752FE554649E7C4
:102DF0002946FFF74DFEFFE62744A9EB040949F0F9
:102E000001029F607A6055F8043C03F001031C4303
:102E1000404645F8044CF0F753FAAA4644E7CBF88D
:102E20001010E968CBF81410242A10D029690BF18E
:102E3000180210351EE7AB688360EB68C360242A74
:102E400010D005F1100200F110032969CFE62A69BC
:102E5000CBF818206A69CBF81C20A9690BF1200275
:102E6000183507E72B6903616B694361A96905F1AF
:102E7000180200F11803BAE652466EE7294650469A
:102E80000193FFF705FE019B6CE7CBF81010E96892
:102E9000CBF81410242A04D029690BF1180210353C
:102EA0005BE72A69CBF818206A69CBF81C20A9696E
:102EB0000BF12002183550E7F4100020000000004C
:102EC000537461636B20736D617368696E6720640E
:102ED0006574656374656400000000000000000014
:102EE00064636D695F6C6C645F707265706172655C
:102EF00000000000000000000000000000000000D2
:102F00006368537973556E6C6F636B00000000004B
:102F100064636D6950726570617265000000000045
:102F200064636D69556E7072657061726500000052
:102F300064636D6953746172744F6E6553686F7426
:102F40000000000000000000000000000000000081
:102F500064636D69537461727453747265616D005A
:102F600064636D6952656C65617365000000000003
:102F7000D11B0008A11B0008711C0008211C0008BF
:102F80002000000000000000000000000000000021
:102F900001000000400D03000200000000000000DE
:102FA000496E76616C696420616363657373207434
:102FB0006F202570202870633D25702900000000D7
:102FC0004A756D70656420746F20584E2072656775
:102FD000696F6E20257020286C725F7468643D25CF
:102FE000702900004D656D4D616E6167655F4861D8
:102FF0006E646C65720000000000000000000000BC
:103000006D70755F636F6E6669677572655F726517
:1030100067696F6E00000000000000000000000003
:103020006368537973556E6C6F636B00000000002A
:10303000A0860100FFFF00008127000801000000BA
:10304000E125000800000000000000000000000072
:103050000000000000000000000000000000000070
:103060000000000000000000000000000000000060
:10307000A0860100FFFF00000127000801000000FA
:10308000A125000800000000000000000000000072
:103090000000000000000000000000000000000030
:1030A0000000000000000000000000000000000020
:1030B0000000000000000000000000000000000010
:1030C00001000100000001000001010000010000FA
:1030D00000010001000000010100000101000000EA
:1030E00070726F78696D6974795F7468640000004C
:1030F00001001000012D0008000000000028000061
:10310000000000236DDB02006DDBB62D6FBDF50006
:103110000D39E5142CB1D4100000000000000000AF
:103120002F70726F78696D6974790000000000007B
:103130006368537973556E6C6F636B000000000019
:1031400000000000000002400F001000000000001E
:1031500053504920746872656164000000000000EB
:103160005F7362726B5F720000000000000000007D
:10317000564C35334C30582054533000564C353370
:103180004C30582054533100564C35334C30582075
:1031900054533200564C35334C305820455331206F
:1031A0006F72206C6174657200000000564C3533FC
:1031B0004C3058000000000000000000000000003B
:1031C000564C35334C3078205468640000000000C1
:1031D000756E68616E646C65642065786365707493
:1031E000696F6E0000000000000000000000000099
:1031F00069646C6500000000000000000000000031
:1032000053562333000000000000000000000000BF
:1032100053562338000000000000000000000000AA
:103220005356233900000000000000000000000099
:10323000535623340000000000000000000000008E
:10324000535623360000000000000000000000007C
:10325000535623350000000000000000000000006D
:10326000535623370000000000000000000000005B
:103270005356233130000000000000000000000021
:103280005356233131000000000000000000000010
:1032900063685654446F5365744900000000000091
:1032A00063685654446F52657365744900000000AA
:1032B00063685363685265616479490000000000E7
:1032C000737461636B206F766572666C6F77000054
:1032D0006368537973556E6C6F636B000000000078
:1032E0006368546864536C656570530000000000A7
:1032F0006368546864446F446571756575654E65AF
:103300007874490000000000000000000000000088
:103310006368546864437265617465490000000025
:1033200063685468644578697453000000000000C5
:10333000636854686453757370656E64530000006D
:10334000636854686453757370656E6454696D6521
:103350006F757453000000000000000000000000C2
:103360006368546864526573756D654900000000B8
:103370006D61696E00160118040468080C101418B9
:103380001C20212223240000000000000000000077
:103390006368537973556E6C6F636B0000000000B7
:1033A000636853656D576169745300000000000045
:1033B000636853656D5369676E616C490000000076
:1033C0006368537973556E6C6F636B000000000087
:1033D00063684D74784F626A656374496E697400FE
:1033E00063684D74784C6F636B53000000000000FD
:1033F00063684D7478556E6C6F636B00000000005D
:1034000063684D7478556E6C6F636B5300000000F9
:103410006368537973556E6C6F636B000000000036
:103420006368436F6E6442726F6164636173744971
:10343000000000000000000000000000000000008C
:103440006368436F6E645761697453000000000045
:103450006368537973556E6C6F636B0000000000F6
:10346000636845767452656769737465724D6173FC
:103470006B57697468466C61677300000000000058
:10348000636845767442726F616463617374466CFD
:1034900061677349000000000000000000000000A8
:1034A00063684576745369676E616C49000000007B
:1034B0006368537973556E6C6F636B000000000096
:1034C000636849515265616454696D656F75740034
:1034D00063684F51577269746554696D656F75748F
:1034E00000000000000000000000000000000000DC
:1034F0006368537973556E6C6F636B000000000056
:103500005F6D6D6373645F6765745F736C6963653A
:1035100000000000000000000000000000000000AB
:103520005F6D6D6373645F6765745F636170616332
:103530006974790000000000000000000000000035
:103540005F6D6D6373645F6765745F636170616312
:103550006974795F65787400000000000000000065
:103560006368537973556E6C6F636B0000000000E5
:103570006164635374617274000000000000000015
:103580006164635374617274436F6E7665727369BC
:103590006F6E490000000000000000000000000005
:1035A0006368537973556E6C6F636B0000000000A5
:1035B00069326353746172740000000000000000FF
:1035C00069326353746F7000000000000000000057
:1035D0006932634D61737465725472616E736D69A3
:1035E0007454696D656F7574000000000000000080
:1035F00069326341637175697265427573000000D9
:1036000069326352656C65617365427573000000D1
:103610006368537973556E6C6F636B000000000034
:1036200070776D5374617274000000000000000038
:1036300070776D4368616E6765506572696F64008D
:1036400070776D456E61626C654368616E6E656C26
:10365000000000000000000000000000000000006A
:1036600070776D44697361626C654368616E6E6505
:103670006C000000000000000000000000000000DE
:1036800070776D456E61626C65506572696F6469D3
:10369000634E6F74696669636174696F6E000000E0
:1036A00070776D456E61626C654368616E6E656CC6
:1036B0004E6F74696669636174696F6E0000000023
:1036C0006D6D635F7365745F6275735F7769647452
:1036D0006800000000000000000000000000000082
:1036E000736463436F6E6E656374000000000000D6
:1036F000736463446973636F6E6E65637400000086
:103700007364635265616400000000000000000003
:103710007364635772697465000000000000000064
:1037200073646353796E63000000000000000000C2
:10373000736463476574496E666F000000000000A3
:103740006368537973556E6C6F636B000000000003
:10375000F1F3000821F4000861A00008D1A50008D9
:1037600021A40008A1A4000821A5000811A00008B8
:103770006368537973556E6C6F636B0000000000D3
:103780007364537461727400000000000000000054
:103790007364496E636F6D696E674461746149005B
:1037A000A1A7000841A7000861A8000801A8000817
:1037B00031A80008D1A7000871A7000811A70008C8
:1037C0006368537973556E6C6F636B000000000083
:1037D000737069537461727400000000000000008F
:1037E00073706953656C656374000000000000002D
:1037F000737069556E73656C65637400000000003A
:1038000073706945786368616E6765000000000049
:103810007573625374617274526563656976654944
:103820000000000000000000000000000000000098
:1038300075736253746172745472616E736D6974DE
:10384000490000000000000000000000000000002F
:103850005F7573625F657030696E00000000000084
:103860005F7573625F6570306F75740000000000F3
:103870000000000000000000000000000000000048
:103880000100000000000000000000000000000037
:103890000000000000000000000000000000000028
:1038A0006E76696353657453797374656D48616EA0
:1038B000646C65725072696F7269747900000000FF
:1038C000646D6153747265616D416C6C6F6361749A
:1038D0006500000000000000000000000000000083
:1038E000646D6153747265616D52656C6561736579
:1038F00000000000000000000000000000000000C8
:10390000106002400860024000000B002860024086
:103910000860024006010C0040600240086002405E
:1039200010020D00586002400860024016030E00AD
:10393000706002400C60024000040F00886002408A
:103940000C60024006051000A06002400C600240BE
:1039500010061100B86002400C60024016072F00EC
:1039600010640240086402400008380028640240E5
:1039700008640240060939004064024008640240BD
:10398000100A3A005864024008640240160B3B00DB
:10399000706402400C640240000C3C0088640240E9
:1039A0000C640240060D4400A06402400C64024016
:1039B000100E4500B86402400C640240160F460029
:1039C0006164635F6C6C645F7374617274000000A7
:1039D0007364635F6C6C645F707265706172655F65
:1039E000726561645F6279746573000000000000B5
:1039F0007364635F6C6C645F726561645F616C6962
:103A0000676E656400000000000000000000000018
:103A10007364635F6C6C645F77726974655F616C1B
:103A200069676E656400000000000000000000008F
:103A30006368537973556E6C6F636B000000000010
:103A4000007400400300000010000000FFFF0000B1
:103A5000483901085E05020E0A000000000000005F
:103A60006368537973556E6C6F636B0000000000E0
:103A70006932635F6C6C645F7365745F636C6F6302
:103A80006B000000000000000000000000000000CB
:103A90006932635F6C6C645F737461727400000000
:103AA000444D41206661696C75726500000000003C
:103AB0006F74675F72616D5F616C6C6F63000000B3
:103AC0000000000091AE0008E1B1000801B3000859
:103AD000400040001054002010540020010000005D
:103AE000245400200000000000000000000000003E
:103AF0008000000040010000030000000000000002
:103B00007370695F6C6C645F737461727400000041
:103B100070776D5F6C6C645F737461727400000029
:103B200000C2010000000040000000000000000092
:103B3000AEAE806A00000000FFFFFFFF0111010030
:103B4000FFFF000002330D5D00A00A009FAA1A9932
:103B500003030000FFFFFFFF40554040F8AF0000A7
:103B6000005065DD44005050FFAFAA023F00000046
:103B7000FFFFFFFF005055A9C01F0000000000DD3F
:103B8000CCC60C002A545A1100000000FFFFFFFFB2
:103B9000554205046FBF0000990C0000770000003B
:103BA0005A2A555500000000FFFFFFFF05150000D1
:103BB000F3000000DD00DD0D00000000000000004B
:103BC00000000000FFFFFFFF00000000FFFF0000FB
:103BD00000000000000000000000000000000000E5
:103BE000FFFFFFFF00000000FFFF000000000000DB
:103BF000000000000000000000000000FFFFFFFFC9
:103C000000000000FFFF00000000000000000000B6
:103C10000000000000000000FFFFFFFF00000000A8
:103C2000FFFF000000000000000000000000000096
:103C300043000000504F53495800000000000000AE
:103C40002E00000000000000000000000000000046
:103C5000494E4600696E66004E414E006E616E0030
:103C600030313233343536373839414243444546B2
:103C70000000000030313233343536373839616274
:103C80006364656600000000286E756C6C29000096
:103C90002020202020202020202020202020202024
:103CA0003030303030303030303030303030303014
:103CB00000202020202020202020282828282820FC
:103CC00020202020202020202020202020202020F4
:103CD000208810101010101010101010101010105C
:103CE000100404040404040404040410101010104C
:103CF0001010414141414141010101010101010116
:103D00000101010101010101010101011010101067
:103D100010104242424242420202020202020202E7
:103D2000020202020202020202020202101010103B
:103D30002000000000000000000000000000000063
:103D40000000000000000000000000000000000073
:103D50000000000000000000000000000000000063
:103D60000000000000000000000000000000000053
:103D70000000000000000000000000000000000043
:103D80000000000000000000000000000000000033
:103D90000000000000000000000000000000000023
:103DA0000000000000000000000000000000000013
:103DB0000000000000000000000000000000000003
:103DC000496E66696E697479000000004E614E00AC
:103DD0000080E03779C34143176E05B5B5B8934607
:103DE000F5F93FE9034F384D321D30F94877825AD3
:103DF0003CBF737FDD4F1575000000000000000020
:103E0000000000000000F03F00000000000024401F
:103E100000000000000059400000000000408F40FA
:103E2000000000000088C34000000000006AF84065
:103E30000000000080842E4100000000D012634189
:103E40000000000084D797410000000065CDCD41FF
:103E5000000000205FA00242000000E876483742E0
:103E6000000000A2941A6D42000040E59C30A2427E
:103E70000000901EC4BCD64200003426F56B0C43F3
:103E80000080E03779C3414300A0D885573476439A
:103E900000C84E676DC1AB43003D9160E458E143FB
:103EA000408CB5781DAF154450EFE2D6E41A4B4470
:103EB00092D54D06CFF08044F64AE1C7022DB544B5
:103EC000B49DD9794378EA44000000000000000066
:0C3ED00005000000190000007D0000004B
:083EDC0054CCFE7F0100000040
:103EE80096E3DEE204080020040800200C08002005
:103EF8000C08002000000000000000000000000086
:103F0800FF01000024080020240800202C080020BD
:103F18002C08002000000000000000000000000045
:103F280040080020400800200000000040420F0028
:103F3800E2040000712A000801000000012B0008BB
:103F48000100000000000000000000000000000068
:103F58000000000000000000000000000000000059
:103F680000C2010000000000000000008C080020D2
:103F78008C08002000000000000000000000000085
:103F880001FF0101000001FF00010900011000010B
:103F980011000124010125FF01750001FF01014EF7
:103FA8002C01480001302001FF00013009015400B4
:103FB80001310401320301408301462501600001FB
:103FC8002700015006015100015296015608015779
:103FD800300161000162000164000165000166A012
:103FE80001FF010122320147140149FF014A000182
:103FF800FF00017A0A017B0001782101FF010123FA
:10400800340142000144FF014526014605014040B4
:10401800010E0601201A01434001FF00013403018B
:10402800354401FF01013104014B09014C05014DE3
:104038000401FF0001440001452001470801482808
:104048000167000170040171010172FE017600012F
:10405800770001FF01010D0101FF0001800101014D
:10406800F801FF01018E0101000101FF000180003C
:104078000000000001FF0001800101FF01010000B4
:1040880001FF01014F0201FF0E010003010184013C
:10409800020A0103030104080105C8010603010718
:1040A8008D0108080109C6010A01010B02010C0073
:1040B800010DD5010E18010F120110010111820125
:1040C80012000113D5011418011513011603011765
:1040D8008601180A011909011A08011BC2011C03EB
:1040E800011D8F011E0A011F060120010121020185
:1040F80022000123D50124180125220126010127C8
:10410800820128000129D5012A18012B0B012C282E
:10411800012D78012E28012F9101300001310B016A
:10412800320001330B0134000135A101360001379B
:10413800A0013800013904013A28013B30013C0C48
:10414800013D04013E0F013F7901402801411E0154
:10415800422F01438701440001450B0146000147F6
:104168000B0148000149A7014A00014BA6014C0078
:10417800014D04014E01014F000150000151800121
:10418800520901530801540101550001560F015706
:1041980079015809015905015A00015B60015C0564
:1041A800015DD1015E0C015F3C0160000161D0013D
:1041B800620B01630301642801651001662A016727
:1041C8003901680B016902016A28016B10016C2A28
:1041D800016D61016E0C016F0001700F01717901B1
:1041E800720001730B01740001750B0176000177F1
:1041F800A10178000179A0017A00017B0401FF0484
:1042080001791D017B2701960E0197FE0198030194
:1042180099EF019A02019B4401730701700101FFA4
:104228000101000101FF0000000000000A00000079
:10423800050000000000000005000000600B0020E1
:10424800000000004C0E0020B40E00201C0F0020BF
:104258000000000000000000000000000000000056
:104268000000000000000000000000000000000046
:104278000000000000000000000000000000000036
:104288000000000000000000000000000000000026
:104298000000000000000000000000000000000016
:1042A8000000000000000000000000000000000006
:1042B80000000000000000000000000000000000F6
:1042C80000000000000000000000000000000000E6
:1042D80000000000000000000000000000000000D6
:1042E80000000000000000000100000000000000C5
:1042F8000E33CDAB34126DE6ECDE05000B0000008A
:1043080000000000000000000000000000000000A5
:104318000000000000000000000000000000000095
:104328000000000000000000000000000000000085
:104338000000000000000000000000000000000075
:104348000000000000000000000000000000000065
:104358000000000000000000000000000000000055
:104368000000000000000000000000000000000045
:104378000000000000000000000000000000000035
:104388000000000000000000000000000000000025
:104398000000000000000000000000000000000015
:1043A8000000000000000000000000000000000005
:1043B80000000000000000000000000000000000F5
:1043C80000000000000000000000000000000000E5
:1043D80000000000000000000000000000000000D5
:1043E80000000000000000000000000000000000C5
:1043F80000000000000000000000000000000000B5
:1044080000000000000000000000000000000000A4
:104418000000000000000000000000000000000094
:104428000000000000000000000000000000000084
:104438000000000000000000000000000000000074
:104448000000000000000000000000000000000064
:104458000000000000000000000000000000000054
:104468000000000000000000000000000000000044
:104478000000000000000000000000000000000034
:104488000000000000000000000000000000000024
:104498000000000000000000000000000000000014
:1044A8000000000000000000000000000000000004
:1044B80000000000000000000000000000000000F4
:1044C80000000000000000000000000000000000E4
:1044D80000000000000000000000000000000000D4
:1044E80000000000000000000000000000000000C4
:1044F80000000000000000000000000000000000B4
:1045080000000000000000000000000000000000A3
:104518000000000000000000000000000000000093
:104528000000000000000000000000000000000083
:104538000000000000000000000000000000000073
:104548000000000000000000000000000000000063
:104558000000000000000000000000000000000053
:104568000000000000000000000000000000000043
:104578000000000000000000000000000000000033
:104588000000000000000000000000000000000023
:104598000000000000000000000000000000000013
:1045A8000000000000000000000000000000000003
:1045B80000000000000000000000000000000000F3
:1045C80000000000000000000000000000000000E3
:1045D80000000000000000000000000000000000D3
:1045E80000000000000000000000000000000000C3
:1045F80000000000000000000000000000000000B3
:1046080000000000000000000000000000000000A2
:104618000000000000000000000000000000000092
:104628000000000000000000000000000000000082
:104638000000000000000000000000000000000072
:104648000000000000000000000000000000000062
:104658000000000000000000000000000000000052
:1046680000000000000000004300000000000000FF
:104678000000000000000000000000000000000032
:1046880000000000000000004300000000000000DF
:104698000000000000000000000000000000000012
:1046A80000000000000000004300000000000000BF
:1046B80000000000000000000000000000000000F2
:1046C800000000000000000043000000000000009F
:1046D80000000000000000000000000000000000D2
:1046E800000000000000000043000000000000007F
:1046F80000000000000000000000000000000000B2
:10470800000000000000000043000000000000005E
:104718000000000000000000000000000000000091
:10472800000000000000000043000000000000003E
:104738000000000000000000000000000000000071
:104748000000000000000000A1100108C1F90008E5
:1047580000000000B03C0108403C0108BC2F0108E3
:10476800BC2F0108BC2F0108BC2F0108BC2F010871
:10477800BC2F0108BC2F0108BC2F0108BC2F010861
:10478800FFFFFFFFFFFFFFFFFFFFFFFFFFFF00002F
:1047980001004153434949000000000000000000A7
:1047A8000000000000000000000000000000000001
:1047B8000000415343494900000000000000000088
:1047C80000000000000000000000000000000000E1
:1047D800000000000000000000000000F4100020AD
:1047E800F4100020FC100020FC1000200411002010
:1047F800041100200C1100200C11002014110020BD
:10480800141100201C1100201C110020241100206C
:10481800241100202C1100202C110020341100201C
:10482800341100203C1100203C11002044110020CC
:10483800441100204C1100204C110020541100207C
:10484800541100205C1100205C110020641100202C
:10485800641100206C1100206C11002074110020DC
:10486800741100207C1100207C110020841100208C
:10487800841100208C1100208C110020941100203C
:10488800941100209C1100209C110020A4110020EC
:10489800A4110020AC110020AC110020B41100209C
:1048A800B4110020BC110020BC110020C41100204C
:1048B800C4110020CC110020CC110020D4110020FC
:1048C800D4110020DC110020DC110020E4110020AC
:1048D800E4110020EC110020EC110020F41100205C
:1048E800F4110020FC110020FC110020041200200B
:1048F800041200200C1200200C12002014120020B8
:10490800141200201C1200201C1200202412002067
:10491800241200202C1200202C1200203412002017
:10492800341200203C1200203C12002044120020C7
:10493800441200204C1200204C1200205412002077
:10494800541200205C1200205C1200206412002027
:10495800641200206C1200206C12002074120020D7
:10496800741200207C1200207C1200208412002087
:10497800841200208C1200208C1200209412002037
:10498800941200209C1200209C120020A4120020E7
:10499800A4120020AC120020AC120020B412002097
:1049A800B4120020BC120020BC120020C412002047
:1049B800C4120020CC120020CC120020D4120020F7
:1049C800D4120020DC120020DC120020E4120020A7
:1049D800E4120020EC120020EC120020F412002057
:1049E800F4120020FC120020FC1200200413002006
:1049F800041300200C1300200C13002014130020B3
:104A0800141300201C1300201C1300202413002062
:104A1800241300202C1300202C1300203413002012
:104A2800341300203C1300203C13002044130020C2
:104A3800441300204C1300204C1300205413002072
:104A4800541300205C1300205C1300206413002022
:104A5800641300206C1300206C13002074130020D2
:104A6800741300207C1300207C1300208413002082
:104A7800841300208C1300208C1300209413002032
:104A8800941300209C1300209C130020A4130020E2
:104A9800A4130020AC130020AC130020B413002092
:104AA800B4130020BC130020BC130020C413002042
:104AB800C4130020CC130020CC130020D4130020F2
:104AC800D4130020DC130020DC130020E4130020A2
:104AD800E4130020EC130020EC130020F413002052
:104AE800F4130020FC130020FC1300200414002001
:104AF800041400200C1400200C14002014140020AE
:104B0800141400201C1400201C140020241400205D
:104B1800241400202C1400202C140020341400200D
:104B2800341400203C1400203C14002044140020BD
:104B3800441400204C1400204C140020541400206D
:104B4800541400205C1400205C140020641400201D
:104B5800641400206C1400206C14002074140020CD
:104B6800741400207C1400207C140020841400207D
:104B7800841400208C1400208C140020941400202D
:104B8800941400209C1400209C140020A4140020DD
:104B9800A4140020AC140020AC140020B41400208D
:104BA800B4140020BC140020BC140020C41400203D
:104BB800C4140020CC140020CC140020D4140020ED
:104BC800D4140020DC140020DC140020E41400209D
:104BD800E4140020EC140020EC140020FFFFFFFF79
:044BE80000000200C7
:04000005080001C12D
:00000001FF
