03:53:40 **** Build of configuration Default for project Blackmagic ****
make PROBE_HOST=f4discovery all 
  GIT     include/version.h
/bin/sh: 1: git: not found
diff: include/version.h: No such file or directory
  CC      target/adiv5.c
  CC      target/adiv5_swdp.c
  CC      command.c
  CC      target/cortexa.c
  CC      target/cortexm.c
  CC      crc32.c
  CC      target/efm32.c
  CC      exception.c
  CC      platforms/stm32/gdb_if.c
  CC      gdb_main.c
  CC      gdb_hostio.c
  CC      gdb_packet.c
  CC      hex_utils.c
  CC      target/lmi.c
  CC      target/lpc_common.c
  CC      target/lpc11xx.c
  CC      target/lpc15xx.c
  CC      target/lpc43xx.c
  CC      target/kinetis.c
  CC      main.c
  CC      morse.c
  CC      target/nrf51.c
  CC      platforms/f4discovery/platform.c
  CC      target/sam3x.c
  CC      target/sam4l.c
  CC      target/samd.c
  CC      target/stm32f1.c
  CC      target/stm32f4.c
  CC      target/stm32l0.c
  CC      target/stm32l4.c
  CC      platforms/common/swdptap.c
  CC      target/swdptap_generic.c
  CC      target/target.c
  CC      platforms/common/cdcacm.c
  CC      platforms/stm32/traceswo.c
  CC      platforms/stm32/usbuart.c
  CC      platforms/stm32/serialno.c
  CC      platforms/common/timing.c
  CC      platforms/stm32/timing_stm32.c
  CC      target/adiv5_jtagdp.c
  CC      target/jtag_scan.c
  CC      platforms/stm32/jtagtap.c
  CC      target/jtagtap_generic.c
  LD      blackmagic
  OBJCOPY blackmagic.bin
03:54:21 **** Clean-only build of configuration Default for project Blackmagic ****
make PROBE_HOST=f4discovery clean 
  CLEAN
06:01:30 **** Build of configuration Default for project TP2_Move_correction ****
make all 
> Compiling main.c
arm-none-eabi-gcc -c -mcpu=cortex-m4 -O0 -ggdb -fomit-frame-pointer -falign-functions=16 -ffunction-sections -fdata-sections -fno-common -Wall -Wextra -Wundef -Wstrict-prototypes -DSTM32F4 -DSTM32F407xx -mthumb -mno-thumb-interwork -MD -MP -I. -I../ST main.c -o main.o
> Compiling gpio.c
arm-none-eabi-gcc -c -mcpu=cortex-m4 -O0 -ggdb -fomit-frame-pointer -falign-functions=16 -ffunction-sections -fdata-sections -fno-common -Wall -Wextra -Wundef -Wstrict-prototypes -DSTM32F4 -DSTM32F407xx -mthumb -mno-thumb-interwork -MD -MP -I. -I../ST gpio.c -o gpio.o
> Compiling timer.c
arm-none-eabi-gcc -c -mcpu=cortex-m4 -O0 -ggdb -fomit-frame-pointer -falign-functions=16 -ffunction-sections -fdata-sections -fno-common -Wall -Wextra -Wundef -Wstrict-prototypes -DSTM32F4 -DSTM32F407xx -mthumb -mno-thumb-interwork -MD -MP -I. -I../ST timer.c -o timer.o
> Compiling motor.c
arm-none-eabi-gcc -c -mcpu=cortex-m4 -O0 -ggdb -fomit-frame-pointer -falign-functions=16 -ffunction-sections -fdata-sections -fno-common -Wall -Wextra -Wundef -Wstrict-prototypes -DSTM32F4 -DSTM32F407xx -mthumb -mno-thumb-interwork -MD -MP -I. -I../ST motor.c -o motor.o
> Compiling selector.c
arm-none-eabi-gcc -c -mcpu=cortex-m4 -O0 -ggdb -fomit-frame-pointer -falign-functions=16 -ffunction-sections -fdata-sections -fno-common -Wall -Wextra -Wundef -Wstrict-prototypes -DSTM32F4 -DSTM32F407xx -mthumb -mno-thumb-interwork -MD -MP -I. -I../ST selector.c -o selector.o
> Compiling system_clock_config.c
arm-none-eabi-gcc -c -mcpu=cortex-m4 -O0 -ggdb -fomit-frame-pointer -falign-functions=16 -ffunction-sections -fdata-sections -fno-common -Wall -Wextra -Wundef -Wstrict-prototypes -DSTM32F4 -DSTM32F407xx -mthumb -mno-thumb-interwork -MD -MP -I. -I../ST ../ST/system_clock_config.c -o ../ST/system_clock_config.o
> Compiling stm32f4xx_ll_rcc.c
arm-none-eabi-gcc -c -mcpu=cortex-m4 -O0 -ggdb -fomit-frame-pointer -falign-functions=16 -ffunction-sections -fdata-sections -fno-common -Wall -Wextra -Wundef -Wstrict-prototypes -DSTM32F4 -DSTM32F407xx -mthumb -mno-thumb-interwork -MD -MP -I. -I../ST ../ST/stm32f4xx_ll_rcc.c -o ../ST/stm32f4xx_ll_rcc.o
> Compiling system_stm32f4xx.c
arm-none-eabi-gcc -c -mcpu=cortex-m4 -O0 -ggdb -fomit-frame-pointer -falign-functions=16 -ffunction-sections -fdata-sections -fno-common -Wall -Wextra -Wundef -Wstrict-prototypes -DSTM32F4 -DSTM32F407xx -mthumb -mno-thumb-interwork -MD -MP -I. -I../ST ../ST/system_stm32f4xx.c -o ../ST/system_stm32f4xx.o
> Compiling startup_stm32f407xx.s
arm-none-eabi-gcc -x assembler-with-cpp -c -mcpu=cortex-m4 -mthumb -mno-thumb-interwork -I. -I../ST ../ST/startup_stm32f407xx.s -o ../ST/startup_stm32f407xx.o
> Linking move.elf
arm-none-eabi-gcc main.o gpio.o timer.o motor.o selector.o ../ST/system_clock_config.o ../ST/stm32f4xx_ll_rcc.o ../ST/system_stm32f4xx.o ../ST/startup_stm32f407xx.o  -mcpu=cortex-m4 -O0 -ggdb -fomit-frame-pointer -falign-functions=16 -ffunction-sections -fdata-sections -fno-common -nostartfiles  -mthumb -mno-thumb-interwork -Wl,--no-warn-mismatch,--gc-sections,--script=../ST/STM32F407VGTx_FLASH.ld  -o move.elf
> Creating move.list
arm-none-eabi-objdump -d move.elf > move.list
> Creating move.size
arm-none-eabi-nm --size-sort --print-size move.elf > move.size
> Creating move.mem
arm-none-eabi-nm --numeric-sort --print-size move.elf > move.mem
arm-none-eabi-size move.elf
   text	   data	    bss	    dec	    hex	filename
   5532	      4	   1556	   7092	   1bb4	move.elf
> Done
06:01:44 **** Incremental Build of configuration Default for project TP2_Move_correction ****
make all 
arm-none-eabi-size move.elf
   text	   data	    bss	    dec	    hex	filename
   5532	      4	   1556	   7092	   1bb4	move.elf
> Done
06:03:52 **** Incremental Build of configuration Default for project TP2_Move_correction ****
make all 
arm-none-eabi-size move.elf
   text	   data	    bss	    dec	    hex	filename
   5532	      4	   1556	   7092	   1bb4	move.elf
> Done
06:04:07 **** Incremental Build of configuration Default for project TP2_Move_correction ****
make all 
arm-none-eabi-size move.elf
   text	   data	    bss	    dec	    hex	filename
   5532	      4	   1556	   7092	   1bb4	move.elf
> Done
06:04:33 **** Incremental Build of configuration Default for project TP2_Move_correction ****
make all 
arm-none-eabi-size move.elf
   text	   data	    bss	    dec	    hex	filename
   5532	      4	   1556	   7092	   1bb4	move.elf
> Done
06:04:59 **** Incremental Build of configuration Default for project TP2_Move_correction ****
make all 
arm-none-eabi-size move.elf
   text	   data	    bss	    dec	    hex	filename
   5532	      4	   1556	   7092	   1bb4	move.elf
> Done
06:05:39 **** Clean-only build of configuration Default for project TP2_Move_correction ****
make clean 
> Cleaning
rm -f main.o gpio.o timer.o motor.o selector.o ../ST/system_clock_config.o ../ST/stm32f4xx_ll_rcc.o ../ST/system_stm32f4xx.o ../ST/startup_stm32f407xx.o
rm main.d gpio.d timer.d motor.d selector.d ../ST/system_clock_config.d ../ST/stm32f4xx_ll_rcc.d ../ST/system_stm32f4xx.d
rm -f move.elf move.list move.size move.mem
> Done
17:15:40 **** Build of configuration Default for project Project ****
make all 
arm-none-eabi-ar rcs libssp.a
arm-none-eabi-ar rcs libssp_nonshared.a
Compiler Options
arm-none-eabi-gcc -c -mcpu=cortex-m4 -O2 -ggdb -fomit-frame-pointer -falign-functions=16 -fno-strict-aliasing -fstack-protector-all -L . -ffunction-sections -fdata-sections -fno-common -mfloat-abi=hard -mfpu=fpv4-sp-d16 -fsingle-precision-constant -Wall -Wextra -Wundef -Wstrict-prototypes -Wno-implicit-fallthrough -Wa,-alms=build/lst/ -DCORTEX_USE_FPU=TRUE -DSTDOUT_SD=SDU1 -DSTDIN_SD=SDU1 -DARM_MATH_CM4 -D__FPU_PRESENT -DTHUMB_PRESENT -mno-thumb-interwork -DTHUMB_NO_INTERWORKING -MD -MP -MF .dep/build.d -I. -I../e-puck2_main-processor/ChibiOS_ext/os/hal/include -I../e-puck2_main-processor/ChibiOS_ext/os/hal/ports/STM32/STM32F4xx -I../e-puck2_main-processor/src/epuck1x -I../e-puck2_main-processor/src/ -I../e-puck2_main-processor/ChibiOS//os/common/ports/ARMCMx/devices/STM32F4xx -I../e-puck2_main-processor/ChibiOS//os/ext/CMSIS/include -I../e-puck2_main-processor/ChibiOS//os/ext/CMSIS/ST -I../e-puck2_main-processor/ChibiOS//os/rt/include -I../e-puck2_main-processor/ChibiOS//os/rt/ports/ARMCMx -I../e-puck2_main-processor/ChibiOS//os/rt/ports/ARMCMx/compilers/GCC -I../e-puck2_main-processor/ChibiOS//os/hal/osal/rt -I../e-puck2_main-processor/ChibiOS//os/hal/include -I../e-puck2_main-processor/ChibiOS//os/hal/ports/common/ARMCMx -I../e-puck2_main-processor/ChibiOS//os/hal/ports/STM32/STM32F4xx -I../e-puck2_main-processor/ChibiOS//os/hal/ports/STM32/LLD -I../e-puck2_main-processor/ChibiOS//os/hal/ports/STM32/LLD/DACv1 -I../e-puck2_main-processor/ChibiOS//os/hal/ports/STM32/LLD/GPIOv2 -I../e-puck2_main-processor/ChibiOS//os/hal/ports/STM32/LLD/I2Cv1 -I../e-puck2_main-processor/ChibiOS//os/hal/ports/STM32/LLD/OTGv1 -I../e-puck2_main-processor/ChibiOS//os/hal/ports/STM32/LLD/RTCv2 -I../e-puck2_main-processor/ChibiOS//os/hal/ports/STM32/LLD/SPIv1 -I../e-puck2_main-processor/ChibiOS//os/hal/ports/STM32/LLD/TIMv1 -I../e-puck2_main-processor/ChibiOS//os/hal/ports/STM32/LLD/USARTv1 -I../e-puck2_main-processor/ChibiOS//os/hal/ports/STM32/LLD/FSMCv1 -I../e-puck2_main-processor/ChibiOS_ext//os/hal/boards/epuck2 -I../e-puck2_main-processor/ChibiOS//test/rt -I../e-puck2_main-processor/ChibiOS//os/various -I../e-puck2_main-processor/ChibiOS//os/hal/lib/streams -I../e-puck2_main-processor/aseba -I../e-puck2_main-processor/ChibiOS_ext//ext/fatfs/src -I../e-puck2_main-processor/src main.c -o main.o

[1;34mCompiling crt0_v7m.s[0m
[1;34mCompiling chcoreasm_v7m.s[0m
[1;34mCompiling main.c[0m
[1;34mCompiling spi3_slave_lld.c[0m
[1;34mCompiling dcmi_lld.c[0m
[1;34mCompiling dcmi.c[0m
[1;34mCompiling spi3_slave.c[0m
[1;34mCompiling audio_thread.c[0m
[1;34mCompiling microphone.c[0m
[1;34mCompiling mp45dt02_processing.c[0m
[1;34mCompiling play_melody.c[0m
[1;34mCompiling button.c[0m
[1;34mCompiling camera.c[0m
[1;34mCompiling dcmi_camera.c[0m
[1;34mCompiling ov2640.c[0m
[1;34mCompiling ov7670.c[0m
[1;34mCompiling po6030.c[0m
[1;34mCompiling po8030.c[0m
[1;34mCompiling cmd.c[0m
[1;34mCompiling Asercom.c[0m
[1;34mCompiling Asercom2.c[0m
[1;34mCompiling DataEEPROM.c[0m
[1;34mCompiling e_I2C_protocol.c[0m
[1;34mCompiling e_acc.c[0m
[1;34mCompiling e_ad_conv.c[0m
[1;34mCompiling e_micro.c[0m
[1;34mCompiling e_prox.c[0m
[1;34mCompiling e_lsm330.c[0m
[1;34mCompiling e_common.c[0m
[1;34mCompiling e_sound.c[0m
[1;34mCompiling e_agenda.c[0m
[1;34mCompiling e_led.c[0m
[1;34mCompiling e_motors.c[0m
[1;34mCompiling e_remote_control.c[0m
[1;34mCompiling e_init_port.c[0m
[1;34mCompiling e_uart_char.c[0m
[1;34mCompiling utility.c[0m
[1;34mCompiling exti.c[0m
[1;34mCompiling flash.c[0m
[1;34mCompiling i2c_bus.c[0m
[1;34mCompiling ir_remote.c[0m
[1;34mCompiling leds.c[0m
[1;34mCompiling memory_protection.c[0m
[1;34mCompiling motors.c[0m
[1;34mCompiling panic.c[0m
[1;34mCompiling selector.c[0m
[1;34mCompiling battery_level.c[0m
[1;34mCompiling ground.c[0m
[1;34mCompiling imu.c[0m
[1;34mCompiling mpu9250.c[0m
[1;34mCompiling proximity.c[0m
[1;34mCompiling serial_comm.c[0m
[1;34mCompiling spi_comm.c[0m
[1;34mCompiling sdio.c[0m
[1;34mCompiling usbcfg.c[0m
[1;34mCompiling uc_usage.c[0m
[1;34mCompiling malloc_lock.c[0m
[1;34mCompiling newlib_syscalls.c[0m
[1;34mCompiling port.c[0m
[1;34mCompiling communication.c[0m
[1;34mCompiling config_flash_storage.c[0m
[1;34mCompiling vl53l0x_api.c[0m
[1;34mCompiling vl53l0x_api_calibration.c[0m
[1;34mCompiling vl53l0x_api_core.c[0m
[1;34mCompiling vl53l0x_api_ranging.c[0m
[1;34mCompiling vl53l0x_api_strings.c[0m
[1;34mCompiling vl53l0x_i2c_platform.c[0m
[1;34mCompiling vl53l0x_platform.c[0m
[1;34mCompiling VL53L0X.c[0m
[1;34mCompiling serial_datagram.c[0m
[1;34mCompiling cmp.c[0m
[1;34mCompiling cmp_mem_access.c[0m
[1;34mCompiling crc16.c[0m
[1;34mCompiling crc32.c[0m
[1;34mCompiling messagebus.c[0m
[1;34mCompiling parameter.c[0m
[1;34mCompiling parameter_msgpack.c[0m
[1;34mCompiling parameter_print.c[0m
[1;34mCompiling fat.c[0m
[1;34mCompiling play_sound_file.c[0m
[1;34mCompiling behaviors.c[0m
[1;34mCompiling ircom.c[0m
[1;34mCompiling ircomReceive.c[0m
[1;34mCompiling ircomTools.c[0m
[1;34mCompiling ircomMessages.c[0m
[1;34mCompiling ircomSend.c[0m
[1;34mCompiling transceiver.c[0m
[1;34mCompiling crt1.c[0m
[1;34mCompiling vectors.c[0m
[1;34mCompiling chsys.c[0m
[1;34mCompiling chdebug.c[0m
[1;34mCompiling chvt.c[0m
[1;34mCompiling chschd.c[0m
[1;34mCompiling chthreads.c[0m
[1;34mCompiling chtm.c[0m
[1;34mCompiling chstats.c[0m
[1;34mCompiling chdynamic.c[0m
[1;34mCompiling chregistry.c[0m
[1;34mCompiling chsem.c[0m
[1;34mCompiling chmtx.c[0m
[1;34mCompiling chcond.c[0m
[1;34mCompiling chevents.c[0m
[1;34mCompiling chmsg.c[0m
[1;34mCompiling chmboxes.c[0m
[1;34mCompiling chqueues.c[0m
[1;34mCompiling chmemcore.c[0m
[1;34mCompiling chheap.c[0m
[1;34mCompiling chmempools.c[0m
[1;34mCompiling chcore.c[0m
[1;34mCompiling chcore_v7m.c[0m
[1;34mCompiling osal.c[0m
[1;34mCompiling hal.c[0m
[1;34mCompiling hal_queues.c[0m
[1;34mCompiling hal_mmcsd.c[0m
[1;34mCompiling adc.c[0m
[1;34mCompiling can.c[0m
[1;34mCompiling dac.c[0m
[1;34mCompiling ext.c[0m
[1;34mCompiling gpt.c[0m
[1;34mCompiling i2c.c[0m
[1;34mCompiling i2s.c[0m
[1;34mCompiling icu.c[0m
[1;34mCompiling mac.c[0m
[1;34mCompiling mmc_spi.c[0m
[1;34mCompiling pal.c[0m
[1;34mCompiling pwm.c[0m
[1;34mCompiling rtc.c[0m
[1;34mCompiling sdc.c[0m
[1;34mCompiling serial.c[0m
[1;34mCompiling serial_usb.c[0m
[1;34mCompiling spi.c[0m
[1;34mCompiling st.c[0m
[1;34mCompiling uart.c[0m
[1;34mCompiling usb.c[0m
[1;34mCompiling nvic.c[0m
[1;34mCompiling stm32_dma.c[0m
[1;34mCompiling hal_lld.c[0m
[1;34mCompiling adc_lld.c[0m
[1;34mCompiling ext_lld_isr.c[0m
[1;34mCompiling can_lld.c[0m
[1;34mCompiling ext_lld.c[0m
[1;34mCompiling mac_lld.c[0m
[1;34mCompiling sdc_lld.c[0m
[1;34mCompiling dac_lld.c[0m
[1;34mCompiling pal_lld.c[0m
[1;34mCompiling i2c_lld.c[0m
[1;34mCompiling usb_lld.c[0m
[1;34mCompiling rtc_lld.c[0m
[1;34mCompiling i2s_lld.c[0m
[1;34mCompiling spi_lld.c[0m
[1;34mCompiling gpt_lld.c[0m
[1;34mCompiling icu_lld.c[0m
[1;34mCompiling pwm_lld.c[0m
[1;34mCompiling st_lld.c[0m
[1;34mCompiling serial_lld.c[0m
[1;34mCompiling uart_lld.c[0m
[1;34mCompiling board.c[0m
[1;34mCompiling test.c[0m
[1;34mCompiling testthd.c[0m
[1;34mCompiling testsem.c[0m
[1;34mCompiling testmtx.c[0m
[1;34mCompiling testmsg.c[0m
[1;34mCompiling testmbox.c[0m
[1;34mCompiling testevt.c[0m
[1;34mCompiling testheap.c[0m
[1;34mCompiling testpools.c[0m
[1;34mCompiling testdyn.c[0m
[1;34mCompiling testqueues.c[0m
[1;34mCompiling testsys.c[0m
[1;34mCompiling testbmk.c[0m
[1;34mCompiling shell.c[0m
[1;34mCompiling memstreams.c[0m
[1;34mCompiling chprintf.c[0m
[1;34mCompiling fatfs_diskio.c[0m
[1;34mCompiling fatfs_syscall.c[0m
[1;34mCompiling ff.c[0m
[1;34mCompiling unicode.c[0m
[1;34mCompiling vm-buffer.c[0m
[1;34mCompiling can-buffer.c[0m
[1;34mCompiling can-net.c[0m
[1;34mCompiling natives.c[0m
[1;34mCompiling vm.c[0m
[1;34mCompiling aseba_can_interface.c[0m
[1;34mCompiling aseba_node.c[0m
[1;34mCompiling skel_user.c[0m
[1;34mCompiling aseba_bridge.c[0m
[1;34mLinking build/Project_template.elf[0m
[1;34mCreating build/Project_template.hex[0m
[1;34mCreating build/Project_template.bin[0m
[1;34mCreating build/Project_template.dmp[0m

   text	   data	    bss	    dec	    hex	filename
  47908	   2948	   6236	  57092	   df04	build/Project_template.elf
[1;34mCreating build/Project_template.list[0m

[1;34mDone[0m
17:32:03 **** Incremental Build of configuration Default for project Project ****
make all 
[1;34mCompiling main.c[0m
[1;34mLinking build/Project_template.elf[0m
[1;34mCreating build/Project_template.hex[0m
[1;34mCreating build/Project_template.bin[0m
[1;34mCreating build/Project_template.dmp[0m

   text	   data	    bss	    dec	    hex	filename
  62244	   3068	  16868	  82180	  14104	build/Project_template.elf
[1;34mCreating build/Project_template.list[0m

[1;34mDone[0m
17:32:17 **** Incremental Build of configuration Default for project Project ****
make all 
make: Nothing to be done for 'all'.
17:34:10 **** Incremental Build of configuration Default for project Project ****
make all 
make: Nothing to be done for 'all'.
13:26:09 **** Build of configuration Default for project Project ****
make all 
[1;34mCompiling crt0_v7m.s[0m
[1;34mCompiling chcoreasm_v7m.s[0m
[1;34mCompiling main.c[0m
[1;34mCompiling spi3_slave_lld.c[0m
[1;34mCompiling dcmi_lld.c[0m
[1;34mCompiling dcmi.c[0m
[1;34mCompiling spi3_slave.c[0m
[1;34mCompiling audio_thread.c[0m
[1;34mCompiling microphone.c[0m
[1;34mCompiling mp45dt02_processing.c[0m
[1;34mCompiling play_melody.c[0m
[1;34mCompiling button.c[0m
[1;34mCompiling camera.c[0m
[1;34mCompiling dcmi_camera.c[0m
[1;34mCompiling ov2640.c[0m
[1;34mCompiling ov7670.c[0m
[1;34mCompiling po6030.c[0m
[1;34mCompiling po8030.c[0m
[1;34mCompiling cmd.c[0m
[1;34mCompiling Asercom.c[0m
[1;34mCompiling Asercom2.c[0m
[1;34mCompiling DataEEPROM.c[0m
[1;34mCompiling e_I2C_protocol.c[0m
[1;34mCompiling e_acc.c[0m
[1;34mCompiling e_ad_conv.c[0m
[1;34mCompiling e_micro.c[0m
[1;34mCompiling e_prox.c[0m
[1;34mCompiling e_lsm330.c[0m
[1;34mCompiling e_common.c[0m
[1;34mCompiling e_sound.c[0m
[1;34mCompiling e_agenda.c[0m
[1;34mCompiling e_led.c[0m
[1;34mCompiling e_motors.c[0m
[1;34mCompiling e_remote_control.c[0m
[1;34mCompiling e_init_port.c[0m
[1;34mCompiling e_uart_char.c[0m
[1;34mCompiling utility.c[0m
[1;34mCompiling exti.c[0m
[1;34mCompiling flash.c[0m
[1;34mCompiling i2c_bus.c[0m
[1;34mCompiling ir_remote.c[0m
[1;34mCompiling leds.c[0m
[1;34mCompiling memory_protection.c[0m
[1;34mCompiling motors.c[0m
[1;34mCompiling panic.c[0m
[1;34mCompiling selector.c[0m
[1;34mCompiling battery_level.c[0m
[1;34mCompiling ground.c[0m
[1;34mCompiling imu.c[0m
[1;34mCompiling mpu9250.c[0m
[1;34mCompiling proximity.c[0m
[1;34mCompiling serial_comm.c[0m
[1;34mCompiling spi_comm.c[0m
[1;34mCompiling sdio.c[0m
[1;34mCompiling usbcfg.c[0m
[1;34mCompiling uc_usage.c[0m
[1;34mCompiling malloc_lock.c[0m
[1;34mCompiling newlib_syscalls.c[0m
[1;34mCompiling port.c[0m
[1;34mCompiling communication.c[0m
[1;34mCompiling config_flash_storage.c[0m
[1;34mCompiling vl53l0x_api.c[0m
[1;34mCompiling vl53l0x_api_calibration.c[0m
[1;34mCompiling vl53l0x_api_core.c[0m
[1;34mCompiling vl53l0x_api_ranging.c[0m
[1;34mCompiling vl53l0x_api_strings.c[0m
[1;34mCompiling vl53l0x_i2c_platform.c[0m
[1;34mCompiling vl53l0x_platform.c[0m
[1;34mCompiling VL53L0X.c[0m
[1;34mCompiling serial_datagram.c[0m
[1;34mCompiling cmp.c[0m
[1;34mCompiling cmp_mem_access.c[0m
[1;34mCompiling crc16.c[0m
[1;34mCompiling crc32.c[0m
[1;34mCompiling messagebus.c[0m
[1;34mCompiling parameter.c[0m
[1;34mCompiling parameter_msgpack.c[0m
[1;34mCompiling parameter_print.c[0m
[1;34mCompiling fat.c[0m
[1;34mCompiling play_sound_file.c[0m
[1;34mCompiling behaviors.c[0m
[1;34mCompiling ircom.c[0m
[1;34mCompiling ircomReceive.c[0m
[1;34mCompiling ircomTools.c[0m
[1;34mCompiling ircomMessages.c[0m
[1;34mCompiling ircomSend.c[0m
[1;34mCompiling transceiver.c[0m
[1;34mCompiling crt1.c[0m
[1;34mCompiling vectors.c[0m
[1;34mCompiling chsys.c[0m
[1;34mCompiling chdebug.c[0m
[1;34mCompiling chvt.c[0m
[1;34mCompiling chschd.c[0m
[1;34mCompiling chthreads.c[0m
[1;34mCompiling chtm.c[0m
[1;34mCompiling chstats.c[0m
[1;34mCompiling chdynamic.c[0m
[1;34mCompiling chregistry.c[0m
[1;34mCompiling chsem.c[0m
[1;34mCompiling chmtx.c[0m
[1;34mCompiling chcond.c[0m
[1;34mCompiling chevents.c[0m
[1;34mCompiling chmsg.c[0m
[1;34mCompiling chmboxes.c[0m
[1;34mCompiling chqueues.c[0m
[1;34mCompiling chmemcore.c[0m
[1;34mCompiling chheap.c[0m
[1;34mCompiling chmempools.c[0m
[1;34mCompiling chcore.c[0m
[1;34mCompiling chcore_v7m.c[0m
[1;34mCompiling osal.c[0m
[1;34mCompiling hal.c[0m
[1;34mCompiling hal_queues.c[0m
[1;34mCompiling hal_mmcsd.c[0m
[1;34mCompiling adc.c[0m
[1;34mCompiling can.c[0m
[1;34mCompiling dac.c[0m
[1;34mCompiling ext.c[0m
[1;34mCompiling gpt.c[0m
[1;34mCompiling i2c.c[0m
[1;34mCompiling i2s.c[0m
[1;34mCompiling icu.c[0m
[1;34mCompiling mac.c[0m
[1;34mCompiling mmc_spi.c[0m
[1;34mCompiling pal.c[0m
[1;34mCompiling pwm.c[0m
[1;34mCompiling rtc.c[0m
[1;34mCompiling sdc.c[0m
[1;34mCompiling serial.c[0m
[1;34mCompiling serial_usb.c[0m
[1;34mCompiling spi.c[0m
[1;34mCompiling st.c[0m
[1;34mCompiling uart.c[0m
[1;34mCompiling usb.c[0m
[1;34mCompiling nvic.c[0m
[1;34mCompiling stm32_dma.c[0m
[1;34mCompiling hal_lld.c[0m
[1;34mCompiling adc_lld.c[0m
[1;34mCompiling ext_lld_isr.c[0m
[1;34mCompiling can_lld.c[0m
[1;34mCompiling ext_lld.c[0m
[1;34mCompiling mac_lld.c[0m
[1;34mCompiling sdc_lld.c[0m
[1;34mCompiling dac_lld.c[0m
[1;34mCompiling pal_lld.c[0m
[1;34mCompiling i2c_lld.c[0m
[1;34mCompiling usb_lld.c[0m
[1;34mCompiling rtc_lld.c[0m
[1;34mCompiling i2s_lld.c[0m
[1;34mCompiling spi_lld.c[0m
[1;34mCompiling gpt_lld.c[0m
[1;34mCompiling icu_lld.c[0m
[1;34mCompiling pwm_lld.c[0m
[1;34mCompiling st_lld.c[0m
[1;34mCompiling serial_lld.c[0m
[1;34mCompiling uart_lld.c[0m
[1;34mCompiling board.c[0m
[1;34mCompiling test.c[0m
[1;34mCompiling testthd.c[0m
[1;34mCompiling testsem.c[0m
[1;34mCompiling testmtx.c[0m
[1;34mCompiling testmsg.c[0m
[1;34mCompiling testmbox.c[0m
[1;34mCompiling testevt.c[0m
[1;34mCompiling testheap.c[0m
[1;34mCompiling testpools.c[0m
[1;34mCompiling testdyn.c[0m
[1;34mCompiling testqueues.c[0m
[1;34mCompiling testsys.c[0m
[1;34mCompiling testbmk.c[0m
[1;34mCompiling shell.c[0m
[1;34mCompiling memstreams.c[0m
[1;34mCompiling chprintf.c[0m
[1;34mCompiling fatfs_diskio.c[0m
[1;34mCompiling fatfs_syscall.c[0m
[1;34mCompiling ff.c[0m
[1;34mCompiling unicode.c[0m
[1;34mCompiling vm-buffer.c[0m
[1;34mCompiling can-buffer.c[0m
[1;34mCompiling can-net.c[0m
[1;34mCompiling natives.c[0m
[1;34mCompiling vm.c[0m
[1;34mCompiling aseba_can_interface.c[0m
[1;34mCompiling aseba_node.c[0m
[1;34mCompiling skel_user.c[0m
[1;34mCompiling aseba_bridge.c[0m
[1;34mLinking build/Project_template.elf[0m
[1;34mCreating build/Project_template.hex[0m
[1;34mCreating build/Project_template.bin[0m
[1;34mCreating build/Project_template.dmp[0m

   text	   data	    bss	    dec	    hex	filename
  62244	   3068	  16868	  82180	  14104	build/Project_template.elf
[1;34mCreating build/Project_template.list[0m

[1;34mDone[0m
13:30:11 **** Incremental Build of configuration Default for project Project ****
make all 
make: Nothing to be done for 'all'.
13:30:31 **** Incremental Build of configuration Default for project Project ****
make all 
make: Nothing to be done for 'all'.
13:44:23 **** Incremental Build of configuration Default for project Project ****
make all 
[1;34mCompiling main.c[0m
main.c: In function 'main':
main.c:42:25: error: expected declaration specifiers or '...' before numeric constant
      void set_front_led(1);
                         ^
main.c:43:24: error: expected declaration specifiers or '...' before numeric constant
      void set_body_led(1);
                        ^
make: *** [../e-puck2_main-processor/ChibiOS//os/common/ports/ARMCMx/compilers/GCC/rules.mk:217: build/obj/main.o] Error 1
"make all" terminated with exit code 2. Build might be incomplete.
14:03:40 **** Incremental Build of configuration Default for project Project ****
make all 
[1;34mCompiling main.c[0m
[1;34mLinking build/Project_template.elf[0m
[1;34mCreating build/Project_template.hex[0m
[1;34mCreating build/Project_template.bin[0m
[1;34mCreating build/Project_template.dmp[0m

   text	   data	    bss	    dec	    hex	filename
  62132	   3068	  16868	  82068	  14094	build/Project_template.elf
[1;34mCreating build/Project_template.list[0m

[1;34mDone[0m
14:06:03 **** Incremental Build of configuration Default for project Project ****
make all 
[1;34mCompiling main.c[0m
[1;34mLinking build/Project_template.elf[0m
[1;34mCreating build/Project_template.hex[0m
[1;34mCreating build/Project_template.bin[0m
[1;34mCreating build/Project_template.dmp[0m

   text	   data	    bss	    dec	    hex	filename
  61508	   3068	  16860	  81436	  13e1c	build/Project_template.elf
[1;34mCreating build/Project_template.list[0m

[1;34mDone[0m
14:12:27 **** Incremental Build of configuration Default for project Project ****
make all 
[1;34mCompiling main.c[0m
[1;34mLinking build/Project_template.elf[0m
[1;34mCreating build/Project_template.hex[0m
[1;34mCreating build/Project_template.bin[0m
[1;34mCreating build/Project_template.dmp[0m

   text	   data	    bss	    dec	    hex	filename
  61492	   3068	  16860	  81420	  13e0c	build/Project_template.elf
[1;34mCreating build/Project_template.list[0m

[1;34mDone[0m
14:24:05 **** Incremental Build of configuration Default for project Project ****
make all 
[1;34mCompiling main.c[0m
main.c: In function 'main':
main.c:42:6: error: 'selector' undeclared (first use in this function); did you mean 'select'?
      selector=get_selector();
      ^~~~~~~~
      select
main.c:42:6: note: each undeclared identifier is reported only once for each function it appears in
main.c:42:15: warning: implicit declaration of function 'get_selector'; did you mean 'pselect'? [-Wimplicit-function-declaration]
      selector=get_selector();
               ^~~~~~~~~~~~
               pselect
make: *** [../e-puck2_main-processor/ChibiOS//os/common/ports/ARMCMx/compilers/GCC/rules.mk:217: build/obj/main.o] Error 1
"make all" terminated with exit code 2. Build might be incomplete.
14:25:52 **** Incremental Build of configuration Default for project Project ****
make all 
[1;34mCompiling main.c[0m
main.c: In function 'main':
main.c:43:15: warning: implicit declaration of function 'get_selector'; did you mean 'pselect'? [-Wimplicit-function-declaration]
      selector=get_selector();
               ^~~~~~~~~~~~
               pselect
[1;34mLinking build/Project_template.elf[0m
[1;34mCreating build/Project_template.hex[0m
[1;34mCreating build/Project_template.bin[0m
[1;34mCreating build/Project_template.dmp[0m

   text	   data	    bss	    dec	    hex	filename
  61604	   3068	  16860	  81532	  13e7c	build/Project_template.elf
[1;34mCreating build/Project_template.list[0m

[1;34mDone[0m
14:37:39 **** Incremental Build of configuration Default for project Project ****
make all 
[1;34mCompiling main.c[0m
main.c: In function 'main':
main.c:46:15: warning: implicit declaration of function 'get_selector'; did you mean 'pselect'? [-Wimplicit-function-declaration]
      selector=get_selector();
               ^~~~~~~~~~~~
               pselect
[1;34mLinking build/Project_template.elf[0m
[1;34mCreating build/Project_template.hex[0m
[1;34mCreating build/Project_template.bin[0m
[1;34mCreating build/Project_template.dmp[0m

   text	   data	    bss	    dec	    hex	filename
  62244	   3068	  16868	  82180	  14104	build/Project_template.elf
[1;34mCreating build/Project_template.list[0m

[1;34mDone[0m
14:39:10 **** Incremental Build of configuration Default for project Project ****
make all 
[1;34mCompiling main.c[0m
main.c: In function 'main':
main.c:46:15: warning: implicit declaration of function 'get_selector'; did you mean 'pselect'? [-Wimplicit-function-declaration]
      selector=get_selector();
               ^~~~~~~~~~~~
               pselect
[1;34mLinking build/Project_template.elf[0m
[1;34mCreating build/Project_template.hex[0m
[1;34mCreating build/Project_template.bin[0m
[1;34mCreating build/Project_template.dmp[0m

   text	   data	    bss	    dec	    hex	filename
  62244	   3068	  16868	  82180	  14104	build/Project_template.elf
[1;34mCreating build/Project_template.list[0m

[1;34mDone[0m
14:42:59 **** Incremental Build of configuration Default for project Project ****
make all 
[1;34mCompiling main.c[0m
main.c: In function 'main':
main.c:46:15: warning: implicit declaration of function 'get_selector'; did you mean 'pselect'? [-Wimplicit-function-declaration]
      selector=get_selector();
               ^~~~~~~~~~~~
               pselect
[1;34mLinking build/Project_template.elf[0m
[1;34mCreating build/Project_template.hex[0m
[1;34mCreating build/Project_template.bin[0m
[1;34mCreating build/Project_template.dmp[0m

   text	   data	    bss	    dec	    hex	filename
  62228	   3068	  16868	  82164	  140f4	build/Project_template.elf
[1;34mCreating build/Project_template.list[0m

[1;34mDone[0m
15:05:56 **** Incremental Build of configuration Default for project Project ****
make all 
[1;34mCompiling main.c[0m
main.c: In function 'main':
main.c:45:6: error: 'str_length' undeclared (first use in this function); did you mean 'strnlen'?
      str_length = sprintf(str, "Printing number %d!\n",value);
      ^~~~~~~~~~
      strnlen
main.c:45:6: note: each undeclared identifier is reported only once for each function it appears in
main.c:45:27: error: 'str' undeclared (first use in this function); did you mean 'sbrk'?
      str_length = sprintf(str, "Printing number %d!\n",value);
                           ^~~
                           sbrk
main.c:46:6: warning: implicit declaration of function 'e_send_uart1_char' [-Wimplicit-function-declaration]
      e_send_uart1_char(str, str_length);
      ^~~~~~~~~~~~~~~~~
main.c:40:9: warning: unused variable 'wheelspeed' [-Wunused-variable]
     int wheelspeed=500;
         ^~~~~~~~~~
main.c:39:9: warning: unused variable 'selector' [-Wunused-variable]
     int selector;
         ^~~~~~~~
make: *** [../e-puck2_main-processor/ChibiOS//os/common/ports/ARMCMx/compilers/GCC/rules.mk:217: build/obj/main.o] Error 1
"make all" terminated with exit code 2. Build might be incomplete.
15:07:57 **** Incremental Build of configuration Default for project Project ****
make all 
[1;34mCompiling main.c[0m
main.c: In function 'main':
main.c:47:27: warning: passing argument 1 of 'sprintf' makes pointer from integer without a cast [-Wint-conversion]
      str_length = sprintf(str, "Printing number %d!\n",value);
                           ^~~
In file included from /home/acse-lab/Documents/ele313-ts/Eclipse_e-puck2/Tools/gcc-arm-none-eabi-7-2017-q4-major/arm-none-eabi/include/stdio.h:29:0,
                 from main.c:1:
/home/acse-lab/Documents/ele313-ts/Eclipse_e-puck2/Tools/gcc-arm-none-eabi-7-2017-q4-major/arm-none-eabi/include/stdio.h:244:5: note: expected 'char * restrict' but argument is of type 'int'
 int _EXFUN(sprintf, (char *__restrict, const char *__restrict, ...)
     ^
main.c:48:6: warning: implicit declaration of function 'e_send_uart1_char' [-Wimplicit-function-declaration]
      e_send_uart1_char(str, str_length);
      ^~~~~~~~~~~~~~~~~
main.c:40:9: warning: unused variable 'wheelspeed' [-Wunused-variable]
     int wheelspeed=500;
         ^~~~~~~~~~
main.c:39:9: warning: unused variable 'selector' [-Wunused-variable]
     int selector;
         ^~~~~~~~
main.c:47:19: warning: 'str' is used uninitialized in this function [-Wuninitialized]
      str_length = sprintf(str, "Printing number %d!\n",value);
                   ^~~~~~~~~~~~~~~~~~~~~~~~~~~~~~~~~~~~~~~~~~~
[1;34mLinking build/Project_template.elf[0m
[1;34mCreating build/Project_template.hex[0m
[1;34mCreating build/Project_template.bin[0m
[1;34mCreating build/Project_template.dmp[0m

   text	   data	    bss	    dec	    hex	filename
  61620	   3068	  16860	  81548	  13e8c	build/Project_template.elf
[1;34mCreating build/Project_template.list[0m

[1;34mDone[0m
15:10:58 **** Incremental Build of configuration Default for project Project ****
make all 
[1;34mCompiling main.c[0m
main.c: In function 'main':
main.c:45:6: warning: unused variable 'str' [-Wunused-variable]
  int str;
      ^~~
main.c:44:9: warning: unused variable 'str_length' [-Wunused-variable]
     int str_length;
         ^~~~~~~~~~
[1;34mLinking build/Project_template.elf[0m
[1;34mCreating build/Project_template.hex[0m
[1;34mCreating build/Project_template.bin[0m
[1;34mCreating build/Project_template.dmp[0m

   text	   data	    bss	    dec	    hex	filename
  62484	   3084	  17500	  83068	  1447c	build/Project_template.elf
[1;34mCreating build/Project_template.list[0m

[1;34mDone[0m
15:19:34 **** Incremental Build of configuration Default for project Project ****
make all 
make: Nothing to be done for 'all'.
15:34:01 **** Incremental Build of configuration Default for project Project ****
make all 
[1;34mCompiling main.c[0m
main.c: In function 'main':
main.c:46:15: warning: implicit declaration of function 'get_selector'; did you mean 'pselect'? [-Wimplicit-function-declaration]
      selector=get_selector();
               ^~~~~~~~~~~~
               pselect
[1;34mLinking build/Project_template.elf[0m
[1;34mCreating build/Project_template.hex[0m
[1;34mCreating build/Project_template.bin[0m
[1;34mCreating build/Project_template.dmp[0m

   text	   data	    bss	    dec	    hex	filename
  62228	   3068	  16868	  82164	  140f4	build/Project_template.elf
[1;34mCreating build/Project_template.list[0m

[1;34mDone[0m
15:37:43 **** Incremental Build of configuration Default for project Project ****
make all 
[1;34mCompiling main.c[0m
main.c: In function 'main':
main.c:45:6: warning: unused variable 'str' [-Wunused-variable]
  int str;
      ^~~
main.c:44:9: warning: unused variable 'str_length' [-Wunused-variable]
     int str_length;
         ^~~~~~~~~~
[1;34mLinking build/Project_template.elf[0m
[1;34mCreating build/Project_template.hex[0m
[1;34mCreating build/Project_template.bin[0m
[1;34mCreating build/Project_template.dmp[0m

   text	   data	    bss	    dec	    hex	filename
  62484	   3084	  17500	  83068	  1447c	build/Project_template.elf
[1;34mCreating build/Project_template.list[0m

[1;34mDone[0m
15:55:48 **** Incremental Build of configuration Default for project Project ****
make all 
[1;34mCompiling main.c[0m
main.c: In function 'main':
main.c:45:6: warning: unused variable 'str' [-Wunused-variable]
  int str;
      ^~~
main.c:44:9: warning: unused variable 'str_length' [-Wunused-variable]
     int str_length;
         ^~~~~~~~~~
main.c:54:19: warning: 'value' is used uninitialized in this function [-Wuninitialized]
        str_length = sprintf(str, "Proximity Reading is %d!\n", value);
        ~~~~~~~~~~~^~~~~~~~~~~~~~~~~~~~~~~~~~~~~~~~~~~~~~~~~~~~~~~~~~~
[1;34mLinking build/Project_template.elf[0m
[1;34mCreating build/Project_template.hex[0m
[1;34mCreating build/Project_template.bin[0m
[1;34mCreating build/Project_template.dmp[0m

   text	   data	    bss	    dec	    hex	filename
  62580	   3084	  17500	  83164	  144dc	build/Project_template.elf
[1;34mCreating build/Project_template.list[0m

[1;34mDone[0m
15:57:15 **** Incremental Build of configuration Default for project Project ****
make all 
[1;34mCompiling main.c[0m
main.c: In function 'main':
main.c:54:34: warning: too many arguments for format [-Wformat-extra-args]
        str_length = sprintf(str, "Proximity Reading of",i,"is %d!\n", value);
                                  ^~~~~~~~~~~~~~~~~~~~~~
main.c:45:6: warning: unused variable 'str' [-Wunused-variable]
  int str;
      ^~~
main.c:44:9: warning: unused variable 'str_length' [-Wunused-variable]
     int str_length;
         ^~~~~~~~~~
main.c:54:19: warning: 'value' is used uninitialized in this function [-Wuninitialized]
        str_length = sprintf(str, "Proximity Reading of",i,"is %d!\n", value);
        ~~~~~~~~~~~^~~~~~~~~~~~~~~~~~~~~~~~~~~~~~~~~~~~~~~~~~~~~~~~~~~~~~~~~~
[1;34mLinking build/Project_template.elf[0m
[1;34mCreating build/Project_template.hex[0m
[1;34mCreating build/Project_template.bin[0m
[1;34mCreating build/Project_template.dmp[0m

   text	   data	    bss	    dec	    hex	filename
  62596	   3084	  17500	  83180	  144ec	build/Project_template.elf
[1;34mCreating build/Project_template.list[0m

[1;34mDone[0m
16:02:26 **** Incremental Build of configuration Default for project Project ****
make all 
[1;34mCompiling main.c[0m
main.c: In function 'main':
main.c:54:34: warning: too many arguments for format [-Wformat-extra-args]
        str_length = sprintf(str, "Proximity Reading of %d",i," is %d!\n", value);
                                  ^~~~~~~~~~~~~~~~~~~~~~~~~
main.c:45:6: warning: unused variable 'str' [-Wunused-variable]
  int str;
      ^~~
main.c:44:9: warning: unused variable 'str_length' [-Wunused-variable]
     int str_length;
         ^~~~~~~~~~
main.c:54:19: warning: 'value' is used uninitialized in this function [-Wuninitialized]
        str_length = sprintf(str, "Proximity Reading of %d",i," is %d!\n", value);
        ~~~~~~~~~~~^~~~~~~~~~~~~~~~~~~~~~~~~~~~~~~~~~~~~~~~~~~~~~~~~~~~~~~~~~~~~~
[1;34mLinking build/Project_template.elf[0m
[1;34mCreating build/Project_template.hex[0m
[1;34mCreating build/Project_template.bin[0m
[1;34mCreating build/Project_template.dmp[0m

   text	   data	    bss	    dec	    hex	filename
  62612	   3084	  17500	  83196	  144fc	build/Project_template.elf
[1;34mCreating build/Project_template.list[0m

[1;34mDone[0m
16:02:51 **** Incremental Build of configuration Default for project Project ****
make all 
make: Nothing to be done for 'all'.
16:03:09 **** Incremental Build of configuration Default for project Project ****
make all 
make: Nothing to be done for 'all'.
16:03:56 **** Incremental Build of configuration Default for project Project ****
make all 
make: Nothing to be done for 'all'.
16:04:50 **** Incremental Build of configuration Default for project Project ****
make all 
[1;34mCompiling main.c[0m
main.c: In function 'main':
main.c:45:6: warning: unused variable 'str' [-Wunused-variable]
  int str;
      ^~~
main.c:44:9: warning: unused variable 'str_length' [-Wunused-variable]
     int str_length;
         ^~~~~~~~~~
main.c:54:19: warning: 'value' is used uninitialized in this function [-Wuninitialized]
        str_length = sprintf(str, "Proximity Reading of %d is %d!\n",i, value);
        ~~~~~~~~~~~^~~~~~~~~~~~~~~~~~~~~~~~~~~~~~~~~~~~~~~~~~~~~~~~~~~~~~~~~~~
[1;34mLinking build/Project_template.elf[0m
[1;34mCreating build/Project_template.hex[0m
[1;34mCreating build/Project_template.bin[0m
[1;34mCreating build/Project_template.dmp[0m

   text	   data	    bss	    dec	    hex	filename
  62596	   3084	  17500	  83180	  144ec	build/Project_template.elf
[1;34mCreating build/Project_template.list[0m

[1;34mDone[0m
16:05:47 **** Incremental Build of configuration Default for project Project ****
make all 
make: Nothing to be done for 'all'.
16:06:37 **** Incremental Build of configuration Default for project Project ****
make all 
make: Nothing to be done for 'all'.
16:07:32 **** Incremental Build of configuration Default for project Project ****
make all 
make: Nothing to be done for 'all'.
16:07:46 **** Incremental Build of configuration Default for project Project ****
make all 
make: Nothing to be done for 'all'.
16:07:59 **** Incremental Build of configuration Default for project Project ****
make all 
make: Nothing to be done for 'all'.
16:08:15 **** Incremental Build of configuration Default for project Project ****
make all 
make: Nothing to be done for 'all'.
13:28:17 **** Build of configuration Default for project Project ****
make all 
[1;34mCompiling crt0_v7m.s[0m
[1;34mCompiling chcoreasm_v7m.s[0m
[1;34mCompiling main.c[0m
main.c:23:6: warning: function declaration isn't a prototype [-Wstrict-prototypes]
 void follow_wall() {
      ^~~~~~~~~~~
main.c: In function 'follow_wall':
main.c:25:17: error: 'prefSide' undeclared (first use in this function); did you mean 'pread'?
    if (get_prox(prefSide)<minirread){
                 ^~~~~~~~
                 pread
main.c:25:17: note: each undeclared identifier is reported only once for each function it appears in
main.c:25:27: error: 'minirread' undeclared (first use in this function)
    if (get_prox(prefSide)<minirread){
                           ^~~~~~~~~
main.c:27:11: warning: unused variable 'wheelratio' [-Wunused-variable]
     float wheelratio = 0.9;
           ^~~~~~~~~~
main.c:28:35: error: 'maxirread' undeclared (first use in this function); did you mean 'minirread'?
    } else if ((get_prox(prefSide)>maxirread && get_prox(offSide)<maxirread) || (get_prox(prefCorner)>maxirread && get_prox(offCorner)<maxirread)){
                                   ^~~~~~~~~
                                   minirread
main.c:28:57: error: 'offSide' undeclared (first use in this function); did you mean 'prefSide'?
    } else if ((get_prox(prefSide)>maxirread && get_prox(offSide)<maxirread) || (get_prox(prefCorner)>maxirread && get_prox(offCorner)<maxirread)){
                                                         ^~~~~~~
                                                         prefSide
main.c:28:90: error: 'prefCorner' undeclared (first use in this function); did you mean 'prefSide'?
    } else if ((get_prox(prefSide)>maxirread && get_prox(offSide)<maxirread) || (get_prox(prefCorner)>maxirread && get_prox(offCorner)<maxirread)){
                                                                                          ^~~~~~~~~~
                                                                                          prefSide
main.c:28:124: error: 'offCorner' undeclared (first use in this function); did you mean 'prefCorner'?
    } else if ((get_prox(prefSide)>maxirread && get_prox(offSide)<maxirread) || (get_prox(prefCorner)>maxirread && get_prox(offCorner)<maxirread)){
                                                                                                                            ^~~~~~~~~
                                                                                                                            prefCorner
main.c:30:11: warning: unused variable 'wheelratio' [-Wunused-variable]
     float wheelratio = 1.1;
           ^~~~~~~~~~
main.c:33:11: warning: unused variable 'wheelratio' [-Wunused-variable]
     float wheelratio = 0.9;
           ^~~~~~~~~~
main.c:36:33: error: 'followSide' undeclared (first use in this function); did you mean 'offSide'?
     left_motor_set_speed(-500 * followSide);
                                 ^~~~~~~~~~
                                 offSide
main.c:39:24: error: 'prefFront' undeclared (first use in this function); did you mean 'prefCorner'?
    } else if (get_prox(prefFront)>maxirread || (get_prox(offFront)>maxirread)){
                        ^~~~~~~~~
                        prefCorner
main.c:39:58: error: 'offFront' undeclared (first use in this function); did you mean 'prefFront'?
    } else if (get_prox(prefFront)>maxirread || (get_prox(offFront)>maxirread)){
                                                          ^~~~~~~~
                                                          prefFront
main.c:47:8: error: 'followsSide' undeclared (first use in this function); did you mean 'followSide'?
    if (followsSide ==-1){
        ^~~~~~~~~~~
        followSide
main.c:48:9: error: 'wheelRatio' undeclared (first use in this function)
     if (wheelRatio<1){
         ^~~~~~~~~~
main.c:55:15: error: 'followside' undeclared (first use in this function); did you mean 'followsSide'?
    } else if (followside ==1){
               ^~~~~~~~~~
               followsSide
main.c: In function 'main':
main.c:160:8: warning: unused variable 'offBack' [-Wunused-variable]
    int offBack = 4;
        ^~~~~~~
main.c:159:8: warning: unused variable 'offSide' [-Wunused-variable]
    int offSide = 5;
        ^~~~~~~
main.c:158:8: warning: unused variable 'offCorner' [-Wunused-variable]
    int offCorner = 6;
        ^~~~~~~~~
main.c:157:8: warning: unused variable 'offFront' [-Wunused-variable]
    int offFront = 7;
        ^~~~~~~~
main.c:156:8: warning: unused variable 'prefBack' [-Wunused-variable]
    int prefBack = 3;
        ^~~~~~~~
main.c:155:8: warning: unused variable 'prefSide' [-Wunused-variable]
    int prefSide = 2;
        ^~~~~~~~
main.c:154:8: warning: unused variable 'prefCorner' [-Wunused-variable]
    int prefCorner = 1;
        ^~~~~~~~~~
main.c:153:8: warning: unused variable 'prefFront' [-Wunused-variable]
    int prefFront = 0;
        ^~~~~~~~~
main.c:169:8: warning: unused variable 'offBack' [-Wunused-variable]
    int offBack = 3;
        ^~~~~~~
main.c:168:8: warning: unused variable 'offSide' [-Wunused-variable]
    int offSide = 2;
        ^~~~~~~
main.c:167:8: warning: unused variable 'offCorner' [-Wunused-variable]
    int offCorner = 1;
        ^~~~~~~~~
main.c:166:8: warning: unused variable 'offFront' [-Wunused-variable]
    int offFront = 0;
        ^~~~~~~~
main.c:165:8: warning: unused variable 'prefBack' [-Wunused-variable]
    int prefBack = 4;
        ^~~~~~~~
main.c:164:8: warning: unused variable 'prefSide' [-Wunused-variable]
    int prefSide = 5;
        ^~~~~~~~
main.c:163:8: warning: unused variable 'prefCorner' [-Wunused-variable]
    int prefCorner = 6;
        ^~~~~~~~~~
main.c:162:8: warning: unused variable 'prefFront' [-Wunused-variable]
    int prefFront = 7;
        ^~~~~~~~~
main.c:178:7: error: 'currentstate' undeclared (first use in this function); did you mean 'currentState'?
   if (currentstate==FOUNDWALL && wallsexplored==0 ) {
       ^~~~~~~~~~~~
       currentState
main.c:184:4: error: expected ';' before '}' token
    }
    ^
main.c:185:9: warning: unused variable 'wallsexplored' [-Wunused-variable]
    bool wallsexplored = 1;
         ^~~~~~~~~~~~~
main.c:198:186: error: expected expression before ')' token
   if (SensorValue[0] > threshold || SensorValue[7] > threshold || SensorValue[1] > threshold || SensorValue[2] > threshold || SensorValue[5] > threshold ||SensorValue[6] > threshold || ) {
                                                                                                                                                                                          ^
main.c:202:32: error: 'maxwheelsteps2' undeclared (first use in this function); did you mean 'maxwheelsteps'?
    while (left_motor_get_pos()<maxwheelsteps2 && right_motor_get_pos()<maxwheelsteps2){
                                ^~~~~~~~~~~~~~
                                maxwheelsteps
main.c:212:4: warning: implicit declaration of function 'delay_ms' [-Wimplicit-function-declaration]
    delay_ms(500);
    ^~~~~~~~
main.c:102:6: warning: unused variable 'maxVal' [-Wunused-variable]
  int maxVal = 0;
      ^~~~~~
main.c:94:8: warning: unused variable 'wheelRatio' [-Wunused-variable]
  float wheelRatio = 1; // if less than 1, preffered side wheel spins slower therefore turns towards preffered wall
        ^~~~~~~~~~
main.c:93:6: warning: unused variable 'maxirread' [-Wunused-variable]
  int maxirread = 1000;
      ^~~~~~~~~
main.c:92:6: warning: unused variable 'minirread' [-Wunused-variable]
  int minirread = 300;
      ^~~~~~~~~
main.c:80:17: warning: unused variable 'allRGBs' [-Wunused-variable]
  rgb_led_name_t allRGBs[] = {LED2, LED4, LED6, LED8};
                 ^~~~~~~
main.c: At top level:
main.c:223:3: error: expected identifier or '(' before '}' token
   }
   ^
main.c:225:2: error: expected identifier or '(' before 'if'
  if (currentState) = NOWALL {
  ^~
main.c:230:2: error: expected identifier or '(' before 'else'
  else if (currentState) = FOUNDWALL {
  ^~~~
make: *** [../e-puck2_main-processor/ChibiOS//os/common/ports/ARMCMx/compilers/GCC/rules.mk:217: build/obj/main.o] Error 1
"make all" terminated with exit code 2. Build might be incomplete.
13:35:40 **** Incremental Build of configuration Default for project Project ****
make all 
[1;34mCompiling main.c[0m
main.c: In function 'follow_wall':
main.c:24:17: error: 'prefSide' undeclared (first use in this function); did you mean 'pread'?
    if (get_prox(prefSide)<minirread){
                 ^~~~~~~~
                 pread
main.c:24:17: note: each undeclared identifier is reported only once for each function it appears in
main.c:24:27: error: 'minirread' undeclared (first use in this function)
    if (get_prox(prefSide)<minirread){
                           ^~~~~~~~~
main.c:26:11: warning: unused variable 'wheelratio' [-Wunused-variable]
     float wheelratio = 0.9;
           ^~~~~~~~~~
main.c:27:35: error: 'maxirread' undeclared (first use in this function); did you mean 'minirread'?
    } else if ((get_prox(prefSide)>maxirread && get_prox(offSide)<maxirread) || (get_prox(prefCorner)>maxirread && get_prox(offCorner)<maxirread)){
                                   ^~~~~~~~~
                                   minirread
main.c:27:57: error: 'offSide' undeclared (first use in this function); did you mean 'prefSide'?
    } else if ((get_prox(prefSide)>maxirread && get_prox(offSide)<maxirread) || (get_prox(prefCorner)>maxirread && get_prox(offCorner)<maxirread)){
                                                         ^~~~~~~
                                                         prefSide
main.c:27:90: error: 'prefCorner' undeclared (first use in this function); did you mean 'prefSide'?
    } else if ((get_prox(prefSide)>maxirread && get_prox(offSide)<maxirread) || (get_prox(prefCorner)>maxirread && get_prox(offCorner)<maxirread)){
                                                                                          ^~~~~~~~~~
                                                                                          prefSide
main.c:27:124: error: 'offCorner' undeclared (first use in this function); did you mean 'prefCorner'?
    } else if ((get_prox(prefSide)>maxirread && get_prox(offSide)<maxirread) || (get_prox(prefCorner)>maxirread && get_prox(offCorner)<maxirread)){
                                                                                                                            ^~~~~~~~~
                                                                                                                            prefCorner
main.c:29:11: warning: unused variable 'wheelratio' [-Wunused-variable]
     float wheelratio = 1.1;
           ^~~~~~~~~~
main.c:32:11: warning: unused variable 'wheelratio' [-Wunused-variable]
     float wheelratio = 0.9;
           ^~~~~~~~~~
main.c:35:33: error: 'followSide' undeclared (first use in this function); did you mean 'offSide'?
     left_motor_set_speed(-500 * followSide);
                                 ^~~~~~~~~~
                                 offSide
main.c:38:24: error: 'prefFront' undeclared (first use in this function); did you mean 'prefCorner'?
    } else if (get_prox(prefFront)>maxirread || (get_prox(offFront)>maxirread)){
                        ^~~~~~~~~
                        prefCorner
main.c:38:58: error: 'offFront' undeclared (first use in this function); did you mean 'prefFront'?
    } else if (get_prox(prefFront)>maxirread || (get_prox(offFront)>maxirread)){
                                                          ^~~~~~~~
                                                          prefFront
main.c:46:8: error: 'followsSide' undeclared (first use in this function); did you mean 'followSide'?
    if (followsSide ==-1){
        ^~~~~~~~~~~
        followSide
main.c:47:9: error: 'wheelRatio' undeclared (first use in this function)
     if (wheelRatio<1){
         ^~~~~~~~~~
main.c:54:15: error: 'followside' undeclared (first use in this function); did you mean 'followsSide'?
    } else if (followside ==1){
               ^~~~~~~~~~
               followsSide
main.c: In function 'main':
main.c:159:8: warning: unused variable 'offBack' [-Wunused-variable]
    int offBack = 4;
        ^~~~~~~
main.c:158:8: warning: unused variable 'offSide' [-Wunused-variable]
    int offSide = 5;
        ^~~~~~~
main.c:157:8: warning: unused variable 'offCorner' [-Wunused-variable]
    int offCorner = 6;
        ^~~~~~~~~
main.c:156:8: warning: unused variable 'offFront' [-Wunused-variable]
    int offFront = 7;
        ^~~~~~~~
main.c:155:8: warning: unused variable 'prefBack' [-Wunused-variable]
    int prefBack = 3;
        ^~~~~~~~
main.c:154:8: warning: unused variable 'prefSide' [-Wunused-variable]
    int prefSide = 2;
        ^~~~~~~~
main.c:153:8: warning: unused variable 'prefCorner' [-Wunused-variable]
    int prefCorner = 1;
        ^~~~~~~~~~
main.c:152:8: warning: unused variable 'prefFront' [-Wunused-variable]
    int prefFront = 0;
        ^~~~~~~~~
main.c:168:8: warning: unused variable 'offBack' [-Wunused-variable]
    int offBack = 3;
        ^~~~~~~
main.c:167:8: warning: unused variable 'offSide' [-Wunused-variable]
    int offSide = 2;
        ^~~~~~~
main.c:166:8: warning: unused variable 'offCorner' [-Wunused-variable]
    int offCorner = 1;
        ^~~~~~~~~
main.c:165:8: warning: unused variable 'offFront' [-Wunused-variable]
    int offFront = 0;
        ^~~~~~~~
main.c:164:8: warning: unused variable 'prefBack' [-Wunused-variable]
    int prefBack = 4;
        ^~~~~~~~
main.c:163:8: warning: unused variable 'prefSide' [-Wunused-variable]
    int prefSide = 5;
        ^~~~~~~~
main.c:162:8: warning: unused variable 'prefCorner' [-Wunused-variable]
    int prefCorner = 6;
        ^~~~~~~~~~
main.c:161:8: warning: unused variable 'prefFront' [-Wunused-variable]
    int prefFront = 7;
        ^~~~~~~~~
main.c:177:7: error: 'currentstate' undeclared (first use in this function); did you mean 'currentState'?
   if (currentstate==FOUNDWALL && wallsexplored==0 ) {
       ^~~~~~~~~~~~
       currentState
main.c:183:4: error: expected ';' before '}' token
    }
    ^
main.c:184:9: warning: unused variable 'wallsexplored' [-Wunused-variable]
    bool wallsexplored = 1;
         ^~~~~~~~~~~~~
main.c:197:186: error: expected expression before ')' token
   if (SensorValue[0] > threshold || SensorValue[7] > threshold || SensorValue[1] > threshold || SensorValue[2] > threshold || SensorValue[5] > threshold ||SensorValue[6] > threshold || ) {
                                                                                                                                                                                          ^
main.c:201:32: error: 'maxwheelsteps2' undeclared (first use in this function); did you mean 'maxwheelsteps'?
    while (left_motor_get_pos()<maxwheelsteps2 && right_motor_get_pos()<maxwheelsteps2){
                                ^~~~~~~~~~~~~~
                                maxwheelsteps
main.c:211:4: warning: implicit declaration of function 'delay_ms' [-Wimplicit-function-declaration]
    delay_ms(500);
    ^~~~~~~~
main.c:101:6: warning: unused variable 'maxVal' [-Wunused-variable]
  int maxVal = 0;
      ^~~~~~
main.c:93:8: warning: unused variable 'wheelRatio' [-Wunused-variable]
  float wheelRatio = 1; // if less than 1, preffered side wheel spins slower therefore turns towards preffered wall
        ^~~~~~~~~~
main.c:92:6: warning: unused variable 'maxirread' [-Wunused-variable]
  int maxirread = 1000;
      ^~~~~~~~~
main.c:91:6: warning: unused variable 'minirread' [-Wunused-variable]
  int minirread = 300;
      ^~~~~~~~~
main.c:79:17: warning: unused variable 'allRGBs' [-Wunused-variable]
  rgb_led_name_t allRGBs[] = {LED2, LED4, LED6, LED8};
                 ^~~~~~~
main.c: At top level:
main.c:222:3: error: expected identifier or '(' before '}' token
   }
   ^
main.c:224:2: error: expected identifier or '(' before 'if'
  if (currentState) = NOWALL {
  ^~
main.c:229:2: error: expected identifier or '(' before 'else'
  else if (currentState) = FOUNDWALL {
  ^~~~
make: *** [../e-puck2_main-processor/ChibiOS//os/common/ports/ARMCMx/compilers/GCC/rules.mk:217: build/obj/main.o] Error 1
"make all" terminated with exit code 2. Build might be incomplete.
13:35:51 **** Incremental Build of configuration Default for project Project ****
make all 
[1;34mCompiling main.c[0m
main.c: In function 'follow_wall':
main.c:37:11: warning: unused variable 'wheelratio' [-Wunused-variable]
     float wheelratio = 0.9;
           ^~~~~~~~~~
main.c:40:11: warning: unused variable 'wheelratio' [-Wunused-variable]
     float wheelratio = 1.1;
           ^~~~~~~~~~
main.c:43:11: warning: unused variable 'wheelratio' [-Wunused-variable]
     float wheelratio = 0.9;
           ^~~~~~~~~~
main.c:57:8: error: 'followsSide' undeclared (first use in this function); did you mean 'followSide'?
    if (followsSide ==-1){
        ^~~~~~~~~~~
        followSide
main.c:57:8: note: each undeclared identifier is reported only once for each function it appears in
main.c:65:15: error: 'followside' undeclared (first use in this function); did you mean 'followsSide'?
    } else if (followside ==1){
               ^~~~~~~~~~
               followsSide
main.c: In function 'main':
main.c:170:8: warning: unused variable 'offBack' [-Wunused-variable]
    int offBack = 4;
        ^~~~~~~
main.c:169:8: warning: unused variable 'offSide' [-Wunused-variable]
    int offSide = 5;
        ^~~~~~~
main.c:168:8: warning: unused variable 'offCorner' [-Wunused-variable]
    int offCorner = 6;
        ^~~~~~~~~
main.c:167:8: warning: unused variable 'offFront' [-Wunused-variable]
    int offFront = 7;
        ^~~~~~~~
main.c:166:8: warning: unused variable 'prefBack' [-Wunused-variable]
    int prefBack = 3;
        ^~~~~~~~
main.c:165:8: warning: unused variable 'prefSide' [-Wunused-variable]
    int prefSide = 2;
        ^~~~~~~~
main.c:164:8: warning: unused variable 'prefCorner' [-Wunused-variable]
    int prefCorner = 1;
        ^~~~~~~~~~
main.c:163:8: warning: unused variable 'prefFront' [-Wunused-variable]
    int prefFront = 0;
        ^~~~~~~~~
main.c:179:8: warning: unused variable 'offBack' [-Wunused-variable]
    int offBack = 3;
        ^~~~~~~
main.c:178:8: warning: unused variable 'offSide' [-Wunused-variable]
    int offSide = 2;
        ^~~~~~~
main.c:177:8: warning: unused variable 'offCorner' [-Wunused-variable]
    int offCorner = 1;
        ^~~~~~~~~
main.c:176:8: warning: unused variable 'offFront' [-Wunused-variable]
    int offFront = 0;
        ^~~~~~~~
main.c:175:8: warning: unused variable 'prefBack' [-Wunused-variable]
    int prefBack = 4;
        ^~~~~~~~
main.c:174:8: warning: unused variable 'prefSide' [-Wunused-variable]
    int prefSide = 5;
        ^~~~~~~~
main.c:173:8: warning: unused variable 'prefCorner' [-Wunused-variable]
    int prefCorner = 6;
        ^~~~~~~~~~
main.c:172:8: warning: unused variable 'prefFront' [-Wunused-variable]
    int prefFront = 7;
        ^~~~~~~~~
main.c:188:7: error: 'currentstate' undeclared (first use in this function); did you mean 'currentState'?
   if (currentstate==FOUNDWALL && wallsexplored==0 ) {
       ^~~~~~~~~~~~
       currentState
main.c:194:4: error: expected ';' before '}' token
    }
    ^
main.c:195:9: warning: unused variable 'wallsexplored' [-Wunused-variable]
    bool wallsexplored = 1;
         ^~~~~~~~~~~~~
main.c:208:186: error: expected expression before ')' token
   if (SensorValue[0] > threshold || SensorValue[7] > threshold || SensorValue[1] > threshold || SensorValue[2] > threshold || SensorValue[5] > threshold ||SensorValue[6] > threshold || ) {
                                                                                                                                                                                          ^
main.c:212:32: error: 'maxwheelsteps2' undeclared (first use in this function); did you mean 'maxwheelsteps'?
    while (left_motor_get_pos()<maxwheelsteps2 && right_motor_get_pos()<maxwheelsteps2){
                                ^~~~~~~~~~~~~~
                                maxwheelsteps
main.c:222:4: warning: implicit declaration of function 'delay_ms' [-Wimplicit-function-declaration]
    delay_ms(500);
    ^~~~~~~~
main.c:112:6: warning: unused variable 'maxVal' [-Wunused-variable]
  int maxVal = 0;
      ^~~~~~
main.c:104:8: warning: unused variable 'wheelRatio' [-Wunused-variable]
  float wheelRatio = 1; // if less than 1, preffered side wheel spins slower therefore turns towards preffered wall
        ^~~~~~~~~~
main.c:103:6: warning: unused variable 'maxirread' [-Wunused-variable]
  int maxirread = 1000;
      ^~~~~~~~~
main.c:102:6: warning: unused variable 'minirread' [-Wunused-variable]
  int minirread = 300;
      ^~~~~~~~~
main.c:90:17: warning: unused variable 'allRGBs' [-Wunused-variable]
  rgb_led_name_t allRGBs[] = {LED2, LED4, LED6, LED8};
                 ^~~~~~~
main.c: At top level:
main.c:233:3: error: expected identifier or '(' before '}' token
   }
   ^
main.c:235:2: error: expected identifier or '(' before 'if'
  if (currentState) = NOWALL {
  ^~
main.c:240:2: error: expected identifier or '(' before 'else'
  else if (currentState) = FOUNDWALL {
  ^~~~
make: *** [../e-puck2_main-processor/ChibiOS//os/common/ports/ARMCMx/compilers/GCC/rules.mk:217: build/obj/main.o] Error 1
"make all" terminated with exit code 2. Build might be incomplete.
13:36:09 **** Incremental Build of configuration Default for project Project ****
make all 
[1;34mCompiling main.c[0m
main.c: In function 'follow_wall':
main.c:37:11: warning: unused variable 'wheelratio' [-Wunused-variable]
     float wheelratio = 0.9;
           ^~~~~~~~~~
main.c:40:11: warning: unused variable 'wheelratio' [-Wunused-variable]
     float wheelratio = 1.1;
           ^~~~~~~~~~
main.c:43:11: warning: unused variable 'wheelratio' [-Wunused-variable]
     float wheelratio = 0.9;
           ^~~~~~~~~~
main.c:57:8: error: 'followsSide' undeclared (first use in this function); did you mean 'followSide'?
    if (followsSide ==-1){
        ^~~~~~~~~~~
        followSide
main.c:57:8: note: each undeclared identifier is reported only once for each function it appears in
main.c:58:9: error: 'wheelRatio' undeclared (first use in this function); did you mean 'wheelratio'?
     if (wheelRatio<1){
         ^~~~~~~~~~
         wheelratio
main.c:65:15: error: 'followside' undeclared (first use in this function); did you mean 'followsSide'?
    } else if (followside ==1){
               ^~~~~~~~~~
               followsSide
main.c: In function 'main':
main.c:170:8: warning: unused variable 'offBack' [-Wunused-variable]
    int offBack = 4;
        ^~~~~~~
main.c:169:8: warning: unused variable 'offSide' [-Wunused-variable]
    int offSide = 5;
        ^~~~~~~
main.c:168:8: warning: unused variable 'offCorner' [-Wunused-variable]
    int offCorner = 6;
        ^~~~~~~~~
main.c:167:8: warning: unused variable 'offFront' [-Wunused-variable]
    int offFront = 7;
        ^~~~~~~~
main.c:166:8: warning: unused variable 'prefBack' [-Wunused-variable]
    int prefBack = 3;
        ^~~~~~~~
main.c:165:8: warning: unused variable 'prefSide' [-Wunused-variable]
    int prefSide = 2;
        ^~~~~~~~
main.c:164:8: warning: unused variable 'prefCorner' [-Wunused-variable]
    int prefCorner = 1;
        ^~~~~~~~~~
main.c:163:8: warning: unused variable 'prefFront' [-Wunused-variable]
    int prefFront = 0;
        ^~~~~~~~~
main.c:179:8: warning: unused variable 'offBack' [-Wunused-variable]
    int offBack = 3;
        ^~~~~~~
main.c:178:8: warning: unused variable 'offSide' [-Wunused-variable]
    int offSide = 2;
        ^~~~~~~
main.c:177:8: warning: unused variable 'offCorner' [-Wunused-variable]
    int offCorner = 1;
        ^~~~~~~~~
main.c:176:8: warning: unused variable 'offFront' [-Wunused-variable]
    int offFront = 0;
        ^~~~~~~~
main.c:175:8: warning: unused variable 'prefBack' [-Wunused-variable]
    int prefBack = 4;
        ^~~~~~~~
main.c:174:8: warning: unused variable 'prefSide' [-Wunused-variable]
    int prefSide = 5;
        ^~~~~~~~
main.c:173:8: warning: unused variable 'prefCorner' [-Wunused-variable]
    int prefCorner = 6;
        ^~~~~~~~~~
main.c:172:8: warning: unused variable 'prefFront' [-Wunused-variable]
    int prefFront = 7;
        ^~~~~~~~~
main.c:188:7: error: 'currentstate' undeclared (first use in this function); did you mean 'currentState'?
   if (currentstate==FOUNDWALL && wallsexplored==0 ) {
       ^~~~~~~~~~~~
       currentState
main.c:194:4: error: expected ';' before '}' token
    }
    ^
main.c:195:9: warning: unused variable 'wallsexplored' [-Wunused-variable]
    bool wallsexplored = 1;
         ^~~~~~~~~~~~~
main.c:208:186: error: expected expression before ')' token
   if (SensorValue[0] > threshold || SensorValue[7] > threshold || SensorValue[1] > threshold || SensorValue[2] > threshold || SensorValue[5] > threshold ||SensorValue[6] > threshold || ) {
                                                                                                                                                                                          ^
main.c:212:32: error: 'maxwheelsteps2' undeclared (first use in this function); did you mean 'maxwheelsteps'?
    while (left_motor_get_pos()<maxwheelsteps2 && right_motor_get_pos()<maxwheelsteps2){
                                ^~~~~~~~~~~~~~
                                maxwheelsteps
main.c:222:4: warning: implicit declaration of function 'delay_ms' [-Wimplicit-function-declaration]
    delay_ms(500);
    ^~~~~~~~
main.c:112:6: warning: unused variable 'maxVal' [-Wunused-variable]
  int maxVal = 0;
      ^~~~~~
main.c:104:8: warning: unused variable 'wheelRatio' [-Wunused-variable]
  float wheelRatio = 1; // if less than 1, preffered side wheel spins slower therefore turns towards preffered wall
        ^~~~~~~~~~
main.c:103:6: warning: unused variable 'maxirread' [-Wunused-variable]
  int maxirread = 1000;
      ^~~~~~~~~
main.c:102:6: warning: unused variable 'minirread' [-Wunused-variable]
  int minirread = 300;
      ^~~~~~~~~
main.c:90:17: warning: unused variable 'allRGBs' [-Wunused-variable]
  rgb_led_name_t allRGBs[] = {LED2, LED4, LED6, LED8};
                 ^~~~~~~
main.c: At top level:
main.c:233:3: error: expected identifier or '(' before '}' token
   }
   ^
main.c:235:2: error: expected identifier or '(' before 'if'
  if (currentState) = NOWALL {
  ^~
main.c:240:2: error: expected identifier or '(' before 'else'
  else if (currentState) = FOUNDWALL {
  ^~~~
make: *** [../e-puck2_main-processor/ChibiOS//os/common/ports/ARMCMx/compilers/GCC/rules.mk:217: build/obj/main.o] Error 1
"make all" terminated with exit code 2. Build might be incomplete.
13:36:53 **** Incremental Build of configuration Default for project Project ****
make all 
[1;34mCompiling main.c[0m
main.c: In function 'follow_wall':
main.c:37:11: warning: unused variable 'wheelratio' [-Wunused-variable]
     float wheelratio = 0.9;
           ^~~~~~~~~~
main.c:40:11: warning: unused variable 'wheelratio' [-Wunused-variable]
     float wheelratio = 1.1;
           ^~~~~~~~~~
main.c:43:11: warning: unused variable 'wheelratio' [-Wunused-variable]
     float wheelratio = 0.9;
           ^~~~~~~~~~
main.c:57:8: error: 'followsSide' undeclared (first use in this function); did you mean 'followSide'?
    if (followsSide ==-1){
        ^~~~~~~~~~~
        followSide
main.c:57:8: note: each undeclared identifier is reported only once for each function it appears in
main.c:59:34: error: 'wheelRatio' undeclared (first use in this function); did you mean 'wheelratio'?
      left_motor_set_speed(1000 * wheelRatio);
                                  ^~~~~~~~~~
                                  wheelratio
main.c: In function 'main':
main.c:170:8: warning: unused variable 'offBack' [-Wunused-variable]
    int offBack = 4;
        ^~~~~~~
main.c:169:8: warning: unused variable 'offSide' [-Wunused-variable]
    int offSide = 5;
        ^~~~~~~
main.c:168:8: warning: unused variable 'offCorner' [-Wunused-variable]
    int offCorner = 6;
        ^~~~~~~~~
main.c:167:8: warning: unused variable 'offFront' [-Wunused-variable]
    int offFront = 7;
        ^~~~~~~~
main.c:166:8: warning: unused variable 'prefBack' [-Wunused-variable]
    int prefBack = 3;
        ^~~~~~~~
main.c:165:8: warning: unused variable 'prefSide' [-Wunused-variable]
    int prefSide = 2;
        ^~~~~~~~
main.c:164:8: warning: unused variable 'prefCorner' [-Wunused-variable]
    int prefCorner = 1;
        ^~~~~~~~~~
main.c:163:8: warning: unused variable 'prefFront' [-Wunused-variable]
    int prefFront = 0;
        ^~~~~~~~~
main.c:179:8: warning: unused variable 'offBack' [-Wunused-variable]
    int offBack = 3;
        ^~~~~~~
main.c:178:8: warning: unused variable 'offSide' [-Wunused-variable]
    int offSide = 2;
        ^~~~~~~
main.c:177:8: warning: unused variable 'offCorner' [-Wunused-variable]
    int offCorner = 1;
        ^~~~~~~~~
main.c:176:8: warning: unused variable 'offFront' [-Wunused-variable]
    int offFront = 0;
        ^~~~~~~~
main.c:175:8: warning: unused variable 'prefBack' [-Wunused-variable]
    int prefBack = 4;
        ^~~~~~~~
main.c:174:8: warning: unused variable 'prefSide' [-Wunused-variable]
    int prefSide = 5;
        ^~~~~~~~
main.c:173:8: warning: unused variable 'prefCorner' [-Wunused-variable]
    int prefCorner = 6;
        ^~~~~~~~~~
main.c:172:8: warning: unused variable 'prefFront' [-Wunused-variable]
    int prefFront = 7;
        ^~~~~~~~~
main.c:188:7: error: 'currentstate' undeclared (first use in this function); did you mean 'currentState'?
   if (currentstate==FOUNDWALL && wallsexplored==0 ) {
       ^~~~~~~~~~~~
       currentState
main.c:194:4: error: expected ';' before '}' token
    }
    ^
main.c:195:9: warning: unused variable 'wallsexplored' [-Wunused-variable]
    bool wallsexplored = 1;
         ^~~~~~~~~~~~~
main.c:208:186: error: expected expression before ')' token
   if (SensorValue[0] > threshold || SensorValue[7] > threshold || SensorValue[1] > threshold || SensorValue[2] > threshold || SensorValue[5] > threshold ||SensorValue[6] > threshold || ) {
                                                                                                                                                                                          ^
main.c:212:32: error: 'maxwheelsteps2' undeclared (first use in this function); did you mean 'maxwheelsteps'?
    while (left_motor_get_pos()<maxwheelsteps2 && right_motor_get_pos()<maxwheelsteps2){
                                ^~~~~~~~~~~~~~
                                maxwheelsteps
main.c:222:4: warning: implicit declaration of function 'delay_ms' [-Wimplicit-function-declaration]
    delay_ms(500);
    ^~~~~~~~
main.c:112:6: warning: unused variable 'maxVal' [-Wunused-variable]
  int maxVal = 0;
      ^~~~~~
main.c:104:8: warning: unused variable 'wheelRatio' [-Wunused-variable]
  float wheelRatio = 1; // if less than 1, preffered side wheel spins slower therefore turns towards preffered wall
        ^~~~~~~~~~
main.c:103:6: warning: unused variable 'maxirread' [-Wunused-variable]
  int maxirread = 1000;
      ^~~~~~~~~
main.c:102:6: warning: unused variable 'minirread' [-Wunused-variable]
  int minirread = 300;
      ^~~~~~~~~
main.c:90:17: warning: unused variable 'allRGBs' [-Wunused-variable]
  rgb_led_name_t allRGBs[] = {LED2, LED4, LED6, LED8};
                 ^~~~~~~
main.c: At top level:
main.c:233:3: error: expected identifier or '(' before '}' token
   }
   ^
main.c:235:2: error: expected identifier or '(' before 'if'
  if (currentState) = NOWALL {
  ^~
main.c:240:2: error: expected identifier or '(' before 'else'
  else if (currentState) = FOUNDWALL {
  ^~~~
make: *** [../e-puck2_main-processor/ChibiOS//os/common/ports/ARMCMx/compilers/GCC/rules.mk:217: build/obj/main.o] Error 1
"make all" terminated with exit code 2. Build might be incomplete.
13:37:23 **** Incremental Build of configuration Default for project Project ****
make all 
[1;34mCompiling main.c[0m
main.c: In function 'follow_wall':
main.c:37:11: warning: unused variable 'wheelratio' [-Wunused-variable]
     float wheelratio = 0.9;
           ^~~~~~~~~~
main.c:40:11: warning: unused variable 'wheelratio' [-Wunused-variable]
     float wheelratio = 1.1;
           ^~~~~~~~~~
main.c:43:11: warning: unused variable 'wheelratio' [-Wunused-variable]
     float wheelratio = 0.9;
           ^~~~~~~~~~
main.c:66:9: error: 'wheelRatio' undeclared (first use in this function); did you mean 'wheelratio'?
     if (wheelRatio<1){
         ^~~~~~~~~~
         wheelratio
main.c:66:9: note: each undeclared identifier is reported only once for each function it appears in
main.c: In function 'main':
main.c:170:8: warning: unused variable 'offBack' [-Wunused-variable]
    int offBack = 4;
        ^~~~~~~
main.c:169:8: warning: unused variable 'offSide' [-Wunused-variable]
    int offSide = 5;
        ^~~~~~~
main.c:168:8: warning: unused variable 'offCorner' [-Wunused-variable]
    int offCorner = 6;
        ^~~~~~~~~
main.c:167:8: warning: unused variable 'offFront' [-Wunused-variable]
    int offFront = 7;
        ^~~~~~~~
main.c:166:8: warning: unused variable 'prefBack' [-Wunused-variable]
    int prefBack = 3;
        ^~~~~~~~
main.c:165:8: warning: unused variable 'prefSide' [-Wunused-variable]
    int prefSide = 2;
        ^~~~~~~~
main.c:164:8: warning: unused variable 'prefCorner' [-Wunused-variable]
    int prefCorner = 1;
        ^~~~~~~~~~
main.c:163:8: warning: unused variable 'prefFront' [-Wunused-variable]
    int prefFront = 0;
        ^~~~~~~~~
main.c:179:8: warning: unused variable 'offBack' [-Wunused-variable]
    int offBack = 3;
        ^~~~~~~
main.c:178:8: warning: unused variable 'offSide' [-Wunused-variable]
    int offSide = 2;
        ^~~~~~~
main.c:177:8: warning: unused variable 'offCorner' [-Wunused-variable]
    int offCorner = 1;
        ^~~~~~~~~
main.c:176:8: warning: unused variable 'offFront' [-Wunused-variable]
    int offFront = 0;
        ^~~~~~~~
main.c:175:8: warning: unused variable 'prefBack' [-Wunused-variable]
    int prefBack = 4;
        ^~~~~~~~
main.c:174:8: warning: unused variable 'prefSide' [-Wunused-variable]
    int prefSide = 5;
        ^~~~~~~~
main.c:173:8: warning: unused variable 'prefCorner' [-Wunused-variable]
    int prefCorner = 6;
        ^~~~~~~~~~
main.c:172:8: warning: unused variable 'prefFront' [-Wunused-variable]
    int prefFront = 7;
        ^~~~~~~~~
main.c:188:7: error: 'currentstate' undeclared (first use in this function); did you mean 'currentState'?
   if (currentstate==FOUNDWALL && wallsexplored==0 ) {
       ^~~~~~~~~~~~
       currentState
main.c:194:4: error: expected ';' before '}' token
    }
    ^
main.c:195:9: warning: unused variable 'wallsexplored' [-Wunused-variable]
    bool wallsexplored = 1;
         ^~~~~~~~~~~~~
main.c:208:186: error: expected expression before ')' token
   if (SensorValue[0] > threshold || SensorValue[7] > threshold || SensorValue[1] > threshold || SensorValue[2] > threshold || SensorValue[5] > threshold ||SensorValue[6] > threshold || ) {
                                                                                                                                                                                          ^
main.c:212:32: error: 'maxwheelsteps2' undeclared (first use in this function); did you mean 'maxwheelsteps'?
    while (left_motor_get_pos()<maxwheelsteps2 && right_motor_get_pos()<maxwheelsteps2){
                                ^~~~~~~~~~~~~~
                                maxwheelsteps
main.c:222:4: warning: implicit declaration of function 'delay_ms' [-Wimplicit-function-declaration]
    delay_ms(500);
    ^~~~~~~~
main.c:112:6: warning: unused variable 'maxVal' [-Wunused-variable]
  int maxVal = 0;
      ^~~~~~
main.c:104:8: warning: unused variable 'wheelRatio' [-Wunused-variable]
  float wheelRatio = 1; // if less than 1, preffered side wheel spins slower therefore turns towards preffered wall
        ^~~~~~~~~~
main.c:103:6: warning: unused variable 'maxirread' [-Wunused-variable]
  int maxirread = 1000;
      ^~~~~~~~~
main.c:102:6: warning: unused variable 'minirread' [-Wunused-variable]
  int minirread = 300;
      ^~~~~~~~~
main.c:90:17: warning: unused variable 'allRGBs' [-Wunused-variable]
  rgb_led_name_t allRGBs[] = {LED2, LED4, LED6, LED8};
                 ^~~~~~~
main.c: At top level:
main.c:233:3: error: expected identifier or '(' before '}' token
   }
   ^
main.c:235:2: error: expected identifier or '(' before 'if'
  if (currentState) = NOWALL {
  ^~
main.c:240:2: error: expected identifier or '(' before 'else'
  else if (currentState) = FOUNDWALL {
  ^~~~
make: *** [../e-puck2_main-processor/ChibiOS//os/common/ports/ARMCMx/compilers/GCC/rules.mk:217: build/obj/main.o] Error 1
"make all" terminated with exit code 2. Build might be incomplete.
13:37:42 **** Incremental Build of configuration Default for project Project ****
make all 
[1;34mCompiling main.c[0m
main.c: In function 'follow_wall':
main.c:37:11: warning: unused variable 'wheelratio' [-Wunused-variable]
     float wheelratio = 0.9;
           ^~~~~~~~~~
main.c:40:11: warning: unused variable 'wheelratio' [-Wunused-variable]
     float wheelratio = 1.1;
           ^~~~~~~~~~
main.c:43:11: warning: unused variable 'wheelratio' [-Wunused-variable]
     float wheelratio = 0.9;
           ^~~~~~~~~~
main.c: In function 'main':
main.c:170:8: warning: unused variable 'offBack' [-Wunused-variable]
    int offBack = 4;
        ^~~~~~~
main.c:169:8: warning: unused variable 'offSide' [-Wunused-variable]
    int offSide = 5;
        ^~~~~~~
main.c:168:8: warning: unused variable 'offCorner' [-Wunused-variable]
    int offCorner = 6;
        ^~~~~~~~~
main.c:167:8: warning: unused variable 'offFront' [-Wunused-variable]
    int offFront = 7;
        ^~~~~~~~
main.c:166:8: warning: unused variable 'prefBack' [-Wunused-variable]
    int prefBack = 3;
        ^~~~~~~~
main.c:165:8: warning: unused variable 'prefSide' [-Wunused-variable]
    int prefSide = 2;
        ^~~~~~~~
main.c:164:8: warning: unused variable 'prefCorner' [-Wunused-variable]
    int prefCorner = 1;
        ^~~~~~~~~~
main.c:163:8: warning: unused variable 'prefFront' [-Wunused-variable]
    int prefFront = 0;
        ^~~~~~~~~
main.c:179:8: warning: unused variable 'offBack' [-Wunused-variable]
    int offBack = 3;
        ^~~~~~~
main.c:178:8: warning: unused variable 'offSide' [-Wunused-variable]
    int offSide = 2;
        ^~~~~~~
main.c:177:8: warning: unused variable 'offCorner' [-Wunused-variable]
    int offCorner = 1;
        ^~~~~~~~~
main.c:176:8: warning: unused variable 'offFront' [-Wunused-variable]
    int offFront = 0;
        ^~~~~~~~
main.c:175:8: warning: unused variable 'prefBack' [-Wunused-variable]
    int prefBack = 4;
        ^~~~~~~~
main.c:174:8: warning: unused variable 'prefSide' [-Wunused-variable]
    int prefSide = 5;
        ^~~~~~~~
main.c:173:8: warning: unused variable 'prefCorner' [-Wunused-variable]
    int prefCorner = 6;
        ^~~~~~~~~~
main.c:172:8: warning: unused variable 'prefFront' [-Wunused-variable]
    int prefFront = 7;
        ^~~~~~~~~
main.c:188:7: error: 'currentstate' undeclared (first use in this function); did you mean 'currentState'?
   if (currentstate==FOUNDWALL && wallsexplored==0 ) {
       ^~~~~~~~~~~~
       currentState
main.c:188:7: note: each undeclared identifier is reported only once for each function it appears in
main.c:194:4: error: expected ';' before '}' token
    }
    ^
main.c:195:9: warning: unused variable 'wallsexplored' [-Wunused-variable]
    bool wallsexplored = 1;
         ^~~~~~~~~~~~~
main.c:208:186: error: expected expression before ')' token
   if (SensorValue[0] > threshold || SensorValue[7] > threshold || SensorValue[1] > threshold || SensorValue[2] > threshold || SensorValue[5] > threshold ||SensorValue[6] > threshold || ) {
                                                                                                                                                                                          ^
main.c:212:32: error: 'maxwheelsteps2' undeclared (first use in this function); did you mean 'maxwheelsteps'?
    while (left_motor_get_pos()<maxwheelsteps2 && right_motor_get_pos()<maxwheelsteps2){
                                ^~~~~~~~~~~~~~
                                maxwheelsteps
main.c:222:4: warning: implicit declaration of function 'delay_ms' [-Wimplicit-function-declaration]
    delay_ms(500);
    ^~~~~~~~
main.c:112:6: warning: unused variable 'maxVal' [-Wunused-variable]
  int maxVal = 0;
      ^~~~~~
main.c:104:8: warning: unused variable 'wheelRatio' [-Wunused-variable]
  float wheelRatio = 1; // if less than 1, preffered side wheel spins slower therefore turns towards preffered wall
        ^~~~~~~~~~
main.c:103:6: warning: unused variable 'maxirread' [-Wunused-variable]
  int maxirread = 1000;
      ^~~~~~~~~
main.c:102:6: warning: unused variable 'minirread' [-Wunused-variable]
  int minirread = 300;
      ^~~~~~~~~
main.c:90:17: warning: unused variable 'allRGBs' [-Wunused-variable]
  rgb_led_name_t allRGBs[] = {LED2, LED4, LED6, LED8};
                 ^~~~~~~
main.c: At top level:
main.c:233:3: error: expected identifier or '(' before '}' token
   }
   ^
main.c:235:2: error: expected identifier or '(' before 'if'
  if (currentState) = NOWALL {
  ^~
main.c:240:2: error: expected identifier or '(' before 'else'
  else if (currentState) = FOUNDWALL {
  ^~~~
make: *** [../e-puck2_main-processor/ChibiOS//os/common/ports/ARMCMx/compilers/GCC/rules.mk:217: build/obj/main.o] Error 1
"make all" terminated with exit code 2. Build might be incomplete.
13:38:17 **** Incremental Build of configuration Default for project Project ****
make all 
[1;34mCompiling main.c[0m
main.c: In function 'follow_wall':
main.c:37:11: warning: unused variable 'wheelratio' [-Wunused-variable]
     float wheelratio = 0.9;
           ^~~~~~~~~~
main.c:40:11: warning: unused variable 'wheelratio' [-Wunused-variable]
     float wheelratio = 1.1;
           ^~~~~~~~~~
main.c:43:11: warning: unused variable 'wheelratio' [-Wunused-variable]
     float wheelratio = 0.9;
           ^~~~~~~~~~
main.c: In function 'main':
main.c:170:8: warning: unused variable 'offBack' [-Wunused-variable]
    int offBack = 4;
        ^~~~~~~
main.c:169:8: warning: unused variable 'offSide' [-Wunused-variable]
    int offSide = 5;
        ^~~~~~~
main.c:168:8: warning: unused variable 'offCorner' [-Wunused-variable]
    int offCorner = 6;
        ^~~~~~~~~
main.c:167:8: warning: unused variable 'offFront' [-Wunused-variable]
    int offFront = 7;
        ^~~~~~~~
main.c:166:8: warning: unused variable 'prefBack' [-Wunused-variable]
    int prefBack = 3;
        ^~~~~~~~
main.c:165:8: warning: unused variable 'prefSide' [-Wunused-variable]
    int prefSide = 2;
        ^~~~~~~~
main.c:164:8: warning: unused variable 'prefCorner' [-Wunused-variable]
    int prefCorner = 1;
        ^~~~~~~~~~
main.c:163:8: warning: unused variable 'prefFront' [-Wunused-variable]
    int prefFront = 0;
        ^~~~~~~~~
main.c:179:8: warning: unused variable 'offBack' [-Wunused-variable]
    int offBack = 3;
        ^~~~~~~
main.c:178:8: warning: unused variable 'offSide' [-Wunused-variable]
    int offSide = 2;
        ^~~~~~~
main.c:177:8: warning: unused variable 'offCorner' [-Wunused-variable]
    int offCorner = 1;
        ^~~~~~~~~
main.c:176:8: warning: unused variable 'offFront' [-Wunused-variable]
    int offFront = 0;
        ^~~~~~~~
main.c:175:8: warning: unused variable 'prefBack' [-Wunused-variable]
    int prefBack = 4;
        ^~~~~~~~
main.c:174:8: warning: unused variable 'prefSide' [-Wunused-variable]
    int prefSide = 5;
        ^~~~~~~~
main.c:173:8: warning: unused variable 'prefCorner' [-Wunused-variable]
    int prefCorner = 6;
        ^~~~~~~~~~
main.c:172:8: warning: unused variable 'prefFront' [-Wunused-variable]
    int prefFront = 7;
        ^~~~~~~~~
main.c:188:7: error: 'currentstate' undeclared (first use in this function); did you mean 'currentState'?
   if (currentstate==FOUNDWALL && wallsexplored==0 ) {
       ^~~~~~~~~~~~
       currentState
main.c:188:7: note: each undeclared identifier is reported only once for each function it appears in
main.c:194:4: error: expected ';' before '}' token
    }
    ^
main.c:195:9: warning: unused variable 'wallsexplored' [-Wunused-variable]
    bool wallsexplored = 1;
         ^~~~~~~~~~~~~
main.c:208:186: error: expected expression before ')' token
   if (SensorValue[0] > threshold || SensorValue[7] > threshold || SensorValue[1] > threshold || SensorValue[2] > threshold || SensorValue[5] > threshold ||SensorValue[6] > threshold || ) {
                                                                                                                                                                                          ^
main.c:212:32: error: 'maxwheelsteps2' undeclared (first use in this function); did you mean 'maxwheelsteps'?
    while (left_motor_get_pos()<maxwheelsteps2 && right_motor_get_pos()<maxwheelsteps2){
                                ^~~~~~~~~~~~~~
                                maxwheelsteps
main.c:222:4: warning: implicit declaration of function 'delay_ms' [-Wimplicit-function-declaration]
    delay_ms(500);
    ^~~~~~~~
main.c:112:6: warning: unused variable 'maxVal' [-Wunused-variable]
  int maxVal = 0;
      ^~~~~~
main.c:103:6: warning: unused variable 'maxirread' [-Wunused-variable]
  int maxirread = 1000;
      ^~~~~~~~~
main.c:102:6: warning: unused variable 'minirread' [-Wunused-variable]
  int minirread = 300;
      ^~~~~~~~~
main.c:90:17: warning: unused variable 'allRGBs' [-Wunused-variable]
  rgb_led_name_t allRGBs[] = {LED2, LED4, LED6, LED8};
                 ^~~~~~~
main.c: At top level:
main.c:233:3: error: expected identifier or '(' before '}' token
   }
   ^
main.c:235:2: error: expected identifier or '(' before 'if'
  if (currentState) = NOWALL {
  ^~
main.c:240:2: error: expected identifier or '(' before 'else'
  else if (currentState) = FOUNDWALL {
  ^~~~
make: *** [../e-puck2_main-processor/ChibiOS//os/common/ports/ARMCMx/compilers/GCC/rules.mk:217: build/obj/main.o] Error 1
"make all" terminated with exit code 2. Build might be incomplete.
13:39:17 **** Incremental Build of configuration Default for project Project ****
make all 
[1;34mCompiling main.c[0m
main.c: In function 'follow_wall':
main.c:37:11: warning: unused variable 'wheelratio' [-Wunused-variable]
     float wheelratio = 0.9;
           ^~~~~~~~~~
main.c:40:11: warning: unused variable 'wheelratio' [-Wunused-variable]
     float wheelratio = 1.1;
           ^~~~~~~~~~
main.c:43:11: warning: unused variable 'wheelratio' [-Wunused-variable]
     float wheelratio = 0.9;
           ^~~~~~~~~~
main.c: In function 'main':
main.c:170:8: warning: unused variable 'offBack' [-Wunused-variable]
    int offBack = 4;
        ^~~~~~~
main.c:169:8: warning: unused variable 'offSide' [-Wunused-variable]
    int offSide = 5;
        ^~~~~~~
main.c:168:8: warning: unused variable 'offCorner' [-Wunused-variable]
    int offCorner = 6;
        ^~~~~~~~~
main.c:167:8: warning: unused variable 'offFront' [-Wunused-variable]
    int offFront = 7;
        ^~~~~~~~
main.c:166:8: warning: unused variable 'prefBack' [-Wunused-variable]
    int prefBack = 3;
        ^~~~~~~~
main.c:165:8: warning: unused variable 'prefSide' [-Wunused-variable]
    int prefSide = 2;
        ^~~~~~~~
main.c:164:8: warning: unused variable 'prefCorner' [-Wunused-variable]
    int prefCorner = 1;
        ^~~~~~~~~~
main.c:163:8: warning: unused variable 'prefFront' [-Wunused-variable]
    int prefFront = 0;
        ^~~~~~~~~
main.c:179:8: warning: unused variable 'offBack' [-Wunused-variable]
    int offBack = 3;
        ^~~~~~~
main.c:178:8: warning: unused variable 'offSide' [-Wunused-variable]
    int offSide = 2;
        ^~~~~~~
main.c:177:8: warning: unused variable 'offCorner' [-Wunused-variable]
    int offCorner = 1;
        ^~~~~~~~~
main.c:176:8: warning: unused variable 'offFront' [-Wunused-variable]
    int offFront = 0;
        ^~~~~~~~
main.c:175:8: warning: unused variable 'prefBack' [-Wunused-variable]
    int prefBack = 4;
        ^~~~~~~~
main.c:174:8: warning: unused variable 'prefSide' [-Wunused-variable]
    int prefSide = 5;
        ^~~~~~~~
main.c:173:8: warning: unused variable 'prefCorner' [-Wunused-variable]
    int prefCorner = 6;
        ^~~~~~~~~~
main.c:172:8: warning: unused variable 'prefFront' [-Wunused-variable]
    int prefFront = 7;
        ^~~~~~~~~
main.c:195:9: warning: unused variable 'wallsexplored' [-Wunused-variable]
    bool wallsexplored = 1;
         ^~~~~~~~~~~~~
main.c:208:186: error: expected expression before ')' token
   if (SensorValue[0] > threshold || SensorValue[7] > threshold || SensorValue[1] > threshold || SensorValue[2] > threshold || SensorValue[5] > threshold ||SensorValue[6] > threshold || ) {
                                                                                                                                                                                          ^
main.c:212:32: error: 'maxwheelsteps2' undeclared (first use in this function); did you mean 'maxwheelsteps'?
    while (left_motor_get_pos()<maxwheelsteps2 && right_motor_get_pos()<maxwheelsteps2){
                                ^~~~~~~~~~~~~~
                                maxwheelsteps
main.c:212:32: note: each undeclared identifier is reported only once for each function it appears in
main.c:222:4: warning: implicit declaration of function 'delay_ms' [-Wimplicit-function-declaration]
    delay_ms(500);
    ^~~~~~~~
main.c:112:6: warning: unused variable 'maxVal' [-Wunused-variable]
  int maxVal = 0;
      ^~~~~~
main.c:103:6: warning: unused variable 'maxirread' [-Wunused-variable]
  int maxirread = 1000;
      ^~~~~~~~~
main.c:102:6: warning: unused variable 'minirread' [-Wunused-variable]
  int minirread = 300;
      ^~~~~~~~~
main.c:90:17: warning: unused variable 'allRGBs' [-Wunused-variable]
  rgb_led_name_t allRGBs[] = {LED2, LED4, LED6, LED8};
                 ^~~~~~~
main.c: At top level:
main.c:233:3: error: expected identifier or '(' before '}' token
   }
   ^
main.c:235:2: error: expected identifier or '(' before 'if'
  if (currentState) = NOWALL {
  ^~
main.c:240:2: error: expected identifier or '(' before 'else'
  else if (currentState) = FOUNDWALL {
  ^~~~
make: *** [../e-puck2_main-processor/ChibiOS//os/common/ports/ARMCMx/compilers/GCC/rules.mk:217: build/obj/main.o] Error 1
"make all" terminated with exit code 2. Build might be incomplete.
13:40:36 **** Incremental Build of configuration Default for project Project ****
make all 
[1;34mCompiling main.c[0m
main.c: In function 'follow_wall':
main.c:37:11: warning: unused variable 'wheelratio' [-Wunused-variable]
     float wheelratio = 0.9;
           ^~~~~~~~~~
main.c:40:11: warning: unused variable 'wheelratio' [-Wunused-variable]
     float wheelratio = 1.1;
           ^~~~~~~~~~
main.c:43:11: warning: unused variable 'wheelratio' [-Wunused-variable]
     float wheelratio = 0.9;
           ^~~~~~~~~~
main.c: In function 'main':
main.c:170:8: warning: unused variable 'offBack' [-Wunused-variable]
    int offBack = 4;
        ^~~~~~~
main.c:169:8: warning: unused variable 'offSide' [-Wunused-variable]
    int offSide = 5;
        ^~~~~~~
main.c:168:8: warning: unused variable 'offCorner' [-Wunused-variable]
    int offCorner = 6;
        ^~~~~~~~~
main.c:167:8: warning: unused variable 'offFront' [-Wunused-variable]
    int offFront = 7;
        ^~~~~~~~
main.c:166:8: warning: unused variable 'prefBack' [-Wunused-variable]
    int prefBack = 3;
        ^~~~~~~~
main.c:165:8: warning: unused variable 'prefSide' [-Wunused-variable]
    int prefSide = 2;
        ^~~~~~~~
main.c:164:8: warning: unused variable 'prefCorner' [-Wunused-variable]
    int prefCorner = 1;
        ^~~~~~~~~~
main.c:163:8: warning: unused variable 'prefFront' [-Wunused-variable]
    int prefFront = 0;
        ^~~~~~~~~
main.c:179:8: warning: unused variable 'offBack' [-Wunused-variable]
    int offBack = 3;
        ^~~~~~~
main.c:178:8: warning: unused variable 'offSide' [-Wunused-variable]
    int offSide = 2;
        ^~~~~~~
main.c:177:8: warning: unused variable 'offCorner' [-Wunused-variable]
    int offCorner = 1;
        ^~~~~~~~~
main.c:176:8: warning: unused variable 'offFront' [-Wunused-variable]
    int offFront = 0;
        ^~~~~~~~
main.c:175:8: warning: unused variable 'prefBack' [-Wunused-variable]
    int prefBack = 4;
        ^~~~~~~~
main.c:174:8: warning: unused variable 'prefSide' [-Wunused-variable]
    int prefSide = 5;
        ^~~~~~~~
main.c:173:8: warning: unused variable 'prefCorner' [-Wunused-variable]
    int prefCorner = 6;
        ^~~~~~~~~~
main.c:172:8: warning: unused variable 'prefFront' [-Wunused-variable]
    int prefFront = 7;
        ^~~~~~~~~
main.c:195:9: warning: unused variable 'wallsexplored' [-Wunused-variable]
    bool wallsexplored = 1;
         ^~~~~~~~~~~~~
main.c:208:186: error: expected expression before ')' token
   if (SensorValue[0] > threshold || SensorValue[7] > threshold || SensorValue[1] > threshold || SensorValue[2] > threshold || SensorValue[5] > threshold ||SensorValue[6] > threshold || ) {
                                                                                                                                                                                          ^
main.c:212:32: error: 'maxwheelsteps2' undeclared (first use in this function); did you mean 'maxwheelsteps'?
    while (left_motor_get_pos()<maxwheelsteps2 && right_motor_get_pos()<maxwheelsteps2){
                                ^~~~~~~~~~~~~~
                                maxwheelsteps
main.c:212:32: note: each undeclared identifier is reported only once for each function it appears in
main.c:222:4: warning: implicit declaration of function 'delay_ms' [-Wimplicit-function-declaration]
    delay_ms(500);
    ^~~~~~~~
main.c:112:6: warning: unused variable 'maxVal' [-Wunused-variable]
  int maxVal = 0;
      ^~~~~~
main.c:103:6: warning: unused variable 'maxirread' [-Wunused-variable]
  int maxirread = 1000;
      ^~~~~~~~~
main.c:102:6: warning: unused variable 'minirread' [-Wunused-variable]
  int minirread = 300;
      ^~~~~~~~~
main.c:90:17: warning: unused variable 'allRGBs' [-Wunused-variable]
  rgb_led_name_t allRGBs[] = {LED2, LED4, LED6, LED8};
                 ^~~~~~~
main.c: At top level:
main.c:233:3: error: expected identifier or '(' before '}' token
   }
   ^
main.c:235:2: error: expected identifier or '(' before 'if'
  if (currentState) = NOWALL {
  ^~
main.c:239:3: error: expected identifier or '(' before 'else'
  }else if (currentState) = FOUNDWALL {
   ^~~~
make: *** [../e-puck2_main-processor/ChibiOS//os/common/ports/ARMCMx/compilers/GCC/rules.mk:217: build/obj/main.o] Error 1
"make all" terminated with exit code 2. Build might be incomplete.
13:40:52 **** Incremental Build of configuration Default for project Project ****
make all 
[1;34mCompiling main.c[0m
main.c: In function 'follow_wall':
main.c:37:11: warning: unused variable 'wheelratio' [-Wunused-variable]
     float wheelratio = 0.9;
           ^~~~~~~~~~
main.c:40:11: warning: unused variable 'wheelratio' [-Wunused-variable]
     float wheelratio = 1.1;
           ^~~~~~~~~~
main.c:43:11: warning: unused variable 'wheelratio' [-Wunused-variable]
     float wheelratio = 0.9;
           ^~~~~~~~~~
main.c: In function 'main':
main.c:170:8: warning: unused variable 'offBack' [-Wunused-variable]
    int offBack = 4;
        ^~~~~~~
main.c:169:8: warning: unused variable 'offSide' [-Wunused-variable]
    int offSide = 5;
        ^~~~~~~
main.c:168:8: warning: unused variable 'offCorner' [-Wunused-variable]
    int offCorner = 6;
        ^~~~~~~~~
main.c:167:8: warning: unused variable 'offFront' [-Wunused-variable]
    int offFront = 7;
        ^~~~~~~~
main.c:166:8: warning: unused variable 'prefBack' [-Wunused-variable]
    int prefBack = 3;
        ^~~~~~~~
main.c:165:8: warning: unused variable 'prefSide' [-Wunused-variable]
    int prefSide = 2;
        ^~~~~~~~
main.c:164:8: warning: unused variable 'prefCorner' [-Wunused-variable]
    int prefCorner = 1;
        ^~~~~~~~~~
main.c:163:8: warning: unused variable 'prefFront' [-Wunused-variable]
    int prefFront = 0;
        ^~~~~~~~~
main.c:179:8: warning: unused variable 'offBack' [-Wunused-variable]
    int offBack = 3;
        ^~~~~~~
main.c:178:8: warning: unused variable 'offSide' [-Wunused-variable]
    int offSide = 2;
        ^~~~~~~
main.c:177:8: warning: unused variable 'offCorner' [-Wunused-variable]
    int offCorner = 1;
        ^~~~~~~~~
main.c:176:8: warning: unused variable 'offFront' [-Wunused-variable]
    int offFront = 0;
        ^~~~~~~~
main.c:175:8: warning: unused variable 'prefBack' [-Wunused-variable]
    int prefBack = 4;
        ^~~~~~~~
main.c:174:8: warning: unused variable 'prefSide' [-Wunused-variable]
    int prefSide = 5;
        ^~~~~~~~
main.c:173:8: warning: unused variable 'prefCorner' [-Wunused-variable]
    int prefCorner = 6;
        ^~~~~~~~~~
main.c:172:8: warning: unused variable 'prefFront' [-Wunused-variable]
    int prefFront = 7;
        ^~~~~~~~~
main.c:195:9: warning: unused variable 'wallsexplored' [-Wunused-variable]
    bool wallsexplored = 1;
         ^~~~~~~~~~~~~
main.c:208:186: error: expected expression before ')' token
   if (SensorValue[0] > threshold || SensorValue[7] > threshold || SensorValue[1] > threshold || SensorValue[2] > threshold || SensorValue[5] > threshold ||SensorValue[6] > threshold || ) {
                                                                                                                                                                                          ^
main.c:212:32: error: 'maxwheelsteps2' undeclared (first use in this function); did you mean 'maxwheelsteps'?
    while (left_motor_get_pos()<maxwheelsteps2 && right_motor_get_pos()<maxwheelsteps2){
                                ^~~~~~~~~~~~~~
                                maxwheelsteps
main.c:212:32: note: each undeclared identifier is reported only once for each function it appears in
main.c:222:4: warning: implicit declaration of function 'delay_ms' [-Wimplicit-function-declaration]
    delay_ms(500);
    ^~~~~~~~
main.c:112:6: warning: unused variable 'maxVal' [-Wunused-variable]
  int maxVal = 0;
      ^~~~~~
main.c:103:6: warning: unused variable 'maxirread' [-Wunused-variable]
  int maxirread = 1000;
      ^~~~~~~~~
main.c:102:6: warning: unused variable 'minirread' [-Wunused-variable]
  int minirread = 300;
      ^~~~~~~~~
main.c:90:17: warning: unused variable 'allRGBs' [-Wunused-variable]
  rgb_led_name_t allRGBs[] = {LED2, LED4, LED6, LED8};
                 ^~~~~~~
main.c: At top level:
main.c:235:2: error: expected identifier or '(' before 'if'
  if (currentState) = NOWALL {
  ^~
main.c:239:3: error: expected identifier or '(' before 'else'
  }else if (currentState) = FOUNDWALL {
   ^~~~
make: *** [../e-puck2_main-processor/ChibiOS//os/common/ports/ARMCMx/compilers/GCC/rules.mk:217: build/obj/main.o] Error 1
"make all" terminated with exit code 2. Build might be incomplete.
13:41:52 **** Incremental Build of configuration Default for project Project ****
make all 
[1;34mCompiling main.c[0m
main.c: In function 'follow_wall':
main.c:37:11: warning: unused variable 'wheelratio' [-Wunused-variable]
     float wheelratio = 0.9;
           ^~~~~~~~~~
main.c:40:11: warning: unused variable 'wheelratio' [-Wunused-variable]
     float wheelratio = 1.1;
           ^~~~~~~~~~
main.c:43:11: warning: unused variable 'wheelratio' [-Wunused-variable]
     float wheelratio = 0.9;
           ^~~~~~~~~~
main.c: In function 'main':
main.c:170:8: warning: unused variable 'offBack' [-Wunused-variable]
    int offBack = 4;
        ^~~~~~~
main.c:169:8: warning: unused variable 'offSide' [-Wunused-variable]
    int offSide = 5;
        ^~~~~~~
main.c:168:8: warning: unused variable 'offCorner' [-Wunused-variable]
    int offCorner = 6;
        ^~~~~~~~~
main.c:167:8: warning: unused variable 'offFront' [-Wunused-variable]
    int offFront = 7;
        ^~~~~~~~
main.c:166:8: warning: unused variable 'prefBack' [-Wunused-variable]
    int prefBack = 3;
        ^~~~~~~~
main.c:165:8: warning: unused variable 'prefSide' [-Wunused-variable]
    int prefSide = 2;
        ^~~~~~~~
main.c:164:8: warning: unused variable 'prefCorner' [-Wunused-variable]
    int prefCorner = 1;
        ^~~~~~~~~~
main.c:163:8: warning: unused variable 'prefFront' [-Wunused-variable]
    int prefFront = 0;
        ^~~~~~~~~
main.c:179:8: warning: unused variable 'offBack' [-Wunused-variable]
    int offBack = 3;
        ^~~~~~~
main.c:178:8: warning: unused variable 'offSide' [-Wunused-variable]
    int offSide = 2;
        ^~~~~~~
main.c:177:8: warning: unused variable 'offCorner' [-Wunused-variable]
    int offCorner = 1;
        ^~~~~~~~~
main.c:176:8: warning: unused variable 'offFront' [-Wunused-variable]
    int offFront = 0;
        ^~~~~~~~
main.c:175:8: warning: unused variable 'prefBack' [-Wunused-variable]
    int prefBack = 4;
        ^~~~~~~~
main.c:174:8: warning: unused variable 'prefSide' [-Wunused-variable]
    int prefSide = 5;
        ^~~~~~~~
main.c:173:8: warning: unused variable 'prefCorner' [-Wunused-variable]
    int prefCorner = 6;
        ^~~~~~~~~~
main.c:172:8: warning: unused variable 'prefFront' [-Wunused-variable]
    int prefFront = 7;
        ^~~~~~~~~
main.c:195:9: warning: unused variable 'wallsexplored' [-Wunused-variable]
    bool wallsexplored = 1;
         ^~~~~~~~~~~~~
main.c:222:4: warning: implicit declaration of function 'delay_ms' [-Wimplicit-function-declaration]
    delay_ms(500);
    ^~~~~~~~
main.c:112:6: warning: unused variable 'maxVal' [-Wunused-variable]
  int maxVal = 0;
      ^~~~~~
main.c:103:6: warning: unused variable 'maxirread' [-Wunused-variable]
  int maxirread = 1000;
      ^~~~~~~~~
main.c:102:6: warning: unused variable 'minirread' [-Wunused-variable]
  int minirread = 300;
      ^~~~~~~~~
main.c:90:17: warning: unused variable 'allRGBs' [-Wunused-variable]
  rgb_led_name_t allRGBs[] = {LED2, LED4, LED6, LED8};
                 ^~~~~~~
main.c: At top level:
main.c:235:2: error: expected identifier or '(' before 'if'
  if (currentState) = NOWALL {
  ^~
main.c:239:3: error: expected identifier or '(' before 'else'
  }else if (currentState) = FOUNDWALL {
   ^~~~
make: *** [../e-puck2_main-processor/ChibiOS//os/common/ports/ARMCMx/compilers/GCC/rules.mk:217: build/obj/main.o] Error 1
"make all" terminated with exit code 2. Build might be incomplete.
13:43:15 **** Incremental Build of configuration Default for project Project ****
make all 
[1;34mCompiling main.c[0m
main.c: In function 'follow_wall':
main.c:37:11: warning: unused variable 'wheelratio' [-Wunused-variable]
     float wheelratio = 0.9;
           ^~~~~~~~~~
main.c:40:11: warning: unused variable 'wheelratio' [-Wunused-variable]
     float wheelratio = 1.1;
           ^~~~~~~~~~
main.c:43:11: warning: unused variable 'wheelratio' [-Wunused-variable]
     float wheelratio = 0.9;
           ^~~~~~~~~~
main.c: In function 'main':
main.c:170:8: warning: unused variable 'offBack' [-Wunused-variable]
    int offBack = 4;
        ^~~~~~~
main.c:169:8: warning: unused variable 'offSide' [-Wunused-variable]
    int offSide = 5;
        ^~~~~~~
main.c:168:8: warning: unused variable 'offCorner' [-Wunused-variable]
    int offCorner = 6;
        ^~~~~~~~~
main.c:167:8: warning: unused variable 'offFront' [-Wunused-variable]
    int offFront = 7;
        ^~~~~~~~
main.c:166:8: warning: unused variable 'prefBack' [-Wunused-variable]
    int prefBack = 3;
        ^~~~~~~~
main.c:165:8: warning: unused variable 'prefSide' [-Wunused-variable]
    int prefSide = 2;
        ^~~~~~~~
main.c:164:8: warning: unused variable 'prefCorner' [-Wunused-variable]
    int prefCorner = 1;
        ^~~~~~~~~~
main.c:163:8: warning: unused variable 'prefFront' [-Wunused-variable]
    int prefFront = 0;
        ^~~~~~~~~
main.c:179:8: warning: unused variable 'offBack' [-Wunused-variable]
    int offBack = 3;
        ^~~~~~~
main.c:178:8: warning: unused variable 'offSide' [-Wunused-variable]
    int offSide = 2;
        ^~~~~~~
main.c:177:8: warning: unused variable 'offCorner' [-Wunused-variable]
    int offCorner = 1;
        ^~~~~~~~~
main.c:176:8: warning: unused variable 'offFront' [-Wunused-variable]
    int offFront = 0;
        ^~~~~~~~
main.c:175:8: warning: unused variable 'prefBack' [-Wunused-variable]
    int prefBack = 4;
        ^~~~~~~~
main.c:174:8: warning: unused variable 'prefSide' [-Wunused-variable]
    int prefSide = 5;
        ^~~~~~~~
main.c:173:8: warning: unused variable 'prefCorner' [-Wunused-variable]
    int prefCorner = 6;
        ^~~~~~~~~~
main.c:172:8: warning: unused variable 'prefFront' [-Wunused-variable]
    int prefFront = 7;
        ^~~~~~~~~
main.c:195:9: warning: unused variable 'wallsexplored' [-Wunused-variable]
    bool wallsexplored = 1;
         ^~~~~~~~~~~~~
main.c:222:4: warning: implicit declaration of function 'delay_ms' [-Wimplicit-function-declaration]
    delay_ms(500);
    ^~~~~~~~
main.c:112:6: warning: unused variable 'maxVal' [-Wunused-variable]
  int maxVal = 0;
      ^~~~~~
main.c:103:6: warning: unused variable 'maxirread' [-Wunused-variable]
  int maxirread = 1000;
      ^~~~~~~~~
main.c:102:6: warning: unused variable 'minirread' [-Wunused-variable]
  int minirread = 300;
      ^~~~~~~~~
main.c:90:17: warning: unused variable 'allRGBs' [-Wunused-variable]
  rgb_led_name_t allRGBs[] = {LED2, LED4, LED6, LED8};
                 ^~~~~~~
main.c: At top level:
main.c:235:2: error: expected identifier or '(' before 'if'
  if (currentState) = NOWALL {
  ^~
main.c:239:3: error: expected identifier or '(' before 'else'
  }else if (currentState) = FOUNDWALL {
   ^~~~
main.c:243:3: error: expected identifier or '(' before 'else'
  }else if (currentState) = EXPLORING {
   ^~~~
main.c:252:2: error: expected identifier or '(' before '}' token
  }
  ^
main.c:256:2: error: expected identifier or '(' before '}' token
  }
  ^
make: *** [../e-puck2_main-processor/ChibiOS//os/common/ports/ARMCMx/compilers/GCC/rules.mk:217: build/obj/main.o] Error 1
"make all" terminated with exit code 2. Build might be incomplete.
13:43:41 **** Incremental Build of configuration Default for project Project ****
make all 
[1;34mCompiling main.c[0m
main.c: In function 'follow_wall':
main.c:37:11: warning: unused variable 'wheelratio' [-Wunused-variable]
     float wheelratio = 0.9;
           ^~~~~~~~~~
main.c:40:11: warning: unused variable 'wheelratio' [-Wunused-variable]
     float wheelratio = 1.1;
           ^~~~~~~~~~
main.c:43:11: warning: unused variable 'wheelratio' [-Wunused-variable]
     float wheelratio = 0.9;
           ^~~~~~~~~~
main.c: In function 'main':
main.c:170:8: warning: unused variable 'offBack' [-Wunused-variable]
    int offBack = 4;
        ^~~~~~~
main.c:169:8: warning: unused variable 'offSide' [-Wunused-variable]
    int offSide = 5;
        ^~~~~~~
main.c:168:8: warning: unused variable 'offCorner' [-Wunused-variable]
    int offCorner = 6;
        ^~~~~~~~~
main.c:167:8: warning: unused variable 'offFront' [-Wunused-variable]
    int offFront = 7;
        ^~~~~~~~
main.c:166:8: warning: unused variable 'prefBack' [-Wunused-variable]
    int prefBack = 3;
        ^~~~~~~~
main.c:165:8: warning: unused variable 'prefSide' [-Wunused-variable]
    int prefSide = 2;
        ^~~~~~~~
main.c:164:8: warning: unused variable 'prefCorner' [-Wunused-variable]
    int prefCorner = 1;
        ^~~~~~~~~~
main.c:163:8: warning: unused variable 'prefFront' [-Wunused-variable]
    int prefFront = 0;
        ^~~~~~~~~
main.c:179:8: warning: unused variable 'offBack' [-Wunused-variable]
    int offBack = 3;
        ^~~~~~~
main.c:178:8: warning: unused variable 'offSide' [-Wunused-variable]
    int offSide = 2;
        ^~~~~~~
main.c:177:8: warning: unused variable 'offCorner' [-Wunused-variable]
    int offCorner = 1;
        ^~~~~~~~~
main.c:176:8: warning: unused variable 'offFront' [-Wunused-variable]
    int offFront = 0;
        ^~~~~~~~
main.c:175:8: warning: unused variable 'prefBack' [-Wunused-variable]
    int prefBack = 4;
        ^~~~~~~~
main.c:174:8: warning: unused variable 'prefSide' [-Wunused-variable]
    int prefSide = 5;
        ^~~~~~~~
main.c:173:8: warning: unused variable 'prefCorner' [-Wunused-variable]
    int prefCorner = 6;
        ^~~~~~~~~~
main.c:172:8: warning: unused variable 'prefFront' [-Wunused-variable]
    int prefFront = 7;
        ^~~~~~~~~
main.c:195:9: warning: unused variable 'wallsexplored' [-Wunused-variable]
    bool wallsexplored = 1;
         ^~~~~~~~~~~~~
main.c:222:4: warning: implicit declaration of function 'delay_ms' [-Wimplicit-function-declaration]
    delay_ms(500);
    ^~~~~~~~
main.c:112:6: warning: unused variable 'maxVal' [-Wunused-variable]
  int maxVal = 0;
      ^~~~~~
main.c:103:6: warning: unused variable 'maxirread' [-Wunused-variable]
  int maxirread = 1000;
      ^~~~~~~~~
main.c:102:6: warning: unused variable 'minirread' [-Wunused-variable]
  int minirread = 300;
      ^~~~~~~~~
main.c:90:17: warning: unused variable 'allRGBs' [-Wunused-variable]
  rgb_led_name_t allRGBs[] = {LED2, LED4, LED6, LED8};
                 ^~~~~~~
main.c: At top level:
main.c:235:2: error: expected identifier or '(' before 'if'
  if (currentState) = NOWALL {
  ^~
main.c:239:3: error: expected identifier or '(' before 'else'
  }else if (currentState) = FOUNDWALL {
   ^~~~
main.c:243:3: error: expected identifier or '(' before 'else'
  }else if (currentState) = EXPLORING {
   ^~~~
make: *** [../e-puck2_main-processor/ChibiOS//os/common/ports/ARMCMx/compilers/GCC/rules.mk:217: build/obj/main.o] Error 1
"make all" terminated with exit code 2. Build might be incomplete.
13:44:22 **** Incremental Build of configuration Default for project Project ****
make all 
[1;34mCompiling main.c[0m
main.c: In function 'follow_wall':
main.c:37:11: warning: unused variable 'wheelratio' [-Wunused-variable]
     float wheelratio = 0.9;
           ^~~~~~~~~~
main.c:40:11: warning: unused variable 'wheelratio' [-Wunused-variable]
     float wheelratio = 1.1;
           ^~~~~~~~~~
main.c:43:11: warning: unused variable 'wheelratio' [-Wunused-variable]
     float wheelratio = 0.9;
           ^~~~~~~~~~
main.c: In function 'main':
main.c:170:8: warning: unused variable 'offBack' [-Wunused-variable]
    int offBack = 4;
        ^~~~~~~
main.c:169:8: warning: unused variable 'offSide' [-Wunused-variable]
    int offSide = 5;
        ^~~~~~~
main.c:168:8: warning: unused variable 'offCorner' [-Wunused-variable]
    int offCorner = 6;
        ^~~~~~~~~
main.c:167:8: warning: unused variable 'offFront' [-Wunused-variable]
    int offFront = 7;
        ^~~~~~~~
main.c:166:8: warning: unused variable 'prefBack' [-Wunused-variable]
    int prefBack = 3;
        ^~~~~~~~
main.c:165:8: warning: unused variable 'prefSide' [-Wunused-variable]
    int prefSide = 2;
        ^~~~~~~~
main.c:164:8: warning: unused variable 'prefCorner' [-Wunused-variable]
    int prefCorner = 1;
        ^~~~~~~~~~
main.c:163:8: warning: unused variable 'prefFront' [-Wunused-variable]
    int prefFront = 0;
        ^~~~~~~~~
main.c:179:8: warning: unused variable 'offBack' [-Wunused-variable]
    int offBack = 3;
        ^~~~~~~
main.c:178:8: warning: unused variable 'offSide' [-Wunused-variable]
    int offSide = 2;
        ^~~~~~~
main.c:177:8: warning: unused variable 'offCorner' [-Wunused-variable]
    int offCorner = 1;
        ^~~~~~~~~
main.c:176:8: warning: unused variable 'offFront' [-Wunused-variable]
    int offFront = 0;
        ^~~~~~~~
main.c:175:8: warning: unused variable 'prefBack' [-Wunused-variable]
    int prefBack = 4;
        ^~~~~~~~
main.c:174:8: warning: unused variable 'prefSide' [-Wunused-variable]
    int prefSide = 5;
        ^~~~~~~~
main.c:173:8: warning: unused variable 'prefCorner' [-Wunused-variable]
    int prefCorner = 6;
        ^~~~~~~~~~
main.c:172:8: warning: unused variable 'prefFront' [-Wunused-variable]
    int prefFront = 7;
        ^~~~~~~~~
main.c:195:9: warning: unused variable 'wallsexplored' [-Wunused-variable]
    bool wallsexplored = 1;
         ^~~~~~~~~~~~~
main.c:222:4: warning: implicit declaration of function 'delay_ms' [-Wimplicit-function-declaration]
    delay_ms(500);
    ^~~~~~~~
main.c:233:20: error: expected expression before '=' token
  if (currentState) = NOWALL {
                    ^
main.c:112:6: warning: unused variable 'maxVal' [-Wunused-variable]
  int maxVal = 0;
      ^~~~~~
main.c:103:6: warning: unused variable 'maxirread' [-Wunused-variable]
  int maxirread = 1000;
      ^~~~~~~~~
main.c:102:6: warning: unused variable 'minirread' [-Wunused-variable]
  int minirread = 300;
      ^~~~~~~~~
main.c:90:17: warning: unused variable 'allRGBs' [-Wunused-variable]
  rgb_led_name_t allRGBs[] = {LED2, LED4, LED6, LED8};
                 ^~~~~~~
main.c: At top level:
main.c:248:1: error: expected identifier or '(' before '}' token
 }
 ^
make: *** [../e-puck2_main-processor/ChibiOS//os/common/ports/ARMCMx/compilers/GCC/rules.mk:217: build/obj/main.o] Error 1
"make all" terminated with exit code 2. Build might be incomplete.
13:44:49 **** Incremental Build of configuration Default for project Project ****
make all 
[1;34mCompiling main.c[0m
main.c: In function 'follow_wall':
main.c:37:11: warning: unused variable 'wheelratio' [-Wunused-variable]
     float wheelratio = 0.9;
           ^~~~~~~~~~
main.c:40:11: warning: unused variable 'wheelratio' [-Wunused-variable]
     float wheelratio = 1.1;
           ^~~~~~~~~~
main.c:43:11: warning: unused variable 'wheelratio' [-Wunused-variable]
     float wheelratio = 0.9;
           ^~~~~~~~~~
main.c: In function 'main':
main.c:170:8: warning: unused variable 'offBack' [-Wunused-variable]
    int offBack = 4;
        ^~~~~~~
main.c:169:8: warning: unused variable 'offSide' [-Wunused-variable]
    int offSide = 5;
        ^~~~~~~
main.c:168:8: warning: unused variable 'offCorner' [-Wunused-variable]
    int offCorner = 6;
        ^~~~~~~~~
main.c:167:8: warning: unused variable 'offFront' [-Wunused-variable]
    int offFront = 7;
        ^~~~~~~~
main.c:166:8: warning: unused variable 'prefBack' [-Wunused-variable]
    int prefBack = 3;
        ^~~~~~~~
main.c:165:8: warning: unused variable 'prefSide' [-Wunused-variable]
    int prefSide = 2;
        ^~~~~~~~
main.c:164:8: warning: unused variable 'prefCorner' [-Wunused-variable]
    int prefCorner = 1;
        ^~~~~~~~~~
main.c:163:8: warning: unused variable 'prefFront' [-Wunused-variable]
    int prefFront = 0;
        ^~~~~~~~~
main.c:179:8: warning: unused variable 'offBack' [-Wunused-variable]
    int offBack = 3;
        ^~~~~~~
main.c:178:8: warning: unused variable 'offSide' [-Wunused-variable]
    int offSide = 2;
        ^~~~~~~
main.c:177:8: warning: unused variable 'offCorner' [-Wunused-variable]
    int offCorner = 1;
        ^~~~~~~~~
main.c:176:8: warning: unused variable 'offFront' [-Wunused-variable]
    int offFront = 0;
        ^~~~~~~~
main.c:175:8: warning: unused variable 'prefBack' [-Wunused-variable]
    int prefBack = 4;
        ^~~~~~~~
main.c:174:8: warning: unused variable 'prefSide' [-Wunused-variable]
    int prefSide = 5;
        ^~~~~~~~
main.c:173:8: warning: unused variable 'prefCorner' [-Wunused-variable]
    int prefCorner = 6;
        ^~~~~~~~~~
main.c:172:8: warning: unused variable 'prefFront' [-Wunused-variable]
    int prefFront = 7;
        ^~~~~~~~~
main.c:195:9: warning: unused variable 'wallsexplored' [-Wunused-variable]
    bool wallsexplored = 1;
         ^~~~~~~~~~~~~
main.c:222:4: warning: implicit declaration of function 'delay_ms' [-Wimplicit-function-declaration]
    delay_ms(500);
    ^~~~~~~~
main.c:233:20: error: expected expression before '=' token
  if (currentState) = NOWALL {
                    ^
main.c:112:6: warning: unused variable 'maxVal' [-Wunused-variable]
  int maxVal = 0;
      ^~~~~~
main.c:103:6: warning: unused variable 'maxirread' [-Wunused-variable]
  int maxirread = 1000;
      ^~~~~~~~~
main.c:102:6: warning: unused variable 'minirread' [-Wunused-variable]
  int minirread = 300;
      ^~~~~~~~~
main.c:90:17: warning: unused variable 'allRGBs' [-Wunused-variable]
  rgb_led_name_t allRGBs[] = {LED2, LED4, LED6, LED8};
                 ^~~~~~~
make: *** [../e-puck2_main-processor/ChibiOS//os/common/ports/ARMCMx/compilers/GCC/rules.mk:217: build/obj/main.o] Error 1
"make all" terminated with exit code 2. Build might be incomplete.
13:45:11 **** Incremental Build of configuration Default for project Project ****
make all 
[1;34mCompiling main.c[0m
main.c: In function 'follow_wall':
main.c:37:11: warning: unused variable 'wheelratio' [-Wunused-variable]
     float wheelratio = 0.9;
           ^~~~~~~~~~
main.c:40:11: warning: unused variable 'wheelratio' [-Wunused-variable]
     float wheelratio = 1.1;
           ^~~~~~~~~~
main.c:43:11: warning: unused variable 'wheelratio' [-Wunused-variable]
     float wheelratio = 0.9;
           ^~~~~~~~~~
main.c: In function 'main':
main.c:170:8: warning: unused variable 'offBack' [-Wunused-variable]
    int offBack = 4;
        ^~~~~~~
main.c:169:8: warning: unused variable 'offSide' [-Wunused-variable]
    int offSide = 5;
        ^~~~~~~
main.c:168:8: warning: unused variable 'offCorner' [-Wunused-variable]
    int offCorner = 6;
        ^~~~~~~~~
main.c:167:8: warning: unused variable 'offFront' [-Wunused-variable]
    int offFront = 7;
        ^~~~~~~~
main.c:166:8: warning: unused variable 'prefBack' [-Wunused-variable]
    int prefBack = 3;
        ^~~~~~~~
main.c:165:8: warning: unused variable 'prefSide' [-Wunused-variable]
    int prefSide = 2;
        ^~~~~~~~
main.c:164:8: warning: unused variable 'prefCorner' [-Wunused-variable]
    int prefCorner = 1;
        ^~~~~~~~~~
main.c:163:8: warning: unused variable 'prefFront' [-Wunused-variable]
    int prefFront = 0;
        ^~~~~~~~~
main.c:179:8: warning: unused variable 'offBack' [-Wunused-variable]
    int offBack = 3;
        ^~~~~~~
main.c:178:8: warning: unused variable 'offSide' [-Wunused-variable]
    int offSide = 2;
        ^~~~~~~
main.c:177:8: warning: unused variable 'offCorner' [-Wunused-variable]
    int offCorner = 1;
        ^~~~~~~~~
main.c:176:8: warning: unused variable 'offFront' [-Wunused-variable]
    int offFront = 0;
        ^~~~~~~~
main.c:175:8: warning: unused variable 'prefBack' [-Wunused-variable]
    int prefBack = 4;
        ^~~~~~~~
main.c:174:8: warning: unused variable 'prefSide' [-Wunused-variable]
    int prefSide = 5;
        ^~~~~~~~
main.c:173:8: warning: unused variable 'prefCorner' [-Wunused-variable]
    int prefCorner = 6;
        ^~~~~~~~~~
main.c:172:8: warning: unused variable 'prefFront' [-Wunused-variable]
    int prefFront = 7;
        ^~~~~~~~~
main.c:195:9: warning: unused variable 'wallsexplored' [-Wunused-variable]
    bool wallsexplored = 1;
         ^~~~~~~~~~~~~
main.c:222:4: warning: implicit declaration of function 'delay_ms' [-Wimplicit-function-declaration]
    delay_ms(500);
    ^~~~~~~~
main.c:237:26: error: expected expression before '=' token
  }else if (currentState) = FOUNDWALL {
                          ^
main.c:112:6: warning: unused variable 'maxVal' [-Wunused-variable]
  int maxVal = 0;
      ^~~~~~
main.c:103:6: warning: unused variable 'maxirread' [-Wunused-variable]
  int maxirread = 1000;
      ^~~~~~~~~
main.c:102:6: warning: unused variable 'minirread' [-Wunused-variable]
  int minirread = 300;
      ^~~~~~~~~
make: *** [../e-puck2_main-processor/ChibiOS//os/common/ports/ARMCMx/compilers/GCC/rules.mk:217: build/obj/main.o] Error 1
"make all" terminated with exit code 2. Build might be incomplete.
13:45:37 **** Incremental Build of configuration Default for project Project ****
make all 
[1;34mCompiling main.c[0m
main.c: In function 'follow_wall':
main.c:37:11: warning: unused variable 'wheelratio' [-Wunused-variable]
     float wheelratio = 0.9;
           ^~~~~~~~~~
main.c:40:11: warning: unused variable 'wheelratio' [-Wunused-variable]
     float wheelratio = 1.1;
           ^~~~~~~~~~
main.c:43:11: warning: unused variable 'wheelratio' [-Wunused-variable]
     float wheelratio = 0.9;
           ^~~~~~~~~~
main.c: In function 'main':
main.c:170:8: warning: unused variable 'offBack' [-Wunused-variable]
    int offBack = 4;
        ^~~~~~~
main.c:169:8: warning: unused variable 'offSide' [-Wunused-variable]
    int offSide = 5;
        ^~~~~~~
main.c:168:8: warning: unused variable 'offCorner' [-Wunused-variable]
    int offCorner = 6;
        ^~~~~~~~~
main.c:167:8: warning: unused variable 'offFront' [-Wunused-variable]
    int offFront = 7;
        ^~~~~~~~
main.c:166:8: warning: unused variable 'prefBack' [-Wunused-variable]
    int prefBack = 3;
        ^~~~~~~~
main.c:165:8: warning: unused variable 'prefSide' [-Wunused-variable]
    int prefSide = 2;
        ^~~~~~~~
main.c:164:8: warning: unused variable 'prefCorner' [-Wunused-variable]
    int prefCorner = 1;
        ^~~~~~~~~~
main.c:163:8: warning: unused variable 'prefFront' [-Wunused-variable]
    int prefFront = 0;
        ^~~~~~~~~
main.c:179:8: warning: unused variable 'offBack' [-Wunused-variable]
    int offBack = 3;
        ^~~~~~~
main.c:178:8: warning: unused variable 'offSide' [-Wunused-variable]
    int offSide = 2;
        ^~~~~~~
main.c:177:8: warning: unused variable 'offCorner' [-Wunused-variable]
    int offCorner = 1;
        ^~~~~~~~~
main.c:176:8: warning: unused variable 'offFront' [-Wunused-variable]
    int offFront = 0;
        ^~~~~~~~
main.c:175:8: warning: unused variable 'prefBack' [-Wunused-variable]
    int prefBack = 4;
        ^~~~~~~~
main.c:174:8: warning: unused variable 'prefSide' [-Wunused-variable]
    int prefSide = 5;
        ^~~~~~~~
main.c:173:8: warning: unused variable 'prefCorner' [-Wunused-variable]
    int prefCorner = 6;
        ^~~~~~~~~~
main.c:172:8: warning: unused variable 'prefFront' [-Wunused-variable]
    int prefFront = 7;
        ^~~~~~~~~
main.c:195:9: warning: unused variable 'wallsexplored' [-Wunused-variable]
    bool wallsexplored = 1;
         ^~~~~~~~~~~~~
main.c:222:4: warning: implicit declaration of function 'delay_ms' [-Wimplicit-function-declaration]
    delay_ms(500);
    ^~~~~~~~
main.c:112:6: warning: unused variable 'maxVal' [-Wunused-variable]
  int maxVal = 0;
      ^~~~~~
main.c:103:6: warning: unused variable 'maxirread' [-Wunused-variable]
  int maxirread = 1000;
      ^~~~~~~~~
main.c:102:6: warning: unused variable 'minirread' [-Wunused-variable]
  int minirread = 300;
      ^~~~~~~~~
main.c:243:3: warning: iteration 4 invokes undefined behavior [-Waggressive-loop-optimizations]
   set_rgb_led(allRGBs[i], 0 , 0 , 10);
   ^~~~~~~~~~~~~~~~~~~~~~~~~~~~~~~~~~~
main.c:242:3: note: within this loop
   for (int i = 0; i <= 4; i++) {
   ^~~
main.c:239:3: warning: iteration 4 invokes undefined behavior [-Waggressive-loop-optimizations]
   set_rgb_led(allRGBs[i], 0 , 10 , 0 );
   ^~~~~~~~~~~~~~~~~~~~~~~~~~~~~~~~~~~~
main.c:238:3: note: within this loop
   for (int i = 0; i <= 4; i++) {
   ^~~
main.c:235:3: warning: iteration 4 invokes undefined behavior [-Waggressive-loop-optimizations]
   set_rgb_led(allRGBs[i], 10 , 0 , 0 );
   ^~~~~~~~~~~~~~~~~~~~~~~~~~~~~~~~~~~~
main.c:234:3: note: within this loop
   for (int i = 0; i <= 4; i++) {
   ^~~
[1;34mCompiling spi3_slave_lld.c[0m
[1;34mCompiling dcmi_lld.c[0m
[1;34mCompiling dcmi.c[0m
[1;34mCompiling spi3_slave.c[0m
[1;34mCompiling audio_thread.c[0m
[1;34mCompiling microphone.c[0m
[1;34mCompiling mp45dt02_processing.c[0m
[1;34mCompiling play_melody.c[0m
[1;34mCompiling button.c[0m
[1;34mCompiling camera.c[0m
[1;34mCompiling dcmi_camera.c[0m
[1;34mCompiling ov2640.c[0m
[1;34mCompiling ov7670.c[0m
[1;34mCompiling po6030.c[0m
[1;34mCompiling po8030.c[0m
[1;34mCompiling cmd.c[0m
[1;34mCompiling Asercom.c[0m
[1;34mCompiling Asercom2.c[0m
[1;34mCompiling DataEEPROM.c[0m
[1;34mCompiling e_I2C_protocol.c[0m
[1;34mCompiling e_acc.c[0m
[1;34mCompiling e_ad_conv.c[0m
[1;34mCompiling e_micro.c[0m
[1;34mCompiling e_prox.c[0m
[1;34mCompiling e_lsm330.c[0m
[1;34mCompiling e_common.c[0m
[1;34mCompiling e_sound.c[0m
[1;34mCompiling e_agenda.c[0m
[1;34mCompiling e_led.c[0m
[1;34mCompiling e_motors.c[0m
[1;34mCompiling e_remote_control.c[0m
[1;34mCompiling e_init_port.c[0m
[1;34mCompiling e_uart_char.c[0m
[1;34mCompiling utility.c[0m
[1;34mCompiling exti.c[0m
[1;34mCompiling flash.c[0m
[1;34mCompiling i2c_bus.c[0m
[1;34mCompiling ir_remote.c[0m
[1;34mCompiling leds.c[0m
[1;34mCompiling memory_protection.c[0m
[1;34mCompiling motors.c[0m
[1;34mCompiling panic.c[0m
[1;34mCompiling selector.c[0m
[1;34mCompiling battery_level.c[0m
[1;34mCompiling ground.c[0m
[1;34mCompiling imu.c[0m
[1;34mCompiling mpu9250.c[0m
[1;34mCompiling proximity.c[0m
[1;34mCompiling serial_comm.c[0m
[1;34mCompiling spi_comm.c[0m
[1;34mCompiling sdio.c[0m
[1;34mCompiling usbcfg.c[0m
[1;34mCompiling uc_usage.c[0m
[1;34mCompiling malloc_lock.c[0m
[1;34mCompiling newlib_syscalls.c[0m
[1;34mCompiling port.c[0m
[1;34mCompiling communication.c[0m
[1;34mCompiling config_flash_storage.c[0m
[1;34mCompiling vl53l0x_api.c[0m
[1;34mCompiling vl53l0x_api_calibration.c[0m
[1;34mCompiling vl53l0x_api_core.c[0m
[1;34mCompiling vl53l0x_api_ranging.c[0m
[1;34mCompiling vl53l0x_api_strings.c[0m
[1;34mCompiling vl53l0x_i2c_platform.c[0m
[1;34mCompiling vl53l0x_platform.c[0m
[1;34mCompiling VL53L0X.c[0m
[1;34mCompiling serial_datagram.c[0m
[1;34mCompiling cmp.c[0m
[1;34mCompiling cmp_mem_access.c[0m
[1;34mCompiling crc16.c[0m
[1;34mCompiling crc32.c[0m
[1;34mCompiling messagebus.c[0m
[1;34mCompiling parameter.c[0m
[1;34mCompiling parameter_msgpack.c[0m
[1;34mCompiling parameter_print.c[0m
[1;34mCompiling fat.c[0m
[1;34mCompiling play_sound_file.c[0m
[1;34mCompiling behaviors.c[0m
[1;34mCompiling ircom.c[0m
[1;34mCompiling ircomReceive.c[0m
[1;34mCompiling ircomTools.c[0m
[1;34mCompiling ircomMessages.c[0m
[1;34mCompiling ircomSend.c[0m
[1;34mCompiling transceiver.c[0m
[1;34mCompiling crt1.c[0m
[1;34mCompiling vectors.c[0m
[1;34mCompiling chsys.c[0m
[1;34mCompiling chdebug.c[0m
[1;34mCompiling chvt.c[0m
[1;34mCompiling chschd.c[0m
[1;34mCompiling chthreads.c[0m
[1;34mCompiling chtm.c[0m
[1;34mCompiling chstats.c[0m
[1;34mCompiling chdynamic.c[0m
[1;34mCompiling chregistry.c[0m
[1;34mCompiling chsem.c[0m
[1;34mCompiling chmtx.c[0m
[1;34mCompiling chcond.c[0m
[1;34mCompiling chevents.c[0m
[1;34mCompiling chmsg.c[0m
[1;34mCompiling chmboxes.c[0m
[1;34mCompiling chqueues.c[0m
[1;34mCompiling chmemcore.c[0m
[1;34mCompiling chheap.c[0m
[1;34mCompiling chmempools.c[0m
[1;34mCompiling chcore.c[0m
[1;34mCompiling chcore_v7m.c[0m
[1;34mCompiling osal.c[0m
[1;34mCompiling hal.c[0m
[1;34mCompiling hal_queues.c[0m
[1;34mCompiling hal_mmcsd.c[0m
[1;34mCompiling adc.c[0m
[1;34mCompiling can.c[0m
[1;34mCompiling dac.c[0m
[1;34mCompiling ext.c[0m
[1;34mCompiling gpt.c[0m
[1;34mCompiling i2c.c[0m
[1;34mCompiling i2s.c[0m
[1;34mCompiling icu.c[0m
[1;34mCompiling mac.c[0m
[1;34mCompiling mmc_spi.c[0m
[1;34mCompiling pal.c[0m
[1;34mCompiling pwm.c[0m
[1;34mCompiling rtc.c[0m
[1;34mCompiling sdc.c[0m
[1;34mCompiling serial.c[0m
[1;34mCompiling serial_usb.c[0m
[1;34mCompiling spi.c[0m
[1;34mCompiling st.c[0m
[1;34mCompiling uart.c[0m
[1;34mCompiling usb.c[0m
[1;34mCompiling nvic.c[0m
[1;34mCompiling stm32_dma.c[0m
[1;34mCompiling hal_lld.c[0m
[1;34mCompiling adc_lld.c[0m
[1;34mCompiling ext_lld_isr.c[0m
[1;34mCompiling can_lld.c[0m
[1;34mCompiling ext_lld.c[0m
[1;34mCompiling mac_lld.c[0m
[1;34mCompiling sdc_lld.c[0m
[1;34mCompiling dac_lld.c[0m
[1;34mCompiling pal_lld.c[0m
[1;34mCompiling i2c_lld.c[0m
[1;34mCompiling usb_lld.c[0m
[1;34mCompiling rtc_lld.c[0m
[1;34mCompiling i2s_lld.c[0m
[1;34mCompiling spi_lld.c[0m
[1;34mCompiling gpt_lld.c[0m
[1;34mCompiling icu_lld.c[0m
[1;34mCompiling pwm_lld.c[0m
[1;34mCompiling st_lld.c[0m
[1;34mCompiling serial_lld.c[0m
[1;34mCompiling uart_lld.c[0m
[1;34mCompiling board.c[0m
[1;34mCompiling test.c[0m
[1;34mCompiling testthd.c[0m
[1;34mCompiling testsem.c[0m
[1;34mCompiling testmtx.c[0m
[1;34mCompiling testmsg.c[0m
[1;34mCompiling testmbox.c[0m
[1;34mCompiling testevt.c[0m
[1;34mCompiling testheap.c[0m
[1;34mCompiling testpools.c[0m
[1;34mCompiling testdyn.c[0m
[1;34mCompiling testqueues.c[0m
[1;34mCompiling testsys.c[0m
[1;34mCompiling testbmk.c[0m
[1;34mCompiling shell.c[0m
[1;34mCompiling memstreams.c[0m
[1;34mCompiling chprintf.c[0m
[1;34mCompiling fatfs_diskio.c[0m
[1;34mCompiling fatfs_syscall.c[0m
[1;34mCompiling ff.c[0m
[1;34mCompiling unicode.c[0m
[1;34mCompiling vm-buffer.c[0m
[1;34mCompiling can-buffer.c[0m
[1;34mCompiling can-net.c[0m
[1;34mCompiling natives.c[0m
[1;34mCompiling vm.c[0m
[1;34mCompiling aseba_can_interface.c[0m
[1;34mCompiling aseba_node.c[0m
[1;34mCompiling skel_user.c[0m
[1;34mCompiling aseba_bridge.c[0m
[1;34mLinking build/Project_template.elf[0m
[1;34mCreating build/Project_template.hex[0m
[1;34mCreating build/Project_template.bin[0m
[1;34mCreating build/Project_template.dmp[0m

   text	   data	    bss	    dec	    hex	filename
  64388	   3116	  17516	  85020	  14c1c	build/Project_template.elf
[1;34mCreating build/Project_template.list[0m

[1;34mDone[0m
13:46:02 **** Incremental Build of configuration Default for project Project ****
make all 
make: Nothing to be done for 'all'.
13:46:08 **** Incremental Build of configuration Default for project Project ****
make all 
make: Nothing to be done for 'all'.
13:47:20 **** Incremental Build of configuration Default for project Project ****
make all 
make: Nothing to be done for 'all'.
13:49:17 **** Incremental Build of configuration Default for project Project ****
make all 
make: Nothing to be done for 'all'.
13:49:39 **** Incremental Build of configuration Default for project Project ****
make all 
make: Nothing to be done for 'all'.
13:52:09 **** Incremental Build of configuration Default for project Project ****
make all 
[1;34mCompiling main.c[0m
main.c: In function 'follow_wall':
main.c:37:11: warning: unused variable 'wheelratio' [-Wunused-variable]
     float wheelratio = 0.9;
           ^~~~~~~~~~
main.c:40:11: warning: unused variable 'wheelratio' [-Wunused-variable]
     float wheelratio = 1.1;
           ^~~~~~~~~~
main.c:43:11: warning: unused variable 'wheelratio' [-Wunused-variable]
     float wheelratio = 0.9;
           ^~~~~~~~~~
main.c: In function 'main':
main.c:170:8: warning: unused variable 'offBack' [-Wunused-variable]
    int offBack = 4;
        ^~~~~~~
main.c:169:8: warning: unused variable 'offSide' [-Wunused-variable]
    int offSide = 5;
        ^~~~~~~
main.c:168:8: warning: unused variable 'offCorner' [-Wunused-variable]
    int offCorner = 6;
        ^~~~~~~~~
main.c:167:8: warning: unused variable 'offFront' [-Wunused-variable]
    int offFront = 7;
        ^~~~~~~~
main.c:166:8: warning: unused variable 'prefBack' [-Wunused-variable]
    int prefBack = 3;
        ^~~~~~~~
main.c:165:8: warning: unused variable 'prefSide' [-Wunused-variable]
    int prefSide = 2;
        ^~~~~~~~
main.c:164:8: warning: unused variable 'prefCorner' [-Wunused-variable]
    int prefCorner = 1;
        ^~~~~~~~~~
main.c:163:8: warning: unused variable 'prefFront' [-Wunused-variable]
    int prefFront = 0;
        ^~~~~~~~~
main.c:179:8: warning: unused variable 'offBack' [-Wunused-variable]
    int offBack = 3;
        ^~~~~~~
main.c:178:8: warning: unused variable 'offSide' [-Wunused-variable]
    int offSide = 2;
        ^~~~~~~
main.c:177:8: warning: unused variable 'offCorner' [-Wunused-variable]
    int offCorner = 1;
        ^~~~~~~~~
main.c:176:8: warning: unused variable 'offFront' [-Wunused-variable]
    int offFront = 0;
        ^~~~~~~~
main.c:175:8: warning: unused variable 'prefBack' [-Wunused-variable]
    int prefBack = 4;
        ^~~~~~~~
main.c:174:8: warning: unused variable 'prefSide' [-Wunused-variable]
    int prefSide = 5;
        ^~~~~~~~
main.c:173:8: warning: unused variable 'prefCorner' [-Wunused-variable]
    int prefCorner = 6;
        ^~~~~~~~~~
main.c:172:8: warning: unused variable 'prefFront' [-Wunused-variable]
    int prefFront = 7;
        ^~~~~~~~~
main.c:195:9: warning: unused variable 'wallsexplored' [-Wunused-variable]
    bool wallsexplored = 1;
         ^~~~~~~~~~~~~
main.c:222:4: warning: implicit declaration of function 'delay_ms' [-Wimplicit-function-declaration]
    delay_ms(500);
    ^~~~~~~~
main.c:112:6: warning: unused variable 'maxVal' [-Wunused-variable]
  int maxVal = 0;
      ^~~~~~
main.c:103:6: warning: unused variable 'maxirread' [-Wunused-variable]
  int maxirread = 1000;
      ^~~~~~~~~
main.c:102:6: warning: unused variable 'minirread' [-Wunused-variable]
  int minirread = 300;
      ^~~~~~~~~
main.c:208:18: warning: 'SensorValue[0]' is used uninitialized in this function [-Wuninitialized]
   if (SensorValue[0] > threshold || SensorValue[7] > threshold || SensorValue[1] > threshold || SensorValue[2] > threshold || SensorValue[5] > threshold ||SensorValue[6] > threshold) {
       ~~~~~~~~~~~^~~
[1;34mLinking build/Project_template.elf[0m
[1;34mCreating build/Project_template.hex[0m
[1;34mCreating build/Project_template.bin[0m
[1;34mCreating build/Project_template.dmp[0m

   text	   data	    bss	    dec	    hex	filename
  64100	   3116	  17516	  84732	  14afc	build/Project_template.elf
[1;34mCreating build/Project_template.list[0m

[1;34mDone[0m
13:53:34 **** Incremental Build of configuration Default for project Project ****
make all 
make: Nothing to be done for 'all'.
13:54:12 **** Incremental Build of configuration Default for project Project ****
make all 
make: Nothing to be done for 'all'.
13:57:08 **** Incremental Build of configuration Default for project Project ****
make all 
[1;34mCompiling main.c[0m
main.c: In function 'main':
main.c:129:8: warning: unused variable 'offBack' [-Wunused-variable]
    int offBack = 4;
        ^~~~~~~
main.c:128:8: warning: unused variable 'offSide' [-Wunused-variable]
    int offSide = 5;
        ^~~~~~~
main.c:127:8: warning: unused variable 'offCorner' [-Wunused-variable]
    int offCorner = 6;
        ^~~~~~~~~
main.c:126:8: warning: unused variable 'offFront' [-Wunused-variable]
    int offFront = 7;
        ^~~~~~~~
main.c:125:8: warning: unused variable 'prefBack' [-Wunused-variable]
    int prefBack = 3;
        ^~~~~~~~
main.c:124:8: warning: unused variable 'prefSide' [-Wunused-variable]
    int prefSide = 2;
        ^~~~~~~~
main.c:123:8: warning: unused variable 'prefCorner' [-Wunused-variable]
    int prefCorner = 1;
        ^~~~~~~~~~
main.c:122:8: warning: unused variable 'prefFront' [-Wunused-variable]
    int prefFront = 0;
        ^~~~~~~~~
main.c:138:8: warning: unused variable 'offBack' [-Wunused-variable]
    int offBack = 3;
        ^~~~~~~
main.c:137:8: warning: unused variable 'offSide' [-Wunused-variable]
    int offSide = 2;
        ^~~~~~~
main.c:136:8: warning: unused variable 'offCorner' [-Wunused-variable]
    int offCorner = 1;
        ^~~~~~~~~
main.c:135:8: warning: unused variable 'offFront' [-Wunused-variable]
    int offFront = 0;
        ^~~~~~~~
main.c:134:8: warning: unused variable 'prefBack' [-Wunused-variable]
    int prefBack = 4;
        ^~~~~~~~
main.c:133:8: warning: unused variable 'prefSide' [-Wunused-variable]
    int prefSide = 5;
        ^~~~~~~~
main.c:132:8: warning: unused variable 'prefCorner' [-Wunused-variable]
    int prefCorner = 6;
        ^~~~~~~~~~
main.c:131:8: warning: unused variable 'prefFront' [-Wunused-variable]
    int prefFront = 7;
        ^~~~~~~~~
main.c:153:15: warning: unused variable 'wheelratio' [-Wunused-variable]
         float wheelratio = 0.9;
               ^~~~~~~~~~
main.c:156:15: warning: unused variable 'wheelratio' [-Wunused-variable]
         float wheelratio = 1.1;
               ^~~~~~~~~~
main.c:159:15: warning: unused variable 'wheelratio' [-Wunused-variable]
         float wheelratio = 0.9;
               ^~~~~~~~~~
main.c:192:9: warning: unused variable 'wallsexplored' [-Wunused-variable]
    bool wallsexplored = 1;
         ^~~~~~~~~~~~~
main.c:212:15: warning: unused variable 'wheelratio' [-Wunused-variable]
         float wheelratio = 0.9;
               ^~~~~~~~~~
main.c:215:15: warning: unused variable 'wheelratio' [-Wunused-variable]
         float wheelratio = 1.1;
               ^~~~~~~~~~
main.c:218:15: warning: unused variable 'wheelratio' [-Wunused-variable]
         float wheelratio = 0.9;
               ^~~~~~~~~~
main.c:257:4: warning: implicit declaration of function 'delay_ms' [-Wimplicit-function-declaration]
    delay_ms(500);
    ^~~~~~~~
main.c:71:6: warning: unused variable 'maxVal' [-Wunused-variable]
  int maxVal = 0;
      ^~~~~~
main.c:205:18: warning: 'SensorValue[0]' is used uninitialized in this function [-Wuninitialized]
   if (SensorValue[0] > threshold || SensorValue[7] > threshold || SensorValue[1] > threshold || SensorValue[2] > threshold || SensorValue[5] > threshold ||SensorValue[6] > threshold) {
       ~~~~~~~~~~~^~~
[1;34mLinking build/Project_template.elf[0m
[1;34mCreating build/Project_template.hex[0m
[1;34mCreating build/Project_template.bin[0m
[1;34mCreating build/Project_template.dmp[0m

   text	   data	    bss	    dec	    hex	filename
  64020	   3108	  17516	  84644	  14aa4	build/Project_template.elf
[1;34mCreating build/Project_template.list[0m

[1;34mDone[0m
13:57:22 **** Incremental Build of configuration Default for project Project ****
make all 
make: Nothing to be done for 'all'.
13:57:40 **** Incremental Build of configuration Default for project Project ****
make all 
make: Nothing to be done for 'all'.
13:57:43 **** Incremental Build of configuration Default for project Project ****
make all 
make: Nothing to be done for 'all'.
13:58:45 **** Incremental Build of configuration Default for project Project ****
make all 
make: Nothing to be done for 'all'.
13:58:55 **** Incremental Build of configuration Default for project Project ****
make all 
make: Nothing to be done for 'all'.
14:00:38 **** Incremental Build of configuration Default for project Project ****
make all 
[1;34mCompiling main.c[0m
main.c: In function 'main':
main.c:129:8: warning: unused variable 'offBack' [-Wunused-variable]
    int offBack = 4;
        ^~~~~~~
main.c:128:8: warning: unused variable 'offSide' [-Wunused-variable]
    int offSide = 5;
        ^~~~~~~
main.c:127:8: warning: unused variable 'offCorner' [-Wunused-variable]
    int offCorner = 6;
        ^~~~~~~~~
main.c:126:8: warning: unused variable 'offFront' [-Wunused-variable]
    int offFront = 7;
        ^~~~~~~~
main.c:125:8: warning: unused variable 'prefBack' [-Wunused-variable]
    int prefBack = 3;
        ^~~~~~~~
main.c:124:8: warning: unused variable 'prefSide' [-Wunused-variable]
    int prefSide = 2;
        ^~~~~~~~
main.c:123:8: warning: unused variable 'prefCorner' [-Wunused-variable]
    int prefCorner = 1;
        ^~~~~~~~~~
main.c:122:8: warning: unused variable 'prefFront' [-Wunused-variable]
    int prefFront = 0;
        ^~~~~~~~~
main.c:138:8: warning: unused variable 'offBack' [-Wunused-variable]
    int offBack = 3;
        ^~~~~~~
main.c:137:8: warning: unused variable 'offSide' [-Wunused-variable]
    int offSide = 2;
        ^~~~~~~
main.c:136:8: warning: unused variable 'offCorner' [-Wunused-variable]
    int offCorner = 1;
        ^~~~~~~~~
main.c:135:8: warning: unused variable 'offFront' [-Wunused-variable]
    int offFront = 0;
        ^~~~~~~~
main.c:134:8: warning: unused variable 'prefBack' [-Wunused-variable]
    int prefBack = 4;
        ^~~~~~~~
main.c:133:8: warning: unused variable 'prefSide' [-Wunused-variable]
    int prefSide = 5;
        ^~~~~~~~
main.c:132:8: warning: unused variable 'prefCorner' [-Wunused-variable]
    int prefCorner = 6;
        ^~~~~~~~~~
main.c:131:8: warning: unused variable 'prefFront' [-Wunused-variable]
    int prefFront = 7;
        ^~~~~~~~~
main.c:153:15: warning: unused variable 'wheelratio' [-Wunused-variable]
         float wheelratio = 0.9;
               ^~~~~~~~~~
main.c:156:15: warning: unused variable 'wheelratio' [-Wunused-variable]
         float wheelratio = 1.1;
               ^~~~~~~~~~
main.c:159:15: warning: unused variable 'wheelratio' [-Wunused-variable]
         float wheelratio = 0.9;
               ^~~~~~~~~~
main.c:192:9: warning: unused variable 'wallsexplored' [-Wunused-variable]
    bool wallsexplored = 1;
         ^~~~~~~~~~~~~
main.c:212:15: warning: unused variable 'wheelratio' [-Wunused-variable]
         float wheelratio = 0.9;
               ^~~~~~~~~~
main.c:215:15: warning: unused variable 'wheelratio' [-Wunused-variable]
         float wheelratio = 1.1;
               ^~~~~~~~~~
main.c:218:15: warning: unused variable 'wheelratio' [-Wunused-variable]
         float wheelratio = 0.9;
               ^~~~~~~~~~
main.c:257:4: warning: implicit declaration of function 'delay_ms' [-Wimplicit-function-declaration]
    delay_ms(500);
    ^~~~~~~~
main.c:71:6: warning: unused variable 'maxVal' [-Wunused-variable]
  int maxVal = 0;
      ^~~~~~
main.c:205:18: warning: 'SensorValue[0]' is used uninitialized in this function [-Wuninitialized]
   if (SensorValue[0] > threshold || SensorValue[7] > threshold || SensorValue[1] > threshold || SensorValue[2] > threshold || SensorValue[5] > threshold ||SensorValue[6] > threshold) {
       ~~~~~~~~~~~^~~
[1;34mLinking build/Project_template.elf[0m
[1;34mCreating build/Project_template.hex[0m
[1;34mCreating build/Project_template.bin[0m
[1;34mCreating build/Project_template.dmp[0m

   text	   data	    bss	    dec	    hex	filename
  64100	   3108	  17516	  84724	  14af4	build/Project_template.elf
[1;34mCreating build/Project_template.list[0m

[1;34mDone[0m
14:00:53 **** Incremental Build of configuration Default for project Project ****
make all 
make: Nothing to be done for 'all'.
14:01:35 **** Incremental Build of configuration Default for project Project ****
make all 
make: Nothing to be done for 'all'.
14:03:27 **** Incremental Build of configuration Default for project Project ****
make all 
make: Nothing to be done for 'all'.
14:04:28 **** Incremental Build of configuration Default for project Project ****
make all 
make: Nothing to be done for 'all'.
14:04:50 **** Incremental Build of configuration Default for project Project ****
make all 
make: Nothing to be done for 'all'.
14:05:05 **** Incremental Build of configuration Default for project Project ****
make all 
make: Nothing to be done for 'all'.
14:05:37 **** Incremental Build of configuration Default for project Project ****
make all 
make: Nothing to be done for 'all'.
14:05:47 **** Incremental Build of configuration Default for project Project ****
make all 
make: Nothing to be done for 'all'.
14:09:31 **** Incremental Build of configuration Default for project Project ****
make all 
[1;34mCompiling main.c[0m
main.c: In function 'main':
main.c:129:8: warning: unused variable 'offBack' [-Wunused-variable]
    int offBack = 4;
        ^~~~~~~
main.c:128:8: warning: unused variable 'offSide' [-Wunused-variable]
    int offSide = 5;
        ^~~~~~~
main.c:127:8: warning: unused variable 'offCorner' [-Wunused-variable]
    int offCorner = 6;
        ^~~~~~~~~
main.c:126:8: warning: unused variable 'offFront' [-Wunused-variable]
    int offFront = 7;
        ^~~~~~~~
main.c:125:8: warning: unused variable 'prefBack' [-Wunused-variable]
    int prefBack = 3;
        ^~~~~~~~
main.c:124:8: warning: unused variable 'prefSide' [-Wunused-variable]
    int prefSide = 2;
        ^~~~~~~~
main.c:123:8: warning: unused variable 'prefCorner' [-Wunused-variable]
    int prefCorner = 1;
        ^~~~~~~~~~
main.c:122:8: warning: unused variable 'prefFront' [-Wunused-variable]
    int prefFront = 0;
        ^~~~~~~~~
main.c:138:8: warning: unused variable 'offBack' [-Wunused-variable]
    int offBack = 3;
        ^~~~~~~
main.c:137:8: warning: unused variable 'offSide' [-Wunused-variable]
    int offSide = 2;
        ^~~~~~~
main.c:136:8: warning: unused variable 'offCorner' [-Wunused-variable]
    int offCorner = 1;
        ^~~~~~~~~
main.c:135:8: warning: unused variable 'offFront' [-Wunused-variable]
    int offFront = 0;
        ^~~~~~~~
main.c:134:8: warning: unused variable 'prefBack' [-Wunused-variable]
    int prefBack = 4;
        ^~~~~~~~
main.c:133:8: warning: unused variable 'prefSide' [-Wunused-variable]
    int prefSide = 5;
        ^~~~~~~~
main.c:132:8: warning: unused variable 'prefCorner' [-Wunused-variable]
    int prefCorner = 6;
        ^~~~~~~~~~
main.c:131:8: warning: unused variable 'prefFront' [-Wunused-variable]
    int prefFront = 7;
        ^~~~~~~~~
main.c:153:15: warning: unused variable 'wheelratio' [-Wunused-variable]
         float wheelratio = 0.9;
               ^~~~~~~~~~
main.c:156:15: warning: unused variable 'wheelratio' [-Wunused-variable]
         float wheelratio = 1.1;
               ^~~~~~~~~~
main.c:159:15: warning: unused variable 'wheelratio' [-Wunused-variable]
         float wheelratio = 0.9;
               ^~~~~~~~~~
main.c:192:9: warning: unused variable 'wallsexplored' [-Wunused-variable]
    bool wallsexplored = 1;
         ^~~~~~~~~~~~~
main.c:212:15: warning: unused variable 'wheelratio' [-Wunused-variable]
         float wheelratio = 0.9;
               ^~~~~~~~~~
main.c:215:15: warning: unused variable 'wheelratio' [-Wunused-variable]
         float wheelratio = 1.1;
               ^~~~~~~~~~
main.c:218:15: warning: unused variable 'wheelratio' [-Wunused-variable]
         float wheelratio = 0.9;
               ^~~~~~~~~~
main.c:257:4: warning: implicit declaration of function 'delay_ms' [-Wimplicit-function-declaration]
    delay_ms(500);
    ^~~~~~~~
main.c:71:6: warning: unused variable 'maxVal' [-Wunused-variable]
  int maxVal = 0;
      ^~~~~~
main.c:205:18: warning: 'SensorValue[0]' is used uninitialized in this function [-Wuninitialized]
   if (SensorValue[0] > threshold || SensorValue[7] > threshold || SensorValue[1] > threshold || SensorValue[2] > threshold || SensorValue[5] > threshold ||SensorValue[6] > threshold) {
       ~~~~~~~~~~~^~~
[1;34mLinking build/Project_template.elf[0m
[1;34mCreating build/Project_template.hex[0m
[1;34mCreating build/Project_template.bin[0m
[1;34mCreating build/Project_template.dmp[0m

   text	   data	    bss	    dec	    hex	filename
  64100	   3108	  17516	  84724	  14af4	build/Project_template.elf
[1;34mCreating build/Project_template.list[0m

[1;34mDone[0m
14:09:44 **** Incremental Build of configuration Default for project Project ****
make all 
make: Nothing to be done for 'all'.
14:09:53 **** Incremental Build of configuration Default for project Project ****
make all 
make: Nothing to be done for 'all'.
14:10:02 **** Incremental Build of configuration Default for project Project ****
make all 
make: Nothing to be done for 'all'.
14:10:11 **** Incremental Build of configuration Default for project Project ****
make all 
make: Nothing to be done for 'all'.
14:11:50 **** Incremental Build of configuration Default for project Project ****
make all 
make: Nothing to be done for 'all'.
14:11:59 **** Incremental Build of configuration Default for project Project ****
make all 
make: Nothing to be done for 'all'.
14:12:31 **** Incremental Build of configuration Default for project Project ****
make all 
make: Nothing to be done for 'all'.
14:15:19 **** Incremental Build of configuration Default for project Project ****
make all 
make: Nothing to be done for 'all'.
14:16:31 **** Incremental Build of configuration Default for project Project ****
make all 
make: Nothing to be done for 'all'.
14:16:47 **** Incremental Build of configuration Default for project Project ****
make all 
make: Nothing to be done for 'all'.
14:17:18 **** Incremental Build of configuration Default for project Project ****
make all 
make: Nothing to be done for 'all'.
14:19:39 **** Incremental Build of configuration Default for project Project ****
make all 
make: Nothing to be done for 'all'.
14:21:04 **** Incremental Build of configuration Default for project Project ****
make all 
[1;34mCompiling main.c[0m
main.c: In function 'main':
main.c:129:8: warning: unused variable 'offBack' [-Wunused-variable]
    int offBack = 4;
        ^~~~~~~
main.c:128:8: warning: unused variable 'offSide' [-Wunused-variable]
    int offSide = 5;
        ^~~~~~~
main.c:127:8: warning: unused variable 'offCorner' [-Wunused-variable]
    int offCorner = 6;
        ^~~~~~~~~
main.c:126:8: warning: unused variable 'offFront' [-Wunused-variable]
    int offFront = 7;
        ^~~~~~~~
main.c:125:8: warning: unused variable 'prefBack' [-Wunused-variable]
    int prefBack = 3;
        ^~~~~~~~
main.c:124:8: warning: unused variable 'prefSide' [-Wunused-variable]
    int prefSide = 2;
        ^~~~~~~~
main.c:123:8: warning: unused variable 'prefCorner' [-Wunused-variable]
    int prefCorner = 1;
        ^~~~~~~~~~
main.c:122:8: warning: unused variable 'prefFront' [-Wunused-variable]
    int prefFront = 0;
        ^~~~~~~~~
main.c:138:8: warning: unused variable 'offBack' [-Wunused-variable]
    int offBack = 3;
        ^~~~~~~
main.c:137:8: warning: unused variable 'offSide' [-Wunused-variable]
    int offSide = 2;
        ^~~~~~~
main.c:136:8: warning: unused variable 'offCorner' [-Wunused-variable]
    int offCorner = 1;
        ^~~~~~~~~
main.c:135:8: warning: unused variable 'offFront' [-Wunused-variable]
    int offFront = 0;
        ^~~~~~~~
main.c:134:8: warning: unused variable 'prefBack' [-Wunused-variable]
    int prefBack = 4;
        ^~~~~~~~
main.c:133:8: warning: unused variable 'prefSide' [-Wunused-variable]
    int prefSide = 5;
        ^~~~~~~~
main.c:132:8: warning: unused variable 'prefCorner' [-Wunused-variable]
    int prefCorner = 6;
        ^~~~~~~~~~
main.c:131:8: warning: unused variable 'prefFront' [-Wunused-variable]
    int prefFront = 7;
        ^~~~~~~~~
main.c:153:15: warning: unused variable 'wheelratio' [-Wunused-variable]
         float wheelratio = 0.9;
               ^~~~~~~~~~
main.c:156:15: warning: unused variable 'wheelratio' [-Wunused-variable]
         float wheelratio = 1.1;
               ^~~~~~~~~~
main.c:159:15: warning: unused variable 'wheelratio' [-Wunused-variable]
         float wheelratio = 0.9;
               ^~~~~~~~~~
main.c:192:9: warning: unused variable 'wallsexplored' [-Wunused-variable]
    bool wallsexplored = 1;
         ^~~~~~~~~~~~~
main.c:212:15: warning: unused variable 'wheelratio' [-Wunused-variable]
         float wheelratio = 0.9;
               ^~~~~~~~~~
main.c:215:15: warning: unused variable 'wheelratio' [-Wunused-variable]
         float wheelratio = 1.1;
               ^~~~~~~~~~
main.c:218:15: warning: unused variable 'wheelratio' [-Wunused-variable]
         float wheelratio = 0.9;
               ^~~~~~~~~~
main.c:257:4: warning: implicit declaration of function 'delay_ms' [-Wimplicit-function-declaration]
    delay_ms(500);
    ^~~~~~~~
main.c:71:6: warning: unused variable 'maxVal' [-Wunused-variable]
  int maxVal = 0;
      ^~~~~~
main.c:205:18: warning: 'SensorValue[0]' is used uninitialized in this function [-Wuninitialized]
   if (SensorValue[0] > threshold || SensorValue[7] > threshold || SensorValue[1] > threshold || SensorValue[2] > threshold || SensorValue[5] > threshold ||SensorValue[6] > threshold) {
       ~~~~~~~~~~~^~~
[1;34mLinking build/Project_template.elf[0m
[1;34mCreating build/Project_template.hex[0m
[1;34mCreating build/Project_template.bin[0m
[1;34mCreating build/Project_template.dmp[0m

   text	   data	    bss	    dec	    hex	filename
  64020	   3108	  17516	  84644	  14aa4	build/Project_template.elf
[1;34mCreating build/Project_template.list[0m

[1;34mDone[0m
14:21:40 **** Incremental Build of configuration Default for project Project ****
make all 
make: Nothing to be done for 'all'.
14:21:50 **** Incremental Build of configuration Default for project Project ****
make all 
make: Nothing to be done for 'all'.
14:22:00 **** Incremental Build of configuration Default for project Project ****
make all 
make: Nothing to be done for 'all'.
14:22:08 **** Incremental Build of configuration Default for project Project ****
make all 
make: Nothing to be done for 'all'.
14:22:15 **** Incremental Build of configuration Default for project Project ****
make all 
make: Nothing to be done for 'all'.
14:22:24 **** Incremental Build of configuration Default for project Project ****
make all 
make: Nothing to be done for 'all'.
14:22:43 **** Incremental Build of configuration Default for project Project ****
make all 
make: Nothing to be done for 'all'.
14:22:55 **** Incremental Build of configuration Default for project Project ****
make all 
make: Nothing to be done for 'all'.
14:24:36 **** Incremental Build of configuration Default for project Project ****
make all 
make: Nothing to be done for 'all'.
14:24:43 **** Incremental Build of configuration Default for project Project ****
make all 
make: Nothing to be done for 'all'.
14:27:55 **** Incremental Build of configuration Default for project Project ****
make all 
[1;34mCompiling main.c[0m
main.c: In function 'main':
main.c:129:8: warning: unused variable 'offBack' [-Wunused-variable]
    int offBack = 4;
        ^~~~~~~
main.c:128:8: warning: unused variable 'offSide' [-Wunused-variable]
    int offSide = 5;
        ^~~~~~~
main.c:127:8: warning: unused variable 'offCorner' [-Wunused-variable]
    int offCorner = 6;
        ^~~~~~~~~
main.c:126:8: warning: unused variable 'offFront' [-Wunused-variable]
    int offFront = 7;
        ^~~~~~~~
main.c:125:8: warning: unused variable 'prefBack' [-Wunused-variable]
    int prefBack = 3;
        ^~~~~~~~
main.c:124:8: warning: unused variable 'prefSide' [-Wunused-variable]
    int prefSide = 2;
        ^~~~~~~~
main.c:123:8: warning: unused variable 'prefCorner' [-Wunused-variable]
    int prefCorner = 1;
        ^~~~~~~~~~
main.c:122:8: warning: unused variable 'prefFront' [-Wunused-variable]
    int prefFront = 0;
        ^~~~~~~~~
main.c:138:8: warning: unused variable 'offBack' [-Wunused-variable]
    int offBack = 3;
        ^~~~~~~
main.c:137:8: warning: unused variable 'offSide' [-Wunused-variable]
    int offSide = 2;
        ^~~~~~~
main.c:136:8: warning: unused variable 'offCorner' [-Wunused-variable]
    int offCorner = 1;
        ^~~~~~~~~
main.c:135:8: warning: unused variable 'offFront' [-Wunused-variable]
    int offFront = 0;
        ^~~~~~~~
main.c:134:8: warning: unused variable 'prefBack' [-Wunused-variable]
    int prefBack = 4;
        ^~~~~~~~
main.c:133:8: warning: unused variable 'prefSide' [-Wunused-variable]
    int prefSide = 5;
        ^~~~~~~~
main.c:132:8: warning: unused variable 'prefCorner' [-Wunused-variable]
    int prefCorner = 6;
        ^~~~~~~~~~
main.c:131:8: warning: unused variable 'prefFront' [-Wunused-variable]
    int prefFront = 7;
        ^~~~~~~~~
main.c:152:15: warning: unused variable 'wheelratio' [-Wunused-variable]
         float wheelratio = 0.9;
               ^~~~~~~~~~
main.c:155:15: warning: unused variable 'wheelratio' [-Wunused-variable]
         float wheelratio = 1.1;
               ^~~~~~~~~~
main.c:158:15: warning: unused variable 'wheelratio' [-Wunused-variable]
         float wheelratio = 0.9;
               ^~~~~~~~~~
main.c:191:9: warning: unused variable 'wallsexplored' [-Wunused-variable]
    bool wallsexplored = 1;
         ^~~~~~~~~~~~~
main.c:211:15: warning: unused variable 'wheelratio' [-Wunused-variable]
         float wheelratio = 0.9;
               ^~~~~~~~~~
main.c:214:15: warning: unused variable 'wheelratio' [-Wunused-variable]
         float wheelratio = 1.1;
               ^~~~~~~~~~
main.c:217:15: warning: unused variable 'wheelratio' [-Wunused-variable]
         float wheelratio = 0.9;
               ^~~~~~~~~~
main.c:256:4: warning: implicit declaration of function 'delay_ms' [-Wimplicit-function-declaration]
    delay_ms(500);
    ^~~~~~~~
main.c:71:6: warning: unused variable 'maxVal' [-Wunused-variable]
  int maxVal = 0;
      ^~~~~~
main.c:64:10: warning: unused variable 'maxwheelsteps' [-Wunused-variable]
  int32_t maxwheelsteps = 25000; // rough guess of number of steps around box
          ^~~~~~~~~~~~~
main.c:204:18: warning: 'SensorValue[0]' is used uninitialized in this function [-Wuninitialized]
   if (SensorValue[0] > threshold || SensorValue[7] > threshold || SensorValue[1] > threshold || SensorValue[2] > threshold || SensorValue[5] > threshold ||SensorValue[6] > threshold) {
       ~~~~~~~~~~~^~~
[1;34mLinking build/Project_template.elf[0m
[1;34mCreating build/Project_template.hex[0m
[1;34mCreating build/Project_template.bin[0m
[1;34mCreating build/Project_template.dmp[0m

   text	   data	    bss	    dec	    hex	filename
  63828	   3108	  17516	  84452	  149e4	build/Project_template.elf
[1;34mCreating build/Project_template.list[0m

[1;34mDone[0m
14:28:03 **** Incremental Build of configuration Default for project Project ****
make all 
make: Nothing to be done for 'all'.
14:28:25 **** Incremental Build of configuration Default for project Project ****
make all 
make: Nothing to be done for 'all'.
14:28:33 **** Incremental Build of configuration Default for project Project ****
make all 
make: Nothing to be done for 'all'.
14:29:58 **** Incremental Build of configuration Default for project Project ****
make all 
[1;34mCompiling main.c[0m
main.c: In function 'main':
main.c:129:8: warning: unused variable 'offBack' [-Wunused-variable]
    int offBack = 4;
        ^~~~~~~
main.c:128:8: warning: unused variable 'offSide' [-Wunused-variable]
    int offSide = 5;
        ^~~~~~~
main.c:127:8: warning: unused variable 'offCorner' [-Wunused-variable]
    int offCorner = 6;
        ^~~~~~~~~
main.c:126:8: warning: unused variable 'offFront' [-Wunused-variable]
    int offFront = 7;
        ^~~~~~~~
main.c:125:8: warning: unused variable 'prefBack' [-Wunused-variable]
    int prefBack = 3;
        ^~~~~~~~
main.c:124:8: warning: unused variable 'prefSide' [-Wunused-variable]
    int prefSide = 2;
        ^~~~~~~~
main.c:123:8: warning: unused variable 'prefCorner' [-Wunused-variable]
    int prefCorner = 1;
        ^~~~~~~~~~
main.c:122:8: warning: unused variable 'prefFront' [-Wunused-variable]
    int prefFront = 0;
        ^~~~~~~~~
main.c:138:8: warning: unused variable 'offBack' [-Wunused-variable]
    int offBack = 3;
        ^~~~~~~
main.c:137:8: warning: unused variable 'offSide' [-Wunused-variable]
    int offSide = 2;
        ^~~~~~~
main.c:136:8: warning: unused variable 'offCorner' [-Wunused-variable]
    int offCorner = 1;
        ^~~~~~~~~
main.c:135:8: warning: unused variable 'offFront' [-Wunused-variable]
    int offFront = 0;
        ^~~~~~~~
main.c:134:8: warning: unused variable 'prefBack' [-Wunused-variable]
    int prefBack = 4;
        ^~~~~~~~
main.c:133:8: warning: unused variable 'prefSide' [-Wunused-variable]
    int prefSide = 5;
        ^~~~~~~~
main.c:132:8: warning: unused variable 'prefCorner' [-Wunused-variable]
    int prefCorner = 6;
        ^~~~~~~~~~
main.c:131:8: warning: unused variable 'prefFront' [-Wunused-variable]
    int prefFront = 7;
        ^~~~~~~~~
main.c:152:15: warning: unused variable 'wheelratio' [-Wunused-variable]
         float wheelratio = 0.9;
               ^~~~~~~~~~
main.c:155:15: warning: unused variable 'wheelratio' [-Wunused-variable]
         float wheelratio = 1.1;
               ^~~~~~~~~~
main.c:158:15: warning: unused variable 'wheelratio' [-Wunused-variable]
         float wheelratio = 0.9;
               ^~~~~~~~~~
main.c:191:9: warning: unused variable 'wallsexplored' [-Wunused-variable]
    bool wallsexplored = 1;
         ^~~~~~~~~~~~~
main.c:211:15: warning: unused variable 'wheelratio' [-Wunused-variable]
         float wheelratio = 0.9;
               ^~~~~~~~~~
main.c:214:15: warning: unused variable 'wheelratio' [-Wunused-variable]
         float wheelratio = 1.1;
               ^~~~~~~~~~
main.c:217:15: warning: unused variable 'wheelratio' [-Wunused-variable]
         float wheelratio = 0.9;
               ^~~~~~~~~~
main.c:256:4: warning: implicit declaration of function 'delay_ms' [-Wimplicit-function-declaration]
    delay_ms(500);
    ^~~~~~~~
main.c:71:6: warning: unused variable 'maxVal' [-Wunused-variable]
  int maxVal = 0;
      ^~~~~~
main.c:64:10: warning: unused variable 'maxwheelsteps' [-Wunused-variable]
  int32_t maxwheelsteps = 25000; // rough guess of number of steps around box
          ^~~~~~~~~~~~~
main.c:204:18: warning: 'SensorValue[0]' is used uninitialized in this function [-Wuninitialized]
   if (SensorValue[0] > threshold || SensorValue[7] > threshold || SensorValue[1] > threshold || SensorValue[2] > threshold || SensorValue[5] > threshold ||SensorValue[6] > threshold) {
       ~~~~~~~~~~~^~~
[1;34mLinking build/Project_template.elf[0m
[1;34mCreating build/Project_template.hex[0m
[1;34mCreating build/Project_template.bin[0m
[1;34mCreating build/Project_template.dmp[0m

   text	   data	    bss	    dec	    hex	filename
  63828	   3108	  17516	  84452	  149e4	build/Project_template.elf
[1;34mCreating build/Project_template.list[0m

[1;34mDone[0m
14:30:04 **** Incremental Build of configuration Default for project Project ****
make all 
make: Nothing to be done for 'all'.
14:30:10 **** Incremental Build of configuration Default for project Project ****
make all 
make: Nothing to be done for 'all'.
14:30:19 **** Incremental Build of configuration Default for project Project ****
make all 
make: Nothing to be done for 'all'.
14:33:30 **** Incremental Build of configuration Default for project Project ****
make all 
[1;34mCompiling main.c[0m
main.c: In function 'main':
main.c:129:8: warning: unused variable 'offBack' [-Wunused-variable]
    int offBack = 4;
        ^~~~~~~
main.c:128:8: warning: unused variable 'offSide' [-Wunused-variable]
    int offSide = 5;
        ^~~~~~~
main.c:127:8: warning: unused variable 'offCorner' [-Wunused-variable]
    int offCorner = 6;
        ^~~~~~~~~
main.c:126:8: warning: unused variable 'offFront' [-Wunused-variable]
    int offFront = 7;
        ^~~~~~~~
main.c:125:8: warning: unused variable 'prefBack' [-Wunused-variable]
    int prefBack = 3;
        ^~~~~~~~
main.c:124:8: warning: unused variable 'prefSide' [-Wunused-variable]
    int prefSide = 2;
        ^~~~~~~~
main.c:123:8: warning: unused variable 'prefCorner' [-Wunused-variable]
    int prefCorner = 1;
        ^~~~~~~~~~
main.c:122:8: warning: unused variable 'prefFront' [-Wunused-variable]
    int prefFront = 0;
        ^~~~~~~~~
main.c:138:8: warning: unused variable 'offBack' [-Wunused-variable]
    int offBack = 3;
        ^~~~~~~
main.c:137:8: warning: unused variable 'offSide' [-Wunused-variable]
    int offSide = 2;
        ^~~~~~~
main.c:136:8: warning: unused variable 'offCorner' [-Wunused-variable]
    int offCorner = 1;
        ^~~~~~~~~
main.c:135:8: warning: unused variable 'offFront' [-Wunused-variable]
    int offFront = 0;
        ^~~~~~~~
main.c:134:8: warning: unused variable 'prefBack' [-Wunused-variable]
    int prefBack = 4;
        ^~~~~~~~
main.c:133:8: warning: unused variable 'prefSide' [-Wunused-variable]
    int prefSide = 5;
        ^~~~~~~~
main.c:132:8: warning: unused variable 'prefCorner' [-Wunused-variable]
    int prefCorner = 6;
        ^~~~~~~~~~
main.c:131:8: warning: unused variable 'prefFront' [-Wunused-variable]
    int prefFront = 7;
        ^~~~~~~~~
main.c:152:15: warning: unused variable 'wheelratio' [-Wunused-variable]
         float wheelratio = 0.9;
               ^~~~~~~~~~
main.c:155:15: warning: unused variable 'wheelratio' [-Wunused-variable]
         float wheelratio = 1.1;
               ^~~~~~~~~~
main.c:158:15: warning: unused variable 'wheelratio' [-Wunused-variable]
         float wheelratio = 0.9;
               ^~~~~~~~~~
main.c:191:9: warning: unused variable 'wallsexplored' [-Wunused-variable]
    bool wallsexplored = 1;
         ^~~~~~~~~~~~~
main.c:211:15: warning: unused variable 'wheelratio' [-Wunused-variable]
         float wheelratio = 0.9;
               ^~~~~~~~~~
main.c:214:15: warning: unused variable 'wheelratio' [-Wunused-variable]
         float wheelratio = 1.1;
               ^~~~~~~~~~
main.c:217:15: warning: unused variable 'wheelratio' [-Wunused-variable]
         float wheelratio = 0.9;
               ^~~~~~~~~~
main.c:256:4: warning: implicit declaration of function 'delay_ms' [-Wimplicit-function-declaration]
    delay_ms(500);
    ^~~~~~~~
main.c:71:6: warning: unused variable 'maxVal' [-Wunused-variable]
  int maxVal = 0;
      ^~~~~~
main.c:64:10: warning: unused variable 'maxwheelsteps' [-Wunused-variable]
  int32_t maxwheelsteps = 25000; // rough guess of number of steps around box
          ^~~~~~~~~~~~~
main.c:204:18: warning: 'SensorValue[0]' is used uninitialized in this function [-Wuninitialized]
   if (SensorValue[0] > threshold || SensorValue[7] > threshold || SensorValue[1] > threshold || SensorValue[2] > threshold || SensorValue[5] > threshold ||SensorValue[6] > threshold) {
       ~~~~~~~~~~~^~~
[1;34mLinking build/Project_template.elf[0m
[1;34mCreating build/Project_template.hex[0m
[1;34mCreating build/Project_template.bin[0m
[1;34mCreating build/Project_template.dmp[0m

   text	   data	    bss	    dec	    hex	filename
  63828	   3108	  17516	  84452	  149e4	build/Project_template.elf
[1;34mCreating build/Project_template.list[0m

[1;34mDone[0m
14:34:02 **** Incremental Build of configuration Default for project Project ****
make all 
make: Nothing to be done for 'all'.
14:34:17 **** Incremental Build of configuration Default for project Project ****
make all 
make: Nothing to be done for 'all'.
14:34:33 **** Incremental Build of configuration Default for project Project ****
make all 
make: Nothing to be done for 'all'.
14:34:55 **** Incremental Build of configuration Default for project Project ****
make all 
make: Nothing to be done for 'all'.
14:35:09 **** Incremental Build of configuration Default for project Project ****
make all 
make: Nothing to be done for 'all'.
14:35:56 **** Incremental Build of configuration Default for project Project ****
make all 
make: Nothing to be done for 'all'.
14:36:40 **** Incremental Build of configuration Default for project Project ****
make all 
[1;34mCompiling main.c[0m
main.c: In function 'main':
main.c:129:8: warning: unused variable 'offBack' [-Wunused-variable]
    int offBack = 4;
        ^~~~~~~
main.c:128:8: warning: unused variable 'offSide' [-Wunused-variable]
    int offSide = 5;
        ^~~~~~~
main.c:127:8: warning: unused variable 'offCorner' [-Wunused-variable]
    int offCorner = 6;
        ^~~~~~~~~
main.c:126:8: warning: unused variable 'offFront' [-Wunused-variable]
    int offFront = 7;
        ^~~~~~~~
main.c:125:8: warning: unused variable 'prefBack' [-Wunused-variable]
    int prefBack = 3;
        ^~~~~~~~
main.c:124:8: warning: unused variable 'prefSide' [-Wunused-variable]
    int prefSide = 2;
        ^~~~~~~~
main.c:123:8: warning: unused variable 'prefCorner' [-Wunused-variable]
    int prefCorner = 1;
        ^~~~~~~~~~
main.c:122:8: warning: unused variable 'prefFront' [-Wunused-variable]
    int prefFront = 0;
        ^~~~~~~~~
main.c:138:8: warning: unused variable 'offBack' [-Wunused-variable]
    int offBack = 3;
        ^~~~~~~
main.c:137:8: warning: unused variable 'offSide' [-Wunused-variable]
    int offSide = 2;
        ^~~~~~~
main.c:136:8: warning: unused variable 'offCorner' [-Wunused-variable]
    int offCorner = 1;
        ^~~~~~~~~
main.c:135:8: warning: unused variable 'offFront' [-Wunused-variable]
    int offFront = 0;
        ^~~~~~~~
main.c:134:8: warning: unused variable 'prefBack' [-Wunused-variable]
    int prefBack = 4;
        ^~~~~~~~
main.c:133:8: warning: unused variable 'prefSide' [-Wunused-variable]
    int prefSide = 5;
        ^~~~~~~~
main.c:132:8: warning: unused variable 'prefCorner' [-Wunused-variable]
    int prefCorner = 6;
        ^~~~~~~~~~
main.c:131:8: warning: unused variable 'prefFront' [-Wunused-variable]
    int prefFront = 7;
        ^~~~~~~~~
main.c:152:15: warning: unused variable 'wheelratio' [-Wunused-variable]
         float wheelratio = 0.9;
               ^~~~~~~~~~
main.c:155:15: warning: unused variable 'wheelratio' [-Wunused-variable]
         float wheelratio = 1.1;
               ^~~~~~~~~~
main.c:158:15: warning: unused variable 'wheelratio' [-Wunused-variable]
         float wheelratio = 0.9;
               ^~~~~~~~~~
main.c:191:9: warning: unused variable 'wallsexplored' [-Wunused-variable]
    bool wallsexplored = 1;
         ^~~~~~~~~~~~~
main.c:211:15: warning: unused variable 'wheelratio' [-Wunused-variable]
         float wheelratio = 0.9;
               ^~~~~~~~~~
main.c:214:15: warning: unused variable 'wheelratio' [-Wunused-variable]
         float wheelratio = 1.1;
               ^~~~~~~~~~
main.c:217:15: warning: unused variable 'wheelratio' [-Wunused-variable]
         float wheelratio = 0.9;
               ^~~~~~~~~~
main.c:256:4: warning: implicit declaration of function 'delay_ms' [-Wimplicit-function-declaration]
    delay_ms(500);
    ^~~~~~~~
main.c:71:6: warning: unused variable 'maxVal' [-Wunused-variable]
  int maxVal = 0;
      ^~~~~~
main.c:64:10: warning: unused variable 'maxwheelsteps' [-Wunused-variable]
  int32_t maxwheelsteps = 25000; // rough guess of number of steps around box
          ^~~~~~~~~~~~~
main.c:204:18: warning: 'SensorValue[0]' is used uninitialized in this function [-Wuninitialized]
   if (SensorValue[0] > threshold || SensorValue[7] > threshold || SensorValue[1] > threshold || SensorValue[2] > threshold || SensorValue[5] > threshold ||SensorValue[6] > threshold) {
       ~~~~~~~~~~~^~~
[1;34mLinking build/Project_template.elf[0m
[1;34mCreating build/Project_template.hex[0m
[1;34mCreating build/Project_template.bin[0m
[1;34mCreating build/Project_template.dmp[0m

   text	   data	    bss	    dec	    hex	filename
  63828	   3108	  17516	  84452	  149e4	build/Project_template.elf
[1;34mCreating build/Project_template.list[0m

[1;34mDone[0m
14:36:50 **** Incremental Build of configuration Default for project Project ****
make all 
make: Nothing to be done for 'all'.
14:36:58 **** Incremental Build of configuration Default for project Project ****
make all 
make: Nothing to be done for 'all'.
14:37:05 **** Incremental Build of configuration Default for project Project ****
make all 
make: Nothing to be done for 'all'.
14:37:13 **** Incremental Build of configuration Default for project Project ****
make all 
make: Nothing to be done for 'all'.
14:37:25 **** Incremental Build of configuration Default for project Project ****
make all 
make: Nothing to be done for 'all'.
14:37:36 **** Incremental Build of configuration Default for project Project ****
make all 
make: Nothing to be done for 'all'.
14:38:14 **** Incremental Build of configuration Default for project Project ****
make all 
make: Nothing to be done for 'all'.
14:38:19 **** Incremental Build of configuration Default for project Project ****
make all 
make: Nothing to be done for 'all'.
14:38:24 **** Incremental Build of configuration Default for project Project ****
make all 
make: Nothing to be done for 'all'.
14:38:45 **** Incremental Build of configuration Default for project Project ****
make all 
make: Nothing to be done for 'all'.
14:39:42 **** Incremental Build of configuration Default for project Project ****
make all 
make: Nothing to be done for 'all'.
14:40:18 **** Incremental Build of configuration Default for project Project ****
make all 
make: Nothing to be done for 'all'.
14:43:03 **** Incremental Build of configuration Default for project Project ****
make all 
[1;34mCompiling main.c[0m
main.c: In function 'main':
main.c:131:8: warning: unused variable 'offBack' [-Wunused-variable]
    int offBack = 4;
        ^~~~~~~
main.c:130:8: warning: unused variable 'offSide' [-Wunused-variable]
    int offSide = 5;
        ^~~~~~~
main.c:129:8: warning: unused variable 'offCorner' [-Wunused-variable]
    int offCorner = 6;
        ^~~~~~~~~
main.c:128:8: warning: unused variable 'offFront' [-Wunused-variable]
    int offFront = 7;
        ^~~~~~~~
main.c:127:8: warning: unused variable 'prefBack' [-Wunused-variable]
    int prefBack = 3;
        ^~~~~~~~
main.c:126:8: warning: unused variable 'prefSide' [-Wunused-variable]
    int prefSide = 2;
        ^~~~~~~~
main.c:125:8: warning: unused variable 'prefCorner' [-Wunused-variable]
    int prefCorner = 1;
        ^~~~~~~~~~
main.c:124:8: warning: unused variable 'prefFront' [-Wunused-variable]
    int prefFront = 0;
        ^~~~~~~~~
main.c:140:8: warning: unused variable 'offBack' [-Wunused-variable]
    int offBack = 3;
        ^~~~~~~
main.c:139:8: warning: unused variable 'offSide' [-Wunused-variable]
    int offSide = 2;
        ^~~~~~~
main.c:138:8: warning: unused variable 'offCorner' [-Wunused-variable]
    int offCorner = 1;
        ^~~~~~~~~
main.c:137:8: warning: unused variable 'offFront' [-Wunused-variable]
    int offFront = 0;
        ^~~~~~~~
main.c:136:8: warning: unused variable 'prefBack' [-Wunused-variable]
    int prefBack = 4;
        ^~~~~~~~
main.c:135:8: warning: unused variable 'prefSide' [-Wunused-variable]
    int prefSide = 5;
        ^~~~~~~~
main.c:134:8: warning: unused variable 'prefCorner' [-Wunused-variable]
    int prefCorner = 6;
        ^~~~~~~~~~
main.c:133:8: warning: unused variable 'prefFront' [-Wunused-variable]
    int prefFront = 7;
        ^~~~~~~~~
main.c:154:15: warning: unused variable 'wheelratio' [-Wunused-variable]
         float wheelratio = 0.9;
               ^~~~~~~~~~
main.c:157:15: warning: unused variable 'wheelratio' [-Wunused-variable]
         float wheelratio = 1.1;
               ^~~~~~~~~~
main.c:160:15: warning: unused variable 'wheelratio' [-Wunused-variable]
         float wheelratio = 0.9;
               ^~~~~~~~~~
main.c:193:9: warning: unused variable 'wallsexplored' [-Wunused-variable]
    bool wallsexplored = 1;
         ^~~~~~~~~~~~~
main.c:213:15: warning: unused variable 'wheelratio' [-Wunused-variable]
         float wheelratio = 0.9;
               ^~~~~~~~~~
main.c:216:15: warning: unused variable 'wheelratio' [-Wunused-variable]
         float wheelratio = 1.1;
               ^~~~~~~~~~
main.c:219:15: warning: unused variable 'wheelratio' [-Wunused-variable]
         float wheelratio = 0.9;
               ^~~~~~~~~~
main.c:258:4: warning: implicit declaration of function 'delay_ms' [-Wimplicit-function-declaration]
    delay_ms(500);
    ^~~~~~~~
main.c:73:6: warning: unused variable 'maxVal' [-Wunused-variable]
  int maxVal = 0;
      ^~~~~~
main.c:66:10: warning: unused variable 'maxwheelsteps' [-Wunused-variable]
  int32_t maxwheelsteps = 25000; // rough guess of number of steps around box
          ^~~~~~~~~~~~~
main.c:206:18: warning: 'SensorValue[0]' is used uninitialized in this function [-Wuninitialized]
   if (SensorValue[0] > threshold || SensorValue[7] > threshold || SensorValue[1] > threshold || SensorValue[2] > threshold || SensorValue[5] > threshold ||SensorValue[6] > threshold) {
       ~~~~~~~~~~~^~~
[1;34mLinking build/Project_template.elf[0m
[1;34mCreating build/Project_template.hex[0m
[1;34mCreating build/Project_template.bin[0m
[1;34mCreating build/Project_template.dmp[0m

   text	   data	    bss	    dec	    hex	filename
  63828	   3108	  17516	  84452	  149e4	build/Project_template.elf
[1;34mCreating build/Project_template.list[0m

[1;34mDone[0m
14:43:31 **** Incremental Build of configuration Default for project Project ****
make all 
make: Nothing to be done for 'all'.
14:44:53 **** Incremental Build of configuration Default for project Project ****
make all 
[1;34mCompiling main.c[0m
main.c: In function 'main':
main.c:131:8: warning: unused variable 'offBack' [-Wunused-variable]
    int offBack = 4;
        ^~~~~~~
main.c:130:8: warning: unused variable 'offSide' [-Wunused-variable]
    int offSide = 5;
        ^~~~~~~
main.c:129:8: warning: unused variable 'offCorner' [-Wunused-variable]
    int offCorner = 6;
        ^~~~~~~~~
main.c:128:8: warning: unused variable 'offFront' [-Wunused-variable]
    int offFront = 7;
        ^~~~~~~~
main.c:127:8: warning: unused variable 'prefBack' [-Wunused-variable]
    int prefBack = 3;
        ^~~~~~~~
main.c:126:8: warning: unused variable 'prefSide' [-Wunused-variable]
    int prefSide = 2;
        ^~~~~~~~
main.c:125:8: warning: unused variable 'prefCorner' [-Wunused-variable]
    int prefCorner = 1;
        ^~~~~~~~~~
main.c:124:8: warning: unused variable 'prefFront' [-Wunused-variable]
    int prefFront = 0;
        ^~~~~~~~~
main.c:140:8: warning: unused variable 'offBack' [-Wunused-variable]
    int offBack = 3;
        ^~~~~~~
main.c:139:8: warning: unused variable 'offSide' [-Wunused-variable]
    int offSide = 2;
        ^~~~~~~
main.c:138:8: warning: unused variable 'offCorner' [-Wunused-variable]
    int offCorner = 1;
        ^~~~~~~~~
main.c:137:8: warning: unused variable 'offFront' [-Wunused-variable]
    int offFront = 0;
        ^~~~~~~~
main.c:136:8: warning: unused variable 'prefBack' [-Wunused-variable]
    int prefBack = 4;
        ^~~~~~~~
main.c:135:8: warning: unused variable 'prefSide' [-Wunused-variable]
    int prefSide = 5;
        ^~~~~~~~
main.c:134:8: warning: unused variable 'prefCorner' [-Wunused-variable]
    int prefCorner = 6;
        ^~~~~~~~~~
main.c:133:8: warning: unused variable 'prefFront' [-Wunused-variable]
    int prefFront = 7;
        ^~~~~~~~~
main.c:154:15: warning: unused variable 'wheelratio' [-Wunused-variable]
         float wheelratio = 0.9;
               ^~~~~~~~~~
main.c:157:15: warning: unused variable 'wheelratio' [-Wunused-variable]
         float wheelratio = 1.1;
               ^~~~~~~~~~
main.c:160:15: warning: unused variable 'wheelratio' [-Wunused-variable]
         float wheelratio = 0.9;
               ^~~~~~~~~~
main.c:193:9: warning: unused variable 'wallsexplored' [-Wunused-variable]
    bool wallsexplored = 1;
         ^~~~~~~~~~~~~
main.c:213:15: warning: unused variable 'wheelratio' [-Wunused-variable]
         float wheelratio = 0.9;
               ^~~~~~~~~~
main.c:216:15: warning: unused variable 'wheelratio' [-Wunused-variable]
         float wheelratio = 1.1;
               ^~~~~~~~~~
main.c:219:15: warning: unused variable 'wheelratio' [-Wunused-variable]
         float wheelratio = 0.9;
               ^~~~~~~~~~
main.c:258:4: warning: implicit declaration of function 'delay_ms' [-Wimplicit-function-declaration]
    delay_ms(500);
    ^~~~~~~~
main.c:73:6: warning: unused variable 'maxVal' [-Wunused-variable]
  int maxVal = 0;
      ^~~~~~
main.c:66:10: warning: unused variable 'maxwheelsteps' [-Wunused-variable]
  int32_t maxwheelsteps = 25000; // rough guess of number of steps around box
          ^~~~~~~~~~~~~
main.c:206:18: warning: 'SensorValue[0]' is used uninitialized in this function [-Wuninitialized]
   if (SensorValue[0] > threshold || SensorValue[7] > threshold || SensorValue[1] > threshold || SensorValue[2] > threshold || SensorValue[5] > threshold ||SensorValue[6] > threshold) {
       ~~~~~~~~~~~^~~
[1;34mLinking build/Project_template.elf[0m
[1;34mCreating build/Project_template.hex[0m
[1;34mCreating build/Project_template.bin[0m
[1;34mCreating build/Project_template.dmp[0m

   text	   data	    bss	    dec	    hex	filename
  63828	   3108	  17516	  84452	  149e4	build/Project_template.elf
[1;34mCreating build/Project_template.list[0m

[1;34mDone[0m
14:45:40 **** Incremental Build of configuration Default for project Project ****
make all 
[1;34mCompiling main.c[0m
main.c: In function 'main':
main.c:131:8: warning: unused variable 'offBack' [-Wunused-variable]
    int offBack = 4;
        ^~~~~~~
main.c:130:8: warning: unused variable 'offSide' [-Wunused-variable]
    int offSide = 5;
        ^~~~~~~
main.c:129:8: warning: unused variable 'offCorner' [-Wunused-variable]
    int offCorner = 6;
        ^~~~~~~~~
main.c:128:8: warning: unused variable 'offFront' [-Wunused-variable]
    int offFront = 7;
        ^~~~~~~~
main.c:127:8: warning: unused variable 'prefBack' [-Wunused-variable]
    int prefBack = 3;
        ^~~~~~~~
main.c:126:8: warning: unused variable 'prefSide' [-Wunused-variable]
    int prefSide = 2;
        ^~~~~~~~
main.c:125:8: warning: unused variable 'prefCorner' [-Wunused-variable]
    int prefCorner = 1;
        ^~~~~~~~~~
main.c:124:8: warning: unused variable 'prefFront' [-Wunused-variable]
    int prefFront = 0;
        ^~~~~~~~~
main.c:140:8: warning: unused variable 'offBack' [-Wunused-variable]
    int offBack = 3;
        ^~~~~~~
main.c:139:8: warning: unused variable 'offSide' [-Wunused-variable]
    int offSide = 2;
        ^~~~~~~
main.c:138:8: warning: unused variable 'offCorner' [-Wunused-variable]
    int offCorner = 1;
        ^~~~~~~~~
main.c:137:8: warning: unused variable 'offFront' [-Wunused-variable]
    int offFront = 0;
        ^~~~~~~~
main.c:136:8: warning: unused variable 'prefBack' [-Wunused-variable]
    int prefBack = 4;
        ^~~~~~~~
main.c:135:8: warning: unused variable 'prefSide' [-Wunused-variable]
    int prefSide = 5;
        ^~~~~~~~
main.c:134:8: warning: unused variable 'prefCorner' [-Wunused-variable]
    int prefCorner = 6;
        ^~~~~~~~~~
main.c:133:8: warning: unused variable 'prefFront' [-Wunused-variable]
    int prefFront = 7;
        ^~~~~~~~~
main.c:154:15: warning: unused variable 'wheelratio' [-Wunused-variable]
         float wheelratio = 0.9;
               ^~~~~~~~~~
main.c:157:15: warning: unused variable 'wheelratio' [-Wunused-variable]
         float wheelratio = 1.1;
               ^~~~~~~~~~
main.c:160:15: warning: unused variable 'wheelratio' [-Wunused-variable]
         float wheelratio = 0.9;
               ^~~~~~~~~~
main.c:193:9: warning: unused variable 'wallsexplored' [-Wunused-variable]
    bool wallsexplored = 1;
         ^~~~~~~~~~~~~
main.c:213:15: warning: unused variable 'wheelratio' [-Wunused-variable]
         float wheelratio = 0.9;
               ^~~~~~~~~~
main.c:216:15: warning: unused variable 'wheelratio' [-Wunused-variable]
         float wheelratio = 1.1;
               ^~~~~~~~~~
main.c:219:15: warning: unused variable 'wheelratio' [-Wunused-variable]
         float wheelratio = 0.9;
               ^~~~~~~~~~
main.c:258:4: warning: implicit declaration of function 'delay_ms' [-Wimplicit-function-declaration]
    delay_ms(500);
    ^~~~~~~~
main.c:73:6: warning: unused variable 'maxVal' [-Wunused-variable]
  int maxVal = 0;
      ^~~~~~
main.c:66:10: warning: unused variable 'maxwheelsteps' [-Wunused-variable]
  int32_t maxwheelsteps = 25000; // rough guess of number of steps around box
          ^~~~~~~~~~~~~
main.c:206:18: warning: 'SensorValue[0]' is used uninitialized in this function [-Wuninitialized]
   if (SensorValue[0] > threshold || SensorValue[7] > threshold || SensorValue[1] > threshold || SensorValue[2] > threshold || SensorValue[5] > threshold ||SensorValue[6] > threshold) {
       ~~~~~~~~~~~^~~
[1;34mLinking build/Project_template.elf[0m
[1;34mCreating build/Project_template.hex[0m
[1;34mCreating build/Project_template.bin[0m
[1;34mCreating build/Project_template.dmp[0m

   text	   data	    bss	    dec	    hex	filename
  63828	   3108	  17516	  84452	  149e4	build/Project_template.elf
[1;34mCreating build/Project_template.list[0m

[1;34mDone[0m
14:46:51 **** Incremental Build of configuration Default for project Project ****
make all 
[1;34mCompiling main.c[0m
main.c: In function 'main':
main.c:131:8: warning: unused variable 'offBack' [-Wunused-variable]
    int offBack = 4;
        ^~~~~~~
main.c:130:8: warning: unused variable 'offSide' [-Wunused-variable]
    int offSide = 5;
        ^~~~~~~
main.c:129:8: warning: unused variable 'offCorner' [-Wunused-variable]
    int offCorner = 6;
        ^~~~~~~~~
main.c:128:8: warning: unused variable 'offFront' [-Wunused-variable]
    int offFront = 7;
        ^~~~~~~~
main.c:127:8: warning: unused variable 'prefBack' [-Wunused-variable]
    int prefBack = 3;
        ^~~~~~~~
main.c:126:8: warning: unused variable 'prefSide' [-Wunused-variable]
    int prefSide = 2;
        ^~~~~~~~
main.c:125:8: warning: unused variable 'prefCorner' [-Wunused-variable]
    int prefCorner = 1;
        ^~~~~~~~~~
main.c:124:8: warning: unused variable 'prefFront' [-Wunused-variable]
    int prefFront = 0;
        ^~~~~~~~~
main.c:140:8: warning: unused variable 'offBack' [-Wunused-variable]
    int offBack = 3;
        ^~~~~~~
main.c:139:8: warning: unused variable 'offSide' [-Wunused-variable]
    int offSide = 2;
        ^~~~~~~
main.c:138:8: warning: unused variable 'offCorner' [-Wunused-variable]
    int offCorner = 1;
        ^~~~~~~~~
main.c:137:8: warning: unused variable 'offFront' [-Wunused-variable]
    int offFront = 0;
        ^~~~~~~~
main.c:136:8: warning: unused variable 'prefBack' [-Wunused-variable]
    int prefBack = 4;
        ^~~~~~~~
main.c:135:8: warning: unused variable 'prefSide' [-Wunused-variable]
    int prefSide = 5;
        ^~~~~~~~
main.c:134:8: warning: unused variable 'prefCorner' [-Wunused-variable]
    int prefCorner = 6;
        ^~~~~~~~~~
main.c:133:8: warning: unused variable 'prefFront' [-Wunused-variable]
    int prefFront = 7;
        ^~~~~~~~~
main.c:154:15: warning: unused variable 'wheelratio' [-Wunused-variable]
         float wheelratio = 0.9;
               ^~~~~~~~~~
main.c:157:15: warning: unused variable 'wheelratio' [-Wunused-variable]
         float wheelratio = 1.1;
               ^~~~~~~~~~
main.c:160:15: warning: unused variable 'wheelratio' [-Wunused-variable]
         float wheelratio = 0.9;
               ^~~~~~~~~~
main.c:193:9: warning: unused variable 'wallsexplored' [-Wunused-variable]
    bool wallsexplored = 1;
         ^~~~~~~~~~~~~
main.c:213:15: warning: unused variable 'wheelratio' [-Wunused-variable]
         float wheelratio = 0.9;
               ^~~~~~~~~~
main.c:216:15: warning: unused variable 'wheelratio' [-Wunused-variable]
         float wheelratio = 1.1;
               ^~~~~~~~~~
main.c:219:15: warning: unused variable 'wheelratio' [-Wunused-variable]
         float wheelratio = 0.9;
               ^~~~~~~~~~
main.c:258:4: warning: implicit declaration of function 'delay_ms' [-Wimplicit-function-declaration]
    delay_ms(500);
    ^~~~~~~~
main.c:206:18: warning: 'SensorValue[0]' is used uninitialized in this function [-Wuninitialized]
   if (SensorValue[0] > threshold || SensorValue[7] > threshold || SensorValue[1] > threshold || SensorValue[2] > threshold || SensorValue[5] > threshold ||SensorValue[6] > threshold) {
       ~~~~~~~~~~~^~~
[1;34mLinking build/Project_template.elf[0m
[1;34mCreating build/Project_template.hex[0m
[1;34mCreating build/Project_template.bin[0m
[1;34mCreating build/Project_template.dmp[0m

   text	   data	    bss	    dec	    hex	filename
  63828	   3108	  17516	  84452	  149e4	build/Project_template.elf
[1;34mCreating build/Project_template.list[0m

[1;34mDone[0m
14:47:37 **** Incremental Build of configuration Default for project Project ****
make all 
[1;34mCompiling main.c[0m
main.c: In function 'main':
main.c:131:8: warning: unused variable 'offBack' [-Wunused-variable]
    int offBack = 4;
        ^~~~~~~
main.c:130:8: warning: unused variable 'offSide' [-Wunused-variable]
    int offSide = 5;
        ^~~~~~~
main.c:129:8: warning: unused variable 'offCorner' [-Wunused-variable]
    int offCorner = 6;
        ^~~~~~~~~
main.c:128:8: warning: unused variable 'offFront' [-Wunused-variable]
    int offFront = 7;
        ^~~~~~~~
main.c:127:8: warning: unused variable 'prefBack' [-Wunused-variable]
    int prefBack = 3;
        ^~~~~~~~
main.c:126:8: warning: unused variable 'prefSide' [-Wunused-variable]
    int prefSide = 2;
        ^~~~~~~~
main.c:125:8: warning: unused variable 'prefCorner' [-Wunused-variable]
    int prefCorner = 1;
        ^~~~~~~~~~
main.c:124:8: warning: unused variable 'prefFront' [-Wunused-variable]
    int prefFront = 0;
        ^~~~~~~~~
main.c:140:8: warning: unused variable 'offBack' [-Wunused-variable]
    int offBack = 3;
        ^~~~~~~
main.c:139:8: warning: unused variable 'offSide' [-Wunused-variable]
    int offSide = 2;
        ^~~~~~~
main.c:138:8: warning: unused variable 'offCorner' [-Wunused-variable]
    int offCorner = 1;
        ^~~~~~~~~
main.c:137:8: warning: unused variable 'offFront' [-Wunused-variable]
    int offFront = 0;
        ^~~~~~~~
main.c:136:8: warning: unused variable 'prefBack' [-Wunused-variable]
    int prefBack = 4;
        ^~~~~~~~
main.c:135:8: warning: unused variable 'prefSide' [-Wunused-variable]
    int prefSide = 5;
        ^~~~~~~~
main.c:134:8: warning: unused variable 'prefCorner' [-Wunused-variable]
    int prefCorner = 6;
        ^~~~~~~~~~
main.c:133:8: warning: unused variable 'prefFront' [-Wunused-variable]
    int prefFront = 7;
        ^~~~~~~~~
main.c:154:15: warning: unused variable 'wheelratio' [-Wunused-variable]
         float wheelratio = 0.9;
               ^~~~~~~~~~
main.c:157:15: warning: unused variable 'wheelratio' [-Wunused-variable]
         float wheelratio = 1.1;
               ^~~~~~~~~~
main.c:160:15: warning: unused variable 'wheelratio' [-Wunused-variable]
         float wheelratio = 0.9;
               ^~~~~~~~~~
main.c:193:9: warning: unused variable 'wallsexplored' [-Wunused-variable]
    bool wallsexplored = 1;
         ^~~~~~~~~~~~~
main.c:213:15: warning: unused variable 'wheelratio' [-Wunused-variable]
         float wheelratio = 0.9;
               ^~~~~~~~~~
main.c:216:15: warning: unused variable 'wheelratio' [-Wunused-variable]
         float wheelratio = 1.1;
               ^~~~~~~~~~
main.c:219:15: warning: unused variable 'wheelratio' [-Wunused-variable]
         float wheelratio = 0.9;
               ^~~~~~~~~~
main.c:258:4: warning: implicit declaration of function 'delay_ms' [-Wimplicit-function-declaration]
    delay_ms(500);
    ^~~~~~~~
main.c:279:3: warning: iteration 4 invokes undefined behavior [-Waggressive-loop-optimizations]
   set_rgb_led(allRGBs[i], 0 , 0 , 10);
   ^~~~~~~~~~~~~~~~~~~~~~~~~~~~~~~~~~~
main.c:278:3: note: within this loop
   for (int i = 0; i <= 4; i++) {
   ^~~
main.c:275:3: warning: iteration 4 invokes undefined behavior [-Waggressive-loop-optimizations]
   set_rgb_led(allRGBs[i], 0 , 10 , 0 );
   ^~~~~~~~~~~~~~~~~~~~~~~~~~~~~~~~~~~~
main.c:274:3: note: within this loop
   for (int i = 0; i <= 4; i++) {
   ^~~
main.c:271:3: warning: iteration 4 invokes undefined behavior [-Waggressive-loop-optimizations]
   set_rgb_led(allRGBs[i], 10 , 0 , 0 );
   ^~~~~~~~~~~~~~~~~~~~~~~~~~~~~~~~~~~~
main.c:270:3: note: within this loop
   for (int i = 0; i <= 4; i++) {
   ^~~
[1;34mLinking build/Project_template.elf[0m
[1;34mCreating build/Project_template.hex[0m
[1;34mCreating build/Project_template.bin[0m
[1;34mCreating build/Project_template.dmp[0m

   text	   data	    bss	    dec	    hex	filename
  64100	   3108	  17516	  84724	  14af4	build/Project_template.elf
[1;34mCreating build/Project_template.list[0m

[1;34mDone[0m
14:48:12 **** Incremental Build of configuration Default for project Project ****
make all 
make: Nothing to be done for 'all'.
14:48:37 **** Incremental Build of configuration Default for project Project ****
make all 
[1;34mCompiling main.c[0m
main.c: In function 'main':
main.c:131:8: warning: unused variable 'offBack' [-Wunused-variable]
    int offBack = 4;
        ^~~~~~~
main.c:130:8: warning: unused variable 'offSide' [-Wunused-variable]
    int offSide = 5;
        ^~~~~~~
main.c:129:8: warning: unused variable 'offCorner' [-Wunused-variable]
    int offCorner = 6;
        ^~~~~~~~~
main.c:128:8: warning: unused variable 'offFront' [-Wunused-variable]
    int offFront = 7;
        ^~~~~~~~
main.c:127:8: warning: unused variable 'prefBack' [-Wunused-variable]
    int prefBack = 3;
        ^~~~~~~~
main.c:126:8: warning: unused variable 'prefSide' [-Wunused-variable]
    int prefSide = 2;
        ^~~~~~~~
main.c:125:8: warning: unused variable 'prefCorner' [-Wunused-variable]
    int prefCorner = 1;
        ^~~~~~~~~~
main.c:124:8: warning: unused variable 'prefFront' [-Wunused-variable]
    int prefFront = 0;
        ^~~~~~~~~
main.c:140:8: warning: unused variable 'offBack' [-Wunused-variable]
    int offBack = 3;
        ^~~~~~~
main.c:139:8: warning: unused variable 'offSide' [-Wunused-variable]
    int offSide = 2;
        ^~~~~~~
main.c:138:8: warning: unused variable 'offCorner' [-Wunused-variable]
    int offCorner = 1;
        ^~~~~~~~~
main.c:137:8: warning: unused variable 'offFront' [-Wunused-variable]
    int offFront = 0;
        ^~~~~~~~
main.c:136:8: warning: unused variable 'prefBack' [-Wunused-variable]
    int prefBack = 4;
        ^~~~~~~~
main.c:135:8: warning: unused variable 'prefSide' [-Wunused-variable]
    int prefSide = 5;
        ^~~~~~~~
main.c:134:8: warning: unused variable 'prefCorner' [-Wunused-variable]
    int prefCorner = 6;
        ^~~~~~~~~~
main.c:133:8: warning: unused variable 'prefFront' [-Wunused-variable]
    int prefFront = 7;
        ^~~~~~~~~
main.c:154:15: warning: unused variable 'wheelratio' [-Wunused-variable]
         float wheelratio = 0.9;
               ^~~~~~~~~~
main.c:157:15: warning: unused variable 'wheelratio' [-Wunused-variable]
         float wheelratio = 1.1;
               ^~~~~~~~~~
main.c:160:15: warning: unused variable 'wheelratio' [-Wunused-variable]
         float wheelratio = 0.9;
               ^~~~~~~~~~
main.c:193:9: warning: unused variable 'wallsexplored' [-Wunused-variable]
    bool wallsexplored = 1;
         ^~~~~~~~~~~~~
main.c:213:15: warning: unused variable 'wheelratio' [-Wunused-variable]
         float wheelratio = 0.9;
               ^~~~~~~~~~
main.c:216:15: warning: unused variable 'wheelratio' [-Wunused-variable]
         float wheelratio = 1.1;
               ^~~~~~~~~~
main.c:219:15: warning: unused variable 'wheelratio' [-Wunused-variable]
         float wheelratio = 0.9;
               ^~~~~~~~~~
main.c:258:4: warning: implicit declaration of function 'delay_ms' [-Wimplicit-function-declaration]
    delay_ms(500);
    ^~~~~~~~
main.c:206:18: warning: 'SensorValue[0]' is used uninitialized in this function [-Wuninitialized]
   if (SensorValue[0] > threshold || SensorValue[7] > threshold || SensorValue[1] > threshold || SensorValue[2] > threshold || SensorValue[5] > threshold ||SensorValue[6] > threshold) {
       ~~~~~~~~~~~^~~
[1;34mLinking build/Project_template.elf[0m
[1;34mCreating build/Project_template.hex[0m
[1;34mCreating build/Project_template.bin[0m
[1;34mCreating build/Project_template.dmp[0m

   text	   data	    bss	    dec	    hex	filename
  63828	   3108	  17516	  84452	  149e4	build/Project_template.elf
[1;34mCreating build/Project_template.list[0m

[1;34mDone[0m
14:50:00 **** Incremental Build of configuration Default for project Project ****
make all 
make: Nothing to be done for 'all'.
14:53:27 **** Incremental Build of configuration Default for project Project ****
make all 
make: Nothing to be done for 'all'.
14:54:12 **** Incremental Build of configuration Default for project Project ****
make all 
[1;34mCompiling main.c[0m
main.c: In function 'main':
main.c:131:8: warning: unused variable 'offBack' [-Wunused-variable]
    int offBack = 4;
        ^~~~~~~
main.c:130:8: warning: unused variable 'offSide' [-Wunused-variable]
    int offSide = 5;
        ^~~~~~~
main.c:129:8: warning: unused variable 'offCorner' [-Wunused-variable]
    int offCorner = 6;
        ^~~~~~~~~
main.c:128:8: warning: unused variable 'offFront' [-Wunused-variable]
    int offFront = 7;
        ^~~~~~~~
main.c:127:8: warning: unused variable 'prefBack' [-Wunused-variable]
    int prefBack = 3;
        ^~~~~~~~
main.c:126:8: warning: unused variable 'prefSide' [-Wunused-variable]
    int prefSide = 2;
        ^~~~~~~~
main.c:125:8: warning: unused variable 'prefCorner' [-Wunused-variable]
    int prefCorner = 1;
        ^~~~~~~~~~
main.c:124:8: warning: unused variable 'prefFront' [-Wunused-variable]
    int prefFront = 0;
        ^~~~~~~~~
main.c:140:8: warning: unused variable 'offBack' [-Wunused-variable]
    int offBack = 3;
        ^~~~~~~
main.c:139:8: warning: unused variable 'offSide' [-Wunused-variable]
    int offSide = 2;
        ^~~~~~~
main.c:138:8: warning: unused variable 'offCorner' [-Wunused-variable]
    int offCorner = 1;
        ^~~~~~~~~
main.c:137:8: warning: unused variable 'offFront' [-Wunused-variable]
    int offFront = 0;
        ^~~~~~~~
main.c:136:8: warning: unused variable 'prefBack' [-Wunused-variable]
    int prefBack = 4;
        ^~~~~~~~
main.c:135:8: warning: unused variable 'prefSide' [-Wunused-variable]
    int prefSide = 5;
        ^~~~~~~~
main.c:134:8: warning: unused variable 'prefCorner' [-Wunused-variable]
    int prefCorner = 6;
        ^~~~~~~~~~
main.c:133:8: warning: unused variable 'prefFront' [-Wunused-variable]
    int prefFront = 7;
        ^~~~~~~~~
main.c:154:15: warning: unused variable 'wheelratio' [-Wunused-variable]
         float wheelratio = 0.9;
               ^~~~~~~~~~
main.c:157:15: warning: unused variable 'wheelratio' [-Wunused-variable]
         float wheelratio = 1.1;
               ^~~~~~~~~~
main.c:160:15: warning: unused variable 'wheelratio' [-Wunused-variable]
         float wheelratio = 0.9;
               ^~~~~~~~~~
main.c:193:9: warning: unused variable 'wallsexplored' [-Wunused-variable]
    bool wallsexplored = 1;
         ^~~~~~~~~~~~~
main.c:213:15: warning: unused variable 'wheelratio' [-Wunused-variable]
         float wheelratio = 0.9;
               ^~~~~~~~~~
main.c:216:15: warning: unused variable 'wheelratio' [-Wunused-variable]
         float wheelratio = 1.1;
               ^~~~~~~~~~
main.c:219:15: warning: unused variable 'wheelratio' [-Wunused-variable]
         float wheelratio = 0.9;
               ^~~~~~~~~~
main.c:258:4: warning: implicit declaration of function 'delay_ms' [-Wimplicit-function-declaration]
    delay_ms(500);
    ^~~~~~~~
main.c:206:18: warning: 'SensorValue[0]' is used uninitialized in this function [-Wuninitialized]
   if (SensorValue[0] > threshold || SensorValue[7] > threshold || SensorValue[1] > threshold || SensorValue[2] > threshold || SensorValue[5] > threshold ||SensorValue[6] > threshold) {
       ~~~~~~~~~~~^~~
main.c:106:5: warning: 'strongestSensor' may be used uninitialized in this function [-Wmaybe-uninitialized]
     switch (strongestSensor) {
     ^~~~~~
[1;34mLinking build/Project_template.elf[0m
[1;34mCreating build/Project_template.hex[0m
[1;34mCreating build/Project_template.bin[0m
[1;34mCreating build/Project_template.dmp[0m

   text	   data	    bss	    dec	    hex	filename
  63796	   3108	  17516	  84420	  149c4	build/Project_template.elf
[1;34mCreating build/Project_template.list[0m

[1;34mDone[0m
14:54:56 **** Incremental Build of configuration Default for project Project ****
make all 
[1;34mCompiling main.c[0m
main.c: In function 'main':
main.c:123:8: warning: unused variable 'offBack' [-Wunused-variable]
    int offBack = 4;
        ^~~~~~~
main.c:122:8: warning: unused variable 'offSide' [-Wunused-variable]
    int offSide = 5;
        ^~~~~~~
main.c:121:8: warning: unused variable 'offCorner' [-Wunused-variable]
    int offCorner = 6;
        ^~~~~~~~~
main.c:120:8: warning: unused variable 'offFront' [-Wunused-variable]
    int offFront = 7;
        ^~~~~~~~
main.c:119:8: warning: unused variable 'prefBack' [-Wunused-variable]
    int prefBack = 3;
        ^~~~~~~~
main.c:118:8: warning: unused variable 'prefSide' [-Wunused-variable]
    int prefSide = 2;
        ^~~~~~~~
main.c:117:8: warning: unused variable 'prefCorner' [-Wunused-variable]
    int prefCorner = 1;
        ^~~~~~~~~~
main.c:116:8: warning: unused variable 'prefFront' [-Wunused-variable]
    int prefFront = 0;
        ^~~~~~~~~
main.c:132:8: warning: unused variable 'offBack' [-Wunused-variable]
    int offBack = 3;
        ^~~~~~~
main.c:131:8: warning: unused variable 'offSide' [-Wunused-variable]
    int offSide = 2;
        ^~~~~~~
main.c:130:8: warning: unused variable 'offCorner' [-Wunused-variable]
    int offCorner = 1;
        ^~~~~~~~~
main.c:129:8: warning: unused variable 'offFront' [-Wunused-variable]
    int offFront = 0;
        ^~~~~~~~
main.c:128:8: warning: unused variable 'prefBack' [-Wunused-variable]
    int prefBack = 4;
        ^~~~~~~~
main.c:127:8: warning: unused variable 'prefSide' [-Wunused-variable]
    int prefSide = 5;
        ^~~~~~~~
main.c:126:8: warning: unused variable 'prefCorner' [-Wunused-variable]
    int prefCorner = 6;
        ^~~~~~~~~~
main.c:125:8: warning: unused variable 'prefFront' [-Wunused-variable]
    int prefFront = 7;
        ^~~~~~~~~
main.c:144:18: error: 'prefSide' undeclared (first use in this function); did you mean 'pread'?
     if (get_prox(prefSide)<minirread){
                  ^~~~~~~~
                  pread
main.c:144:18: note: each undeclared identifier is reported only once for each function it appears in
main.c:146:15: warning: unused variable 'wheelratio' [-Wunused-variable]
         float wheelratio = 0.9;
               ^~~~~~~~~~
main.c:147:61: error: 'offSide' undeclared (first use in this function); did you mean 'prefSide'?
        } else if ((get_prox(prefSide)>maxirread && get_prox(offSide)<maxirread) || (get_prox(prefCorner)>maxirread && get_prox(offCorner)<maxirread)){
                                                             ^~~~~~~
                                                             prefSide
main.c:147:94: error: 'prefCorner' undeclared (first use in this function); did you mean 'prefSide'?
        } else if ((get_prox(prefSide)>maxirread && get_prox(offSide)<maxirread) || (get_prox(prefCorner)>maxirread && get_prox(offCorner)<maxirread)){
                                                                                              ^~~~~~~~~~
                                                                                              prefSide
main.c:147:128: error: 'offCorner' undeclared (first use in this function); did you mean 'prefCorner'?
        } else if ((get_prox(prefSide)>maxirread && get_prox(offSide)<maxirread) || (get_prox(prefCorner)>maxirread && get_prox(offCorner)<maxirread)){
                                                                                                                                ^~~~~~~~~
                                                                                                                                prefCorner
main.c:149:15: warning: unused variable 'wheelratio' [-Wunused-variable]
         float wheelratio = 1.1;
               ^~~~~~~~~~
main.c:152:15: warning: unused variable 'wheelratio' [-Wunused-variable]
         float wheelratio = 0.9;
               ^~~~~~~~~~
main.c:158:28: error: 'prefFront' undeclared (first use in this function); did you mean 'prefCorner'?
        } else if (get_prox(prefFront)>maxirread || (get_prox(offFront)>maxirread)){
                            ^~~~~~~~~
                            prefCorner
main.c:158:62: error: 'offFront' undeclared (first use in this function); did you mean 'prefFront'?
        } else if (get_prox(prefFront)>maxirread || (get_prox(offFront)>maxirread)){
                                                              ^~~~~~~~
                                                              prefFront
main.c:185:9: warning: unused variable 'wallsexplored' [-Wunused-variable]
    bool wallsexplored = 1;
         ^~~~~~~~~~~~~
main.c:205:15: warning: unused variable 'wheelratio' [-Wunused-variable]
         float wheelratio = 0.9;
               ^~~~~~~~~~
main.c:208:15: warning: unused variable 'wheelratio' [-Wunused-variable]
         float wheelratio = 1.1;
               ^~~~~~~~~~
main.c:211:15: warning: unused variable 'wheelratio' [-Wunused-variable]
         float wheelratio = 0.9;
               ^~~~~~~~~~
main.c:250:4: warning: implicit declaration of function 'delay_ms' [-Wimplicit-function-declaration]
    delay_ms(500);
    ^~~~~~~~
make: *** [../e-puck2_main-processor/ChibiOS//os/common/ports/ARMCMx/compilers/GCC/rules.mk:217: build/obj/main.o] Error 1
"make all" terminated with exit code 2. Build might be incomplete.
14:56:48 **** Incremental Build of configuration Default for project Project ****
make all 
[1;34mCompiling main.c[0m
main.c: In function 'main':
main.c:131:8: warning: unused variable 'offBack' [-Wunused-variable]
    int offBack = 4;
        ^~~~~~~
main.c:130:8: warning: unused variable 'offSide' [-Wunused-variable]
    int offSide = 5;
        ^~~~~~~
main.c:129:8: warning: unused variable 'offCorner' [-Wunused-variable]
    int offCorner = 6;
        ^~~~~~~~~
main.c:128:8: warning: unused variable 'offFront' [-Wunused-variable]
    int offFront = 7;
        ^~~~~~~~
main.c:127:8: warning: unused variable 'prefBack' [-Wunused-variable]
    int prefBack = 3;
        ^~~~~~~~
main.c:126:8: warning: unused variable 'prefSide' [-Wunused-variable]
    int prefSide = 2;
        ^~~~~~~~
main.c:125:8: warning: unused variable 'prefCorner' [-Wunused-variable]
    int prefCorner = 1;
        ^~~~~~~~~~
main.c:124:8: warning: unused variable 'prefFront' [-Wunused-variable]
    int prefFront = 0;
        ^~~~~~~~~
main.c:140:8: warning: unused variable 'offBack' [-Wunused-variable]
    int offBack = 3;
        ^~~~~~~
main.c:139:8: warning: unused variable 'offSide' [-Wunused-variable]
    int offSide = 2;
        ^~~~~~~
main.c:138:8: warning: unused variable 'offCorner' [-Wunused-variable]
    int offCorner = 1;
        ^~~~~~~~~
main.c:137:8: warning: unused variable 'offFront' [-Wunused-variable]
    int offFront = 0;
        ^~~~~~~~
main.c:136:8: warning: unused variable 'prefBack' [-Wunused-variable]
    int prefBack = 4;
        ^~~~~~~~
main.c:135:8: warning: unused variable 'prefSide' [-Wunused-variable]
    int prefSide = 5;
        ^~~~~~~~
main.c:134:8: warning: unused variable 'prefCorner' [-Wunused-variable]
    int prefCorner = 6;
        ^~~~~~~~~~
main.c:133:8: warning: unused variable 'prefFront' [-Wunused-variable]
    int prefFront = 7;
        ^~~~~~~~~
main.c:154:15: warning: unused variable 'wheelratio' [-Wunused-variable]
         float wheelratio = 0.9;
               ^~~~~~~~~~
main.c:157:15: warning: unused variable 'wheelratio' [-Wunused-variable]
         float wheelratio = 1.1;
               ^~~~~~~~~~
main.c:160:15: warning: unused variable 'wheelratio' [-Wunused-variable]
         float wheelratio = 0.9;
               ^~~~~~~~~~
main.c:193:9: warning: unused variable 'wallsexplored' [-Wunused-variable]
    bool wallsexplored = 1;
         ^~~~~~~~~~~~~
main.c:213:15: warning: unused variable 'wheelratio' [-Wunused-variable]
         float wheelratio = 0.9;
               ^~~~~~~~~~
main.c:216:15: warning: unused variable 'wheelratio' [-Wunused-variable]
         float wheelratio = 1.1;
               ^~~~~~~~~~
main.c:219:15: warning: unused variable 'wheelratio' [-Wunused-variable]
         float wheelratio = 0.9;
               ^~~~~~~~~~
main.c:258:4: warning: implicit declaration of function 'delay_ms' [-Wimplicit-function-declaration]
    delay_ms(500);
    ^~~~~~~~
main.c:64:9: warning: unused variable 'offBack' [-Wunused-variable]
     int offBack;
         ^~~~~~~
main.c:60:9: warning: unused variable 'prefBack' [-Wunused-variable]
     int prefBack;
         ^~~~~~~~
main.c:206:18: warning: 'SensorValue[0]' is used uninitialized in this function [-Wuninitialized]
   if (SensorValue[0] > threshold || SensorValue[7] > threshold || SensorValue[1] > threshold || SensorValue[2] > threshold || SensorValue[5] > threshold ||SensorValue[6] > threshold) {
       ~~~~~~~~~~~^~~
main.c:152:9: warning: 'prefSide' may be used uninitialized in this function [-Wmaybe-uninitialized]
     if (get_prox(prefSide)<minirread){
         ^~~~~~~~~~~~~~~~~~
main.c:155:85: warning: 'prefCorner' may be used uninitialized in this function [-Wmaybe-uninitialized]
        } else if ((get_prox(prefSide)>maxirread && get_prox(offSide)<maxirread) || (get_prox(prefCorner)>maxirread && get_prox(offCorner)<maxirread)){
                                                                                     ^~~~~~~~~~~~~~~~~~~~
main.c:155:52: warning: 'offSide' may be used uninitialized in this function [-Wmaybe-uninitialized]
        } else if ((get_prox(prefSide)>maxirread && get_prox(offSide)<maxirread) || (get_prox(prefCorner)>maxirread && get_prox(offCorner)<maxirread)){
                                                    ^~~~~~~~~~~~~~~~~
main.c:155:119: warning: 'offCorner' may be used uninitialized in this function [-Wmaybe-uninitialized]
        } else if ((get_prox(prefSide)>maxirread && get_prox(offSide)<maxirread) || (get_prox(prefCorner)>maxirread && get_prox(offCorner)<maxirread)){
                                                                                                                       ^~~~~~~~~~~~~~~~~~~
main.c:166:19: warning: 'prefFront' may be used uninitialized in this function [-Wmaybe-uninitialized]
        } else if (get_prox(prefFront)>maxirread || (get_prox(offFront)>maxirread)){
                   ^~~~~~~~~~~~~~~~~~~
main.c:166:53: warning: 'offFront' may be used uninitialized in this function [-Wmaybe-uninitialized]
        } else if (get_prox(prefFront)>maxirread || (get_prox(offFront)>maxirread)){
                                                     ^~~~~~~~~~~~~~~~~~
main.c:106:5: warning: 'strongestSensor' may be used uninitialized in this function [-Wmaybe-uninitialized]
     switch (strongestSensor) {
     ^~~~~~
[1;34mLinking build/Project_template.elf[0m
[1;34mCreating build/Project_template.hex[0m
[1;34mCreating build/Project_template.bin[0m
[1;34mCreating build/Project_template.dmp[0m

   text	   data	    bss	    dec	    hex	filename
  63732	   3084	  17508	  84324	  14964	build/Project_template.elf
[1;34mCreating build/Project_template.list[0m

[1;34mDone[0m
14:57:56 **** Incremental Build of configuration Default for project Project ****
make all 
[1;34mCompiling main.c[0m
main.c: In function 'main':
main.c:131:8: warning: unused variable 'offBack' [-Wunused-variable]
    int offBack = 4;
        ^~~~~~~
main.c:130:8: warning: unused variable 'offSide' [-Wunused-variable]
    int offSide = 5;
        ^~~~~~~
main.c:129:8: warning: unused variable 'offCorner' [-Wunused-variable]
    int offCorner = 6;
        ^~~~~~~~~
main.c:128:8: warning: unused variable 'offFront' [-Wunused-variable]
    int offFront = 7;
        ^~~~~~~~
main.c:127:8: warning: unused variable 'prefBack' [-Wunused-variable]
    int prefBack = 3;
        ^~~~~~~~
main.c:126:8: warning: unused variable 'prefSide' [-Wunused-variable]
    int prefSide = 2;
        ^~~~~~~~
main.c:125:8: warning: unused variable 'prefCorner' [-Wunused-variable]
    int prefCorner = 1;
        ^~~~~~~~~~
main.c:124:8: warning: unused variable 'prefFront' [-Wunused-variable]
    int prefFront = 0;
        ^~~~~~~~~
main.c:140:8: warning: unused variable 'offBack' [-Wunused-variable]
    int offBack = 3;
        ^~~~~~~
main.c:139:8: warning: unused variable 'offSide' [-Wunused-variable]
    int offSide = 2;
        ^~~~~~~
main.c:138:8: warning: unused variable 'offCorner' [-Wunused-variable]
    int offCorner = 1;
        ^~~~~~~~~
main.c:137:8: warning: unused variable 'offFront' [-Wunused-variable]
    int offFront = 0;
        ^~~~~~~~
main.c:136:8: warning: unused variable 'prefBack' [-Wunused-variable]
    int prefBack = 4;
        ^~~~~~~~
main.c:135:8: warning: unused variable 'prefSide' [-Wunused-variable]
    int prefSide = 5;
        ^~~~~~~~
main.c:134:8: warning: unused variable 'prefCorner' [-Wunused-variable]
    int prefCorner = 6;
        ^~~~~~~~~~
main.c:133:8: warning: unused variable 'prefFront' [-Wunused-variable]
    int prefFront = 7;
        ^~~~~~~~~
main.c:154:15: warning: unused variable 'wheelratio' [-Wunused-variable]
         float wheelratio = 0.9;
               ^~~~~~~~~~
main.c:157:15: warning: unused variable 'wheelratio' [-Wunused-variable]
         float wheelratio = 1.1;
               ^~~~~~~~~~
main.c:160:15: warning: unused variable 'wheelratio' [-Wunused-variable]
         float wheelratio = 0.9;
               ^~~~~~~~~~
main.c:193:9: warning: unused variable 'wallsexplored' [-Wunused-variable]
    bool wallsexplored = 1;
         ^~~~~~~~~~~~~
main.c:213:15: warning: unused variable 'wheelratio' [-Wunused-variable]
         float wheelratio = 0.9;
               ^~~~~~~~~~
main.c:216:15: warning: unused variable 'wheelratio' [-Wunused-variable]
         float wheelratio = 1.1;
               ^~~~~~~~~~
main.c:219:15: warning: unused variable 'wheelratio' [-Wunused-variable]
         float wheelratio = 0.9;
               ^~~~~~~~~~
main.c:258:4: warning: implicit declaration of function 'delay_ms' [-Wimplicit-function-declaration]
    delay_ms(500);
    ^~~~~~~~
main.c:64:9: warning: unused variable 'offBack' [-Wunused-variable]
     int offBack;
         ^~~~~~~
main.c:60:9: warning: unused variable 'prefBack' [-Wunused-variable]
     int prefBack;
         ^~~~~~~~
main.c:206:18: warning: 'SensorValue[0]' is used uninitialized in this function [-Wuninitialized]
   if (SensorValue[0] > threshold || SensorValue[7] > threshold || SensorValue[1] > threshold || SensorValue[2] > threshold || SensorValue[5] > threshold ||SensorValue[6] > threshold) {
       ~~~~~~~~~~~^~~
main.c:152:9: warning: 'prefSide' may be used uninitialized in this function [-Wmaybe-uninitialized]
     if (get_prox(prefSide)<minirread){
         ^~~~~~~~~~~~~~~~~~
main.c:155:85: warning: 'prefCorner' may be used uninitialized in this function [-Wmaybe-uninitialized]
        } else if ((get_prox(prefSide)>maxirread && get_prox(offSide)<maxirread) || (get_prox(prefCorner)>maxirread && get_prox(offCorner)<maxirread)){
                                                                                     ^~~~~~~~~~~~~~~~~~~~
main.c:155:52: warning: 'offSide' may be used uninitialized in this function [-Wmaybe-uninitialized]
        } else if ((get_prox(prefSide)>maxirread && get_prox(offSide)<maxirread) || (get_prox(prefCorner)>maxirread && get_prox(offCorner)<maxirread)){
                                                    ^~~~~~~~~~~~~~~~~
main.c:155:119: warning: 'offCorner' may be used uninitialized in this function [-Wmaybe-uninitialized]
        } else if ((get_prox(prefSide)>maxirread && get_prox(offSide)<maxirread) || (get_prox(prefCorner)>maxirread && get_prox(offCorner)<maxirread)){
                                                                                                                       ^~~~~~~~~~~~~~~~~~~
main.c:166:19: warning: 'prefFront' may be used uninitialized in this function [-Wmaybe-uninitialized]
        } else if (get_prox(prefFront)>maxirread || (get_prox(offFront)>maxirread)){
                   ^~~~~~~~~~~~~~~~~~~
main.c:166:53: warning: 'offFront' may be used uninitialized in this function [-Wmaybe-uninitialized]
        } else if (get_prox(prefFront)>maxirread || (get_prox(offFront)>maxirread)){
                                                     ^~~~~~~~~~~~~~~~~~
[1;34mLinking build/Project_template.elf[0m
[1;34mCreating build/Project_template.hex[0m
[1;34mCreating build/Project_template.bin[0m
[1;34mCreating build/Project_template.dmp[0m

   text	   data	    bss	    dec	    hex	filename
  63732	   3084	  17508	  84324	  14964	build/Project_template.elf
[1;34mCreating build/Project_template.list[0m

[1;34mDone[0m
15:00:30 **** Incremental Build of configuration Default for project Project ****
make all 
[1;34mCompiling main.c[0m
main.c: In function 'main':
main.c:140:8: warning: unused variable 'offBack' [-Wunused-variable]
    int offBack = 3;
        ^~~~~~~
main.c:139:8: warning: unused variable 'offSide' [-Wunused-variable]
    int offSide = 2;
        ^~~~~~~
main.c:138:8: warning: unused variable 'offCorner' [-Wunused-variable]
    int offCorner = 1;
        ^~~~~~~~~
main.c:137:8: warning: unused variable 'offFront' [-Wunused-variable]
    int offFront = 0;
        ^~~~~~~~
main.c:136:8: warning: unused variable 'prefBack' [-Wunused-variable]
    int prefBack = 4;
        ^~~~~~~~
main.c:135:8: warning: unused variable 'prefSide' [-Wunused-variable]
    int prefSide = 5;
        ^~~~~~~~
main.c:134:8: warning: unused variable 'prefCorner' [-Wunused-variable]
    int prefCorner = 6;
        ^~~~~~~~~~
main.c:133:8: warning: unused variable 'prefFront' [-Wunused-variable]
    int prefFront = 7;
        ^~~~~~~~~
main.c:152:27: warning: comparison between signed and unsigned integer expressions [-Wsign-compare]
     if (get_prox(prefSide)<minirread){
                           ^
main.c:154:15: warning: unused variable 'wheelratio' [-Wunused-variable]
         float wheelratio = 0.9;
               ^~~~~~~~~~
main.c:155:38: warning: comparison between signed and unsigned integer expressions [-Wsign-compare]
        } else if ((get_prox(prefSide)>maxirread && get_prox(offSide)<maxirread) || (get_prox(prefCorner)>maxirread && get_prox(offCorner)<maxirread)){
                                      ^
main.c:155:69: warning: comparison between signed and unsigned integer expressions [-Wsign-compare]
        } else if ((get_prox(prefSide)>maxirread && get_prox(offSide)<maxirread) || (get_prox(prefCorner)>maxirread && get_prox(offCorner)<maxirread)){
                                                                     ^
main.c:155:105: warning: comparison between signed and unsigned integer expressions [-Wsign-compare]
        } else if ((get_prox(prefSide)>maxirread && get_prox(offSide)<maxirread) || (get_prox(prefCorner)>maxirread && get_prox(offCorner)<maxirread)){
                                                                                                         ^
main.c:155:138: warning: comparison between signed and unsigned integer expressions [-Wsign-compare]
        } else if ((get_prox(prefSide)>maxirread && get_prox(offSide)<maxirread) || (get_prox(prefCorner)>maxirread && get_prox(offCorner)<maxirread)){
                                                                                                                                          ^
main.c:157:15: warning: unused variable 'wheelratio' [-Wunused-variable]
         float wheelratio = 1.1;
               ^~~~~~~~~~
main.c:158:37: warning: comparison between signed and unsigned integer expressions [-Wsign-compare]
        } else if ((get_prox(offSide)>maxirread && get_prox(prefSide)<maxirread) || (get_prox(offCorner)>maxirread && get_prox(prefCorner)<maxirread)){
                                     ^
main.c:158:69: warning: comparison between signed and unsigned integer expressions [-Wsign-compare]
        } else if ((get_prox(offSide)>maxirread && get_prox(prefSide)<maxirread) || (get_prox(offCorner)>maxirread && get_prox(prefCorner)<maxirread)){
                                                                     ^
main.c:158:104: warning: comparison between signed and unsigned integer expressions [-Wsign-compare]
        } else if ((get_prox(offSide)>maxirread && get_prox(prefSide)<maxirread) || (get_prox(offCorner)>maxirread && get_prox(prefCorner)<maxirread)){
                                                                                                        ^
main.c:158:138: warning: comparison between signed and unsigned integer expressions [-Wsign-compare]
        } else if ((get_prox(offSide)>maxirread && get_prox(prefSide)<maxirread) || (get_prox(offCorner)>maxirread && get_prox(prefCorner)<maxirread)){
                                                                                                                                          ^
main.c:160:15: warning: unused variable 'wheelratio' [-Wunused-variable]
         float wheelratio = 0.9;
               ^~~~~~~~~~
main.c:161:38: warning: comparison between signed and unsigned integer expressions [-Wsign-compare]
        } else if ((get_prox(prefSide)>maxirread && get_prox(offSide)>maxirread) || (get_prox(prefCorner)>maxirread && get_prox(offCorner)>maxirread)){
                                      ^
main.c:161:69: warning: comparison between signed and unsigned integer expressions [-Wsign-compare]
        } else if ((get_prox(prefSide)>maxirread && get_prox(offSide)>maxirread) || (get_prox(prefCorner)>maxirread && get_prox(offCorner)>maxirread)){
                                                                     ^
main.c:161:105: warning: comparison between signed and unsigned integer expressions [-Wsign-compare]
        } else if ((get_prox(prefSide)>maxirread && get_prox(offSide)>maxirread) || (get_prox(prefCorner)>maxirread && get_prox(offCorner)>maxirread)){
                                                                                                         ^
main.c:161:138: warning: comparison between signed and unsigned integer expressions [-Wsign-compare]
        } else if ((get_prox(prefSide)>maxirread && get_prox(offSide)>maxirread) || (get_prox(prefCorner)>maxirread && get_prox(offCorner)>maxirread)){
                                                                                                                                          ^
main.c:166:38: warning: comparison between signed and unsigned integer expressions [-Wsign-compare]
        } else if (get_prox(prefFront)>maxirread || (get_prox(offFront)>maxirread)){
                                      ^
main.c:166:71: warning: comparison between signed and unsigned integer expressions [-Wsign-compare]
        } else if (get_prox(prefFront)>maxirread || (get_prox(offFront)>maxirread)){
                                                                       ^
main.c:193:9: warning: unused variable 'wallsexplored' [-Wunused-variable]
    bool wallsexplored = 1;
         ^~~~~~~~~~~~~
main.c:206:22: warning: comparison between signed and unsigned integer expressions [-Wsign-compare]
   if (SensorValue[0] > threshold || SensorValue[7] > threshold || SensorValue[1] > threshold || SensorValue[2] > threshold || SensorValue[5] > threshold ||SensorValue[6] > threshold) {
                      ^
main.c:206:52: warning: comparison between signed and unsigned integer expressions [-Wsign-compare]
   if (SensorValue[0] > threshold || SensorValue[7] > threshold || SensorValue[1] > threshold || SensorValue[2] > threshold || SensorValue[5] > threshold ||SensorValue[6] > threshold) {
                                                    ^
main.c:206:82: warning: comparison between signed and unsigned integer expressions [-Wsign-compare]
   if (SensorValue[0] > threshold || SensorValue[7] > threshold || SensorValue[1] > threshold || SensorValue[2] > threshold || SensorValue[5] > threshold ||SensorValue[6] > threshold) {
                                                                                  ^
main.c:206:112: warning: comparison between signed and unsigned integer expressions [-Wsign-compare]
   if (SensorValue[0] > threshold || SensorValue[7] > threshold || SensorValue[1] > threshold || SensorValue[2] > threshold || SensorValue[5] > threshold ||SensorValue[6] > threshold) {
                                                                                                                ^
main.c:206:142: warning: comparison between signed and unsigned integer expressions [-Wsign-compare]
   if (SensorValue[0] > threshold || SensorValue[7] > threshold || SensorValue[1] > threshold || SensorValue[2] > threshold || SensorValue[5] > threshold ||SensorValue[6] > threshold) {
                                                                                                                                              ^
main.c:206:171: warning: comparison between signed and unsigned integer expressions [-Wsign-compare]
   if (SensorValue[0] > threshold || SensorValue[7] > threshold || SensorValue[1] > threshold || SensorValue[2] > threshold || SensorValue[5] > threshold ||SensorValue[6] > threshold) {
                                                                                                                                                                           ^
main.c:211:27: warning: comparison between signed and unsigned integer expressions [-Wsign-compare]
     if (get_prox(prefSide)<minirread){
                           ^
main.c:213:15: warning: unused variable 'wheelratio' [-Wunused-variable]
         float wheelratio = 0.9;
               ^~~~~~~~~~
main.c:214:38: warning: comparison between signed and unsigned integer expressions [-Wsign-compare]
        } else if ((get_prox(prefSide)>maxirread && get_prox(offSide)<maxirread) || (get_prox(prefCorner)>maxirread && get_prox(offCorner)<maxirread)){
                                      ^
main.c:214:69: warning: comparison between signed and unsigned integer expressions [-Wsign-compare]
        } else if ((get_prox(prefSide)>maxirread && get_prox(offSide)<maxirread) || (get_prox(prefCorner)>maxirread && get_prox(offCorner)<maxirread)){
                                                                     ^
main.c:214:105: warning: comparison between signed and unsigned integer expressions [-Wsign-compare]
        } else if ((get_prox(prefSide)>maxirread && get_prox(offSide)<maxirread) || (get_prox(prefCorner)>maxirread && get_prox(offCorner)<maxirread)){
                                                                                                         ^
main.c:214:138: warning: comparison between signed and unsigned integer expressions [-Wsign-compare]
        } else if ((get_prox(prefSide)>maxirread && get_prox(offSide)<maxirread) || (get_prox(prefCorner)>maxirread && get_prox(offCorner)<maxirread)){
                                                                                                                                          ^
main.c:216:15: warning: unused variable 'wheelratio' [-Wunused-variable]
         float wheelratio = 1.1;
               ^~~~~~~~~~
main.c:217:37: warning: comparison between signed and unsigned integer expressions [-Wsign-compare]
        } else if ((get_prox(offSide)>maxirread && get_prox(prefSide)<maxirread) || (get_prox(offCorner)>maxirread && get_prox(prefCorner)<maxirread)){
                                     ^
main.c:217:69: warning: comparison between signed and unsigned integer expressions [-Wsign-compare]
        } else if ((get_prox(offSide)>maxirread && get_prox(prefSide)<maxirread) || (get_prox(offCorner)>maxirread && get_prox(prefCorner)<maxirread)){
                                                                     ^
main.c:217:104: warning: comparison between signed and unsigned integer expressions [-Wsign-compare]
        } else if ((get_prox(offSide)>maxirread && get_prox(prefSide)<maxirread) || (get_prox(offCorner)>maxirread && get_prox(prefCorner)<maxirread)){
                                                                                                        ^
main.c:217:138: warning: comparison between signed and unsigned integer expressions [-Wsign-compare]
        } else if ((get_prox(offSide)>maxirread && get_prox(prefSide)<maxirread) || (get_prox(offCorner)>maxirread && get_prox(prefCorner)<maxirread)){
                                                                                                                                          ^
main.c:219:15: warning: unused variable 'wheelratio' [-Wunused-variable]
         float wheelratio = 0.9;
               ^~~~~~~~~~
main.c:220:38: warning: comparison between signed and unsigned integer expressions [-Wsign-compare]
        } else if ((get_prox(prefSide)>maxirread && get_prox(offSide)>maxirread) || (get_prox(prefCorner)>maxirread && get_prox(offCorner)>maxirread)){
                                      ^
main.c:220:69: warning: comparison between signed and unsigned integer expressions [-Wsign-compare]
        } else if ((get_prox(prefSide)>maxirread && get_prox(offSide)>maxirread) || (get_prox(prefCorner)>maxirread && get_prox(offCorner)>maxirread)){
                                                                     ^
main.c:220:105: warning: comparison between signed and unsigned integer expressions [-Wsign-compare]
        } else if ((get_prox(prefSide)>maxirread && get_prox(offSide)>maxirread) || (get_prox(prefCorner)>maxirread && get_prox(offCorner)>maxirread)){
                                                                                                         ^
main.c:220:138: warning: comparison between signed and unsigned integer expressions [-Wsign-compare]
        } else if ((get_prox(prefSide)>maxirread && get_prox(offSide)>maxirread) || (get_prox(prefCorner)>maxirread && get_prox(offCorner)>maxirread)){
                                                                                                                                          ^
main.c:225:38: warning: comparison between signed and unsigned integer expressions [-Wsign-compare]
        } else if (get_prox(prefFront)>maxirread || (get_prox(offFront)>maxirread)){
                                      ^
main.c:225:71: warning: comparison between signed and unsigned integer expressions [-Wsign-compare]
        } else if (get_prox(prefFront)>maxirread || (get_prox(offFront)>maxirread)){
                                                                       ^
main.c:258:4: warning: implicit declaration of function 'delay_ms' [-Wimplicit-function-declaration]
    delay_ms(500);
    ^~~~~~~~
main.c:64:18: warning: variable 'offBack' set but not used [-Wunused-but-set-variable]
     unsigned int offBack;
                  ^~~~~~~
main.c:60:18: warning: variable 'prefBack' set but not used [-Wunused-but-set-variable]
     unsigned int prefBack;
                  ^~~~~~~~
main.c:206:18: warning: 'SensorValue[0]' is used uninitialized in this function [-Wuninitialized]
   if (SensorValue[0] > threshold || SensorValue[7] > threshold || SensorValue[1] > threshold || SensorValue[2] > threshold || SensorValue[5] > threshold ||SensorValue[6] > threshold) {
       ~~~~~~~~~~~^~~
[1;34mLinking build/Project_template.elf[0m
[1;34mCreating build/Project_template.hex[0m
[1;34mCreating build/Project_template.bin[0m
[1;34mCreating build/Project_template.dmp[0m

   text	   data	    bss	    dec	    hex	filename
  63732	   3084	  17508	  84324	  14964	build/Project_template.elf
[1;34mCreating build/Project_template.list[0m

[1;34mDone[0m
15:00:51 **** Incremental Build of configuration Default for project Project ****
make all 
[1;34mCompiling main.c[0m
main.c: In function 'main':
main.c:152:27: warning: comparison between signed and unsigned integer expressions [-Wsign-compare]
     if (get_prox(prefSide)<minirread){
                           ^
main.c:154:15: warning: unused variable 'wheelratio' [-Wunused-variable]
         float wheelratio = 0.9;
               ^~~~~~~~~~
main.c:155:38: warning: comparison between signed and unsigned integer expressions [-Wsign-compare]
        } else if ((get_prox(prefSide)>maxirread && get_prox(offSide)<maxirread) || (get_prox(prefCorner)>maxirread && get_prox(offCorner)<maxirread)){
                                      ^
main.c:155:69: warning: comparison between signed and unsigned integer expressions [-Wsign-compare]
        } else if ((get_prox(prefSide)>maxirread && get_prox(offSide)<maxirread) || (get_prox(prefCorner)>maxirread && get_prox(offCorner)<maxirread)){
                                                                     ^
main.c:155:105: warning: comparison between signed and unsigned integer expressions [-Wsign-compare]
        } else if ((get_prox(prefSide)>maxirread && get_prox(offSide)<maxirread) || (get_prox(prefCorner)>maxirread && get_prox(offCorner)<maxirread)){
                                                                                                         ^
main.c:155:138: warning: comparison between signed and unsigned integer expressions [-Wsign-compare]
        } else if ((get_prox(prefSide)>maxirread && get_prox(offSide)<maxirread) || (get_prox(prefCorner)>maxirread && get_prox(offCorner)<maxirread)){
                                                                                                                                          ^
main.c:157:15: warning: unused variable 'wheelratio' [-Wunused-variable]
         float wheelratio = 1.1;
               ^~~~~~~~~~
main.c:158:37: warning: comparison between signed and unsigned integer expressions [-Wsign-compare]
        } else if ((get_prox(offSide)>maxirread && get_prox(prefSide)<maxirread) || (get_prox(offCorner)>maxirread && get_prox(prefCorner)<maxirread)){
                                     ^
main.c:158:69: warning: comparison between signed and unsigned integer expressions [-Wsign-compare]
        } else if ((get_prox(offSide)>maxirread && get_prox(prefSide)<maxirread) || (get_prox(offCorner)>maxirread && get_prox(prefCorner)<maxirread)){
                                                                     ^
main.c:158:104: warning: comparison between signed and unsigned integer expressions [-Wsign-compare]
        } else if ((get_prox(offSide)>maxirread && get_prox(prefSide)<maxirread) || (get_prox(offCorner)>maxirread && get_prox(prefCorner)<maxirread)){
                                                                                                        ^
main.c:158:138: warning: comparison between signed and unsigned integer expressions [-Wsign-compare]
        } else if ((get_prox(offSide)>maxirread && get_prox(prefSide)<maxirread) || (get_prox(offCorner)>maxirread && get_prox(prefCorner)<maxirread)){
                                                                                                                                          ^
main.c:160:15: warning: unused variable 'wheelratio' [-Wunused-variable]
         float wheelratio = 0.9;
               ^~~~~~~~~~
main.c:161:38: warning: comparison between signed and unsigned integer expressions [-Wsign-compare]
        } else if ((get_prox(prefSide)>maxirread && get_prox(offSide)>maxirread) || (get_prox(prefCorner)>maxirread && get_prox(offCorner)>maxirread)){
                                      ^
main.c:161:69: warning: comparison between signed and unsigned integer expressions [-Wsign-compare]
        } else if ((get_prox(prefSide)>maxirread && get_prox(offSide)>maxirread) || (get_prox(prefCorner)>maxirread && get_prox(offCorner)>maxirread)){
                                                                     ^
main.c:161:105: warning: comparison between signed and unsigned integer expressions [-Wsign-compare]
        } else if ((get_prox(prefSide)>maxirread && get_prox(offSide)>maxirread) || (get_prox(prefCorner)>maxirread && get_prox(offCorner)>maxirread)){
                                                                                                         ^
main.c:161:138: warning: comparison between signed and unsigned integer expressions [-Wsign-compare]
        } else if ((get_prox(prefSide)>maxirread && get_prox(offSide)>maxirread) || (get_prox(prefCorner)>maxirread && get_prox(offCorner)>maxirread)){
                                                                                                                                          ^
main.c:166:38: warning: comparison between signed and unsigned integer expressions [-Wsign-compare]
        } else if (get_prox(prefFront)>maxirread || (get_prox(offFront)>maxirread)){
                                      ^
main.c:166:71: warning: comparison between signed and unsigned integer expressions [-Wsign-compare]
        } else if (get_prox(prefFront)>maxirread || (get_prox(offFront)>maxirread)){
                                                                       ^
main.c:193:9: warning: unused variable 'wallsexplored' [-Wunused-variable]
    bool wallsexplored = 1;
         ^~~~~~~~~~~~~
main.c:206:22: warning: comparison between signed and unsigned integer expressions [-Wsign-compare]
   if (SensorValue[0] > threshold || SensorValue[7] > threshold || SensorValue[1] > threshold || SensorValue[2] > threshold || SensorValue[5] > threshold ||SensorValue[6] > threshold) {
                      ^
main.c:206:52: warning: comparison between signed and unsigned integer expressions [-Wsign-compare]
   if (SensorValue[0] > threshold || SensorValue[7] > threshold || SensorValue[1] > threshold || SensorValue[2] > threshold || SensorValue[5] > threshold ||SensorValue[6] > threshold) {
                                                    ^
main.c:206:82: warning: comparison between signed and unsigned integer expressions [-Wsign-compare]
   if (SensorValue[0] > threshold || SensorValue[7] > threshold || SensorValue[1] > threshold || SensorValue[2] > threshold || SensorValue[5] > threshold ||SensorValue[6] > threshold) {
                                                                                  ^
main.c:206:112: warning: comparison between signed and unsigned integer expressions [-Wsign-compare]
   if (SensorValue[0] > threshold || SensorValue[7] > threshold || SensorValue[1] > threshold || SensorValue[2] > threshold || SensorValue[5] > threshold ||SensorValue[6] > threshold) {
                                                                                                                ^
main.c:206:142: warning: comparison between signed and unsigned integer expressions [-Wsign-compare]
   if (SensorValue[0] > threshold || SensorValue[7] > threshold || SensorValue[1] > threshold || SensorValue[2] > threshold || SensorValue[5] > threshold ||SensorValue[6] > threshold) {
                                                                                                                                              ^
main.c:206:171: warning: comparison between signed and unsigned integer expressions [-Wsign-compare]
   if (SensorValue[0] > threshold || SensorValue[7] > threshold || SensorValue[1] > threshold || SensorValue[2] > threshold || SensorValue[5] > threshold ||SensorValue[6] > threshold) {
                                                                                                                                                                           ^
main.c:211:27: warning: comparison between signed and unsigned integer expressions [-Wsign-compare]
     if (get_prox(prefSide)<minirread){
                           ^
main.c:213:15: warning: unused variable 'wheelratio' [-Wunused-variable]
         float wheelratio = 0.9;
               ^~~~~~~~~~
main.c:214:38: warning: comparison between signed and unsigned integer expressions [-Wsign-compare]
        } else if ((get_prox(prefSide)>maxirread && get_prox(offSide)<maxirread) || (get_prox(prefCorner)>maxirread && get_prox(offCorner)<maxirread)){
                                      ^
main.c:214:69: warning: comparison between signed and unsigned integer expressions [-Wsign-compare]
        } else if ((get_prox(prefSide)>maxirread && get_prox(offSide)<maxirread) || (get_prox(prefCorner)>maxirread && get_prox(offCorner)<maxirread)){
                                                                     ^
main.c:214:105: warning: comparison between signed and unsigned integer expressions [-Wsign-compare]
        } else if ((get_prox(prefSide)>maxirread && get_prox(offSide)<maxirread) || (get_prox(prefCorner)>maxirread && get_prox(offCorner)<maxirread)){
                                                                                                         ^
main.c:214:138: warning: comparison between signed and unsigned integer expressions [-Wsign-compare]
        } else if ((get_prox(prefSide)>maxirread && get_prox(offSide)<maxirread) || (get_prox(prefCorner)>maxirread && get_prox(offCorner)<maxirread)){
                                                                                                                                          ^
main.c:216:15: warning: unused variable 'wheelratio' [-Wunused-variable]
         float wheelratio = 1.1;
               ^~~~~~~~~~
main.c:217:37: warning: comparison between signed and unsigned integer expressions [-Wsign-compare]
        } else if ((get_prox(offSide)>maxirread && get_prox(prefSide)<maxirread) || (get_prox(offCorner)>maxirread && get_prox(prefCorner)<maxirread)){
                                     ^
main.c:217:69: warning: comparison between signed and unsigned integer expressions [-Wsign-compare]
        } else if ((get_prox(offSide)>maxirread && get_prox(prefSide)<maxirread) || (get_prox(offCorner)>maxirread && get_prox(prefCorner)<maxirread)){
                                                                     ^
main.c:217:104: warning: comparison between signed and unsigned integer expressions [-Wsign-compare]
        } else if ((get_prox(offSide)>maxirread && get_prox(prefSide)<maxirread) || (get_prox(offCorner)>maxirread && get_prox(prefCorner)<maxirread)){
                                                                                                        ^
main.c:217:138: warning: comparison between signed and unsigned integer expressions [-Wsign-compare]
        } else if ((get_prox(offSide)>maxirread && get_prox(prefSide)<maxirread) || (get_prox(offCorner)>maxirread && get_prox(prefCorner)<maxirread)){
                                                                                                                                          ^
main.c:219:15: warning: unused variable 'wheelratio' [-Wunused-variable]
         float wheelratio = 0.9;
               ^~~~~~~~~~
main.c:220:38: warning: comparison between signed and unsigned integer expressions [-Wsign-compare]
        } else if ((get_prox(prefSide)>maxirread && get_prox(offSide)>maxirread) || (get_prox(prefCorner)>maxirread && get_prox(offCorner)>maxirread)){
                                      ^
main.c:220:69: warning: comparison between signed and unsigned integer expressions [-Wsign-compare]
        } else if ((get_prox(prefSide)>maxirread && get_prox(offSide)>maxirread) || (get_prox(prefCorner)>maxirread && get_prox(offCorner)>maxirread)){
                                                                     ^
main.c:220:105: warning: comparison between signed and unsigned integer expressions [-Wsign-compare]
        } else if ((get_prox(prefSide)>maxirread && get_prox(offSide)>maxirread) || (get_prox(prefCorner)>maxirread && get_prox(offCorner)>maxirread)){
                                                                                                         ^
main.c:220:138: warning: comparison between signed and unsigned integer expressions [-Wsign-compare]
        } else if ((get_prox(prefSide)>maxirread && get_prox(offSide)>maxirread) || (get_prox(prefCorner)>maxirread && get_prox(offCorner)>maxirread)){
                                                                                                                                          ^
main.c:225:38: warning: comparison between signed and unsigned integer expressions [-Wsign-compare]
        } else if (get_prox(prefFront)>maxirread || (get_prox(offFront)>maxirread)){
                                      ^
main.c:225:71: warning: comparison between signed and unsigned integer expressions [-Wsign-compare]
        } else if (get_prox(prefFront)>maxirread || (get_prox(offFront)>maxirread)){
                                                                       ^
main.c:258:4: warning: implicit declaration of function 'delay_ms' [-Wimplicit-function-declaration]
    delay_ms(500);
    ^~~~~~~~
main.c:64:18: warning: variable 'offBack' set but not used [-Wunused-but-set-variable]
     unsigned int offBack;
                  ^~~~~~~
main.c:60:18: warning: variable 'prefBack' set but not used [-Wunused-but-set-variable]
     unsigned int prefBack;
                  ^~~~~~~~
main.c:206:18: warning: 'SensorValue[0]' is used uninitialized in this function [-Wuninitialized]
   if (SensorValue[0] > threshold || SensorValue[7] > threshold || SensorValue[1] > threshold || SensorValue[2] > threshold || SensorValue[5] > threshold ||SensorValue[6] > threshold) {
       ~~~~~~~~~~~^~~
[1;34mLinking build/Project_template.elf[0m
[1;34mCreating build/Project_template.hex[0m
[1;34mCreating build/Project_template.bin[0m
[1;34mCreating build/Project_template.dmp[0m

   text	   data	    bss	    dec	    hex	filename
  63780	   3084	  17508	  84372	  14994	build/Project_template.elf
[1;34mCreating build/Project_template.list[0m

[1;34mDone[0m
15:02:22 **** Incremental Build of configuration Default for project Project ****
make all 
[1;34mCompiling main.c[0m
main.c: In function 'main':
main.c:152:27: warning: comparison between signed and unsigned integer expressions [-Wsign-compare]
     if (get_prox(prefSide)<minirread){
                           ^
main.c:154:15: warning: unused variable 'wheelratio' [-Wunused-variable]
         float wheelratio = 0.9;
               ^~~~~~~~~~
main.c:155:38: warning: comparison between signed and unsigned integer expressions [-Wsign-compare]
        } else if ((get_prox(prefSide)>maxirread && get_prox(offSide)<maxirread) || (get_prox(prefCorner)>maxirread && get_prox(offCorner)<maxirread)){
                                      ^
main.c:155:69: warning: comparison between signed and unsigned integer expressions [-Wsign-compare]
        } else if ((get_prox(prefSide)>maxirread && get_prox(offSide)<maxirread) || (get_prox(prefCorner)>maxirread && get_prox(offCorner)<maxirread)){
                                                                     ^
main.c:155:105: warning: comparison between signed and unsigned integer expressions [-Wsign-compare]
        } else if ((get_prox(prefSide)>maxirread && get_prox(offSide)<maxirread) || (get_prox(prefCorner)>maxirread && get_prox(offCorner)<maxirread)){
                                                                                                         ^
main.c:155:138: warning: comparison between signed and unsigned integer expressions [-Wsign-compare]
        } else if ((get_prox(prefSide)>maxirread && get_prox(offSide)<maxirread) || (get_prox(prefCorner)>maxirread && get_prox(offCorner)<maxirread)){
                                                                                                                                          ^
main.c:157:15: warning: unused variable 'wheelratio' [-Wunused-variable]
         float wheelratio = 1.1;
               ^~~~~~~~~~
main.c:158:37: warning: comparison between signed and unsigned integer expressions [-Wsign-compare]
        } else if ((get_prox(offSide)>maxirread && get_prox(prefSide)<maxirread) || (get_prox(offCorner)>maxirread && get_prox(prefCorner)<maxirread)){
                                     ^
main.c:158:69: warning: comparison between signed and unsigned integer expressions [-Wsign-compare]
        } else if ((get_prox(offSide)>maxirread && get_prox(prefSide)<maxirread) || (get_prox(offCorner)>maxirread && get_prox(prefCorner)<maxirread)){
                                                                     ^
main.c:158:104: warning: comparison between signed and unsigned integer expressions [-Wsign-compare]
        } else if ((get_prox(offSide)>maxirread && get_prox(prefSide)<maxirread) || (get_prox(offCorner)>maxirread && get_prox(prefCorner)<maxirread)){
                                                                                                        ^
main.c:158:138: warning: comparison between signed and unsigned integer expressions [-Wsign-compare]
        } else if ((get_prox(offSide)>maxirread && get_prox(prefSide)<maxirread) || (get_prox(offCorner)>maxirread && get_prox(prefCorner)<maxirread)){
                                                                                                                                          ^
main.c:160:15: warning: unused variable 'wheelratio' [-Wunused-variable]
         float wheelratio = 0.9;
               ^~~~~~~~~~
main.c:161:38: warning: comparison between signed and unsigned integer expressions [-Wsign-compare]
        } else if ((get_prox(prefSide)>maxirread && get_prox(offSide)>maxirread) || (get_prox(prefCorner)>maxirread && get_prox(offCorner)>maxirread)){
                                      ^
main.c:161:69: warning: comparison between signed and unsigned integer expressions [-Wsign-compare]
        } else if ((get_prox(prefSide)>maxirread && get_prox(offSide)>maxirread) || (get_prox(prefCorner)>maxirread && get_prox(offCorner)>maxirread)){
                                                                     ^
main.c:161:105: warning: comparison between signed and unsigned integer expressions [-Wsign-compare]
        } else if ((get_prox(prefSide)>maxirread && get_prox(offSide)>maxirread) || (get_prox(prefCorner)>maxirread && get_prox(offCorner)>maxirread)){
                                                                                                         ^
main.c:161:138: warning: comparison between signed and unsigned integer expressions [-Wsign-compare]
        } else if ((get_prox(prefSide)>maxirread && get_prox(offSide)>maxirread) || (get_prox(prefCorner)>maxirread && get_prox(offCorner)>maxirread)){
                                                                                                                                          ^
main.c:166:38: warning: comparison between signed and unsigned integer expressions [-Wsign-compare]
        } else if (get_prox(prefFront)>maxirread || (get_prox(offFront)>maxirread)){
                                      ^
main.c:166:71: warning: comparison between signed and unsigned integer expressions [-Wsign-compare]
        } else if (get_prox(prefFront)>maxirread || (get_prox(offFront)>maxirread)){
                                                                       ^
main.c:193:9: warning: unused variable 'wallsexplored' [-Wunused-variable]
    bool wallsexplored = 1;
         ^~~~~~~~~~~~~
main.c:206:22: warning: comparison between signed and unsigned integer expressions [-Wsign-compare]
   if (SensorValue[0] > threshold || SensorValue[7] > threshold || SensorValue[1] > threshold || SensorValue[2] > threshold || SensorValue[5] > threshold ||SensorValue[6] > threshold) {
                      ^
main.c:206:52: warning: comparison between signed and unsigned integer expressions [-Wsign-compare]
   if (SensorValue[0] > threshold || SensorValue[7] > threshold || SensorValue[1] > threshold || SensorValue[2] > threshold || SensorValue[5] > threshold ||SensorValue[6] > threshold) {
                                                    ^
main.c:206:82: warning: comparison between signed and unsigned integer expressions [-Wsign-compare]
   if (SensorValue[0] > threshold || SensorValue[7] > threshold || SensorValue[1] > threshold || SensorValue[2] > threshold || SensorValue[5] > threshold ||SensorValue[6] > threshold) {
                                                                                  ^
main.c:206:112: warning: comparison between signed and unsigned integer expressions [-Wsign-compare]
   if (SensorValue[0] > threshold || SensorValue[7] > threshold || SensorValue[1] > threshold || SensorValue[2] > threshold || SensorValue[5] > threshold ||SensorValue[6] > threshold) {
                                                                                                                ^
main.c:206:142: warning: comparison between signed and unsigned integer expressions [-Wsign-compare]
   if (SensorValue[0] > threshold || SensorValue[7] > threshold || SensorValue[1] > threshold || SensorValue[2] > threshold || SensorValue[5] > threshold ||SensorValue[6] > threshold) {
                                                                                                                                              ^
main.c:206:171: warning: comparison between signed and unsigned integer expressions [-Wsign-compare]
   if (SensorValue[0] > threshold || SensorValue[7] > threshold || SensorValue[1] > threshold || SensorValue[2] > threshold || SensorValue[5] > threshold ||SensorValue[6] > threshold) {
                                                                                                                                                                           ^
main.c:211:27: warning: comparison between signed and unsigned integer expressions [-Wsign-compare]
     if (get_prox(prefSide)<minirread){
                           ^
main.c:213:15: warning: unused variable 'wheelratio' [-Wunused-variable]
         float wheelratio = 0.9;
               ^~~~~~~~~~
main.c:214:38: warning: comparison between signed and unsigned integer expressions [-Wsign-compare]
        } else if ((get_prox(prefSide)>maxirread && get_prox(offSide)<maxirread) || (get_prox(prefCorner)>maxirread && get_prox(offCorner)<maxirread)){
                                      ^
main.c:214:69: warning: comparison between signed and unsigned integer expressions [-Wsign-compare]
        } else if ((get_prox(prefSide)>maxirread && get_prox(offSide)<maxirread) || (get_prox(prefCorner)>maxirread && get_prox(offCorner)<maxirread)){
                                                                     ^
main.c:214:105: warning: comparison between signed and unsigned integer expressions [-Wsign-compare]
        } else if ((get_prox(prefSide)>maxirread && get_prox(offSide)<maxirread) || (get_prox(prefCorner)>maxirread && get_prox(offCorner)<maxirread)){
                                                                                                         ^
main.c:214:138: warning: comparison between signed and unsigned integer expressions [-Wsign-compare]
        } else if ((get_prox(prefSide)>maxirread && get_prox(offSide)<maxirread) || (get_prox(prefCorner)>maxirread && get_prox(offCorner)<maxirread)){
                                                                                                                                          ^
main.c:216:15: warning: unused variable 'wheelratio' [-Wunused-variable]
         float wheelratio = 1.1;
               ^~~~~~~~~~
main.c:217:37: warning: comparison between signed and unsigned integer expressions [-Wsign-compare]
        } else if ((get_prox(offSide)>maxirread && get_prox(prefSide)<maxirread) || (get_prox(offCorner)>maxirread && get_prox(prefCorner)<maxirread)){
                                     ^
main.c:217:69: warning: comparison between signed and unsigned integer expressions [-Wsign-compare]
        } else if ((get_prox(offSide)>maxirread && get_prox(prefSide)<maxirread) || (get_prox(offCorner)>maxirread && get_prox(prefCorner)<maxirread)){
                                                                     ^
main.c:217:104: warning: comparison between signed and unsigned integer expressions [-Wsign-compare]
        } else if ((get_prox(offSide)>maxirread && get_prox(prefSide)<maxirread) || (get_prox(offCorner)>maxirread && get_prox(prefCorner)<maxirread)){
                                                                                                        ^
main.c:217:138: warning: comparison between signed and unsigned integer expressions [-Wsign-compare]
        } else if ((get_prox(offSide)>maxirread && get_prox(prefSide)<maxirread) || (get_prox(offCorner)>maxirread && get_prox(prefCorner)<maxirread)){
                                                                                                                                          ^
main.c:219:15: warning: unused variable 'wheelratio' [-Wunused-variable]
         float wheelratio = 0.9;
               ^~~~~~~~~~
main.c:220:38: warning: comparison between signed and unsigned integer expressions [-Wsign-compare]
        } else if ((get_prox(prefSide)>maxirread && get_prox(offSide)>maxirread) || (get_prox(prefCorner)>maxirread && get_prox(offCorner)>maxirread)){
                                      ^
main.c:220:69: warning: comparison between signed and unsigned integer expressions [-Wsign-compare]
        } else if ((get_prox(prefSide)>maxirread && get_prox(offSide)>maxirread) || (get_prox(prefCorner)>maxirread && get_prox(offCorner)>maxirread)){
                                                                     ^
main.c:220:105: warning: comparison between signed and unsigned integer expressions [-Wsign-compare]
        } else if ((get_prox(prefSide)>maxirread && get_prox(offSide)>maxirread) || (get_prox(prefCorner)>maxirread && get_prox(offCorner)>maxirread)){
                                                                                                         ^
main.c:220:138: warning: comparison between signed and unsigned integer expressions [-Wsign-compare]
        } else if ((get_prox(prefSide)>maxirread && get_prox(offSide)>maxirread) || (get_prox(prefCorner)>maxirread && get_prox(offCorner)>maxirread)){
                                                                                                                                          ^
main.c:225:38: warning: comparison between signed and unsigned integer expressions [-Wsign-compare]
        } else if (get_prox(prefFront)>maxirread || (get_prox(offFront)>maxirread)){
                                      ^
main.c:225:71: warning: comparison between signed and unsigned integer expressions [-Wsign-compare]
        } else if (get_prox(prefFront)>maxirread || (get_prox(offFront)>maxirread)){
                                                                       ^
main.c:258:4: warning: implicit declaration of function 'delay_ms' [-Wimplicit-function-declaration]
    delay_ms(500);
    ^~~~~~~~
main.c:299:1: error: expected declaration or statement at end of input
 }
 ^
main.c:294:11: warning: unused variable '__stack_chk_guard' [-Wunused-variable]
 uintptr_t __stack_chk_guard = STACK_CHK_GUARD;
           ^~~~~~~~~~~~~~~~~
main.c:64:18: warning: variable 'offBack' set but not used [-Wunused-but-set-variable]
     unsigned int offBack;
                  ^~~~~~~
main.c:60:18: warning: variable 'prefBack' set but not used [-Wunused-but-set-variable]
     unsigned int prefBack;
                  ^~~~~~~~
At top level:
main.c:296:6: warning: '__stack_chk_fail' defined but not used [-Wunused-function]
 void __stack_chk_fail(void)
      ^~~~~~~~~~~~~~~~
make: *** [../e-puck2_main-processor/ChibiOS//os/common/ports/ARMCMx/compilers/GCC/rules.mk:217: build/obj/main.o] Error 1
"make all" terminated with exit code 2. Build might be incomplete.
15:03:09 **** Incremental Build of configuration Default for project Project ****
make all 
[1;34mCompiling main.c[0m
main.c: In function 'main':
main.c:152:27: warning: comparison between signed and unsigned integer expressions [-Wsign-compare]
     if (get_prox(prefSide)<minirread){
                           ^
main.c:154:15: warning: unused variable 'wheelratio' [-Wunused-variable]
         float wheelratio = 0.9;
               ^~~~~~~~~~
main.c:155:38: warning: comparison between signed and unsigned integer expressions [-Wsign-compare]
        } else if ((get_prox(prefSide)>maxirread && get_prox(offSide)<maxirread) || (get_prox(prefCorner)>maxirread && get_prox(offCorner)<maxirread)){
                                      ^
main.c:155:69: warning: comparison between signed and unsigned integer expressions [-Wsign-compare]
        } else if ((get_prox(prefSide)>maxirread && get_prox(offSide)<maxirread) || (get_prox(prefCorner)>maxirread && get_prox(offCorner)<maxirread)){
                                                                     ^
main.c:155:105: warning: comparison between signed and unsigned integer expressions [-Wsign-compare]
        } else if ((get_prox(prefSide)>maxirread && get_prox(offSide)<maxirread) || (get_prox(prefCorner)>maxirread && get_prox(offCorner)<maxirread)){
                                                                                                         ^
main.c:155:138: warning: comparison between signed and unsigned integer expressions [-Wsign-compare]
        } else if ((get_prox(prefSide)>maxirread && get_prox(offSide)<maxirread) || (get_prox(prefCorner)>maxirread && get_prox(offCorner)<maxirread)){
                                                                                                                                          ^
main.c:157:15: warning: unused variable 'wheelratio' [-Wunused-variable]
         float wheelratio = 1.1;
               ^~~~~~~~~~
main.c:158:37: warning: comparison between signed and unsigned integer expressions [-Wsign-compare]
        } else if ((get_prox(offSide)>maxirread && get_prox(prefSide)<maxirread) || (get_prox(offCorner)>maxirread && get_prox(prefCorner)<maxirread)){
                                     ^
main.c:158:69: warning: comparison between signed and unsigned integer expressions [-Wsign-compare]
        } else if ((get_prox(offSide)>maxirread && get_prox(prefSide)<maxirread) || (get_prox(offCorner)>maxirread && get_prox(prefCorner)<maxirread)){
                                                                     ^
main.c:158:104: warning: comparison between signed and unsigned integer expressions [-Wsign-compare]
        } else if ((get_prox(offSide)>maxirread && get_prox(prefSide)<maxirread) || (get_prox(offCorner)>maxirread && get_prox(prefCorner)<maxirread)){
                                                                                                        ^
main.c:158:138: warning: comparison between signed and unsigned integer expressions [-Wsign-compare]
        } else if ((get_prox(offSide)>maxirread && get_prox(prefSide)<maxirread) || (get_prox(offCorner)>maxirread && get_prox(prefCorner)<maxirread)){
                                                                                                                                          ^
main.c:160:15: warning: unused variable 'wheelratio' [-Wunused-variable]
         float wheelratio = 0.9;
               ^~~~~~~~~~
main.c:161:38: warning: comparison between signed and unsigned integer expressions [-Wsign-compare]
        } else if ((get_prox(prefSide)>maxirread && get_prox(offSide)>maxirread) || (get_prox(prefCorner)>maxirread && get_prox(offCorner)>maxirread)){
                                      ^
main.c:161:69: warning: comparison between signed and unsigned integer expressions [-Wsign-compare]
        } else if ((get_prox(prefSide)>maxirread && get_prox(offSide)>maxirread) || (get_prox(prefCorner)>maxirread && get_prox(offCorner)>maxirread)){
                                                                     ^
main.c:161:105: warning: comparison between signed and unsigned integer expressions [-Wsign-compare]
        } else if ((get_prox(prefSide)>maxirread && get_prox(offSide)>maxirread) || (get_prox(prefCorner)>maxirread && get_prox(offCorner)>maxirread)){
                                                                                                         ^
main.c:161:138: warning: comparison between signed and unsigned integer expressions [-Wsign-compare]
        } else if ((get_prox(prefSide)>maxirread && get_prox(offSide)>maxirread) || (get_prox(prefCorner)>maxirread && get_prox(offCorner)>maxirread)){
                                                                                                                                          ^
main.c:166:38: warning: comparison between signed and unsigned integer expressions [-Wsign-compare]
        } else if (get_prox(prefFront)>maxirread || (get_prox(offFront)>maxirread)){
                                      ^
main.c:166:71: warning: comparison between signed and unsigned integer expressions [-Wsign-compare]
        } else if (get_prox(prefFront)>maxirread || (get_prox(offFront)>maxirread)){
                                                                       ^
main.c:193:9: warning: unused variable 'wallsexplored' [-Wunused-variable]
    bool wallsexplored = 1;
         ^~~~~~~~~~~~~
main.c:206:22: warning: comparison between signed and unsigned integer expressions [-Wsign-compare]
   if (SensorValue[0] > threshold || SensorValue[7] > threshold || SensorValue[1] > threshold || SensorValue[2] > threshold || SensorValue[5] > threshold ||SensorValue[6] > threshold) {
                      ^
main.c:206:52: warning: comparison between signed and unsigned integer expressions [-Wsign-compare]
   if (SensorValue[0] > threshold || SensorValue[7] > threshold || SensorValue[1] > threshold || SensorValue[2] > threshold || SensorValue[5] > threshold ||SensorValue[6] > threshold) {
                                                    ^
main.c:206:82: warning: comparison between signed and unsigned integer expressions [-Wsign-compare]
   if (SensorValue[0] > threshold || SensorValue[7] > threshold || SensorValue[1] > threshold || SensorValue[2] > threshold || SensorValue[5] > threshold ||SensorValue[6] > threshold) {
                                                                                  ^
main.c:206:112: warning: comparison between signed and unsigned integer expressions [-Wsign-compare]
   if (SensorValue[0] > threshold || SensorValue[7] > threshold || SensorValue[1] > threshold || SensorValue[2] > threshold || SensorValue[5] > threshold ||SensorValue[6] > threshold) {
                                                                                                                ^
main.c:206:142: warning: comparison between signed and unsigned integer expressions [-Wsign-compare]
   if (SensorValue[0] > threshold || SensorValue[7] > threshold || SensorValue[1] > threshold || SensorValue[2] > threshold || SensorValue[5] > threshold ||SensorValue[6] > threshold) {
                                                                                                                                              ^
main.c:206:171: warning: comparison between signed and unsigned integer expressions [-Wsign-compare]
   if (SensorValue[0] > threshold || SensorValue[7] > threshold || SensorValue[1] > threshold || SensorValue[2] > threshold || SensorValue[5] > threshold ||SensorValue[6] > threshold) {
                                                                                                                                                                           ^
main.c:211:27: warning: comparison between signed and unsigned integer expressions [-Wsign-compare]
     if (get_prox(prefSide)<minirread){
                           ^
main.c:213:15: warning: unused variable 'wheelratio' [-Wunused-variable]
         float wheelratio = 0.9;
               ^~~~~~~~~~
main.c:214:38: warning: comparison between signed and unsigned integer expressions [-Wsign-compare]
        } else if ((get_prox(prefSide)>maxirread && get_prox(offSide)<maxirread) || (get_prox(prefCorner)>maxirread && get_prox(offCorner)<maxirread)){
                                      ^
main.c:214:69: warning: comparison between signed and unsigned integer expressions [-Wsign-compare]
        } else if ((get_prox(prefSide)>maxirread && get_prox(offSide)<maxirread) || (get_prox(prefCorner)>maxirread && get_prox(offCorner)<maxirread)){
                                                                     ^
main.c:214:105: warning: comparison between signed and unsigned integer expressions [-Wsign-compare]
        } else if ((get_prox(prefSide)>maxirread && get_prox(offSide)<maxirread) || (get_prox(prefCorner)>maxirread && get_prox(offCorner)<maxirread)){
                                                                                                         ^
main.c:214:138: warning: comparison between signed and unsigned integer expressions [-Wsign-compare]
        } else if ((get_prox(prefSide)>maxirread && get_prox(offSide)<maxirread) || (get_prox(prefCorner)>maxirread && get_prox(offCorner)<maxirread)){
                                                                                                                                          ^
main.c:216:15: warning: unused variable 'wheelratio' [-Wunused-variable]
         float wheelratio = 1.1;
               ^~~~~~~~~~
main.c:217:37: warning: comparison between signed and unsigned integer expressions [-Wsign-compare]
        } else if ((get_prox(offSide)>maxirread && get_prox(prefSide)<maxirread) || (get_prox(offCorner)>maxirread && get_prox(prefCorner)<maxirread)){
                                     ^
main.c:217:69: warning: comparison between signed and unsigned integer expressions [-Wsign-compare]
        } else if ((get_prox(offSide)>maxirread && get_prox(prefSide)<maxirread) || (get_prox(offCorner)>maxirread && get_prox(prefCorner)<maxirread)){
                                                                     ^
main.c:217:104: warning: comparison between signed and unsigned integer expressions [-Wsign-compare]
        } else if ((get_prox(offSide)>maxirread && get_prox(prefSide)<maxirread) || (get_prox(offCorner)>maxirread && get_prox(prefCorner)<maxirread)){
                                                                                                        ^
main.c:217:138: warning: comparison between signed and unsigned integer expressions [-Wsign-compare]
        } else if ((get_prox(offSide)>maxirread && get_prox(prefSide)<maxirread) || (get_prox(offCorner)>maxirread && get_prox(prefCorner)<maxirread)){
                                                                                                                                          ^
main.c:219:15: warning: unused variable 'wheelratio' [-Wunused-variable]
         float wheelratio = 0.9;
               ^~~~~~~~~~
main.c:220:38: warning: comparison between signed and unsigned integer expressions [-Wsign-compare]
        } else if ((get_prox(prefSide)>maxirread && get_prox(offSide)>maxirread) || (get_prox(prefCorner)>maxirread && get_prox(offCorner)>maxirread)){
                                      ^
main.c:220:69: warning: comparison between signed and unsigned integer expressions [-Wsign-compare]
        } else if ((get_prox(prefSide)>maxirread && get_prox(offSide)>maxirread) || (get_prox(prefCorner)>maxirread && get_prox(offCorner)>maxirread)){
                                                                     ^
main.c:220:105: warning: comparison between signed and unsigned integer expressions [-Wsign-compare]
        } else if ((get_prox(prefSide)>maxirread && get_prox(offSide)>maxirread) || (get_prox(prefCorner)>maxirread && get_prox(offCorner)>maxirread)){
                                                                                                         ^
main.c:220:138: warning: comparison between signed and unsigned integer expressions [-Wsign-compare]
        } else if ((get_prox(prefSide)>maxirread && get_prox(offSide)>maxirread) || (get_prox(prefCorner)>maxirread && get_prox(offCorner)>maxirread)){
                                                                                                                                          ^
main.c:225:38: warning: comparison between signed and unsigned integer expressions [-Wsign-compare]
        } else if (get_prox(prefFront)>maxirread || (get_prox(offFront)>maxirread)){
                                      ^
main.c:225:71: warning: comparison between signed and unsigned integer expressions [-Wsign-compare]
        } else if (get_prox(prefFront)>maxirread || (get_prox(offFront)>maxirread)){
                                                                       ^
main.c:258:4: warning: implicit declaration of function 'delay_ms' [-Wimplicit-function-declaration]
    delay_ms(500);
    ^~~~~~~~
main.c:299:1: error: expected declaration or statement at end of input
 }
 ^
main.c:294:11: warning: unused variable '__stack_chk_guard' [-Wunused-variable]
 uintptr_t __stack_chk_guard = STACK_CHK_GUARD;
           ^~~~~~~~~~~~~~~~~
main.c:64:18: warning: variable 'offBack' set but not used [-Wunused-but-set-variable]
     unsigned int offBack;
                  ^~~~~~~
main.c:60:18: warning: variable 'prefBack' set but not used [-Wunused-but-set-variable]
     unsigned int prefBack;
                  ^~~~~~~~
At top level:
main.c:296:6: warning: '__stack_chk_fail' defined but not used [-Wunused-function]
 void __stack_chk_fail(void)
      ^~~~~~~~~~~~~~~~
make: *** [../e-puck2_main-processor/ChibiOS//os/common/ports/ARMCMx/compilers/GCC/rules.mk:217: build/obj/main.o] Error 1
"make all" terminated with exit code 2. Build might be incomplete.
15:05:38 **** Incremental Build of configuration Default for project Project ****
make all 
[1;34mCompiling main.c[0m
main.c: In function 'main':
main.c:152:27: warning: comparison between signed and unsigned integer expressions [-Wsign-compare]
     if (get_prox(prefSide)<minirread){
                           ^
main.c:154:15: warning: unused variable 'wheelratio' [-Wunused-variable]
         float wheelratio = 0.9;
               ^~~~~~~~~~
main.c:155:38: warning: comparison between signed and unsigned integer expressions [-Wsign-compare]
        } else if ((get_prox(prefSide)>maxirread && get_prox(offSide)<maxirread) || (get_prox(prefCorner)>maxirread && get_prox(offCorner)<maxirread)){
                                      ^
main.c:155:69: warning: comparison between signed and unsigned integer expressions [-Wsign-compare]
        } else if ((get_prox(prefSide)>maxirread && get_prox(offSide)<maxirread) || (get_prox(prefCorner)>maxirread && get_prox(offCorner)<maxirread)){
                                                                     ^
main.c:155:105: warning: comparison between signed and unsigned integer expressions [-Wsign-compare]
        } else if ((get_prox(prefSide)>maxirread && get_prox(offSide)<maxirread) || (get_prox(prefCorner)>maxirread && get_prox(offCorner)<maxirread)){
                                                                                                         ^
main.c:155:138: warning: comparison between signed and unsigned integer expressions [-Wsign-compare]
        } else if ((get_prox(prefSide)>maxirread && get_prox(offSide)<maxirread) || (get_prox(prefCorner)>maxirread && get_prox(offCorner)<maxirread)){
                                                                                                                                          ^
main.c:157:15: warning: unused variable 'wheelratio' [-Wunused-variable]
         float wheelratio = 1.1;
               ^~~~~~~~~~
main.c:158:37: warning: comparison between signed and unsigned integer expressions [-Wsign-compare]
        } else if ((get_prox(offSide)>maxirread && get_prox(prefSide)<maxirread) || (get_prox(offCorner)>maxirread && get_prox(prefCorner)<maxirread)){
                                     ^
main.c:158:69: warning: comparison between signed and unsigned integer expressions [-Wsign-compare]
        } else if ((get_prox(offSide)>maxirread && get_prox(prefSide)<maxirread) || (get_prox(offCorner)>maxirread && get_prox(prefCorner)<maxirread)){
                                                                     ^
main.c:158:104: warning: comparison between signed and unsigned integer expressions [-Wsign-compare]
        } else if ((get_prox(offSide)>maxirread && get_prox(prefSide)<maxirread) || (get_prox(offCorner)>maxirread && get_prox(prefCorner)<maxirread)){
                                                                                                        ^
main.c:158:138: warning: comparison between signed and unsigned integer expressions [-Wsign-compare]
        } else if ((get_prox(offSide)>maxirread && get_prox(prefSide)<maxirread) || (get_prox(offCorner)>maxirread && get_prox(prefCorner)<maxirread)){
                                                                                                                                          ^
main.c:160:15: warning: unused variable 'wheelratio' [-Wunused-variable]
         float wheelratio = 0.9;
               ^~~~~~~~~~
main.c:161:38: warning: comparison between signed and unsigned integer expressions [-Wsign-compare]
        } else if ((get_prox(prefSide)>maxirread && get_prox(offSide)>maxirread) || (get_prox(prefCorner)>maxirread && get_prox(offCorner)>maxirread)){
                                      ^
main.c:161:69: warning: comparison between signed and unsigned integer expressions [-Wsign-compare]
        } else if ((get_prox(prefSide)>maxirread && get_prox(offSide)>maxirread) || (get_prox(prefCorner)>maxirread && get_prox(offCorner)>maxirread)){
                                                                     ^
main.c:161:105: warning: comparison between signed and unsigned integer expressions [-Wsign-compare]
        } else if ((get_prox(prefSide)>maxirread && get_prox(offSide)>maxirread) || (get_prox(prefCorner)>maxirread && get_prox(offCorner)>maxirread)){
                                                                                                         ^
main.c:161:138: warning: comparison between signed and unsigned integer expressions [-Wsign-compare]
        } else if ((get_prox(prefSide)>maxirread && get_prox(offSide)>maxirread) || (get_prox(prefCorner)>maxirread && get_prox(offCorner)>maxirread)){
                                                                                                                                          ^
main.c:166:38: warning: comparison between signed and unsigned integer expressions [-Wsign-compare]
        } else if (get_prox(prefFront)>maxirread || (get_prox(offFront)>maxirread)){
                                      ^
main.c:166:71: warning: comparison between signed and unsigned integer expressions [-Wsign-compare]
        } else if (get_prox(prefFront)>maxirread || (get_prox(offFront)>maxirread)){
                                                                       ^
main.c:193:9: warning: unused variable 'wallsexplored' [-Wunused-variable]
    bool wallsexplored = 1;
         ^~~~~~~~~~~~~
main.c:206:22: warning: comparison between signed and unsigned integer expressions [-Wsign-compare]
   if (SensorValue[0] > threshold || SensorValue[7] > threshold || SensorValue[1] > threshold || SensorValue[2] > threshold || SensorValue[5] > threshold ||SensorValue[6] > threshold) {
                      ^
main.c:206:52: warning: comparison between signed and unsigned integer expressions [-Wsign-compare]
   if (SensorValue[0] > threshold || SensorValue[7] > threshold || SensorValue[1] > threshold || SensorValue[2] > threshold || SensorValue[5] > threshold ||SensorValue[6] > threshold) {
                                                    ^
main.c:206:82: warning: comparison between signed and unsigned integer expressions [-Wsign-compare]
   if (SensorValue[0] > threshold || SensorValue[7] > threshold || SensorValue[1] > threshold || SensorValue[2] > threshold || SensorValue[5] > threshold ||SensorValue[6] > threshold) {
                                                                                  ^
main.c:206:112: warning: comparison between signed and unsigned integer expressions [-Wsign-compare]
   if (SensorValue[0] > threshold || SensorValue[7] > threshold || SensorValue[1] > threshold || SensorValue[2] > threshold || SensorValue[5] > threshold ||SensorValue[6] > threshold) {
                                                                                                                ^
main.c:206:142: warning: comparison between signed and unsigned integer expressions [-Wsign-compare]
   if (SensorValue[0] > threshold || SensorValue[7] > threshold || SensorValue[1] > threshold || SensorValue[2] > threshold || SensorValue[5] > threshold ||SensorValue[6] > threshold) {
                                                                                                                                              ^
main.c:206:171: warning: comparison between signed and unsigned integer expressions [-Wsign-compare]
   if (SensorValue[0] > threshold || SensorValue[7] > threshold || SensorValue[1] > threshold || SensorValue[2] > threshold || SensorValue[5] > threshold ||SensorValue[6] > threshold) {
                                                                                                                                                                           ^
main.c:211:27: warning: comparison between signed and unsigned integer expressions [-Wsign-compare]
     if (get_prox(prefSide)<minirread){
                           ^
main.c:213:15: warning: unused variable 'wheelratio' [-Wunused-variable]
         float wheelratio = 0.9;
               ^~~~~~~~~~
main.c:214:38: warning: comparison between signed and unsigned integer expressions [-Wsign-compare]
        } else if ((get_prox(prefSide)>maxirread && get_prox(offSide)<maxirread) || (get_prox(prefCorner)>maxirread && get_prox(offCorner)<maxirread)){
                                      ^
main.c:214:69: warning: comparison between signed and unsigned integer expressions [-Wsign-compare]
        } else if ((get_prox(prefSide)>maxirread && get_prox(offSide)<maxirread) || (get_prox(prefCorner)>maxirread && get_prox(offCorner)<maxirread)){
                                                                     ^
main.c:214:105: warning: comparison between signed and unsigned integer expressions [-Wsign-compare]
        } else if ((get_prox(prefSide)>maxirread && get_prox(offSide)<maxirread) || (get_prox(prefCorner)>maxirread && get_prox(offCorner)<maxirread)){
                                                                                                         ^
main.c:214:138: warning: comparison between signed and unsigned integer expressions [-Wsign-compare]
        } else if ((get_prox(prefSide)>maxirread && get_prox(offSide)<maxirread) || (get_prox(prefCorner)>maxirread && get_prox(offCorner)<maxirread)){
                                                                                                                                          ^
main.c:216:15: warning: unused variable 'wheelratio' [-Wunused-variable]
         float wheelratio = 1.1;
               ^~~~~~~~~~
main.c:217:37: warning: comparison between signed and unsigned integer expressions [-Wsign-compare]
        } else if ((get_prox(offSide)>maxirread && get_prox(prefSide)<maxirread) || (get_prox(offCorner)>maxirread && get_prox(prefCorner)<maxirread)){
                                     ^
main.c:217:69: warning: comparison between signed and unsigned integer expressions [-Wsign-compare]
        } else if ((get_prox(offSide)>maxirread && get_prox(prefSide)<maxirread) || (get_prox(offCorner)>maxirread && get_prox(prefCorner)<maxirread)){
                                                                     ^
main.c:217:104: warning: comparison between signed and unsigned integer expressions [-Wsign-compare]
        } else if ((get_prox(offSide)>maxirread && get_prox(prefSide)<maxirread) || (get_prox(offCorner)>maxirread && get_prox(prefCorner)<maxirread)){
                                                                                                        ^
main.c:217:138: warning: comparison between signed and unsigned integer expressions [-Wsign-compare]
        } else if ((get_prox(offSide)>maxirread && get_prox(prefSide)<maxirread) || (get_prox(offCorner)>maxirread && get_prox(prefCorner)<maxirread)){
                                                                                                                                          ^
main.c:219:15: warning: unused variable 'wheelratio' [-Wunused-variable]
         float wheelratio = 0.9;
               ^~~~~~~~~~
main.c:220:38: warning: comparison between signed and unsigned integer expressions [-Wsign-compare]
        } else if ((get_prox(prefSide)>maxirread && get_prox(offSide)>maxirread) || (get_prox(prefCorner)>maxirread && get_prox(offCorner)>maxirread)){
                                      ^
main.c:220:69: warning: comparison between signed and unsigned integer expressions [-Wsign-compare]
        } else if ((get_prox(prefSide)>maxirread && get_prox(offSide)>maxirread) || (get_prox(prefCorner)>maxirread && get_prox(offCorner)>maxirread)){
                                                                     ^
main.c:220:105: warning: comparison between signed and unsigned integer expressions [-Wsign-compare]
        } else if ((get_prox(prefSide)>maxirread && get_prox(offSide)>maxirread) || (get_prox(prefCorner)>maxirread && get_prox(offCorner)>maxirread)){
                                                                                                         ^
main.c:220:138: warning: comparison between signed and unsigned integer expressions [-Wsign-compare]
        } else if ((get_prox(prefSide)>maxirread && get_prox(offSide)>maxirread) || (get_prox(prefCorner)>maxirread && get_prox(offCorner)>maxirread)){
                                                                                                                                          ^
main.c:225:38: warning: comparison between signed and unsigned integer expressions [-Wsign-compare]
        } else if (get_prox(prefFront)>maxirread || (get_prox(offFront)>maxirread)){
                                      ^
main.c:225:71: warning: comparison between signed and unsigned integer expressions [-Wsign-compare]
        } else if (get_prox(prefFront)>maxirread || (get_prox(offFront)>maxirread)){
                                                                       ^
main.c:258:4: warning: implicit declaration of function 'delay_ms' [-Wimplicit-function-declaration]
    delay_ms(500);
    ^~~~~~~~
main.c:294:11: warning: unused variable '__stack_chk_guard' [-Wunused-variable]
 uintptr_t __stack_chk_guard = STACK_CHK_GUARD;
           ^~~~~~~~~~~~~~~~~
main.c:64:18: warning: variable 'offBack' set but not used [-Wunused-but-set-variable]
     unsigned int offBack;
                  ^~~~~~~
main.c:60:18: warning: variable 'prefBack' set but not used [-Wunused-but-set-variable]
     unsigned int prefBack;
                  ^~~~~~~~
At top level:
main.c:296:6: warning: '__stack_chk_fail' defined but not used [-Wunused-function]
 void __stack_chk_fail(void)
      ^~~~~~~~~~~~~~~~
main.c: In function 'main':
main.c:271:3: warning: iteration 4 invokes undefined behavior [-Waggressive-loop-optimizations]
   set_rgb_led(allRGBs[i], 10 , 0 , 0 );
   ^~~~~~~~~~~~~~~~~~~~~~~~~~~~~~~~~~~~
main.c:270:3: note: within this loop
   for (int i = 0; i <= 4; i++) {
   ^~~
main.c:279:3: warning: iteration 4 invokes undefined behavior [-Waggressive-loop-optimizations]
   set_rgb_led(allRGBs[i], 0 , 0 , 10);
   ^~~~~~~~~~~~~~~~~~~~~~~~~~~~~~~~~~~
main.c:278:3: note: within this loop
   for (int i = 0; i <= 4; i++) {
   ^~~
main.c:275:3: warning: iteration 4 invokes undefined behavior [-Waggressive-loop-optimizations]
   set_rgb_led(allRGBs[i], 0 , 10 , 0 );
   ^~~~~~~~~~~~~~~~~~~~~~~~~~~~~~~~~~~~
main.c:274:3: note: within this loop
   for (int i = 0; i <= 4; i++) {
   ^~~
[1;34mLinking build/Project_template.elf[0m
build/obj/vectors.o: In function `_unhandled_exception':
/home/acse-lab/ele313-ts/Project//../e-puck2_main-processor/ChibiOS//os/common/ports/ARMCMx/compilers/GCC/vectors.c:82: undefined reference to `__stack_chk_guard'
build/obj/main.o: In function `main':
/home/acse-lab/ele313-ts/Project//main.c:270: undefined reference to `__stack_chk_guard'
build/obj/dcmi_lld.o: In function `dcmi_lld_stop_stream':
/home/acse-lab/ele313-ts/Project//../e-puck2_main-processor/ChibiOS_ext/os/hal/ports/STM32/STM32F4xx/dcmi_lld.c:272: undefined reference to `__stack_chk_fail'
/home/acse-lab/ele313-ts/Project//../e-puck2_main-processor/ChibiOS_ext/os/hal/ports/STM32/STM32F4xx/dcmi_lld.c:272: undefined reference to `__stack_chk_guard'
build/obj/dcmi_lld.o: In function `dcmi_lld_serve_dma_rx_interrupt':
/home/acse-lab/ele313-ts/Project//../e-puck2_main-processor/ChibiOS_ext/os/hal/ports/STM32/STM32F4xx/dcmi_lld.c:83: undefined reference to `__stack_chk_fail'
/home/acse-lab/ele313-ts/Project//../e-puck2_main-processor/ChibiOS_ext/os/hal/ports/STM32/STM32F4xx/dcmi_lld.c:83: undefined reference to `__stack_chk_guard'
build/obj/dcmi_lld.o: In function `Vector178':
/home/acse-lab/ele313-ts/Project//../e-puck2_main-processor/ChibiOS_ext/os/hal/ports/STM32/STM32F4xx/dcmi_lld.c:109: undefined reference to `__stack_chk_fail'
/home/acse-lab/ele313-ts/Project//../e-puck2_main-processor/ChibiOS_ext/os/hal/ports/STM32/STM32F4xx/dcmi_lld.c:109: undefined reference to `__stack_chk_guard'
build/obj/dcmi_lld.o: In function `dcmi_lld_prepare':
/home/acse-lab/ele313-ts/Project//../e-puck2_main-processor/ChibiOS_ext/os/hal/ports/STM32/STM32F4xx/dcmi_lld.c:186: undefined reference to `__stack_chk_fail'
/home/acse-lab/ele313-ts/Project//../e-puck2_main-processor/ChibiOS_ext/os/hal/ports/STM32/STM32F4xx/dcmi_lld.c:186: undefined reference to `__stack_chk_guard'
build/obj/dcmi_lld.o: In function `dcmi_lld_unprepare':
/home/acse-lab/ele313-ts/Project//../e-puck2_main-processor/ChibiOS_ext/os/hal/ports/STM32/STM32F4xx/dcmi_lld.c:208: undefined reference to `__stack_chk_fail'
/home/acse-lab/ele313-ts/Project//../e-puck2_main-processor/ChibiOS_ext/os/hal/ports/STM32/STM32F4xx/dcmi_lld.c:208: undefined reference to `__stack_chk_guard'
build/obj/dcmi_lld.o: In function `dcmi_lld_start_oneshot':
/home/acse-lab/ele313-ts/Project//../e-puck2_main-processor/ChibiOS_ext/os/hal/ports/STM32/STM32F4xx/dcmi_lld.c:223: undefined reference to `__stack_chk_fail'
/home/acse-lab/ele313-ts/Project//../e-puck2_main-processor/ChibiOS_ext/os/hal/ports/STM32/STM32F4xx/dcmi_lld.c:223: undefined reference to `__stack_chk_guard'
build/obj/dcmi_lld.o: In function `dcmi_lld_start_stream':
/home/acse-lab/ele313-ts/Project//../e-puck2_main-processor/ChibiOS_ext/os/hal/ports/STM32/STM32F4xx/dcmi_lld.c:238: undefined reference to `__stack_chk_fail'
/home/acse-lab/ele313-ts/Project//../e-puck2_main-processor/ChibiOS_ext/os/hal/ports/STM32/STM32F4xx/dcmi_lld.c:238: undefined reference to `__stack_chk_guard'
build/obj/dcmi.o: In function `dcmiPrepare':
/home/acse-lab/ele313-ts/Project//../e-puck2_main-processor/ChibiOS_ext/os/hal/src/dcmi.c:109: undefined reference to `__stack_chk_fail'
/home/acse-lab/ele313-ts/Project//../e-puck2_main-processor/ChibiOS_ext/os/hal/src/dcmi.c:109: undefined reference to `__stack_chk_guard'
build/obj/dcmi.o: In function `dcmiUnprepare':
/home/acse-lab/ele313-ts/Project//../e-puck2_main-processor/ChibiOS_ext/os/hal/src/dcmi.c:126: undefined reference to `__stack_chk_fail'
/home/acse-lab/ele313-ts/Project//../e-puck2_main-processor/ChibiOS_ext/os/hal/src/dcmi.c:126: undefined reference to `__stack_chk_guard'
build/obj/dcmi.o: In function `dcmiStartOneShot':
/home/acse-lab/ele313-ts/Project//../e-puck2_main-processor/ChibiOS_ext/os/hal/src/dcmi.c:142: undefined reference to `__stack_chk_fail'
/home/acse-lab/ele313-ts/Project//../e-puck2_main-processor/ChibiOS_ext/os/hal/src/dcmi.c:142: undefined reference to `__stack_chk_guard'
build/obj/dcmi.o: In function `dcmiStartStream':
/home/acse-lab/ele313-ts/Project//../e-puck2_main-processor/ChibiOS_ext/os/hal/src/dcmi.c:158: undefined reference to `__stack_chk_fail'
/home/acse-lab/ele313-ts/Project//../e-puck2_main-processor/ChibiOS_ext/os/hal/src/dcmi.c:158: undefined reference to `__stack_chk_guard'
build/obj/dcmi.o: In function `dcmiRelease':
/home/acse-lab/ele313-ts/Project//../e-puck2_main-processor/ChibiOS_ext/os/hal/src/dcmi.c:193: undefined reference to `__stack_chk_fail'
/home/acse-lab/ele313-ts/Project//../e-puck2_main-processor/ChibiOS_ext/os/hal/src/dcmi.c:193: undefined reference to `__stack_chk_guard'
build/obj/button.o: In function `button_set_state':
/home/acse-lab/ele313-ts/Project//../e-puck2_main-processor/src/button.c:15: undefined reference to `__stack_chk_fail'
/home/acse-lab/ele313-ts/Project//../e-puck2_main-processor/src/button.c:15: undefined reference to `__stack_chk_guard'
build/obj/camera.o: In function `cam_get_image_size':
/home/acse-lab/ele313-ts/Project//../e-puck2_main-processor/src/camera/camera.c:106: undefined reference to `__stack_chk_fail'
/home/acse-lab/ele313-ts/Project//../e-puck2_main-processor/src/camera/camera.c:106: undefined reference to `__stack_chk_guard'
build/obj/camera.o: In function `cam_get_mem_required':
/home/acse-lab/ele313-ts/Project//../e-puck2_main-processor/src/camera/camera.c:124: undefined reference to `__stack_chk_fail'
/home/acse-lab/ele313-ts/Project//../e-puck2_main-processor/src/camera/camera.c:124: undefined reference to `__stack_chk_guard'
build/obj/camera.o: In function `cam_get_last_image_ptr':
/home/acse-lab/ele313-ts/Project//../e-puck2_main-processor/src/camera/camera.c:269: undefined reference to `__stack_chk_fail'
/home/acse-lab/ele313-ts/Project//../e-puck2_main-processor/src/camera/camera.c:269: undefined reference to `__stack_chk_guard'
build/obj/dcmi_camera.o: In function `dmaTransferEndCb':
/home/acse-lab/ele313-ts/Project//../e-puck2_main-processor/src/camera/dcmi_camera.c:52: undefined reference to `__stack_chk_fail'
/home/acse-lab/ele313-ts/Project//../e-puck2_main-processor/src/camera/dcmi_camera.c:52: undefined reference to `__stack_chk_guard'
build/obj/dcmi_camera.o: In function `frameEndCb':
/home/acse-lab/ele313-ts/Project//../e-puck2_main-processor/src/camera/dcmi_camera.c:44: undefined reference to `__stack_chk_fail'
/home/acse-lab/ele313-ts/Project//../e-puck2_main-processor/src/camera/dcmi_camera.c:44: undefined reference to `__stack_chk_guard'
build/obj/dcmi_camera.o: In function `dcmiErrorCb':
/home/acse-lab/ele313-ts/Project//../e-puck2_main-processor/src/camera/dcmi_camera.c:119: undefined reference to `__stack_chk_fail'
/home/acse-lab/ele313-ts/Project//../e-puck2_main-processor/src/camera/dcmi_camera.c:119: undefined reference to `__stack_chk_guard'
build/obj/dcmi_camera.o: In function `dmaHalfTransferEndCb':
/home/acse-lab/ele313-ts/Project//../e-puck2_main-processor/src/camera/dcmi_camera.c:111: undefined reference to `__stack_chk_fail'
/home/acse-lab/ele313-ts/Project//../e-puck2_main-processor/src/camera/dcmi_camera.c:111: undefined reference to `__stack_chk_guard'
build/obj/dcmi_camera.o: In function `dcmi_prepare':
/home/acse-lab/ele313-ts/Project//../e-puck2_main-processor/src/camera/dcmi_camera.c:205: undefined reference to `__stack_chk_fail'
/home/acse-lab/ele313-ts/Project//../e-puck2_main-processor/src/camera/dcmi_camera.c:205: undefined reference to `__stack_chk_guard'
build/obj/dcmi_camera.o: In function `wait_image_ready':
/home/acse-lab/ele313-ts/Project//../e-puck2_main-processor/src/camera/dcmi_camera.c:230: undefined reference to `__stack_chk_fail'
/home/acse-lab/ele313-ts/Project//../e-puck2_main-processor/src/camera/dcmi_camera.c:230: undefined reference to `__stack_chk_guard'
build/obj/dcmi_camera.o: In function `dcmi_get_last_image_ptr':
/home/acse-lab/ele313-ts/Project//../e-puck2_main-processor/src/camera/dcmi_camera.c:342: undefined reference to `__stack_chk_fail'
/home/acse-lab/ele313-ts/Project//../e-puck2_main-processor/src/camera/dcmi_camera.c:342: undefined reference to `__stack_chk_guard'
build/obj/dcmi_camera.o: In function `dcmi_release_last_image_ptr':
/home/acse-lab/ele313-ts/Project//../e-puck2_main-processor/src/camera/dcmi_camera.c:347: undefined reference to `__stack_chk_fail'
/home/acse-lab/ele313-ts/Project//../e-puck2_main-processor/src/camera/dcmi_camera.c:347: undefined reference to `__stack_chk_guard'
build/obj/dcmi_camera.o: In function `dcmi_capture_start':
/home/acse-lab/ele313-ts/Project//../e-puck2_main-processor/src/camera/dcmi_camera.c:370: undefined reference to `__stack_chk_fail'
/home/acse-lab/ele313-ts/Project//../e-puck2_main-processor/src/camera/dcmi_camera.c:370: undefined reference to `__stack_chk_guard'
build/obj/dcmi_camera.o: In function `dcmi_restart':
/home/acse-lab/ele313-ts/Project//../e-puck2_main-processor/src/camera/dcmi_camera.c:398: undefined reference to `__stack_chk_fail'
/home/acse-lab/ele313-ts/Project//../e-puck2_main-processor/src/camera/dcmi_camera.c:398: undefined reference to `__stack_chk_guard'
build/obj/ov7670.o: In function `ov7670_get_image_size':
/home/acse-lab/ele313-ts/Project//../e-puck2_main-processor/src/camera/ov7670.c:691: undefined reference to `__stack_chk_fail'
/home/acse-lab/ele313-ts/Project//../e-puck2_main-processor/src/camera/ov7670.c:691: undefined reference to `__stack_chk_guard'
build/obj/po6030.o: In function `po6030_get_image_size':
/home/acse-lab/ele313-ts/Project//../e-puck2_main-processor/src/camera/po6030.c:1052: undefined reference to `__stack_chk_fail'
/home/acse-lab/ele313-ts/Project//../e-puck2_main-processor/src/camera/po6030.c:1052: undefined reference to `__stack_chk_guard'
build/obj/po8030.o: In function `po8030_get_image_size':
/home/acse-lab/ele313-ts/Project//../e-puck2_main-processor/src/camera/po8030.c:997: undefined reference to `__stack_chk_fail'
/home/acse-lab/ele313-ts/Project//../e-puck2_main-processor/src/camera/po8030.c:997: undefined reference to `__stack_chk_guard'
build/obj/e_uart_char.o: In function `e_send_uart1_char':
/home/acse-lab/ele313-ts/Project//../e-puck2_main-processor/src/epuck1x/uart/e_uart_char.c:30: undefined reference to `__stack_chk_fail'
/home/acse-lab/ele313-ts/Project//../e-puck2_main-processor/src/epuck1x/uart/e_uart_char.c:30: undefined reference to `__stack_chk_guard'
build/obj/leds.o: In function `set_led':
/home/acse-lab/ele313-ts/Project//../e-puck2_main-processor/src/leds.c:43: undefined reference to `__stack_chk_fail'
/home/acse-lab/ele313-ts/Project//../e-puck2_main-processor/src/leds.c:39: undefined reference to `__stack_chk_guard'
build/obj/leds.o: In function `set_rgb_led':
/home/acse-lab/ele313-ts/Project//../e-puck2_main-processor/src/leds.c:52: undefined reference to `__stack_chk_fail'
/home/acse-lab/ele313-ts/Project//../e-puck2_main-processor/src/leds.c:52: undefined reference to `__stack_chk_guard'
build/obj/leds.o: In function `clear_leds':
/home/acse-lab/ele313-ts/Project//../e-puck2_main-processor/src/leds.c:99: undefined reference to `__stack_chk_fail'
/home/acse-lab/ele313-ts/Project//../e-puck2_main-processor/src/leds.c:99: undefined reference to `__stack_chk_guard'
build/obj/leds.o: In function `get_all_rgb_state':
/home/acse-lab/ele313-ts/Project//../e-puck2_main-processor/src/leds.c:103: undefined reference to `__stack_chk_fail'
/home/acse-lab/ele313-ts/Project//../e-puck2_main-processor/src/leds.c:103: undefined reference to `__stack_chk_guard'
build/obj/memory_protection.o: In function `mpu_configure_region':
/home/acse-lab/ele313-ts/Project//../e-puck2_main-processor/src/memory_protection.c:76: undefined reference to `__stack_chk_fail'
/home/acse-lab/ele313-ts/Project//../e-puck2_main-processor/src/memory_protection.c:76: undefined reference to `__stack_chk_guard'
build/obj/memory_protection.o: In function `mpu_init':
/home/acse-lab/ele313-ts/Project//../e-puck2_main-processor/src/memory_protection.c:99: undefined reference to `__stack_chk_fail'
/home/acse-lab/ele313-ts/Project//../e-puck2_main-processor/src/memory_protection.c:99: undefined reference to `__stack_chk_guard'
build/obj/memory_protection.o: In function `MemManage_Handler':
/home/acse-lab/ele313-ts/Project//../e-puck2_main-processor/src/memory_protection.c:129: undefined reference to `__stack_chk_fail'
/home/acse-lab/ele313-ts/Project//../e-puck2_main-processor/src/memory_protection.c:129: undefined reference to `__stack_chk_guard'
build/obj/motors.o: In function `right_motor_update':
/home/acse-lab/ele313-ts/Project//../e-puck2_main-processor/src/motors.c:58: undefined reference to `__stack_chk_fail'
/home/acse-lab/ele313-ts/Project//../e-puck2_main-processor/src/motors.c:58: undefined reference to `__stack_chk_guard'
build/obj/motors.o: In function `left_motor_update':
/home/acse-lab/ele313-ts/Project//../e-puck2_main-processor/src/motors.c:73: undefined reference to `__stack_chk_fail'
/home/acse-lab/ele313-ts/Project//../e-puck2_main-processor/src/motors.c:73: undefined reference to `__stack_chk_guard'
build/obj/motors.o: In function `right_motor_pwm_ch1_cb':
/home/acse-lab/ele313-ts/Project//../e-puck2_main-processor/src/motors.c:138: undefined reference to `__stack_chk_fail'
/home/acse-lab/ele313-ts/Project//../e-puck2_main-processor/src/motors.c:138: undefined reference to `__stack_chk_guard'
build/obj/motors.o: In function `left_motor_pwm_ch1_cb':
/home/acse-lab/ele313-ts/Project//../e-puck2_main-processor/src/motors.c:153: undefined reference to `__stack_chk_fail'
/home/acse-lab/ele313-ts/Project//../e-puck2_main-processor/src/motors.c:153: undefined reference to `__stack_chk_guard'
build/obj/motors.o: In function `right_motor_enable_power_save':
/home/acse-lab/ele313-ts/Project//../e-puck2_main-processor/src/motors.c:162: undefined reference to `__stack_chk_fail'
/home/acse-lab/ele313-ts/Project//../e-puck2_main-processor/src/motors.c:162: undefined reference to `__stack_chk_guard'
build/obj/motors.o: In function `left_motor_enable_power_save':
/home/acse-lab/ele313-ts/Project//../e-puck2_main-processor/src/motors.c:172: undefined reference to `__stack_chk_fail'
/home/acse-lab/ele313-ts/Project//../e-puck2_main-processor/src/motors.c:172: undefined reference to `__stack_chk_guard'
build/obj/motors.o: In function `right_motor_disable_power_save':
/home/acse-lab/ele313-ts/Project//../e-puck2_main-processor/src/motors.c:179: undefined reference to `__stack_chk_fail'
/home/acse-lab/ele313-ts/Project//../e-puck2_main-processor/src/motors.c:179: undefined reference to `__stack_chk_guard'
build/obj/motors.o: In function `left_motor_disable_power_save':
/home/acse-lab/ele313-ts/Project//../e-puck2_main-processor/src/motors.c:186: undefined reference to `__stack_chk_fail'
/home/acse-lab/ele313-ts/Project//../e-puck2_main-processor/src/motors.c:186: undefined reference to `__stack_chk_guard'
build/obj/motors.o: In function `right_motor_timer_callback':
/home/acse-lab/ele313-ts/Project//../e-puck2_main-processor/src/motors.c:98: undefined reference to `__stack_chk_fail'
/home/acse-lab/ele313-ts/Project//../e-puck2_main-processor/src/motors.c:98: undefined reference to `__stack_chk_guard'
build/obj/motors.o: In function `left_motor_timer_callback':
/home/acse-lab/ele313-ts/Project//../e-puck2_main-processor/src/motors.c:123: undefined reference to `__stack_chk_fail'
/home/acse-lab/ele313-ts/Project//../e-puck2_main-processor/src/motors.c:123: undefined reference to `__stack_chk_guard'
build/obj/motors.o: In function `motors_init':
/home/acse-lab/ele313-ts/Project//../e-puck2_main-processor/src/motors.c:280: undefined reference to `__stack_chk_fail'
/home/acse-lab/ele313-ts/Project//../e-puck2_main-processor/src/motors.c:280: undefined reference to `__stack_chk_guard'
build/obj/motors.o: In function `motor_set_speed':
/home/acse-lab/ele313-ts/Project//../e-puck2_main-processor/src/motors.c:334: undefined reference to `__stack_chk_fail'
/home/acse-lab/ele313-ts/Project//../e-puck2_main-processor/src/motors.c:319: undefined reference to `__stack_chk_guard'
build/obj/motors.o: In function `left_motor_set_speed':
/home/acse-lab/ele313-ts/Project//../e-puck2_main-processor/src/motors.c:198: undefined reference to `__stack_chk_fail'
/home/acse-lab/ele313-ts/Project//../e-puck2_main-processor/src/motors.c:198: undefined reference to `__stack_chk_guard'
build/obj/motors.o: In function `right_motor_set_speed':
/home/acse-lab/ele313-ts/Project//../e-puck2_main-processor/src/motors.c:206: undefined reference to `__stack_chk_fail'
/home/acse-lab/ele313-ts/Project//../e-puck2_main-processor/src/motors.c:206: undefined reference to `__stack_chk_guard'
build/obj/panic.o: In function `panic_handler':
/home/acse-lab/ele313-ts/Project//../e-puck2_main-processor/src/panic.c:13: undefined reference to `__stack_chk_guard'
build/obj/proximity.o: In function `pwm_reset_cb':
/home/acse-lab/ele313-ts/Project//../e-puck2_main-processor/src/sensors/proximity.c:278: undefined reference to `__stack_chk_fail'
/home/acse-lab/ele313-ts/Project//../e-puck2_main-processor/src/sensors/proximity.c:278: undefined reference to `__stack_chk_guard'
build/obj/proximity.o: In function `pwm_ch1_cb':
/home/acse-lab/ele313-ts/Project//../e-puck2_main-processor/src/sensors/proximity.c:294: undefined reference to `__stack_chk_fail'
/home/acse-lab/ele313-ts/Project//../e-puck2_main-processor/src/sensors/proximity.c:294: undefined reference to `__stack_chk_guard'
build/obj/proximity.o: In function `proximity_thd':
/home/acse-lab/ele313-ts/Project//../e-puck2_main-processor/src/sensors/proximity.c:235: undefined reference to `__stack_chk_fail'
/home/acse-lab/ele313-ts/Project//../e-puck2_main-processor/src/sensors/proximity.c:235: undefined reference to `__stack_chk_guard'
build/obj/proximity.o: In function `adc_cb':
/home/acse-lab/ele313-ts/Project//../e-puck2_main-processor/src/sensors/proximity.c:94: undefined reference to `__stack_chk_fail'
/home/acse-lab/ele313-ts/Project//../e-puck2_main-processor/src/sensors/proximity.c:94: undefined reference to `__stack_chk_guard'
build/obj/proximity.o: In function `proximity_start':
/home/acse-lab/ele313-ts/Project//../e-puck2_main-processor/src/sensors/proximity.c:350: undefined reference to `__stack_chk_fail'
/home/acse-lab/ele313-ts/Project//../e-puck2_main-processor/src/sensors/proximity.c:350: undefined reference to `__stack_chk_guard'
build/obj/proximity.o: In function `calibrate_ir':
/home/acse-lab/ele313-ts/Project//../e-puck2_main-processor/src/sensors/proximity.c:375: undefined reference to `__stack_chk_fail'
/home/acse-lab/ele313-ts/Project//../e-puck2_main-processor/src/sensors/proximity.c:375: undefined reference to `__stack_chk_guard'
build/obj/proximity.o: In function `get_prox':
/home/acse-lab/ele313-ts/Project//../e-puck2_main-processor/src/sensors/proximity.c:383: undefined reference to `__stack_chk_fail'
/home/acse-lab/ele313-ts/Project//../e-puck2_main-processor/src/sensors/proximity.c:383: undefined reference to `__stack_chk_guard'
build/obj/serial_comm.o: In function `serial_listener_thd':
/home/acse-lab/ele313-ts/Project//../e-puck2_main-processor/src/serial_comm.c:25: undefined reference to `__stack_chk_guard'
build/obj/serial_comm.o: In function `serial_start':
/home/acse-lab/ele313-ts/Project//../e-puck2_main-processor/src/serial_comm.c:53: undefined reference to `__stack_chk_fail'
/home/acse-lab/ele313-ts/Project//../e-puck2_main-processor/src/serial_comm.c:53: undefined reference to `__stack_chk_guard'
build/obj/spi_comm.o: In function `spi_thread':
/home/acse-lab/ele313-ts/Project//../e-puck2_main-processor/src/spi_comm.c:157: undefined reference to `__stack_chk_guard'
build/obj/spi_comm.o: In function `spi_comm_start':
/home/acse-lab/ele313-ts/Project//../e-puck2_main-processor/src/spi_comm.c:209: undefined reference to `__stack_chk_fail'
/home/acse-lab/ele313-ts/Project//../e-puck2_main-processor/src/spi_comm.c:209: undefined reference to `__stack_chk_guard'
build/obj/spi_comm.o: In function `spi_rgb_setting_enable':
/home/acse-lab/ele313-ts/Project//../e-puck2_main-processor/src/spi_comm.c:221: undefined reference to `__stack_chk_fail'
/home/acse-lab/ele313-ts/Project//../e-puck2_main-processor/src/spi_comm.c:221: undefined reference to `__stack_chk_guard'
build/obj/spi_comm.o: In function `spi_rgb_setting_is_enabled':
/home/acse-lab/ele313-ts/Project//../e-puck2_main-processor/src/spi_comm.c:229: undefined reference to `__stack_chk_fail'
/home/acse-lab/ele313-ts/Project//../e-puck2_main-processor/src/spi_comm.c:229: undefined reference to `__stack_chk_guard'
build/obj/malloc_lock.o: In function `__malloc_lock':
/home/acse-lab/ele313-ts/Project//../e-puck2_main-processor/src/chibios-syscalls/malloc_lock.c:13: undefined reference to `__stack_chk_fail'
/home/acse-lab/ele313-ts/Project//../e-puck2_main-processor/src/chibios-syscalls/malloc_lock.c:13: undefined reference to `__stack_chk_guard'
build/obj/malloc_lock.o: In function `__malloc_unlock':
/home/acse-lab/ele313-ts/Project//../e-puck2_main-processor/src/chibios-syscalls/malloc_lock.c:19: undefined reference to `__stack_chk_fail'
/home/acse-lab/ele313-ts/Project//../e-puck2_main-processor/src/chibios-syscalls/malloc_lock.c:19: undefined reference to `__stack_chk_guard'
build/obj/newlib_syscalls.o: In function `_sbrk_r':
/home/acse-lab/ele313-ts/Project//../e-puck2_main-processor/src/chibios-syscalls/newlib_syscalls.c:85: undefined reference to `__stack_chk_fail'
/home/acse-lab/ele313-ts/Project//../e-puck2_main-processor/src/chibios-syscalls/newlib_syscalls.c:85: undefined reference to `__stack_chk_guard'
build/obj/newlib_syscalls.o: In function `_fini':
/home/acse-lab/ele313-ts/Project//../e-puck2_main-processor/src/chibios-syscalls/newlib_syscalls.c:109: undefined reference to `__stack_chk_fail'
/home/acse-lab/ele313-ts/Project//../e-puck2_main-processor/src/chibios-syscalls/newlib_syscalls.c:109: undefined reference to `__stack_chk_guard'
build/obj/port.o: In function `messagebus_lock_acquire':
/home/acse-lab/ele313-ts/Project//../e-puck2_main-processor/src/msgbus/examples/chibios/port.c:7: undefined reference to `__stack_chk_fail'
/home/acse-lab/ele313-ts/Project//../e-puck2_main-processor/src/msgbus/examples/chibios/port.c:7: undefined reference to `__stack_chk_guard'
build/obj/port.o: In function `messagebus_lock_release':
/home/acse-lab/ele313-ts/Project//../e-puck2_main-processor/src/msgbus/examples/chibios/port.c:13: undefined reference to `__stack_chk_fail'
/home/acse-lab/ele313-ts/Project//../e-puck2_main-processor/src/msgbus/examples/chibios/port.c:13: undefined reference to `__stack_chk_guard'
build/obj/port.o: In function `messagebus_condvar_broadcast':
/home/acse-lab/ele313-ts/Project//../e-puck2_main-processor/src/msgbus/examples/chibios/port.c:19: undefined reference to `__stack_chk_fail'
/home/acse-lab/ele313-ts/Project//../e-puck2_main-processor/src/msgbus/examples/chibios/port.c:19: undefined reference to `__stack_chk_guard'
build/obj/messagebus.o: In function `messagebus_init':
/home/acse-lab/ele313-ts/Project//../e-puck2_main-processor/src/msgbus/messagebus.c:21: undefined reference to `__stack_chk_fail'
/home/acse-lab/ele313-ts/Project//../e-puck2_main-processor/src/msgbus/messagebus.c:21: undefined reference to `__stack_chk_guard'
build/obj/messagebus.o: In function `messagebus_topic_init':
/home/acse-lab/ele313-ts/Project//../e-puck2_main-processor/src/msgbus/messagebus.c:31: undefined reference to `__stack_chk_fail'
/home/acse-lab/ele313-ts/Project//../e-puck2_main-processor/src/msgbus/messagebus.c:31: undefined reference to `__stack_chk_guard'
build/obj/messagebus.o: In function `messagebus_advertise_topic':
/home/acse-lab/ele313-ts/Project//../e-puck2_main-processor/src/msgbus/messagebus.c:47: undefined reference to `__stack_chk_fail'
/home/acse-lab/ele313-ts/Project//../e-puck2_main-processor/src/msgbus/messagebus.c:47: undefined reference to `__stack_chk_guard'
build/obj/messagebus.o: In function `messagebus_topic_publish':
/home/acse-lab/ele313-ts/Project//../e-puck2_main-processor/src/msgbus/messagebus.c:105: undefined reference to `__stack_chk_fail'
/home/acse-lab/ele313-ts/Project//../e-puck2_main-processor/src/msgbus/messagebus.c:105: undefined reference to `__stack_chk_guard'
build/obj/behaviors.o: In function `obstacle_avoidance_enabled':
/home/acse-lab/ele313-ts/Project//../e-puck2_main-processor/src/behaviors.c:32: undefined reference to `__stack_chk_fail'
/home/acse-lab/ele313-ts/Project//../e-puck2_main-processor/src/behaviors.c:32: undefined reference to `__stack_chk_guard'
build/obj/behaviors.o: In function `obstacle_avoidance_set_speed_left':
/home/acse-lab/ele313-ts/Project//../e-puck2_main-processor/src/behaviors.c:36: undefined reference to `__stack_chk_fail'
/home/acse-lab/ele313-ts/Project//../e-puck2_main-processor/src/behaviors.c:36: undefined reference to `__stack_chk_guard'
build/obj/behaviors.o: In function `obstacle_avoidance_set_speed_right':
/home/acse-lab/ele313-ts/Project//../e-puck2_main-processor/src/behaviors.c:40: undefined reference to `__stack_chk_fail'
/home/acse-lab/ele313-ts/Project//../e-puck2_main-processor/src/behaviors.c:40: undefined reference to `__stack_chk_guard'
build/obj/crt1.o: In function `__late_init':
crt1.c:(.text.__late_init+0x18): undefined reference to `__stack_chk_fail'
crt1.c:(.text.__late_init+0x1c): undefined reference to `__stack_chk_guard'
build/obj/crt1.o: In function `__default_exit':
/home/acse-lab/ele313-ts/Project//../e-puck2_main-processor/ChibiOS//os/common/ports/ARMCMx/compilers/GCC/crt1.c:68: undefined reference to `__stack_chk_guard'
build/obj/chsys.o: In function `_idle_thread':
/home/acse-lab/ele313-ts/Project//../e-puck2_main-processor/ChibiOS//os/rt/src/chsys.c:65: undefined reference to `__stack_chk_guard'
build/obj/chsys.o: In function `chSysInit':
/home/acse-lab/ele313-ts/Project//../e-puck2_main-processor/ChibiOS//os/rt/src/chsys.c:152: undefined reference to `__stack_chk_fail'
/home/acse-lab/ele313-ts/Project//../e-puck2_main-processor/ChibiOS//os/rt/src/chsys.c:152: undefined reference to `__stack_chk_guard'
build/obj/chsys.o: In function `chSysHalt':
/home/acse-lab/ele313-ts/Project//../e-puck2_main-processor/ChibiOS//os/rt/src/chsys.c:175: undefined reference to `__stack_chk_guard'
build/obj/chsys.o: In function `chSysTimerHandlerI':
/home/acse-lab/ele313-ts/Project//../e-puck2_main-processor/ChibiOS//os/rt/src/chsys.c:325: undefined reference to `__stack_chk_fail'
/home/acse-lab/ele313-ts/Project//../e-puck2_main-processor/ChibiOS//os/rt/src/chsys.c:325: undefined reference to `__stack_chk_guard'
build/obj/chsys.o: In function `chSysPolledDelayX':
/home/acse-lab/ele313-ts/Project//../e-puck2_main-processor/ChibiOS//os/rt/src/chsys.c:417: undefined reference to `__stack_chk_fail'
/home/acse-lab/ele313-ts/Project//../e-puck2_main-processor/ChibiOS//os/rt/src/chsys.c:417: undefined reference to `__stack_chk_guard'
build/obj/chdebug.o: In function `_dbg_check_enable':
/home/acse-lab/ele313-ts/Project//../e-puck2_main-processor/ChibiOS//os/rt/src/chdebug.c:143: undefined reference to `__stack_chk_fail'
/home/acse-lab/ele313-ts/Project//../e-puck2_main-processor/ChibiOS//os/rt/src/chdebug.c:143: undefined reference to `__stack_chk_guard'
build/obj/chdebug.o: In function `_dbg_check_lock':
/home/acse-lab/ele313-ts/Project//../e-puck2_main-processor/ChibiOS//os/rt/src/chdebug.c:156: undefined reference to `__stack_chk_fail'
/home/acse-lab/ele313-ts/Project//../e-puck2_main-processor/ChibiOS//os/rt/src/chdebug.c:156: undefined reference to `__stack_chk_guard'
build/obj/chdebug.o: In function `_dbg_check_unlock':
/home/acse-lab/ele313-ts/Project//../e-puck2_main-processor/ChibiOS//os/rt/src/chdebug.c:169: undefined reference to `__stack_chk_fail'
/home/acse-lab/ele313-ts/Project//../e-puck2_main-processor/ChibiOS//os/rt/src/chdebug.c:169: undefined reference to `__stack_chk_guard'
build/obj/chdebug.o: In function `_dbg_check_lock_from_isr':
/home/acse-lab/ele313-ts/Project//../e-puck2_main-processor/ChibiOS//os/rt/src/chdebug.c:182: undefined reference to `__stack_chk_fail'
/home/acse-lab/ele313-ts/Project//../e-puck2_main-processor/ChibiOS//os/rt/src/chdebug.c:182: undefined reference to `__stack_chk_guard'
build/obj/chdebug.o: In function `_dbg_check_unlock_from_isr':
/home/acse-lab/ele313-ts/Project//../e-puck2_main-processor/ChibiOS//os/rt/src/chdebug.c:195: undefined reference to `__stack_chk_fail'
/home/acse-lab/ele313-ts/Project//../e-puck2_main-processor/ChibiOS//os/rt/src/chdebug.c:195: undefined reference to `__stack_chk_guard'
build/obj/chdebug.o: In function `_dbg_check_enter_isr':
/home/acse-lab/ele313-ts/Project//../e-puck2_main-processor/ChibiOS//os/rt/src/chdebug.c:210: undefined reference to `__stack_chk_fail'
/home/acse-lab/ele313-ts/Project//../e-puck2_main-processor/ChibiOS//os/rt/src/chdebug.c:210: undefined reference to `__stack_chk_guard'
build/obj/chdebug.o: In function `_dbg_check_leave_isr':
/home/acse-lab/ele313-ts/Project//../e-puck2_main-processor/ChibiOS//os/rt/src/chdebug.c:225: undefined reference to `__stack_chk_fail'
/home/acse-lab/ele313-ts/Project//../e-puck2_main-processor/ChibiOS//os/rt/src/chdebug.c:225: undefined reference to `__stack_chk_guard'
build/obj/chdebug.o: In function `chDbgCheckClassI':
/home/acse-lab/ele313-ts/Project//../e-puck2_main-processor/ChibiOS//os/rt/src/chdebug.c:240: undefined reference to `__stack_chk_fail'
/home/acse-lab/ele313-ts/Project//../e-puck2_main-processor/ChibiOS//os/rt/src/chdebug.c:240: undefined reference to `__stack_chk_guard'
build/obj/chdebug.o: In function `chDbgCheckClassS':
/home/acse-lab/ele313-ts/Project//../e-puck2_main-processor/ChibiOS//os/rt/src/chdebug.c:255: undefined reference to `__stack_chk_fail'
/home/acse-lab/ele313-ts/Project//../e-puck2_main-processor/ChibiOS//os/rt/src/chdebug.c:255: undefined reference to `__stack_chk_guard'
build/obj/chdebug.o: In function `_dbg_trace_init':
/home/acse-lab/ele313-ts/Project//../e-puck2_main-processor/ChibiOS//os/rt/src/chdebug.c:268: undefined reference to `__stack_chk_fail'
/home/acse-lab/ele313-ts/Project//../e-puck2_main-processor/ChibiOS//os/rt/src/chdebug.c:268: undefined reference to `__stack_chk_guard'
build/obj/chdebug.o: In function `_dbg_trace':
/home/acse-lab/ele313-ts/Project//../e-puck2_main-processor/ChibiOS//os/rt/src/chdebug.c:287: undefined reference to `__stack_chk_fail'
/home/acse-lab/ele313-ts/Project//../e-puck2_main-processor/ChibiOS//os/rt/src/chdebug.c:287: undefined reference to `__stack_chk_guard'
build/obj/chvt.o: In function `_vt_init':
/home/acse-lab/ele313-ts/Project//../e-puck2_main-processor/ChibiOS//os/rt/src/chvt.c:71: undefined reference to `__stack_chk_fail'
/home/acse-lab/ele313-ts/Project//../e-puck2_main-processor/ChibiOS//os/rt/src/chvt.c:71: undefined reference to `__stack_chk_guard'
build/obj/chvt.o: In function `chVTDoSetI':
/home/acse-lab/ele313-ts/Project//../e-puck2_main-processor/ChibiOS//os/rt/src/chvt.c:167: undefined reference to `__stack_chk_fail'
/home/acse-lab/ele313-ts/Project//../e-puck2_main-processor/ChibiOS//os/rt/src/chvt.c:167: undefined reference to `__stack_chk_guard'
build/obj/chvt.o: In function `chVTDoResetI':
/home/acse-lab/ele313-ts/Project//../e-puck2_main-processor/ChibiOS//os/rt/src/chvt.c:255: undefined reference to `__stack_chk_fail'
/home/acse-lab/ele313-ts/Project//../e-puck2_main-processor/ChibiOS//os/rt/src/chvt.c:255: undefined reference to `__stack_chk_guard'
build/obj/chschd.o: In function `_scheduler_init':
/home/acse-lab/ele313-ts/Project//../e-puck2_main-processor/ChibiOS//os/rt/src/chschd.c:73: undefined reference to `__stack_chk_fail'
/home/acse-lab/ele313-ts/Project//../e-puck2_main-processor/ChibiOS//os/rt/src/chschd.c:73: undefined reference to `__stack_chk_guard'
build/obj/chschd.o: In function `chSchReadyI':
/home/acse-lab/ele313-ts/Project//../e-puck2_main-processor/ChibiOS//os/rt/src/chschd.c:239: undefined reference to `__stack_chk_fail'
/home/acse-lab/ele313-ts/Project//../e-puck2_main-processor/ChibiOS//os/rt/src/chschd.c:239: undefined reference to `__stack_chk_guard'
build/obj/chschd.o: In function `wakeup':
/home/acse-lab/ele313-ts/Project//../e-puck2_main-processor/ChibiOS//os/rt/src/chschd.c:307: undefined reference to `__stack_chk_fail'
/home/acse-lab/ele313-ts/Project//../e-puck2_main-processor/ChibiOS//os/rt/src/chschd.c:307: undefined reference to `__stack_chk_guard'
build/obj/chschd.o: In function `chSchGoSleepS':
/home/acse-lab/ele313-ts/Project//../e-puck2_main-processor/ChibiOS//os/rt/src/chschd.c:269: undefined reference to `__stack_chk_fail'
/home/acse-lab/ele313-ts/Project//../e-puck2_main-processor/ChibiOS//os/rt/src/chschd.c:269: undefined reference to `__stack_chk_guard'
build/obj/chschd.o: In function `chSchGoSleepTimeoutS':
/home/acse-lab/ele313-ts/Project//../e-puck2_main-processor/ChibiOS//os/rt/src/chschd.c:348: undefined reference to `__stack_chk_fail'
/home/acse-lab/ele313-ts/Project//../e-puck2_main-processor/ChibiOS//os/rt/src/chschd.c:348: undefined reference to `__stack_chk_guard'
build/obj/chschd.o: In function `chSchWakeupS':
/home/acse-lab/ele313-ts/Project//../e-puck2_main-processor/ChibiOS//os/rt/src/chschd.c:391: undefined reference to `__stack_chk_fail'
/home/acse-lab/ele313-ts/Project//../e-puck2_main-processor/ChibiOS//os/rt/src/chschd.c:391: undefined reference to `__stack_chk_guard'
build/obj/chschd.o: In function `chSchIsPreemptionRequired':
/home/acse-lab/ele313-ts/Project//../e-puck2_main-processor/ChibiOS//os/rt/src/chschd.c:439: undefined reference to `__stack_chk_fail'
/home/acse-lab/ele313-ts/Project//../e-puck2_main-processor/ChibiOS//os/rt/src/chschd.c:439: undefined reference to `__stack_chk_guard'
build/obj/chschd.o: In function `chSchDoRescheduleBehind':
/home/acse-lab/ele313-ts/Project//../e-puck2_main-processor/ChibiOS//os/rt/src/chschd.c:467: undefined reference to `__stack_chk_fail'
/home/acse-lab/ele313-ts/Project//../e-puck2_main-processor/ChibiOS//os/rt/src/chschd.c:467: undefined reference to `__stack_chk_guard'
build/obj/chschd.o: In function `chSchDoRescheduleAhead':
/home/acse-lab/ele313-ts/Project//../e-puck2_main-processor/ChibiOS//os/rt/src/chschd.c:503: undefined reference to `__stack_chk_fail'
/home/acse-lab/ele313-ts/Project//../e-puck2_main-processor/ChibiOS//os/rt/src/chschd.c:503: undefined reference to `__stack_chk_guard'
build/obj/chschd.o: In function `chSchRescheduleS':
/home/acse-lab/ele313-ts/Project//../e-puck2_main-processor/ChibiOS//os/rt/src/chschd.c:409: undefined reference to `__stack_chk_fail'
/home/acse-lab/ele313-ts/Project//../e-puck2_main-processor/ChibiOS//os/rt/src/chschd.c:409: undefined reference to `__stack_chk_guard'
build/obj/chschd.o: In function `chSchDoReschedule':
/home/acse-lab/ele313-ts/Project//../e-puck2_main-processor/ChibiOS//os/rt/src/chschd.c:529: undefined reference to `__stack_chk_fail'
/home/acse-lab/ele313-ts/Project//../e-puck2_main-processor/ChibiOS//os/rt/src/chschd.c:529: undefined reference to `__stack_chk_guard'
build/obj/chthreads.o: In function `_thread_init':
/home/acse-lab/ele313-ts/Project//../e-puck2_main-processor/ChibiOS//os/rt/src/chthreads.c:133: undefined reference to `__stack_chk_fail'
/home/acse-lab/ele313-ts/Project//../e-puck2_main-processor/ChibiOS//os/rt/src/chthreads.c:133: undefined reference to `__stack_chk_guard'
build/obj/chthreads.o: In function `_thread_memfill':
/home/acse-lab/ele313-ts/Project//../e-puck2_main-processor/ChibiOS//os/rt/src/chthreads.c:150: undefined reference to `__stack_chk_fail'
/home/acse-lab/ele313-ts/Project//../e-puck2_main-processor/ChibiOS//os/rt/src/chthreads.c:150: undefined reference to `__stack_chk_guard'
build/obj/chthreads.o: In function `chThdCreateI':
/home/acse-lab/ele313-ts/Project//../e-puck2_main-processor/ChibiOS//os/rt/src/chthreads.c:189: undefined reference to `__stack_chk_fail'
/home/acse-lab/ele313-ts/Project//../e-puck2_main-processor/ChibiOS//os/rt/src/chthreads.c:189: undefined reference to `__stack_chk_guard'
build/obj/chthreads.o: In function `chThdCreateStatic':
/home/acse-lab/ele313-ts/Project//../e-puck2_main-processor/ChibiOS//os/rt/src/chthreads.c:227: undefined reference to `__stack_chk_fail'
/home/acse-lab/ele313-ts/Project//../e-puck2_main-processor/ChibiOS//os/rt/src/chthreads.c:227: undefined reference to `__stack_chk_guard'
build/obj/chthreads.o: In function `chThdSleep':
/home/acse-lab/ele313-ts/Project//../e-puck2_main-processor/ChibiOS//os/rt/src/chthreads.c:317: undefined reference to `__stack_chk_fail'
/home/acse-lab/ele313-ts/Project//../e-puck2_main-processor/ChibiOS//os/rt/src/chthreads.c:317: undefined reference to `__stack_chk_guard'
build/obj/chthreads.o: In function `chThdSleepUntilWindowed':
/home/acse-lab/ele313-ts/Project//../e-puck2_main-processor/ChibiOS//os/rt/src/chthreads.c:367: undefined reference to `__stack_chk_fail'
/home/acse-lab/ele313-ts/Project//../e-puck2_main-processor/ChibiOS//os/rt/src/chthreads.c:367: undefined reference to `__stack_chk_guard'
build/obj/chthreads.o: In function `chThdExitS':
/home/acse-lab/ele313-ts/Project//../e-puck2_main-processor/ChibiOS//os/rt/src/chthreads.c:440: undefined reference to `__stack_chk_fail'
/home/acse-lab/ele313-ts/Project//../e-puck2_main-processor/ChibiOS//os/rt/src/chthreads.c:440: undefined reference to `__stack_chk_guard'
build/obj/chthreads.o: In function `chThdExit':
/home/acse-lab/ele313-ts/Project//../e-puck2_main-processor/ChibiOS//os/rt/src/chthreads.c:400: undefined reference to `__stack_chk_fail'
/home/acse-lab/ele313-ts/Project//../e-puck2_main-processor/ChibiOS//os/rt/src/chthreads.c:400: undefined reference to `__stack_chk_guard'
build/obj/chthreads.o: In function `chThdSuspendS':
/home/acse-lab/ele313-ts/Project//../e-puck2_main-processor/ChibiOS//os/rt/src/chthreads.c:521: undefined reference to `__stack_chk_fail'
/home/acse-lab/ele313-ts/Project//../e-puck2_main-processor/ChibiOS//os/rt/src/chthreads.c:521: undefined reference to `__stack_chk_guard'
build/obj/chthreads.o: In function `chThdResumeI':
/home/acse-lab/ele313-ts/Project//../e-puck2_main-processor/ChibiOS//os/rt/src/chthreads.c:579: undefined reference to `__stack_chk_fail'
/home/acse-lab/ele313-ts/Project//../e-puck2_main-processor/ChibiOS//os/rt/src/chthreads.c:579: undefined reference to `__stack_chk_guard'
build/obj/chthreads.o: In function `chThdEnqueueTimeoutS':
/home/acse-lab/ele313-ts/Project//../e-puck2_main-processor/ChibiOS//os/rt/src/chthreads.c:653: undefined reference to `__stack_chk_fail'
/home/acse-lab/ele313-ts/Project//../e-puck2_main-processor/ChibiOS//os/rt/src/chthreads.c:653: undefined reference to `__stack_chk_guard'
build/obj/chthreads.o: In function `chThdDequeueNextI':
/home/acse-lab/ele313-ts/Project//../e-puck2_main-processor/ChibiOS//os/rt/src/chthreads.c:669: undefined reference to `__stack_chk_fail'
/home/acse-lab/ele313-ts/Project//../e-puck2_main-processor/ChibiOS//os/rt/src/chthreads.c:669: undefined reference to `__stack_chk_guard'
build/obj/chthreads.o: In function `chThdDequeueAllI':
/home/acse-lab/ele313-ts/Project//../e-puck2_main-processor/ChibiOS//os/rt/src/chthreads.c:684: undefined reference to `__stack_chk_fail'
/home/acse-lab/ele313-ts/Project//../e-puck2_main-processor/ChibiOS//os/rt/src/chthreads.c:684: undefined reference to `__stack_chk_guard'
build/obj/chtm.o: In function `chTMObjectInit':
/home/acse-lab/ele313-ts/Project//../e-puck2_main-processor/ChibiOS//os/rt/src/chtm.c:106: undefined reference to `__stack_chk_fail'
/home/acse-lab/ele313-ts/Project//../e-puck2_main-processor/ChibiOS//os/rt/src/chtm.c:106: undefined reference to `__stack_chk_guard'
build/obj/chtm.o: In function `chTMStartMeasurementX':
/home/acse-lab/ele313-ts/Project//../e-puck2_main-processor/ChibiOS//os/rt/src/chtm.c:119: undefined reference to `__stack_chk_fail'
/home/acse-lab/ele313-ts/Project//../e-puck2_main-processor/ChibiOS//os/rt/src/chtm.c:119: undefined reference to `__stack_chk_guard'
build/obj/chtm.o: In function `chTMStopMeasurementX':
/home/acse-lab/ele313-ts/Project//../e-puck2_main-processor/ChibiOS//os/rt/src/chtm.c:132: undefined reference to `__stack_chk_fail'
/home/acse-lab/ele313-ts/Project//../e-puck2_main-processor/ChibiOS//os/rt/src/chtm.c:132: undefined reference to `__stack_chk_guard'
build/obj/chtm.o: In function `_tm_init':
/home/acse-lab/ele313-ts/Project//../e-puck2_main-processor/ChibiOS//os/rt/src/chtm.c:90: undefined reference to `__stack_chk_fail'
/home/acse-lab/ele313-ts/Project//../e-puck2_main-processor/ChibiOS//os/rt/src/chtm.c:90: undefined reference to `__stack_chk_guard'
build/obj/chtm.o: In function `chTMChainMeasurementToX':
/home/acse-lab/ele313-ts/Project//../e-puck2_main-processor/ChibiOS//os/rt/src/chtm.c:154: undefined reference to `__stack_chk_fail'
/home/acse-lab/ele313-ts/Project//../e-puck2_main-processor/ChibiOS//os/rt/src/chtm.c:154: undefined reference to `__stack_chk_guard'
build/obj/chstats.o: In function `_stats_init':
/home/acse-lab/ele313-ts/Project//../e-puck2_main-processor/ChibiOS//os/rt/src/chstats.c:67: undefined reference to `__stack_chk_fail'
/home/acse-lab/ele313-ts/Project//../e-puck2_main-processor/ChibiOS//os/rt/src/chstats.c:67: undefined reference to `__stack_chk_guard'
build/obj/chstats.o: In function `_stats_increase_irq':
/home/acse-lab/ele313-ts/Project//../e-puck2_main-processor/ChibiOS//os/rt/src/chstats.c:76: undefined reference to `__stack_chk_fail'
/home/acse-lab/ele313-ts/Project//../e-puck2_main-processor/ChibiOS//os/rt/src/chstats.c:76: undefined reference to `__stack_chk_guard'
build/obj/chstats.o: In function `_stats_ctxswc':
/home/acse-lab/ele313-ts/Project//../e-puck2_main-processor/ChibiOS//os/rt/src/chstats.c:87: undefined reference to `__stack_chk_fail'
/home/acse-lab/ele313-ts/Project//../e-puck2_main-processor/ChibiOS//os/rt/src/chstats.c:87: undefined reference to `__stack_chk_guard'
build/obj/chstats.o: In function `_stats_start_measure_crit_thd':
/home/acse-lab/ele313-ts/Project//../e-puck2_main-processor/ChibiOS//os/rt/src/chstats.c:95: undefined reference to `__stack_chk_fail'
/home/acse-lab/ele313-ts/Project//../e-puck2_main-processor/ChibiOS//os/rt/src/chstats.c:95: undefined reference to `__stack_chk_guard'
build/obj/chstats.o: In function `_stats_stop_measure_crit_thd':
/home/acse-lab/ele313-ts/Project//../e-puck2_main-processor/ChibiOS//os/rt/src/chstats.c:103: undefined reference to `__stack_chk_fail'
/home/acse-lab/ele313-ts/Project//../e-puck2_main-processor/ChibiOS//os/rt/src/chstats.c:103: undefined reference to `__stack_chk_guard'
build/obj/chstats.o: In function `_stats_start_measure_crit_isr':
/home/acse-lab/ele313-ts/Project//../e-puck2_main-processor/ChibiOS//os/rt/src/chstats.c:111: undefined reference to `__stack_chk_fail'
/home/acse-lab/ele313-ts/Project//../e-puck2_main-processor/ChibiOS//os/rt/src/chstats.c:111: undefined reference to `__stack_chk_guard'
build/obj/chstats.o: In function `_stats_stop_measure_crit_isr':
/home/acse-lab/ele313-ts/Project//../e-puck2_main-processor/ChibiOS//os/rt/src/chstats.c:119: undefined reference to `__stack_chk_fail'
/home/acse-lab/ele313-ts/Project//../e-puck2_main-processor/ChibiOS//os/rt/src/chstats.c:119: undefined reference to `__stack_chk_guard'
build/obj/chsem.o: In function `chSemWaitS':
/home/acse-lab/ele313-ts/Project//../e-puck2_main-processor/ChibiOS//os/rt/src/chsem.c:214: undefined reference to `__stack_chk_fail'
/home/acse-lab/ele313-ts/Project//../e-puck2_main-processor/ChibiOS//os/rt/src/chsem.c:214: undefined reference to `__stack_chk_guard'
build/obj/chsem.o: In function `chSemWait':
/home/acse-lab/ele313-ts/Project//../e-puck2_main-processor/ChibiOS//os/rt/src/chsem.c:183: undefined reference to `__stack_chk_fail'
/home/acse-lab/ele313-ts/Project//../e-puck2_main-processor/ChibiOS//os/rt/src/chsem.c:183: undefined reference to `__stack_chk_guard'
build/obj/chsem.o: In function `chSemSignalI':
/home/acse-lab/ele313-ts/Project//../e-puck2_main-processor/ChibiOS//os/rt/src/chsem.c:334: undefined reference to `__stack_chk_fail'
/home/acse-lab/ele313-ts/Project//../e-puck2_main-processor/ChibiOS//os/rt/src/chsem.c:334: undefined reference to `__stack_chk_guard'
build/obj/chmtx.o: In function `chMtxObjectInit':
/home/acse-lab/ele313-ts/Project//../e-puck2_main-processor/ChibiOS//os/rt/src/chmtx.c:112: undefined reference to `__stack_chk_fail'
/home/acse-lab/ele313-ts/Project//../e-puck2_main-processor/ChibiOS//os/rt/src/chmtx.c:112: undefined reference to `__stack_chk_guard'
build/obj/chmtx.o: In function `chMtxLockS':
/home/acse-lab/ele313-ts/Project//../e-puck2_main-processor/ChibiOS//os/rt/src/chmtx.c:236: undefined reference to `__stack_chk_fail'
/home/acse-lab/ele313-ts/Project//../e-puck2_main-processor/ChibiOS//os/rt/src/chmtx.c:236: undefined reference to `__stack_chk_guard'
build/obj/chmtx.o: In function `chMtxLock':
/home/acse-lab/ele313-ts/Project//../e-puck2_main-processor/ChibiOS//os/rt/src/chmtx.c:128: undefined reference to `__stack_chk_fail'
/home/acse-lab/ele313-ts/Project//../e-puck2_main-processor/ChibiOS//os/rt/src/chmtx.c:128: undefined reference to `__stack_chk_guard'
build/obj/chmtx.o: In function `chMtxUnlock':
/home/acse-lab/ele313-ts/Project//../e-puck2_main-processor/ChibiOS//os/rt/src/chmtx.c:388: undefined reference to `__stack_chk_fail'
/home/acse-lab/ele313-ts/Project//../e-puck2_main-processor/ChibiOS//os/rt/src/chmtx.c:388: undefined reference to `__stack_chk_guard'
build/obj/chmtx.o: In function `chMtxUnlockS':
/home/acse-lab/ele313-ts/Project//../e-puck2_main-processor/ChibiOS//os/rt/src/chmtx.c:466: undefined reference to `__stack_chk_fail'
/home/acse-lab/ele313-ts/Project//../e-puck2_main-processor/ChibiOS//os/rt/src/chmtx.c:466: undefined reference to `__stack_chk_guard'
build/obj/chcond.o: In function `chCondBroadcastI':
/home/acse-lab/ele313-ts/Project//../e-puck2_main-processor/ChibiOS//os/rt/src/chcond.c:160: undefined reference to `__stack_chk_fail'
/home/acse-lab/ele313-ts/Project//../e-puck2_main-processor/ChibiOS//os/rt/src/chcond.c:160: undefined reference to `__stack_chk_guard'
build/obj/chcond.o: In function `chCondBroadcast':
/home/acse-lab/ele313-ts/Project//../e-puck2_main-processor/ChibiOS//os/rt/src/chcond.c:136: undefined reference to `__stack_chk_fail'
/home/acse-lab/ele313-ts/Project//../e-puck2_main-processor/ChibiOS//os/rt/src/chcond.c:136: undefined reference to `__stack_chk_guard'
build/obj/chcond.o: In function `chCondWaitS':
/home/acse-lab/ele313-ts/Project//../e-puck2_main-processor/ChibiOS//os/rt/src/chcond.c:227: undefined reference to `__stack_chk_fail'
/home/acse-lab/ele313-ts/Project//../e-puck2_main-processor/ChibiOS//os/rt/src/chcond.c:227: undefined reference to `__stack_chk_guard'
build/obj/chcond.o: In function `chCondWait':
/home/acse-lab/ele313-ts/Project//../e-puck2_main-processor/ChibiOS//os/rt/src/chcond.c:186: undefined reference to `__stack_chk_fail'
/home/acse-lab/ele313-ts/Project//../e-puck2_main-processor/ChibiOS//os/rt/src/chcond.c:186: undefined reference to `__stack_chk_guard'
build/obj/chevents.o: In function `chEvtRegisterMaskWithFlags':
/home/acse-lab/ele313-ts/Project//../e-puck2_main-processor/ChibiOS//os/rt/src/chevents.c:118: undefined reference to `__stack_chk_fail'
/home/acse-lab/ele313-ts/Project//../e-puck2_main-processor/ChibiOS//os/rt/src/chevents.c:118: undefined reference to `__stack_chk_guard'
build/obj/chevents.o: In function `chEvtGetAndClearFlags':
/home/acse-lab/ele313-ts/Project//../e-puck2_main-processor/ChibiOS//os/rt/src/chevents.c:250: undefined reference to `__stack_chk_fail'
/home/acse-lab/ele313-ts/Project//../e-puck2_main-processor/ChibiOS//os/rt/src/chevents.c:250: undefined reference to `__stack_chk_guard'
build/obj/chevents.o: In function `chEvtSignalI':
/home/acse-lab/ele313-ts/Project//../e-puck2_main-processor/ChibiOS//os/rt/src/chevents.c:296: undefined reference to `__stack_chk_fail'
/home/acse-lab/ele313-ts/Project//../e-puck2_main-processor/ChibiOS//os/rt/src/chevents.c:296: undefined reference to `__stack_chk_guard'
build/obj/chevents.o: In function `chEvtBroadcastFlagsI':
/home/acse-lab/ele313-ts/Project//../e-puck2_main-processor/ChibiOS//os/rt/src/chevents.c:228: undefined reference to `__stack_chk_fail'
/home/acse-lab/ele313-ts/Project//../e-puck2_main-processor/ChibiOS//os/rt/src/chevents.c:228: undefined reference to `__stack_chk_guard'
build/obj/chevents.o: In function `chEvtWaitAny':
/home/acse-lab/ele313-ts/Project//../e-puck2_main-processor/ChibiOS//os/rt/src/chevents.c:428: undefined reference to `__stack_chk_fail'
/home/acse-lab/ele313-ts/Project//../e-puck2_main-processor/ChibiOS//os/rt/src/chevents.c:428: undefined reference to `__stack_chk_guard'
build/obj/chqueues.o: In function `chIQObjectInit':
/home/acse-lab/ele313-ts/Project//../e-puck2_main-processor/ChibiOS//os/rt/src/chqueues.c:98: undefined reference to `__stack_chk_fail'
/home/acse-lab/ele313-ts/Project//../e-puck2_main-processor/ChibiOS//os/rt/src/chqueues.c:98: undefined reference to `__stack_chk_guard'
build/obj/chqueues.o: In function `chIQPutI':
/home/acse-lab/ele313-ts/Project//../e-puck2_main-processor/ChibiOS//os/rt/src/chqueues.c:151: undefined reference to `__stack_chk_fail'
/home/acse-lab/ele313-ts/Project//../e-puck2_main-processor/ChibiOS//os/rt/src/chqueues.c:151: undefined reference to `__stack_chk_guard'
build/obj/chqueues.o: In function `chIQGetTimeout':
/home/acse-lab/ele313-ts/Project//../e-puck2_main-processor/ChibiOS//os/rt/src/chqueues.c:197: undefined reference to `__stack_chk_fail'
/home/acse-lab/ele313-ts/Project//../e-puck2_main-processor/ChibiOS//os/rt/src/chqueues.c:197: undefined reference to `__stack_chk_guard'
build/obj/chqueues.o: In function `chIQReadTimeout':
/home/acse-lab/ele313-ts/Project//../e-puck2_main-processor/ChibiOS//os/rt/src/chqueues.c:257: undefined reference to `__stack_chk_fail'
/home/acse-lab/ele313-ts/Project//../e-puck2_main-processor/ChibiOS//os/rt/src/chqueues.c:257: undefined reference to `__stack_chk_guard'
build/obj/chqueues.o: In function `chOQObjectInit':
/home/acse-lab/ele313-ts/Project//../e-puck2_main-processor/ChibiOS//os/rt/src/chqueues.c:286: undefined reference to `__stack_chk_fail'
/home/acse-lab/ele313-ts/Project//../e-puck2_main-processor/ChibiOS//os/rt/src/chqueues.c:286: undefined reference to `__stack_chk_guard'
build/obj/chqueues.o: In function `chOQPutTimeout':
/home/acse-lab/ele313-ts/Project//../e-puck2_main-processor/ChibiOS//os/rt/src/chqueues.c:354: undefined reference to `__stack_chk_fail'
/home/acse-lab/ele313-ts/Project//../e-puck2_main-processor/ChibiOS//os/rt/src/chqueues.c:354: undefined reference to `__stack_chk_guard'
build/obj/chqueues.o: In function `chOQGetI':
/home/acse-lab/ele313-ts/Project//../e-puck2_main-processor/ChibiOS//os/rt/src/chqueues.c:384: undefined reference to `__stack_chk_fail'
/home/acse-lab/ele313-ts/Project//../e-puck2_main-processor/ChibiOS//os/rt/src/chqueues.c:384: undefined reference to `__stack_chk_guard'
build/obj/chqueues.o: In function `chOQWriteTimeout':
/home/acse-lab/ele313-ts/Project//../e-puck2_main-processor/ChibiOS//os/rt/src/chqueues.c:443: undefined reference to `__stack_chk_fail'
/home/acse-lab/ele313-ts/Project//../e-puck2_main-processor/ChibiOS//os/rt/src/chqueues.c:443: undefined reference to `__stack_chk_guard'
build/obj/chmemcore.o: In function `_core_init':
/home/acse-lab/ele313-ts/Project//../e-puck2_main-processor/ChibiOS//os/rt/src/chmemcore.c:95: undefined reference to `__stack_chk_fail'
/home/acse-lab/ele313-ts/Project//../e-puck2_main-processor/ChibiOS//os/rt/src/chmemcore.c:95: undefined reference to `__stack_chk_guard'
build/obj/chmemcore.o: In function `chCoreAlloc':
/home/acse-lab/ele313-ts/Project//../e-puck2_main-processor/ChibiOS//os/rt/src/chmemcore.c:117: undefined reference to `__stack_chk_fail'
/home/acse-lab/ele313-ts/Project//../e-puck2_main-processor/ChibiOS//os/rt/src/chmemcore.c:117: undefined reference to `__stack_chk_guard'
build/obj/chheap.o: In function `_heap_init':
/home/acse-lab/ele313-ts/Project//../e-puck2_main-processor/ChibiOS//os/rt/src/chheap.c:97: undefined reference to `__stack_chk_fail'
/home/acse-lab/ele313-ts/Project//../e-puck2_main-processor/ChibiOS//os/rt/src/chheap.c:97: undefined reference to `__stack_chk_guard'
build/obj/chcore_v7m.o: In function `SVC_Handler':
/home/acse-lab/ele313-ts/Project//../e-puck2_main-processor/ChibiOS//os/rt/ports/ARMCMx/chcore_v7m.c:83: undefined reference to `__stack_chk_fail'
/home/acse-lab/ele313-ts/Project//../e-puck2_main-processor/ChibiOS//os/rt/ports/ARMCMx/chcore_v7m.c:83: undefined reference to `__stack_chk_guard'
build/obj/chcore_v7m.o: In function `_port_irq_epilogue':
/home/acse-lab/ele313-ts/Project//../e-puck2_main-processor/ChibiOS//os/rt/ports/ARMCMx/chcore_v7m.c:166: undefined reference to `__stack_chk_fail'
/home/acse-lab/ele313-ts/Project//../e-puck2_main-processor/ChibiOS//os/rt/ports/ARMCMx/chcore_v7m.c:166: undefined reference to `__stack_chk_guard'
build/obj/hal.o: In function `halInit':
/home/acse-lab/ele313-ts/Project//../e-puck2_main-processor/ChibiOS//os/hal/src/hal.c:137: undefined reference to `__stack_chk_fail'
/home/acse-lab/ele313-ts/Project//../e-puck2_main-processor/ChibiOS//os/hal/src/hal.c:137: undefined reference to `__stack_chk_guard'
build/obj/hal_mmcsd.o: In function `_mmcsd_get_slice':
/home/acse-lab/ele313-ts/Project//../e-puck2_main-processor/ChibiOS//os/hal/src/hal_mmcsd.c:80: undefined reference to `__stack_chk_fail'
/home/acse-lab/ele313-ts/Project//../e-puck2_main-processor/ChibiOS//os/hal/src/hal_mmcsd.c:80: undefined reference to `__stack_chk_guard'
build/obj/hal_mmcsd.o: In function `_mmcsd_get_capacity':
/home/acse-lab/ele313-ts/Project//../e-puck2_main-processor/ChibiOS//os/hal/src/hal_mmcsd.c:113: undefined reference to `__stack_chk_fail'
/home/acse-lab/ele313-ts/Project//../e-puck2_main-processor/ChibiOS//os/hal/src/hal_mmcsd.c:113: undefined reference to `__stack_chk_guard'
build/obj/hal_mmcsd.o: In function `_mmcsd_get_capacity_ext':
/home/acse-lab/ele313-ts/Project//../e-puck2_main-processor/ChibiOS//os/hal/src/hal_mmcsd.c:133: undefined reference to `__stack_chk_fail'
/home/acse-lab/ele313-ts/Project//../e-puck2_main-processor/ChibiOS//os/hal/src/hal_mmcsd.c:133: undefined reference to `__stack_chk_guard'
build/obj/adc.o: In function `adcInit':
/home/acse-lab/ele313-ts/Project//../e-puck2_main-processor/ChibiOS//os/hal/src/adc.c:58: undefined reference to `__stack_chk_fail'
/home/acse-lab/ele313-ts/Project//../e-puck2_main-processor/ChibiOS//os/hal/src/adc.c:58: undefined reference to `__stack_chk_guard'
build/obj/adc.o: In function `osalMutexObjectInit':
/home/acse-lab/ele313-ts/Project//../e-puck2_main-processor/ChibiOS//os/hal/osal/rt/osal.h:841: undefined reference to `__stack_chk_fail'
/home/acse-lab/ele313-ts/Project//../e-puck2_main-processor/ChibiOS//os/hal/osal/rt/osal.h:841: undefined reference to `__stack_chk_guard'
build/obj/adc.o: In function `adcStart':
/home/acse-lab/ele313-ts/Project//../e-puck2_main-processor/ChibiOS//os/hal/src/adc.c:106: undefined reference to `__stack_chk_fail'
/home/acse-lab/ele313-ts/Project//../e-puck2_main-processor/ChibiOS//os/hal/src/adc.c:106: undefined reference to `__stack_chk_guard'
build/obj/adc.o: In function `adcStartConversionI':
/home/acse-lab/ele313-ts/Project//../e-puck2_main-processor/ChibiOS//os/hal/src/adc.c:188: undefined reference to `__stack_chk_fail'
/home/acse-lab/ele313-ts/Project//../e-puck2_main-processor/ChibiOS//os/hal/src/adc.c:188: undefined reference to `__stack_chk_guard'
build/obj/adc.o: In function `adcStartConversion':
/home/acse-lab/ele313-ts/Project//../e-puck2_main-processor/ChibiOS//os/hal/src/adc.c:151: undefined reference to `__stack_chk_fail'
/home/acse-lab/ele313-ts/Project//../e-puck2_main-processor/ChibiOS//os/hal/src/adc.c:151: undefined reference to `__stack_chk_guard'
build/obj/can.o: In function `canInit':
/home/acse-lab/ele313-ts/Project//../e-puck2_main-processor/ChibiOS//os/hal/src/can.c:58: undefined reference to `__stack_chk_fail'
/home/acse-lab/ele313-ts/Project//../e-puck2_main-processor/ChibiOS//os/hal/src/can.c:58: undefined reference to `__stack_chk_guard'
build/obj/can.o: In function `canObjectInit':
/home/acse-lab/ele313-ts/Project//../e-puck2_main-processor/ChibiOS//os/hal/src/can.c:81: undefined reference to `__stack_chk_fail'
/home/acse-lab/ele313-ts/Project//../e-puck2_main-processor/ChibiOS//os/hal/src/can.c:81: undefined reference to `__stack_chk_guard'
build/obj/dac.o: In function `dacInit':
/home/acse-lab/ele313-ts/Project//../e-puck2_main-processor/ChibiOS//os/hal/src/dac.c:58: undefined reference to `__stack_chk_fail'
/home/acse-lab/ele313-ts/Project//../e-puck2_main-processor/ChibiOS//os/hal/src/dac.c:58: undefined reference to `__stack_chk_guard'
build/obj/dac.o: In function `osalMutexObjectInit':
/home/acse-lab/ele313-ts/Project//../e-puck2_main-processor/ChibiOS//os/hal/osal/rt/osal.h:841: undefined reference to `__stack_chk_fail'
/home/acse-lab/ele313-ts/Project//../e-puck2_main-processor/ChibiOS//os/hal/osal/rt/osal.h:841: undefined reference to `__stack_chk_guard'
build/obj/ext.o: In function `extInit':
/home/acse-lab/ele313-ts/Project//../e-puck2_main-processor/ChibiOS//os/hal/src/ext.c:58: undefined reference to `__stack_chk_fail'
/home/acse-lab/ele313-ts/Project//../e-puck2_main-processor/ChibiOS//os/hal/src/ext.c:58: undefined reference to `__stack_chk_guard'
build/obj/ext.o: In function `extObjectInit':
/home/acse-lab/ele313-ts/Project//../e-puck2_main-processor/ChibiOS//os/hal/src/ext.c:72: undefined reference to `__stack_chk_fail'
/home/acse-lab/ele313-ts/Project//../e-puck2_main-processor/ChibiOS//os/hal/src/ext.c:72: undefined reference to `__stack_chk_guard'
build/obj/gpt.o: In function `gptInit':
/home/acse-lab/ele313-ts/Project//../e-puck2_main-processor/ChibiOS//os/hal/src/gpt.c:58: undefined reference to `__stack_chk_fail'
/home/acse-lab/ele313-ts/Project//../e-puck2_main-processor/ChibiOS//os/hal/src/gpt.c:58: undefined reference to `__stack_chk_guard'
build/obj/gpt.o: In function `gptObjectInit':
/home/acse-lab/ele313-ts/Project//../e-puck2_main-processor/ChibiOS//os/hal/src/gpt.c:72: undefined reference to `__stack_chk_fail'
/home/acse-lab/ele313-ts/Project//../e-puck2_main-processor/ChibiOS//os/hal/src/gpt.c:72: undefined reference to `__stack_chk_guard'
build/obj/i2c.o: In function `i2cInit':
/home/acse-lab/ele313-ts/Project//../e-puck2_main-processor/ChibiOS//os/hal/src/i2c.c:61: undefined reference to `__stack_chk_fail'
/home/acse-lab/ele313-ts/Project//../e-puck2_main-processor/ChibiOS//os/hal/src/i2c.c:61: undefined reference to `__stack_chk_guard'
build/obj/i2c.o: In function `osalMutexObjectInit':
/home/acse-lab/ele313-ts/Project//../e-puck2_main-processor/ChibiOS//os/hal/osal/rt/osal.h:841: undefined reference to `__stack_chk_fail'
/home/acse-lab/ele313-ts/Project//../e-puck2_main-processor/ChibiOS//os/hal/osal/rt/osal.h:841: undefined reference to `__stack_chk_guard'
build/obj/i2s.o: In function `i2sInit':
/home/acse-lab/ele313-ts/Project//../e-puck2_main-processor/ChibiOS//os/hal/src/i2s.c:58: undefined reference to `__stack_chk_fail'
/home/acse-lab/ele313-ts/Project//../e-puck2_main-processor/ChibiOS//os/hal/src/i2s.c:58: undefined reference to `__stack_chk_guard'
build/obj/i2s.o: In function `i2sObjectInit':
/home/acse-lab/ele313-ts/Project//../e-puck2_main-processor/ChibiOS//os/hal/src/i2s.c:72: undefined reference to `__stack_chk_fail'
/home/acse-lab/ele313-ts/Project//../e-puck2_main-processor/ChibiOS//os/hal/src/i2s.c:72: undefined reference to `__stack_chk_guard'
build/obj/pwm.o: In function `pwmInit':
/home/acse-lab/ele313-ts/Project//../e-puck2_main-processor/ChibiOS//os/hal/src/pwm.c:58: undefined reference to `__stack_chk_fail'
/home/acse-lab/ele313-ts/Project//../e-puck2_main-processor/ChibiOS//os/hal/src/pwm.c:58: undefined reference to `__stack_chk_guard'
build/obj/pwm.o: In function `pwmObjectInit':
/home/acse-lab/ele313-ts/Project//../e-puck2_main-processor/ChibiOS//os/hal/src/pwm.c:77: undefined reference to `__stack_chk_fail'
/home/acse-lab/ele313-ts/Project//../e-puck2_main-processor/ChibiOS//os/hal/src/pwm.c:77: undefined reference to `__stack_chk_guard'
build/obj/pwm.o: In function `pwmStart':
/home/acse-lab/ele313-ts/Project//../e-puck2_main-processor/ChibiOS//os/hal/src/pwm.c:102: undefined reference to `__stack_chk_fail'
/home/acse-lab/ele313-ts/Project//../e-puck2_main-processor/ChibiOS//os/hal/src/pwm.c:102: undefined reference to `__stack_chk_guard'
build/obj/pwm.o: In function `pwmChangePeriod':
/home/acse-lab/ele313-ts/Project//../e-puck2_main-processor/ChibiOS//os/hal/src/pwm.c:147: undefined reference to `__stack_chk_fail'
/home/acse-lab/ele313-ts/Project//../e-puck2_main-processor/ChibiOS//os/hal/src/pwm.c:147: undefined reference to `__stack_chk_guard'
build/obj/pwm.o: In function `pwmEnableChannel':
/home/acse-lab/ele313-ts/Project//../e-puck2_main-processor/ChibiOS//os/hal/src/pwm.c:176: undefined reference to `__stack_chk_fail'
/home/acse-lab/ele313-ts/Project//../e-puck2_main-processor/ChibiOS//os/hal/src/pwm.c:176: undefined reference to `__stack_chk_guard'
build/obj/pwm.o: In function `pwmDisableChannel':
/home/acse-lab/ele313-ts/Project//../e-puck2_main-processor/ChibiOS//os/hal/src/pwm.c:203: undefined reference to `__stack_chk_fail'
/home/acse-lab/ele313-ts/Project//../e-puck2_main-processor/ChibiOS//os/hal/src/pwm.c:203: undefined reference to `__stack_chk_guard'
build/obj/pwm.o: In function `pwmEnablePeriodicNotification':
/home/acse-lab/ele313-ts/Project//../e-puck2_main-processor/ChibiOS//os/hal/src/pwm.c:226: undefined reference to `__stack_chk_fail'
/home/acse-lab/ele313-ts/Project//../e-puck2_main-processor/ChibiOS//os/hal/src/pwm.c:226: undefined reference to `__stack_chk_guard'
build/obj/pwm.o: In function `pwmEnableChannelNotification':
/home/acse-lab/ele313-ts/Project//../e-puck2_main-processor/ChibiOS//os/hal/src/pwm.c:277: undefined reference to `__stack_chk_fail'
/home/acse-lab/ele313-ts/Project//../e-puck2_main-processor/ChibiOS//os/hal/src/pwm.c:277: undefined reference to `__stack_chk_guard'
build/obj/sdc.o: In function `sdcGetInfo':
/home/acse-lab/ele313-ts/Project//../e-puck2_main-processor/ChibiOS//os/hal/src/sdc.c:934: undefined reference to `__stack_chk_fail'
/home/acse-lab/ele313-ts/Project//../e-puck2_main-processor/ChibiOS//os/hal/src/sdc.c:934: undefined reference to `__stack_chk_guard'
build/obj/sdc.o: In function `sdcConnect':
/home/acse-lab/ele313-ts/Project//../e-puck2_main-processor/ChibiOS//os/hal/src/sdc.c:744: undefined reference to `__stack_chk_fail'
build/obj/sdc.o: In function `sdc_set_bus_width':
/home/acse-lab/ele313-ts/Project//../e-puck2_main-processor/ChibiOS//os/hal/src/sdc.c:439: undefined reference to `__stack_chk_guard'
build/obj/sdc.o: In function `sdcRead':
/home/acse-lab/ele313-ts/Project//../e-puck2_main-processor/ChibiOS//os/hal/src/sdc.c:819: undefined reference to `__stack_chk_fail'
/home/acse-lab/ele313-ts/Project//../e-puck2_main-processor/ChibiOS//os/hal/src/sdc.c:819: undefined reference to `__stack_chk_guard'
build/obj/sdc.o: In function `sdcWrite':
/home/acse-lab/ele313-ts/Project//../e-puck2_main-processor/ChibiOS//os/hal/src/sdc.c:857: undefined reference to `__stack_chk_fail'
/home/acse-lab/ele313-ts/Project//../e-puck2_main-processor/ChibiOS//os/hal/src/sdc.c:857: undefined reference to `__stack_chk_guard'
build/obj/sdc.o: In function `sdcSync':
/home/acse-lab/ele313-ts/Project//../e-puck2_main-processor/ChibiOS//os/hal/src/sdc.c:908: undefined reference to `__stack_chk_fail'
/home/acse-lab/ele313-ts/Project//../e-puck2_main-processor/ChibiOS//os/hal/src/sdc.c:908: undefined reference to `__stack_chk_guard'
build/obj/sdc.o: In function `_sdc_wait_for_transfer_state':
/home/acse-lab/ele313-ts/Project//../e-puck2_main-processor/ChibiOS//os/hal/src/sdc.c:528: undefined reference to `__stack_chk_fail'
/home/acse-lab/ele313-ts/Project//../e-puck2_main-processor/ChibiOS//os/hal/src/sdc.c:528: undefined reference to `__stack_chk_guard'
build/obj/sdc.o: In function `sdcDisconnect':
/home/acse-lab/ele313-ts/Project//../e-puck2_main-processor/ChibiOS//os/hal/src/sdc.c:782: undefined reference to `__stack_chk_fail'
/home/acse-lab/ele313-ts/Project//../e-puck2_main-processor/ChibiOS//os/hal/src/sdc.c:782: undefined reference to `__stack_chk_guard'
build/obj/sdc.o: In function `sdcInit':
/home/acse-lab/ele313-ts/Project//../e-puck2_main-processor/ChibiOS//os/hal/src/sdc.c:543: undefined reference to `__stack_chk_fail'
/home/acse-lab/ele313-ts/Project//../e-puck2_main-processor/ChibiOS//os/hal/src/sdc.c:543: undefined reference to `__stack_chk_guard'
build/obj/sdc.o: In function `sdcObjectInit':
/home/acse-lab/ele313-ts/Project//../e-puck2_main-processor/ChibiOS//os/hal/src/sdc.c:560: undefined reference to `__stack_chk_fail'
/home/acse-lab/ele313-ts/Project//../e-puck2_main-processor/ChibiOS//os/hal/src/sdc.c:560: undefined reference to `__stack_chk_guard'
build/obj/serial.o: In function `readt':
/home/acse-lab/ele313-ts/Project//../e-puck2_main-processor/ChibiOS//os/hal/src/serial.c:89: undefined reference to `__stack_chk_fail'
/home/acse-lab/ele313-ts/Project//../e-puck2_main-processor/ChibiOS//os/hal/src/serial.c:89: undefined reference to `__stack_chk_guard'
build/obj/serial.o: In function `read':
/home/acse-lab/ele313-ts/Project//../e-puck2_main-processor/ChibiOS//os/hal/src/serial.c:58: undefined reference to `__stack_chk_fail'
/home/acse-lab/ele313-ts/Project//../e-puck2_main-processor/ChibiOS//os/hal/src/serial.c:58: undefined reference to `__stack_chk_guard'
build/obj/serial.o: In function `writet':
/home/acse-lab/ele313-ts/Project//../e-puck2_main-processor/ChibiOS//os/hal/src/serial.c:84: undefined reference to `__stack_chk_fail'
/home/acse-lab/ele313-ts/Project//../e-puck2_main-processor/ChibiOS//os/hal/src/serial.c:84: undefined reference to `__stack_chk_guard'
build/obj/serial.o: In function `write':
/home/acse-lab/ele313-ts/Project//../e-puck2_main-processor/ChibiOS//os/hal/src/serial.c:52: undefined reference to `__stack_chk_fail'
/home/acse-lab/ele313-ts/Project//../e-puck2_main-processor/ChibiOS//os/hal/src/serial.c:52: undefined reference to `__stack_chk_guard'
build/obj/serial.o: In function `gett':
/home/acse-lab/ele313-ts/Project//../e-puck2_main-processor/ChibiOS//os/hal/src/serial.c:79: undefined reference to `__stack_chk_fail'
/home/acse-lab/ele313-ts/Project//../e-puck2_main-processor/ChibiOS//os/hal/src/serial.c:79: undefined reference to `__stack_chk_guard'
build/obj/serial.o: In function `get':
/home/acse-lab/ele313-ts/Project//../e-puck2_main-processor/ChibiOS//os/hal/src/serial.c:69: undefined reference to `__stack_chk_fail'
/home/acse-lab/ele313-ts/Project//../e-puck2_main-processor/ChibiOS//os/hal/src/serial.c:69: undefined reference to `__stack_chk_guard'
build/obj/serial.o: In function `putt':
/home/acse-lab/ele313-ts/Project//../e-puck2_main-processor/ChibiOS//os/hal/src/serial.c:74: undefined reference to `__stack_chk_fail'
/home/acse-lab/ele313-ts/Project//../e-puck2_main-processor/ChibiOS//os/hal/src/serial.c:74: undefined reference to `__stack_chk_guard'
build/obj/serial.o: In function `put':
/home/acse-lab/ele313-ts/Project//../e-puck2_main-processor/ChibiOS//os/hal/src/serial.c:64: undefined reference to `__stack_chk_fail'
/home/acse-lab/ele313-ts/Project//../e-puck2_main-processor/ChibiOS//os/hal/src/serial.c:64: undefined reference to `__stack_chk_guard'
build/obj/serial.o: In function `sdInit':
/home/acse-lab/ele313-ts/Project//../e-puck2_main-processor/ChibiOS//os/hal/src/serial.c:110: undefined reference to `__stack_chk_fail'
/home/acse-lab/ele313-ts/Project//../e-puck2_main-processor/ChibiOS//os/hal/src/serial.c:110: undefined reference to `__stack_chk_guard'
build/obj/serial.o: In function `sdObjectInit':
/home/acse-lab/ele313-ts/Project//../e-puck2_main-processor/ChibiOS//os/hal/src/serial.c:135: undefined reference to `__stack_chk_fail'
/home/acse-lab/ele313-ts/Project//../e-puck2_main-processor/ChibiOS//os/hal/src/serial.c:135: undefined reference to `__stack_chk_guard'
build/obj/serial.o: In function `sdStart':
/home/acse-lab/ele313-ts/Project//../e-puck2_main-processor/ChibiOS//os/hal/src/serial.c:157: undefined reference to `__stack_chk_fail'
/home/acse-lab/ele313-ts/Project//../e-puck2_main-processor/ChibiOS//os/hal/src/serial.c:157: undefined reference to `__stack_chk_guard'
build/obj/serial.o: In function `sdIncomingDataI':
/home/acse-lab/ele313-ts/Project//../e-puck2_main-processor/ChibiOS//os/hal/src/serial.c:208: undefined reference to `__stack_chk_fail'
/home/acse-lab/ele313-ts/Project//../e-puck2_main-processor/ChibiOS//os/hal/src/serial.c:208: undefined reference to `__stack_chk_guard'
build/obj/serial_usb.o: In function `sduInit':
/home/acse-lab/ele313-ts/Project//../e-puck2_main-processor/ChibiOS//os/hal/src/serial_usb.c:183: undefined reference to `__stack_chk_fail'
/home/acse-lab/ele313-ts/Project//../e-puck2_main-processor/ChibiOS//os/hal/src/serial_usb.c:183: undefined reference to `__stack_chk_guard'
build/obj/spi.o: In function `spiInit':
/home/acse-lab/ele313-ts/Project//../e-puck2_main-processor/ChibiOS//os/hal/src/spi.c:58: undefined reference to `__stack_chk_fail'
/home/acse-lab/ele313-ts/Project//../e-puck2_main-processor/ChibiOS//os/hal/src/spi.c:58: undefined reference to `__stack_chk_guard'
build/obj/spi.o: In function `osalMutexObjectInit':
/home/acse-lab/ele313-ts/Project//../e-puck2_main-processor/ChibiOS//os/hal/osal/rt/osal.h:841: undefined reference to `__stack_chk_fail'
/home/acse-lab/ele313-ts/Project//../e-puck2_main-processor/ChibiOS//os/hal/osal/rt/osal.h:841: undefined reference to `__stack_chk_guard'
build/obj/spi.o: In function `spiStart':
/home/acse-lab/ele313-ts/Project//../e-puck2_main-processor/ChibiOS//os/hal/src/spi.c:102: undefined reference to `__stack_chk_fail'
/home/acse-lab/ele313-ts/Project//../e-puck2_main-processor/ChibiOS//os/hal/src/spi.c:102: undefined reference to `__stack_chk_guard'
build/obj/spi.o: In function `spiSelect':
/home/acse-lab/ele313-ts/Project//../e-puck2_main-processor/ChibiOS//os/hal/src/spi.c:140: undefined reference to `__stack_chk_fail'
/home/acse-lab/ele313-ts/Project//../e-puck2_main-processor/ChibiOS//os/hal/src/spi.c:140: undefined reference to `__stack_chk_guard'
build/obj/spi.o: In function `spiUnselect':
/home/acse-lab/ele313-ts/Project//../e-puck2_main-processor/ChibiOS//os/hal/src/spi.c:158: undefined reference to `__stack_chk_fail'
/home/acse-lab/ele313-ts/Project//../e-puck2_main-processor/ChibiOS//os/hal/src/spi.c:158: undefined reference to `__stack_chk_guard'
build/obj/spi.o: In function `spiExchange':
/home/acse-lab/ele313-ts/Project//../e-puck2_main-processor/ChibiOS//os/hal/src/spi.c:319: undefined reference to `__stack_chk_fail'
/home/acse-lab/ele313-ts/Project//../e-puck2_main-processor/ChibiOS//os/hal/src/spi.c:319: undefined reference to `__stack_chk_guard'
build/obj/st.o: In function `stInit':
/home/acse-lab/ele313-ts/Project//../e-puck2_main-processor/ChibiOS//os/hal/src/st.c:62: undefined reference to `__stack_chk_fail'
/home/acse-lab/ele313-ts/Project//../e-puck2_main-processor/ChibiOS//os/hal/src/st.c:62: undefined reference to `__stack_chk_guard'
build/obj/usb.o: In function `usbInit':
/home/acse-lab/ele313-ts/Project//../e-puck2_main-processor/ChibiOS//os/hal/src/usb.c:256: undefined reference to `__stack_chk_fail'
/home/acse-lab/ele313-ts/Project//../e-puck2_main-processor/ChibiOS//os/hal/src/usb.c:256: undefined reference to `__stack_chk_guard'
build/obj/usb.o: In function `usbObjectInit':
/home/acse-lab/ele313-ts/Project//../e-puck2_main-processor/ChibiOS//os/hal/src/usb.c:277: undefined reference to `__stack_chk_fail'
/home/acse-lab/ele313-ts/Project//../e-puck2_main-processor/ChibiOS//os/hal/src/usb.c:277: undefined reference to `__stack_chk_guard'
build/obj/usb.o: In function `usbStartReceiveI':
/home/acse-lab/ele313-ts/Project//../e-puck2_main-processor/ChibiOS//os/hal/src/usb.c:518: undefined reference to `__stack_chk_fail'
/home/acse-lab/ele313-ts/Project//../e-puck2_main-processor/ChibiOS//os/hal/src/usb.c:518: undefined reference to `__stack_chk_guard'
build/obj/usb.o: In function `usbStartTransmitI':
/home/acse-lab/ele313-ts/Project//../e-puck2_main-processor/ChibiOS//os/hal/src/usb.c:546: undefined reference to `__stack_chk_fail'
/home/acse-lab/ele313-ts/Project//../e-puck2_main-processor/ChibiOS//os/hal/src/usb.c:546: undefined reference to `__stack_chk_guard'
build/obj/usb.o: In function `_usb_reset':
/home/acse-lab/ele313-ts/Project//../e-puck2_main-processor/ChibiOS//os/hal/src/usb.c:626: undefined reference to `__stack_chk_fail'
/home/acse-lab/ele313-ts/Project//../e-puck2_main-processor/ChibiOS//os/hal/src/usb.c:626: undefined reference to `__stack_chk_guard'
build/obj/usb.o: In function `default_handler':
/home/acse-lab/ele313-ts/Project//../e-puck2_main-processor/ChibiOS//os/hal/src/usb.c:150: undefined reference to `__stack_chk_guard'
build/obj/usb.o: In function `_usb_ep0setup':
/home/acse-lab/ele313-ts/Project//../e-puck2_main-processor/ChibiOS//os/hal/src/usb.c:729: undefined reference to `__stack_chk_fail'
build/obj/usb.o: In function `_usb_ep0in':
/home/acse-lab/ele313-ts/Project//../e-puck2_main-processor/ChibiOS//os/hal/src/usb.c:798: undefined reference to `__stack_chk_fail'
/home/acse-lab/ele313-ts/Project//../e-puck2_main-processor/ChibiOS//os/hal/src/usb.c:798: undefined reference to `__stack_chk_guard'
build/obj/usb.o: In function `_usb_ep0out':
/home/acse-lab/ele313-ts/Project//../e-puck2_main-processor/ChibiOS//os/hal/src/usb.c:858: undefined reference to `__stack_chk_fail'
/home/acse-lab/ele313-ts/Project//../e-puck2_main-processor/ChibiOS//os/hal/src/usb.c:858: undefined reference to `__stack_chk_guard'
build/obj/nvic.o: In function `nvicEnableVector':
/home/acse-lab/ele313-ts/Project//../e-puck2_main-processor/ChibiOS//os/hal/ports/common/ARMCMx/nvic.c:62: undefined reference to `__stack_chk_fail'
/home/acse-lab/ele313-ts/Project//../e-puck2_main-processor/ChibiOS//os/hal/ports/common/ARMCMx/nvic.c:62: undefined reference to `__stack_chk_guard'
build/obj/nvic.o: In function `nvicDisableVector':
/home/acse-lab/ele313-ts/Project//../e-puck2_main-processor/ChibiOS//os/hal/ports/common/ARMCMx/nvic.c:73: undefined reference to `__stack_chk_fail'
/home/acse-lab/ele313-ts/Project//../e-puck2_main-processor/ChibiOS//os/hal/ports/common/ARMCMx/nvic.c:73: undefined reference to `__stack_chk_guard'
build/obj/nvic.o: In function `nvicSetSystemHandlerPriority':
/home/acse-lab/ele313-ts/Project//../e-puck2_main-processor/ChibiOS//os/hal/ports/common/ARMCMx/nvic.c:86: undefined reference to `__stack_chk_fail'
/home/acse-lab/ele313-ts/Project//../e-puck2_main-processor/ChibiOS//os/hal/ports/common/ARMCMx/nvic.c:86: undefined reference to `__stack_chk_guard'
build/obj/stm32_dma.o: In function `Vector6C':
/home/acse-lab/ele313-ts/Project//../e-puck2_main-processor/ChibiOS//os/hal/ports/STM32/STM32F4xx/stm32_dma.c:137: undefined reference to `__stack_chk_fail'
/home/acse-lab/ele313-ts/Project//../e-puck2_main-processor/ChibiOS//os/hal/ports/STM32/STM32F4xx/stm32_dma.c:137: undefined reference to `__stack_chk_guard'
build/obj/stm32_dma.o: In function `Vector70':
/home/acse-lab/ele313-ts/Project//../e-puck2_main-processor/ChibiOS//os/hal/ports/STM32/STM32F4xx/stm32_dma.c:155: undefined reference to `__stack_chk_fail'
/home/acse-lab/ele313-ts/Project//../e-puck2_main-processor/ChibiOS//os/hal/ports/STM32/STM32F4xx/stm32_dma.c:155: undefined reference to `__stack_chk_guard'
build/obj/stm32_dma.o: In function `Vector74':
/home/acse-lab/ele313-ts/Project//../e-puck2_main-processor/ChibiOS//os/hal/ports/STM32/STM32F4xx/stm32_dma.c:173: undefined reference to `__stack_chk_fail'
/home/acse-lab/ele313-ts/Project//../e-puck2_main-processor/ChibiOS//os/hal/ports/STM32/STM32F4xx/stm32_dma.c:173: undefined reference to `__stack_chk_guard'
build/obj/stm32_dma.o: In function `Vector78':
/home/acse-lab/ele313-ts/Project//../e-puck2_main-processor/ChibiOS//os/hal/ports/STM32/STM32F4xx/stm32_dma.c:191: undefined reference to `__stack_chk_fail'
/home/acse-lab/ele313-ts/Project//../e-puck2_main-processor/ChibiOS//os/hal/ports/STM32/STM32F4xx/stm32_dma.c:191: undefined reference to `__stack_chk_guard'
build/obj/stm32_dma.o: In function `Vector7C':
/home/acse-lab/ele313-ts/Project//../e-puck2_main-processor/ChibiOS//os/hal/ports/STM32/STM32F4xx/stm32_dma.c:209: undefined reference to `__stack_chk_fail'
/home/acse-lab/ele313-ts/Project//../e-puck2_main-processor/ChibiOS//os/hal/ports/STM32/STM32F4xx/stm32_dma.c:209: undefined reference to `__stack_chk_guard'
build/obj/stm32_dma.o: In function `Vector80':
/home/acse-lab/ele313-ts/Project//../e-puck2_main-processor/ChibiOS//os/hal/ports/STM32/STM32F4xx/stm32_dma.c:227: undefined reference to `__stack_chk_fail'
/home/acse-lab/ele313-ts/Project//../e-puck2_main-processor/ChibiOS//os/hal/ports/STM32/STM32F4xx/stm32_dma.c:227: undefined reference to `__stack_chk_guard'
build/obj/stm32_dma.o: In function `Vector84':
/home/acse-lab/ele313-ts/Project//../e-puck2_main-processor/ChibiOS//os/hal/ports/STM32/STM32F4xx/stm32_dma.c:245: undefined reference to `__stack_chk_fail'
/home/acse-lab/ele313-ts/Project//../e-puck2_main-processor/ChibiOS//os/hal/ports/STM32/STM32F4xx/stm32_dma.c:245: undefined reference to `__stack_chk_guard'
build/obj/stm32_dma.o: In function `VectorFC':
/home/acse-lab/ele313-ts/Project//../e-puck2_main-processor/ChibiOS//os/hal/ports/STM32/STM32F4xx/stm32_dma.c:263: undefined reference to `__stack_chk_fail'
/home/acse-lab/ele313-ts/Project//../e-puck2_main-processor/ChibiOS//os/hal/ports/STM32/STM32F4xx/stm32_dma.c:263: undefined reference to `__stack_chk_guard'
build/obj/stm32_dma.o: In function `Vector120':
/home/acse-lab/ele313-ts/Project//../e-puck2_main-processor/ChibiOS//os/hal/ports/STM32/STM32F4xx/stm32_dma.c:281: undefined reference to `__stack_chk_fail'
/home/acse-lab/ele313-ts/Project//../e-puck2_main-processor/ChibiOS//os/hal/ports/STM32/STM32F4xx/stm32_dma.c:281: undefined reference to `__stack_chk_guard'
build/obj/stm32_dma.o: In function `Vector124':
/home/acse-lab/ele313-ts/Project//../e-puck2_main-processor/ChibiOS//os/hal/ports/STM32/STM32F4xx/stm32_dma.c:299: undefined reference to `__stack_chk_fail'
/home/acse-lab/ele313-ts/Project//../e-puck2_main-processor/ChibiOS//os/hal/ports/STM32/STM32F4xx/stm32_dma.c:299: undefined reference to `__stack_chk_guard'
build/obj/stm32_dma.o: In function `Vector128':
/home/acse-lab/ele313-ts/Project//../e-puck2_main-processor/ChibiOS//os/hal/ports/STM32/STM32F4xx/stm32_dma.c:317: undefined reference to `__stack_chk_fail'
/home/acse-lab/ele313-ts/Project//../e-puck2_main-processor/ChibiOS//os/hal/ports/STM32/STM32F4xx/stm32_dma.c:317: undefined reference to `__stack_chk_guard'
build/obj/stm32_dma.o: In function `Vector12C':
/home/acse-lab/ele313-ts/Project//../e-puck2_main-processor/ChibiOS//os/hal/ports/STM32/STM32F4xx/stm32_dma.c:335: undefined reference to `__stack_chk_fail'
/home/acse-lab/ele313-ts/Project//../e-puck2_main-processor/ChibiOS//os/hal/ports/STM32/STM32F4xx/stm32_dma.c:335: undefined reference to `__stack_chk_guard'
build/obj/stm32_dma.o: In function `Vector130':
/home/acse-lab/ele313-ts/Project//../e-puck2_main-processor/ChibiOS//os/hal/ports/STM32/STM32F4xx/stm32_dma.c:353: undefined reference to `__stack_chk_fail'
/home/acse-lab/ele313-ts/Project//../e-puck2_main-processor/ChibiOS//os/hal/ports/STM32/STM32F4xx/stm32_dma.c:353: undefined reference to `__stack_chk_guard'
build/obj/stm32_dma.o: In function `Vector150':
/home/acse-lab/ele313-ts/Project//../e-puck2_main-processor/ChibiOS//os/hal/ports/STM32/STM32F4xx/stm32_dma.c:371: undefined reference to `__stack_chk_fail'
/home/acse-lab/ele313-ts/Project//../e-puck2_main-processor/ChibiOS//os/hal/ports/STM32/STM32F4xx/stm32_dma.c:371: undefined reference to `__stack_chk_guard'
build/obj/stm32_dma.o: In function `Vector154':
/home/acse-lab/ele313-ts/Project//../e-puck2_main-processor/ChibiOS//os/hal/ports/STM32/STM32F4xx/stm32_dma.c:389: undefined reference to `__stack_chk_fail'
/home/acse-lab/ele313-ts/Project//../e-puck2_main-processor/ChibiOS//os/hal/ports/STM32/STM32F4xx/stm32_dma.c:389: undefined reference to `__stack_chk_guard'
build/obj/stm32_dma.o: In function `Vector158':
/home/acse-lab/ele313-ts/Project//../e-puck2_main-processor/ChibiOS//os/hal/ports/STM32/STM32F4xx/stm32_dma.c:407: undefined reference to `__stack_chk_fail'
/home/acse-lab/ele313-ts/Project//../e-puck2_main-processor/ChibiOS//os/hal/ports/STM32/STM32F4xx/stm32_dma.c:407: undefined reference to `__stack_chk_guard'
build/obj/stm32_dma.o: In function `dmaInit':
/home/acse-lab/ele313-ts/Project//../e-puck2_main-processor/ChibiOS//os/hal/ports/STM32/STM32F4xx/stm32_dma.c:431: undefined reference to `__stack_chk_fail'
/home/acse-lab/ele313-ts/Project//../e-puck2_main-processor/ChibiOS//os/hal/ports/STM32/STM32F4xx/stm32_dma.c:431: undefined reference to `__stack_chk_guard'
build/obj/stm32_dma.o: In function `dmaStreamAllocate':
/home/acse-lab/ele313-ts/Project//../e-puck2_main-processor/ChibiOS//os/hal/ports/STM32/STM32F4xx/stm32_dma.c:489: undefined reference to `__stack_chk_fail'
/home/acse-lab/ele313-ts/Project//../e-puck2_main-processor/ChibiOS//os/hal/ports/STM32/STM32F4xx/stm32_dma.c:489: undefined reference to `__stack_chk_guard'
build/obj/stm32_dma.o: In function `dmaStreamRelease':
/home/acse-lab/ele313-ts/Project//../e-puck2_main-processor/ChibiOS//os/hal/ports/STM32/STM32F4xx/stm32_dma.c:523: undefined reference to `__stack_chk_fail'
/home/acse-lab/ele313-ts/Project//../e-puck2_main-processor/ChibiOS//os/hal/ports/STM32/STM32F4xx/stm32_dma.c:523: undefined reference to `__stack_chk_guard'
build/obj/hal_lld.o: In function `hal_lld_init':
/home/acse-lab/ele313-ts/Project//../e-puck2_main-processor/ChibiOS//os/hal/ports/STM32/STM32F4xx/hal_lld.c:130: undefined reference to `__stack_chk_fail'
/home/acse-lab/ele313-ts/Project//../e-puck2_main-processor/ChibiOS//os/hal/ports/STM32/STM32F4xx/hal_lld.c:130: undefined reference to `__stack_chk_guard'
build/obj/hal_lld.o: In function `stm32_clock_init':
/home/acse-lab/ele313-ts/Project//../e-puck2_main-processor/ChibiOS//os/hal/ports/STM32/STM32F4xx/hal_lld.c:275: undefined reference to `__stack_chk_fail'
/home/acse-lab/ele313-ts/Project//../e-puck2_main-processor/ChibiOS//os/hal/ports/STM32/STM32F4xx/hal_lld.c:275: undefined reference to `__stack_chk_guard'
build/obj/adc_lld.o: In function `adc_lld_init':
/home/acse-lab/ele313-ts/Project//../e-puck2_main-processor/ChibiOS//os/hal/ports/STM32/STM32F4xx/adc_lld.c:213: undefined reference to `__stack_chk_fail'
/home/acse-lab/ele313-ts/Project//../e-puck2_main-processor/ChibiOS//os/hal/ports/STM32/STM32F4xx/adc_lld.c:213: undefined reference to `__stack_chk_guard'
build/obj/adc_lld.o: In function `adc_lld_start':
/home/acse-lab/ele313-ts/Project//../e-puck2_main-processor/ChibiOS//os/hal/ports/STM32/STM32F4xx/adc_lld.c:277: undefined reference to `__stack_chk_fail'
/home/acse-lab/ele313-ts/Project//../e-puck2_main-processor/ChibiOS//os/hal/ports/STM32/STM32F4xx/adc_lld.c:277: undefined reference to `__stack_chk_guard'
build/obj/adc_lld.o: In function `adc_lld_start_conversion':
/home/acse-lab/ele313-ts/Project//../e-puck2_main-processor/ChibiOS//os/hal/ports/STM32/STM32F4xx/adc_lld.c:364: undefined reference to `__stack_chk_fail'
/home/acse-lab/ele313-ts/Project//../e-puck2_main-processor/ChibiOS//os/hal/ports/STM32/STM32F4xx/adc_lld.c:364: undefined reference to `__stack_chk_guard'
build/obj/adc_lld.o: In function `adc_lld_stop_conversion':
/home/acse-lab/ele313-ts/Project//../e-puck2_main-processor/ChibiOS//os/hal/ports/STM32/STM32F4xx/adc_lld.c:379: undefined reference to `__stack_chk_fail'
/home/acse-lab/ele313-ts/Project//../e-puck2_main-processor/ChibiOS//os/hal/ports/STM32/STM32F4xx/adc_lld.c:379: undefined reference to `__stack_chk_guard'
build/obj/adc_lld.o: In function `Vector88':
/home/acse-lab/ele313-ts/Project//../e-puck2_main-processor/ChibiOS//os/hal/ports/STM32/STM32F4xx/adc_lld.c:157: undefined reference to `__stack_chk_fail'
/home/acse-lab/ele313-ts/Project//../e-puck2_main-processor/ChibiOS//os/hal/ports/STM32/STM32F4xx/adc_lld.c:157: undefined reference to `__stack_chk_guard'
build/obj/adc_lld.o: In function `adc_lld_serve_rx_interrupt':
/home/acse-lab/ele313-ts/Project//../e-puck2_main-processor/ChibiOS//os/hal/ports/STM32/STM32F4xx/adc_lld.c:97: undefined reference to `__stack_chk_fail'
/home/acse-lab/ele313-ts/Project//../e-puck2_main-processor/ChibiOS//os/hal/ports/STM32/STM32F4xx/adc_lld.c:97: undefined reference to `__stack_chk_guard'
build/obj/ext_lld_isr.o: In function `Vector58':
/home/acse-lab/ele313-ts/Project//../e-puck2_main-processor/ChibiOS//os/hal/ports/STM32/STM32F4xx/ext_lld_isr.c:63: undefined reference to `__stack_chk_fail'
/home/acse-lab/ele313-ts/Project//../e-puck2_main-processor/ChibiOS//os/hal/ports/STM32/STM32F4xx/ext_lld_isr.c:63: undefined reference to `__stack_chk_guard'
build/obj/ext_lld_isr.o: In function `Vector5C':
/home/acse-lab/ele313-ts/Project//../e-puck2_main-processor/ChibiOS//os/hal/ports/STM32/STM32F4xx/ext_lld_isr.c:78: undefined reference to `__stack_chk_fail'
/home/acse-lab/ele313-ts/Project//../e-puck2_main-processor/ChibiOS//os/hal/ports/STM32/STM32F4xx/ext_lld_isr.c:78: undefined reference to `__stack_chk_guard'
build/obj/ext_lld_isr.o: In function `Vector60':
/home/acse-lab/ele313-ts/Project//../e-puck2_main-processor/ChibiOS//os/hal/ports/STM32/STM32F4xx/ext_lld_isr.c:93: undefined reference to `__stack_chk_fail'
/home/acse-lab/ele313-ts/Project//../e-puck2_main-processor/ChibiOS//os/hal/ports/STM32/STM32F4xx/ext_lld_isr.c:93: undefined reference to `__stack_chk_guard'
build/obj/ext_lld_isr.o: In function `Vector64':
/home/acse-lab/ele313-ts/Project//../e-puck2_main-processor/ChibiOS//os/hal/ports/STM32/STM32F4xx/ext_lld_isr.c:108: undefined reference to `__stack_chk_fail'
/home/acse-lab/ele313-ts/Project//../e-puck2_main-processor/ChibiOS//os/hal/ports/STM32/STM32F4xx/ext_lld_isr.c:108: undefined reference to `__stack_chk_guard'
build/obj/ext_lld_isr.o: In function `Vector68':
/home/acse-lab/ele313-ts/Project//../e-puck2_main-processor/ChibiOS//os/hal/ports/STM32/STM32F4xx/ext_lld_isr.c:123: undefined reference to `__stack_chk_fail'
/home/acse-lab/ele313-ts/Project//../e-puck2_main-processor/ChibiOS//os/hal/ports/STM32/STM32F4xx/ext_lld_isr.c:123: undefined reference to `__stack_chk_guard'
build/obj/ext_lld_isr.o: In function `Vector9C':
/home/acse-lab/ele313-ts/Project//../e-puck2_main-processor/ChibiOS//os/hal/ports/STM32/STM32F4xx/ext_lld_isr.c:149: undefined reference to `__stack_chk_fail'
/home/acse-lab/ele313-ts/Project//../e-puck2_main-processor/ChibiOS//os/hal/ports/STM32/STM32F4xx/ext_lld_isr.c:149: undefined reference to `__stack_chk_guard'
build/obj/ext_lld_isr.o: In function `VectorE0':
/home/acse-lab/ele313-ts/Project//../e-puck2_main-processor/ChibiOS//os/hal/ports/STM32/STM32F4xx/ext_lld_isr.c:178: undefined reference to `__stack_chk_fail'
/home/acse-lab/ele313-ts/Project//../e-puck2_main-processor/ChibiOS//os/hal/ports/STM32/STM32F4xx/ext_lld_isr.c:178: undefined reference to `__stack_chk_guard'
build/obj/ext_lld_isr.o: In function `Vector44':
/home/acse-lab/ele313-ts/Project//../e-puck2_main-processor/ChibiOS//os/hal/ports/STM32/STM32F4xx/ext_lld_isr.c:193: undefined reference to `__stack_chk_fail'
/home/acse-lab/ele313-ts/Project//../e-puck2_main-processor/ChibiOS//os/hal/ports/STM32/STM32F4xx/ext_lld_isr.c:193: undefined reference to `__stack_chk_guard'
build/obj/ext_lld_isr.o: In function `VectorE4':
/home/acse-lab/ele313-ts/Project//../e-puck2_main-processor/ChibiOS//os/hal/ports/STM32/STM32F4xx/ext_lld_isr.c:208: undefined reference to `__stack_chk_fail'
/home/acse-lab/ele313-ts/Project//../e-puck2_main-processor/ChibiOS//os/hal/ports/STM32/STM32F4xx/ext_lld_isr.c:208: undefined reference to `__stack_chk_guard'
build/obj/ext_lld_isr.o: In function `VectorE8':
/home/acse-lab/ele313-ts/Project//../e-puck2_main-processor/ChibiOS//os/hal/ports/STM32/STM32F4xx/ext_lld_isr.c:223: undefined reference to `__stack_chk_fail'
/home/acse-lab/ele313-ts/Project//../e-puck2_main-processor/ChibiOS//os/hal/ports/STM32/STM32F4xx/ext_lld_isr.c:223: undefined reference to `__stack_chk_guard'
build/obj/ext_lld_isr.o: In function `Vector138':
/home/acse-lab/ele313-ts/Project//../e-puck2_main-processor/ChibiOS//os/hal/ports/STM32/STM32F4xx/ext_lld_isr.c:239: undefined reference to `__stack_chk_fail'
/home/acse-lab/ele313-ts/Project//../e-puck2_main-processor/ChibiOS//os/hal/ports/STM32/STM32F4xx/ext_lld_isr.c:239: undefined reference to `__stack_chk_guard'
build/obj/ext_lld_isr.o: In function `Vector170':
/home/acse-lab/ele313-ts/Project//../e-puck2_main-processor/ChibiOS//os/hal/ports/STM32/STM32F4xx/ext_lld_isr.c:256: undefined reference to `__stack_chk_fail'
/home/acse-lab/ele313-ts/Project//../e-puck2_main-processor/ChibiOS//os/hal/ports/STM32/STM32F4xx/ext_lld_isr.c:256: undefined reference to `__stack_chk_guard'
build/obj/ext_lld_isr.o: In function `Vector48':
/home/acse-lab/ele313-ts/Project//../e-puck2_main-processor/ChibiOS//os/hal/ports/STM32/STM32F4xx/ext_lld_isr.c:273: undefined reference to `__stack_chk_fail'
/home/acse-lab/ele313-ts/Project//../e-puck2_main-processor/ChibiOS//os/hal/ports/STM32/STM32F4xx/ext_lld_isr.c:273: undefined reference to `__stack_chk_guard'
build/obj/ext_lld_isr.o: In function `Vector4C':
/home/acse-lab/ele313-ts/Project//../e-puck2_main-processor/ChibiOS//os/hal/ports/STM32/STM32F4xx/ext_lld_isr.c:289: undefined reference to `__stack_chk_fail'
/home/acse-lab/ele313-ts/Project//../e-puck2_main-processor/ChibiOS//os/hal/ports/STM32/STM32F4xx/ext_lld_isr.c:289: undefined reference to `__stack_chk_guard'
build/obj/can_lld.o: In function `can_lld_set_filters':
/home/acse-lab/ele313-ts/Project//../e-puck2_main-processor/ChibiOS//os/hal/ports/STM32/LLD/can_lld.c:135: undefined reference to `__stack_chk_fail'
/home/acse-lab/ele313-ts/Project//../e-puck2_main-processor/ChibiOS//os/hal/ports/STM32/LLD/can_lld.c:135: undefined reference to `__stack_chk_guard'
build/obj/can_lld.o: In function `Vector8C':
/home/acse-lab/ele313-ts/Project//../e-puck2_main-processor/ChibiOS//os/hal/ports/STM32/LLD/can_lld.c:298: undefined reference to `__stack_chk_fail'
/home/acse-lab/ele313-ts/Project//../e-puck2_main-processor/ChibiOS//os/hal/ports/STM32/LLD/can_lld.c:298: undefined reference to `__stack_chk_guard'
build/obj/can_lld.o: In function `Vector90':
/home/acse-lab/ele313-ts/Project//../e-puck2_main-processor/ChibiOS//os/hal/ports/STM32/LLD/can_lld.c:312: undefined reference to `__stack_chk_fail'
/home/acse-lab/ele313-ts/Project//../e-puck2_main-processor/ChibiOS//os/hal/ports/STM32/LLD/can_lld.c:312: undefined reference to `__stack_chk_guard'
build/obj/can_lld.o: In function `Vector94':
/home/acse-lab/ele313-ts/Project//../e-puck2_main-processor/ChibiOS//os/hal/ports/STM32/LLD/can_lld.c:326: undefined reference to `__stack_chk_fail'
/home/acse-lab/ele313-ts/Project//../e-puck2_main-processor/ChibiOS//os/hal/ports/STM32/LLD/can_lld.c:326: undefined reference to `__stack_chk_guard'
build/obj/can_lld.o: In function `Vector98':
/home/acse-lab/ele313-ts/Project//../e-puck2_main-processor/ChibiOS//os/hal/ports/STM32/LLD/can_lld.c:340: undefined reference to `__stack_chk_fail'
/home/acse-lab/ele313-ts/Project//../e-puck2_main-processor/ChibiOS//os/hal/ports/STM32/LLD/can_lld.c:340: undefined reference to `__stack_chk_guard'
build/obj/can_lld.o: In function `can_lld_init':
/home/acse-lab/ele313-ts/Project//../e-puck2_main-processor/ChibiOS//os/hal/ports/STM32/LLD/can_lld.c:460: undefined reference to `__stack_chk_fail'
/home/acse-lab/ele313-ts/Project//../e-puck2_main-processor/ChibiOS//os/hal/ports/STM32/LLD/can_lld.c:460: undefined reference to `__stack_chk_guard'
build/obj/ext_lld.o: In function `ext_lld_init':
/home/acse-lab/ele313-ts/Project//../e-puck2_main-processor/ChibiOS//os/hal/ports/STM32/LLD/ext_lld.c:68: undefined reference to `__stack_chk_fail'
/home/acse-lab/ele313-ts/Project//../e-puck2_main-processor/ChibiOS//os/hal/ports/STM32/LLD/ext_lld.c:68: undefined reference to `__stack_chk_guard'
build/obj/sdc_lld.o: In function `sdc_lld_collect_errors':
/home/acse-lab/ele313-ts/Project//../e-puck2_main-processor/ChibiOS//os/hal/ports/STM32/LLD/sdc_lld.c:280: undefined reference to `__stack_chk_fail'
/home/acse-lab/ele313-ts/Project//../e-puck2_main-processor/ChibiOS//os/hal/ports/STM32/LLD/sdc_lld.c:280: undefined reference to `__stack_chk_guard'
build/obj/sdc_lld.o: In function `Vector104':
/home/acse-lab/ele313-ts/Project//../e-puck2_main-processor/ChibiOS//os/hal/ports/STM32/LLD/sdc_lld.c:334: undefined reference to `__stack_chk_fail'
/home/acse-lab/ele313-ts/Project//../e-puck2_main-processor/ChibiOS//os/hal/ports/STM32/LLD/sdc_lld.c:334: undefined reference to `__stack_chk_guard'
build/obj/sdc_lld.o: In function `sdc_lld_init':
/home/acse-lab/ele313-ts/Project//../e-puck2_main-processor/ChibiOS//os/hal/ports/STM32/LLD/sdc_lld.c:352: undefined reference to `__stack_chk_fail'
/home/acse-lab/ele313-ts/Project//../e-puck2_main-processor/ChibiOS//os/hal/ports/STM32/LLD/sdc_lld.c:352: undefined reference to `__stack_chk_guard'
build/obj/sdc_lld.o: In function `osalThreadSleep':
/home/acse-lab/ele313-ts/Project//../e-puck2_main-processor/ChibiOS//os/hal/osal/rt/osal.h:627: undefined reference to `__stack_chk_fail'
/home/acse-lab/ele313-ts/Project//../e-puck2_main-processor/ChibiOS//os/hal/osal/rt/osal.h:627: undefined reference to `__stack_chk_guard'
build/obj/sdc_lld.o: In function `sdc_lld_set_data_clk':
/home/acse-lab/ele313-ts/Project//../e-puck2_main-processor/ChibiOS//os/hal/ports/STM32/LLD/sdc_lld.c:463: undefined reference to `__stack_chk_fail'
/home/acse-lab/ele313-ts/Project//../e-puck2_main-processor/ChibiOS//os/hal/ports/STM32/LLD/sdc_lld.c:463: undefined reference to `__stack_chk_guard'
build/obj/sdc_lld.o: In function `sdc_lld_stop_clk':
/home/acse-lab/ele313-ts/Project//../e-puck2_main-processor/ChibiOS//os/hal/ports/STM32/LLD/sdc_lld.c:476: undefined reference to `__stack_chk_fail'
/home/acse-lab/ele313-ts/Project//../e-puck2_main-processor/ChibiOS//os/hal/ports/STM32/LLD/sdc_lld.c:476: undefined reference to `__stack_chk_guard'
build/obj/sdc_lld.o: In function `sdc_lld_set_bus_mode':
/home/acse-lab/ele313-ts/Project//../e-puck2_main-processor/ChibiOS//os/hal/ports/STM32/LLD/sdc_lld.c:500: undefined reference to `__stack_chk_fail'
/home/acse-lab/ele313-ts/Project//../e-puck2_main-processor/ChibiOS//os/hal/ports/STM32/LLD/sdc_lld.c:500: undefined reference to `__stack_chk_guard'
build/obj/sdc_lld.o: In function `sdc_lld_send_cmd_none':
/home/acse-lab/ele313-ts/Project//../e-puck2_main-processor/ChibiOS//os/hal/ports/STM32/LLD/sdc_lld.c:518: undefined reference to `__stack_chk_fail'
/home/acse-lab/ele313-ts/Project//../e-puck2_main-processor/ChibiOS//os/hal/ports/STM32/LLD/sdc_lld.c:518: undefined reference to `__stack_chk_guard'
build/obj/sdc_lld.o: In function `sdc_lld_send_cmd_short':
/home/acse-lab/ele313-ts/Project//../e-puck2_main-processor/ChibiOS//os/hal/ports/STM32/LLD/sdc_lld.c:552: undefined reference to `__stack_chk_fail'
/home/acse-lab/ele313-ts/Project//../e-puck2_main-processor/ChibiOS//os/hal/ports/STM32/LLD/sdc_lld.c:552: undefined reference to `__stack_chk_guard'
build/obj/sdc_lld.o: In function `sdc_lld_send_cmd_short_crc':
/home/acse-lab/ele313-ts/Project//../e-puck2_main-processor/ChibiOS//os/hal/ports/STM32/LLD/sdc_lld.c:584: undefined reference to `__stack_chk_fail'
/home/acse-lab/ele313-ts/Project//../e-puck2_main-processor/ChibiOS//os/hal/ports/STM32/LLD/sdc_lld.c:584: undefined reference to `__stack_chk_guard'
build/obj/sdc_lld.o: In function `sdc_lld_wait_transaction_end':
/home/acse-lab/ele313-ts/Project//../e-puck2_main-processor/ChibiOS//os/hal/ports/STM32/LLD/sdc_lld.c:251: undefined reference to `__stack_chk_fail'
/home/acse-lab/ele313-ts/Project//../e-puck2_main-processor/ChibiOS//os/hal/ports/STM32/LLD/sdc_lld.c:251: undefined reference to `__stack_chk_guard'
build/obj/sdc_lld.o: In function `sdc_lld_error_cleanup':
/home/acse-lab/ele313-ts/Project//../e-puck2_main-processor/ChibiOS//os/hal/ports/STM32/LLD/sdc_lld.c:304: undefined reference to `__stack_chk_fail'
/home/acse-lab/ele313-ts/Project//../e-puck2_main-processor/ChibiOS//os/hal/ports/STM32/LLD/sdc_lld.c:304: undefined reference to `__stack_chk_guard'
build/obj/sdc_lld.o: In function `sdc_lld_send_cmd_long_crc':
/home/acse-lab/ele313-ts/Project//../e-puck2_main-processor/ChibiOS//os/hal/ports/STM32/LLD/sdc_lld.c:624: undefined reference to `__stack_chk_fail'
/home/acse-lab/ele313-ts/Project//../e-puck2_main-processor/ChibiOS//os/hal/ports/STM32/LLD/sdc_lld.c:624: undefined reference to `__stack_chk_guard'
build/obj/sdc_lld.o: In function `sdc_lld_read_special':
/home/acse-lab/ele313-ts/Project//../e-puck2_main-processor/ChibiOS//os/hal/ports/STM32/LLD/sdc_lld.c:661: undefined reference to `__stack_chk_fail'
/home/acse-lab/ele313-ts/Project//../e-puck2_main-processor/ChibiOS//os/hal/ports/STM32/LLD/sdc_lld.c:661: undefined reference to `__stack_chk_guard'
build/obj/sdc_lld.o: In function `sdc_lld_read_aligned':
/home/acse-lab/ele313-ts/Project//../e-puck2_main-processor/ChibiOS//os/hal/ports/STM32/LLD/sdc_lld.c:723: undefined reference to `__stack_chk_fail'
/home/acse-lab/ele313-ts/Project//../e-puck2_main-processor/ChibiOS//os/hal/ports/STM32/LLD/sdc_lld.c:723: undefined reference to `__stack_chk_guard'
build/obj/sdc_lld.o: In function `sdc_lld_write_aligned':
/home/acse-lab/ele313-ts/Project//../e-puck2_main-processor/ChibiOS//os/hal/ports/STM32/LLD/sdc_lld.c:785: undefined reference to `__stack_chk_fail'
/home/acse-lab/ele313-ts/Project//../e-puck2_main-processor/ChibiOS//os/hal/ports/STM32/LLD/sdc_lld.c:785: undefined reference to `__stack_chk_guard'
build/obj/sdc_lld.o: In function `sdc_lld_read':
/home/acse-lab/ele313-ts/Project//../e-puck2_main-processor/ChibiOS//os/hal/ports/STM32/LLD/sdc_lld.c:818: undefined reference to `__stack_chk_fail'
/home/acse-lab/ele313-ts/Project//../e-puck2_main-processor/ChibiOS//os/hal/ports/STM32/LLD/sdc_lld.c:818: undefined reference to `__stack_chk_guard'
build/obj/sdc_lld.o: In function `sdc_lld_write':
/home/acse-lab/ele313-ts/Project//../e-puck2_main-processor/ChibiOS//os/hal/ports/STM32/LLD/sdc_lld.c:851: undefined reference to `__stack_chk_fail'
/home/acse-lab/ele313-ts/Project//../e-puck2_main-processor/ChibiOS//os/hal/ports/STM32/LLD/sdc_lld.c:851: undefined reference to `__stack_chk_guard'
build/obj/sdc_lld.o: In function `sdc_lld_sync':
/home/acse-lab/ele313-ts/Project//../e-puck2_main-processor/ChibiOS//os/hal/ports/STM32/LLD/sdc_lld.c:869: undefined reference to `__stack_chk_fail'
/home/acse-lab/ele313-ts/Project//../e-puck2_main-processor/ChibiOS//os/hal/ports/STM32/LLD/sdc_lld.c:869: undefined reference to `__stack_chk_guard'
build/obj/dac_lld.o: In function `dac_lld_init':
/home/acse-lab/ele313-ts/Project//../e-puck2_main-processor/ChibiOS//os/hal/ports/STM32/LLD/DACv1/dac_lld.c:210: undefined reference to `__stack_chk_fail'
/home/acse-lab/ele313-ts/Project//../e-puck2_main-processor/ChibiOS//os/hal/ports/STM32/LLD/DACv1/dac_lld.c:210: undefined reference to `__stack_chk_guard'
build/obj/pal_lld.o: In function `_pal_lld_init':
/home/acse-lab/ele313-ts/Project//../e-puck2_main-processor/ChibiOS//os/hal/ports/STM32/LLD/GPIOv2/pal_lld.c:139: undefined reference to `__stack_chk_fail'
/home/acse-lab/ele313-ts/Project//../e-puck2_main-processor/ChibiOS//os/hal/ports/STM32/LLD/GPIOv2/pal_lld.c:139: undefined reference to `__stack_chk_guard'
build/obj/i2c_lld.o: In function `VectorBC':
/home/acse-lab/ele313-ts/Project//../e-puck2_main-processor/ChibiOS//os/hal/ports/STM32/LLD/I2Cv1/i2c_lld.c:412: undefined reference to `__stack_chk_fail'
/home/acse-lab/ele313-ts/Project//../e-puck2_main-processor/ChibiOS//os/hal/ports/STM32/LLD/I2Cv1/i2c_lld.c:412: undefined reference to `__stack_chk_guard'
build/obj/i2c_lld.o: In function `VectorC0':
/home/acse-lab/ele313-ts/Project//../e-puck2_main-processor/ChibiOS//os/hal/ports/STM32/LLD/I2Cv1/i2c_lld.c:426: undefined reference to `__stack_chk_fail'
/home/acse-lab/ele313-ts/Project//../e-puck2_main-processor/ChibiOS//os/hal/ports/STM32/LLD/I2Cv1/i2c_lld.c:426: undefined reference to `__stack_chk_guard'
build/obj/i2c_lld.o: In function `i2c_lld_init':
/home/acse-lab/ele313-ts/Project//../e-puck2_main-processor/ChibiOS//os/hal/ports/STM32/LLD/I2Cv1/i2c_lld.c:528: undefined reference to `__stack_chk_fail'
/home/acse-lab/ele313-ts/Project//../e-puck2_main-processor/ChibiOS//os/hal/ports/STM32/LLD/I2Cv1/i2c_lld.c:528: undefined reference to `__stack_chk_guard'
build/obj/usb_lld.o: In function `usb_lld_init':
/home/acse-lab/ele313-ts/Project//../e-puck2_main-processor/ChibiOS//os/hal/ports/STM32/LLD/OTGv1/usb_lld.c:763: undefined reference to `__stack_chk_fail'
/home/acse-lab/ele313-ts/Project//../e-puck2_main-processor/ChibiOS//os/hal/ports/STM32/LLD/OTGv1/usb_lld.c:763: undefined reference to `__stack_chk_guard'
build/obj/usb_lld.o: In function `usb_lld_reset':
/home/acse-lab/ele313-ts/Project//../e-puck2_main-processor/ChibiOS//os/hal/ports/STM32/LLD/OTGv1/usb_lld.c:986: undefined reference to `__stack_chk_fail'
/home/acse-lab/ele313-ts/Project//../e-puck2_main-processor/ChibiOS//os/hal/ports/STM32/LLD/OTGv1/usb_lld.c:986: undefined reference to `__stack_chk_guard'
build/obj/usb_lld.o: In function `usb_lld_set_address':
/home/acse-lab/ele313-ts/Project//../e-puck2_main-processor/ChibiOS//os/hal/ports/STM32/LLD/OTGv1/usb_lld.c:999: undefined reference to `__stack_chk_fail'
/home/acse-lab/ele313-ts/Project//../e-puck2_main-processor/ChibiOS//os/hal/ports/STM32/LLD/OTGv1/usb_lld.c:999: undefined reference to `__stack_chk_guard'
build/obj/usb_lld.o: In function `usb_lld_get_status_out':
/home/acse-lab/ele313-ts/Project//../e-puck2_main-processor/ChibiOS//os/hal/ports/STM32/LLD/OTGv1/usb_lld.c:1105: undefined reference to `__stack_chk_fail'
/home/acse-lab/ele313-ts/Project//../e-puck2_main-processor/ChibiOS//os/hal/ports/STM32/LLD/OTGv1/usb_lld.c:1105: undefined reference to `__stack_chk_guard'
build/obj/usb_lld.o: In function `usb_lld_get_status_in':
/home/acse-lab/ele313-ts/Project//../e-puck2_main-processor/ChibiOS//os/hal/ports/STM32/LLD/OTGv1/usb_lld.c:1130: undefined reference to `__stack_chk_fail'
/home/acse-lab/ele313-ts/Project//../e-puck2_main-processor/ChibiOS//os/hal/ports/STM32/LLD/OTGv1/usb_lld.c:1130: undefined reference to `__stack_chk_guard'
build/obj/usb_lld.o: In function `usb_lld_read_setup':
/home/acse-lab/ele313-ts/Project//../e-puck2_main-processor/ChibiOS//os/hal/ports/STM32/LLD/OTGv1/usb_lld.c:1149: undefined reference to `__stack_chk_fail'
/home/acse-lab/ele313-ts/Project//../e-puck2_main-processor/ChibiOS//os/hal/ports/STM32/LLD/OTGv1/usb_lld.c:1149: undefined reference to `__stack_chk_guard'
build/obj/usb_lld.o: In function `usb_lld_prepare_receive':
/home/acse-lab/ele313-ts/Project//../e-puck2_main-processor/ChibiOS//os/hal/ports/STM32/LLD/OTGv1/usb_lld.c:1173: undefined reference to `__stack_chk_fail'
/home/acse-lab/ele313-ts/Project//../e-puck2_main-processor/ChibiOS//os/hal/ports/STM32/LLD/OTGv1/usb_lld.c:1173: undefined reference to `__stack_chk_guard'
build/obj/usb_lld.o: In function `otg_epout_handler':
/home/acse-lab/ele313-ts/Project//../e-puck2_main-processor/ChibiOS//os/hal/ports/STM32/LLD/OTGv1/usb_lld.c:614: undefined reference to `__stack_chk_fail'
/home/acse-lab/ele313-ts/Project//../e-puck2_main-processor/ChibiOS//os/hal/ports/STM32/LLD/OTGv1/usb_lld.c:614: undefined reference to `__stack_chk_guard'
build/obj/usb_lld.o: In function `usb_lld_prepare_transmit':
/home/acse-lab/ele313-ts/Project//../e-puck2_main-processor/ChibiOS//os/hal/ports/STM32/LLD/OTGv1/usb_lld.c:1202: undefined reference to `__stack_chk_fail'
/home/acse-lab/ele313-ts/Project//../e-puck2_main-processor/ChibiOS//os/hal/ports/STM32/LLD/OTGv1/usb_lld.c:1202: undefined reference to `__stack_chk_guard'
build/obj/usb_lld.o: In function `otg_epin_handler':
/home/acse-lab/ele313-ts/Project//../e-puck2_main-processor/ChibiOS//os/hal/ports/STM32/LLD/OTGv1/usb_lld.c:571: undefined reference to `__stack_chk_fail'
/home/acse-lab/ele313-ts/Project//../e-puck2_main-processor/ChibiOS//os/hal/ports/STM32/LLD/OTGv1/usb_lld.c:571: undefined reference to `__stack_chk_guard'
build/obj/usb_lld.o: In function `Vector14C':
/home/acse-lab/ele313-ts/Project//../e-puck2_main-processor/ChibiOS//os/hal/ports/STM32/LLD/OTGv1/usb_lld.c:712: undefined reference to `__stack_chk_fail'
/home/acse-lab/ele313-ts/Project//../e-puck2_main-processor/ChibiOS//os/hal/ports/STM32/LLD/OTGv1/usb_lld.c:712: undefined reference to `__stack_chk_guard'
build/obj/usb_lld.o: In function `usb_lld_start_out':
/home/acse-lab/ele313-ts/Project//../e-puck2_main-processor/ChibiOS//os/hal/ports/STM32/LLD/OTGv1/usb_lld.c:1215: undefined reference to `__stack_chk_fail'
/home/acse-lab/ele313-ts/Project//../e-puck2_main-processor/ChibiOS//os/hal/ports/STM32/LLD/OTGv1/usb_lld.c:1215: undefined reference to `__stack_chk_guard'
build/obj/usb_lld.o: In function `usb_lld_start_in':
/home/acse-lab/ele313-ts/Project//../e-puck2_main-processor/ChibiOS//os/hal/ports/STM32/LLD/OTGv1/usb_lld.c:1229: undefined reference to `__stack_chk_fail'
/home/acse-lab/ele313-ts/Project//../e-puck2_main-processor/ChibiOS//os/hal/ports/STM32/LLD/OTGv1/usb_lld.c:1229: undefined reference to `__stack_chk_guard'
build/obj/usb_lld.o: In function `usb_lld_stall_out':
/home/acse-lab/ele313-ts/Project//../e-puck2_main-processor/ChibiOS//os/hal/ports/STM32/LLD/OTGv1/usb_lld.c:1242: undefined reference to `__stack_chk_fail'
/home/acse-lab/ele313-ts/Project//../e-puck2_main-processor/ChibiOS//os/hal/ports/STM32/LLD/OTGv1/usb_lld.c:1242: undefined reference to `__stack_chk_guard'
build/obj/usb_lld.o: In function `usb_lld_stall_in':
/home/acse-lab/ele313-ts/Project//../e-puck2_main-processor/ChibiOS//os/hal/ports/STM32/LLD/OTGv1/usb_lld.c:1255: undefined reference to `__stack_chk_fail'
/home/acse-lab/ele313-ts/Project//../e-puck2_main-processor/ChibiOS//os/hal/ports/STM32/LLD/OTGv1/usb_lld.c:1255: undefined reference to `__stack_chk_guard'
build/obj/usb_lld.o: In function `usb_lld_clear_out':
/home/acse-lab/ele313-ts/Project//../e-puck2_main-processor/ChibiOS//os/hal/ports/STM32/LLD/OTGv1/usb_lld.c:1268: undefined reference to `__stack_chk_fail'
/home/acse-lab/ele313-ts/Project//../e-puck2_main-processor/ChibiOS//os/hal/ports/STM32/LLD/OTGv1/usb_lld.c:1268: undefined reference to `__stack_chk_guard'
build/obj/usb_lld.o: In function `usb_lld_clear_in':
/home/acse-lab/ele313-ts/Project//../e-puck2_main-processor/ChibiOS//os/hal/ports/STM32/LLD/OTGv1/usb_lld.c:1281: undefined reference to `__stack_chk_fail'
/home/acse-lab/ele313-ts/Project//../e-puck2_main-processor/ChibiOS//os/hal/ports/STM32/LLD/OTGv1/usb_lld.c:1281: undefined reference to `__stack_chk_guard'
build/obj/i2s_lld.o: In function `i2s_lld_init':
/home/acse-lab/ele313-ts/Project//../e-puck2_main-processor/ChibiOS//os/hal/ports/STM32/LLD/SPIv1/i2s_lld.c:269: undefined reference to `__stack_chk_fail'
/home/acse-lab/ele313-ts/Project//../e-puck2_main-processor/ChibiOS//os/hal/ports/STM32/LLD/SPIv1/i2s_lld.c:269: undefined reference to `__stack_chk_guard'
build/obj/spi_lld.o: In function `spi_lld_serve_tx_interrupt':
/home/acse-lab/ele313-ts/Project//../e-puck2_main-processor/ChibiOS//os/hal/ports/STM32/LLD/SPIv1/spi_lld.c:170: undefined reference to `__stack_chk_fail'
/home/acse-lab/ele313-ts/Project//../e-puck2_main-processor/ChibiOS//os/hal/ports/STM32/LLD/SPIv1/spi_lld.c:170: undefined reference to `__stack_chk_guard'
build/obj/spi_lld.o: In function `spi_lld_serve_rx_interrupt':
/home/acse-lab/ele313-ts/Project//../e-puck2_main-processor/ChibiOS//os/hal/ports/STM32/LLD/SPIv1/spi_lld.c:150: undefined reference to `__stack_chk_fail'
/home/acse-lab/ele313-ts/Project//../e-puck2_main-processor/ChibiOS//os/hal/ports/STM32/LLD/SPIv1/spi_lld.c:150: undefined reference to `__stack_chk_guard'
build/obj/spi_lld.o: In function `spi_lld_init':
/home/acse-lab/ele313-ts/Project//../e-puck2_main-processor/ChibiOS//os/hal/ports/STM32/LLD/SPIv1/spi_lld.c:296: undefined reference to `__stack_chk_fail'
/home/acse-lab/ele313-ts/Project//../e-puck2_main-processor/ChibiOS//os/hal/ports/STM32/LLD/SPIv1/spi_lld.c:296: undefined reference to `__stack_chk_guard'
build/obj/spi_lld.o: In function `spi_lld_start':
/home/acse-lab/ele313-ts/Project//../e-puck2_main-processor/ChibiOS//os/hal/ports/STM32/LLD/SPIv1/spi_lld.c:432: undefined reference to `__stack_chk_fail'
/home/acse-lab/ele313-ts/Project//../e-puck2_main-processor/ChibiOS//os/hal/ports/STM32/LLD/SPIv1/spi_lld.c:432: undefined reference to `__stack_chk_guard'
build/obj/spi_lld.o: In function `spi_lld_select':
/home/acse-lab/ele313-ts/Project//../e-puck2_main-processor/ChibiOS//os/hal/ports/STM32/LLD/SPIv1/spi_lld.c:489: undefined reference to `__stack_chk_fail'
/home/acse-lab/ele313-ts/Project//../e-puck2_main-processor/ChibiOS//os/hal/ports/STM32/LLD/SPIv1/spi_lld.c:489: undefined reference to `__stack_chk_guard'
build/obj/spi_lld.o: In function `spi_lld_unselect':
/home/acse-lab/ele313-ts/Project//../e-puck2_main-processor/ChibiOS//os/hal/ports/STM32/LLD/SPIv1/spi_lld.c:502: undefined reference to `__stack_chk_fail'
/home/acse-lab/ele313-ts/Project//../e-puck2_main-processor/ChibiOS//os/hal/ports/STM32/LLD/SPIv1/spi_lld.c:502: undefined reference to `__stack_chk_guard'
build/obj/spi_lld.o: In function `spi_lld_exchange':
/home/acse-lab/ele313-ts/Project//../e-puck2_main-processor/ChibiOS//os/hal/ports/STM32/LLD/SPIv1/spi_lld.c:557: undefined reference to `__stack_chk_fail'
/home/acse-lab/ele313-ts/Project//../e-puck2_main-processor/ChibiOS//os/hal/ports/STM32/LLD/SPIv1/spi_lld.c:557: undefined reference to `__stack_chk_guard'
build/obj/gpt_lld.o: In function `gpt_lld_serve_interrupt':
/home/acse-lab/ele313-ts/Project//../e-puck2_main-processor/ChibiOS//os/hal/ports/STM32/LLD/TIMv1/gpt_lld.c:153: undefined reference to `__stack_chk_fail'
/home/acse-lab/ele313-ts/Project//../e-puck2_main-processor/ChibiOS//os/hal/ports/STM32/LLD/TIMv1/gpt_lld.c:153: undefined reference to `__stack_chk_guard'
build/obj/gpt_lld.o: In function `Vector118':
/home/acse-lab/ele313-ts/Project//../e-puck2_main-processor/ChibiOS//os/hal/ports/STM32/LLD/TIMv1/gpt_lld.c:270: undefined reference to `__stack_chk_fail'
/home/acse-lab/ele313-ts/Project//../e-puck2_main-processor/ChibiOS//os/hal/ports/STM32/LLD/TIMv1/gpt_lld.c:270: undefined reference to `__stack_chk_guard'
build/obj/gpt_lld.o: In function `VectorA8':
/home/acse-lab/ele313-ts/Project//../e-puck2_main-processor/ChibiOS//os/hal/ports/STM32/LLD/TIMv1/gpt_lld.c:346: undefined reference to `__stack_chk_fail'
/home/acse-lab/ele313-ts/Project//../e-puck2_main-processor/ChibiOS//os/hal/ports/STM32/LLD/TIMv1/gpt_lld.c:346: undefined reference to `__stack_chk_guard'
build/obj/gpt_lld.o: In function `VectorF4':
/home/acse-lab/ele313-ts/Project//../e-puck2_main-processor/ChibiOS//os/hal/ports/STM32/LLD/TIMv1/gpt_lld.c:384: undefined reference to `__stack_chk_fail'
/home/acse-lab/ele313-ts/Project//../e-puck2_main-processor/ChibiOS//os/hal/ports/STM32/LLD/TIMv1/gpt_lld.c:384: undefined reference to `__stack_chk_guard'
build/obj/gpt_lld.o: In function `gpt_lld_init':
/home/acse-lab/ele313-ts/Project//../e-puck2_main-processor/ChibiOS//os/hal/ports/STM32/LLD/TIMv1/gpt_lld.c:468: undefined reference to `__stack_chk_fail'
/home/acse-lab/ele313-ts/Project//../e-puck2_main-processor/ChibiOS//os/hal/ports/STM32/LLD/TIMv1/gpt_lld.c:468: undefined reference to `__stack_chk_guard'
build/obj/pwm_lld.o: In function `pwm_lld_serve_interrupt':
/home/acse-lab/ele313-ts/Project//../e-puck2_main-processor/ChibiOS//os/hal/ports/STM32/LLD/TIMv1/pwm_lld.c:131: undefined reference to `__stack_chk_fail'
/home/acse-lab/ele313-ts/Project//../e-puck2_main-processor/ChibiOS//os/hal/ports/STM32/LLD/TIMv1/pwm_lld.c:131: undefined reference to `__stack_chk_guard'
build/obj/pwm_lld.o: In function `VectorB0':
/home/acse-lab/ele313-ts/Project//../e-puck2_main-processor/ChibiOS//os/hal/ports/STM32/LLD/TIMv1/pwm_lld.c:214: undefined reference to `__stack_chk_fail'
/home/acse-lab/ele313-ts/Project//../e-puck2_main-processor/ChibiOS//os/hal/ports/STM32/LLD/TIMv1/pwm_lld.c:214: undefined reference to `__stack_chk_guard'
build/obj/pwm_lld.o: In function `VectorB4':
/home/acse-lab/ele313-ts/Project//../e-puck2_main-processor/ChibiOS//os/hal/ports/STM32/LLD/TIMv1/pwm_lld.c:233: undefined reference to `__stack_chk_fail'
/home/acse-lab/ele313-ts/Project//../e-puck2_main-processor/ChibiOS//os/hal/ports/STM32/LLD/TIMv1/pwm_lld.c:233: undefined reference to `__stack_chk_guard'
build/obj/pwm_lld.o: In function `VectorB8':
/home/acse-lab/ele313-ts/Project//../e-puck2_main-processor/ChibiOS//os/hal/ports/STM32/LLD/TIMv1/pwm_lld.c:252: undefined reference to `__stack_chk_fail'
/home/acse-lab/ele313-ts/Project//../e-puck2_main-processor/ChibiOS//os/hal/ports/STM32/LLD/TIMv1/pwm_lld.c:252: undefined reference to `__stack_chk_guard'
build/obj/pwm_lld.o: In function `Vector108':
/home/acse-lab/ele313-ts/Project//../e-puck2_main-processor/ChibiOS//os/hal/ports/STM32/LLD/TIMv1/pwm_lld.c:271: undefined reference to `__stack_chk_fail'
/home/acse-lab/ele313-ts/Project//../e-puck2_main-processor/ChibiOS//os/hal/ports/STM32/LLD/TIMv1/pwm_lld.c:271: undefined reference to `__stack_chk_guard'
build/obj/pwm_lld.o: In function `pwm_lld_init':
/home/acse-lab/ele313-ts/Project//../e-puck2_main-processor/ChibiOS//os/hal/ports/STM32/LLD/TIMv1/pwm_lld.c:414: undefined reference to `__stack_chk_fail'
/home/acse-lab/ele313-ts/Project//../e-puck2_main-processor/ChibiOS//os/hal/ports/STM32/LLD/TIMv1/pwm_lld.c:414: undefined reference to `__stack_chk_guard'
build/obj/pwm_lld.o: In function `pwm_lld_start':
/home/acse-lab/ele313-ts/Project//../e-puck2_main-processor/ChibiOS//os/hal/ports/STM32/LLD/TIMv1/pwm_lld.c:621: undefined reference to `__stack_chk_fail'
/home/acse-lab/ele313-ts/Project//../e-puck2_main-processor/ChibiOS//os/hal/ports/STM32/LLD/TIMv1/pwm_lld.c:621: undefined reference to `__stack_chk_guard'
build/obj/pwm_lld.o: In function `pwm_lld_enable_channel':
/home/acse-lab/ele313-ts/Project//../e-puck2_main-processor/ChibiOS//os/hal/ports/STM32/LLD/TIMv1/pwm_lld.c:714: undefined reference to `__stack_chk_fail'
/home/acse-lab/ele313-ts/Project//../e-puck2_main-processor/ChibiOS//os/hal/ports/STM32/LLD/TIMv1/pwm_lld.c:714: undefined reference to `__stack_chk_guard'
build/obj/pwm_lld.o: In function `pwm_lld_disable_channel':
/home/acse-lab/ele313-ts/Project//../e-puck2_main-processor/ChibiOS//os/hal/ports/STM32/LLD/TIMv1/pwm_lld.c:741: undefined reference to `__stack_chk_fail'
/home/acse-lab/ele313-ts/Project//../e-puck2_main-processor/ChibiOS//os/hal/ports/STM32/LLD/TIMv1/pwm_lld.c:741: undefined reference to `__stack_chk_guard'
build/obj/pwm_lld.o: In function `pwm_lld_enable_periodic_notification':
/home/acse-lab/ele313-ts/Project//../e-puck2_main-processor/ChibiOS//os/hal/ports/STM32/LLD/TIMv1/pwm_lld.c:761: undefined reference to `__stack_chk_fail'
/home/acse-lab/ele313-ts/Project//../e-puck2_main-processor/ChibiOS//os/hal/ports/STM32/LLD/TIMv1/pwm_lld.c:761: undefined reference to `__stack_chk_guard'
build/obj/pwm_lld.o: In function `pwm_lld_enable_channel_notification':
/home/acse-lab/ele313-ts/Project//../e-puck2_main-processor/ChibiOS//os/hal/ports/STM32/LLD/TIMv1/pwm_lld.c:803: undefined reference to `__stack_chk_fail'
/home/acse-lab/ele313-ts/Project//../e-puck2_main-processor/ChibiOS//os/hal/ports/STM32/LLD/TIMv1/pwm_lld.c:803: undefined reference to `__stack_chk_guard'
build/obj/st_lld.o: In function `SysTick_Handler':
/home/acse-lab/ele313-ts/Project//../e-puck2_main-processor/ChibiOS//os/hal/ports/STM32/LLD/TIMv1/st_lld.c:162: undefined reference to `__stack_chk_fail'
/home/acse-lab/ele313-ts/Project//../e-puck2_main-processor/ChibiOS//os/hal/ports/STM32/LLD/TIMv1/st_lld.c:162: undefined reference to `__stack_chk_guard'
build/obj/st_lld.o: In function `st_lld_init':
/home/acse-lab/ele313-ts/Project//../e-puck2_main-processor/ChibiOS//os/hal/ports/STM32/LLD/TIMv1/st_lld.c:236: undefined reference to `__stack_chk_fail'
/home/acse-lab/ele313-ts/Project//../e-puck2_main-processor/ChibiOS//os/hal/ports/STM32/LLD/TIMv1/st_lld.c:236: undefined reference to `__stack_chk_guard'
build/obj/serial_lld.o: In function `notify3':
/home/acse-lab/ele313-ts/Project//../e-puck2_main-processor/ChibiOS//os/hal/ports/STM32/LLD/USARTv1/serial_lld.c:228: undefined reference to `__stack_chk_fail'
/home/acse-lab/ele313-ts/Project//../e-puck2_main-processor/ChibiOS//os/hal/ports/STM32/LLD/USARTv1/serial_lld.c:228: undefined reference to `__stack_chk_guard'
build/obj/serial_lld.o: In function `VectorDC':
/home/acse-lab/ele313-ts/Project//../e-puck2_main-processor/ChibiOS//os/hal/ports/STM32/LLD/USARTv1/serial_lld.c:312: undefined reference to `__stack_chk_fail'
/home/acse-lab/ele313-ts/Project//../e-puck2_main-processor/ChibiOS//os/hal/ports/STM32/LLD/USARTv1/serial_lld.c:312: undefined reference to `__stack_chk_guard'
build/obj/serial_lld.o: In function `sd_lld_init':
/home/acse-lab/ele313-ts/Project//../e-puck2_main-processor/ChibiOS//os/hal/ports/STM32/LLD/USARTv1/serial_lld.c:413: undefined reference to `__stack_chk_fail'
/home/acse-lab/ele313-ts/Project//../e-puck2_main-processor/ChibiOS//os/hal/ports/STM32/LLD/USARTv1/serial_lld.c:413: undefined reference to `__stack_chk_guard'
build/obj/serial_lld.o: In function `sd_lld_start':
/home/acse-lab/ele313-ts/Project//../e-puck2_main-processor/ChibiOS//os/hal/ports/STM32/LLD/USARTv1/serial_lld.c:469: undefined reference to `__stack_chk_fail'
/home/acse-lab/ele313-ts/Project//../e-puck2_main-processor/ChibiOS//os/hal/ports/STM32/LLD/USARTv1/serial_lld.c:469: undefined reference to `__stack_chk_guard'
build/obj/board.o: In function `__early_init':
/home/acse-lab/ele313-ts/Project//../e-puck2_main-processor/ChibiOS_ext//os/hal/boards/epuck2/board.c:77: undefined reference to `__stack_chk_fail'
/home/acse-lab/ele313-ts/Project//../e-puck2_main-processor/ChibiOS_ext//os/hal/boards/epuck2/board.c:77: undefined reference to `__stack_chk_guard'
build/obj/board.o: In function `sdc_lld_is_card_inserted':
/home/acse-lab/ele313-ts/Project//../e-puck2_main-processor/ChibiOS_ext//os/hal/boards/epuck2/board.c:88: undefined reference to `__stack_chk_fail'
/home/acse-lab/ele313-ts/Project//../e-puck2_main-processor/ChibiOS_ext//os/hal/boards/epuck2/board.c:88: undefined reference to `__stack_chk_guard'
build/obj/board.o: In function `sdc_lld_is_write_protected':
/home/acse-lab/ele313-ts/Project//../e-puck2_main-processor/ChibiOS_ext//os/hal/boards/epuck2/board.c:98: undefined reference to `__stack_chk_fail'
/home/acse-lab/ele313-ts/Project//../e-puck2_main-processor/ChibiOS_ext//os/hal/boards/epuck2/board.c:98: undefined reference to `__stack_chk_guard'
build/obj/board.o: In function `boardInit':
/home/acse-lab/ele313-ts/Project//../e-puck2_main-processor/ChibiOS_ext//os/hal/boards/epuck2/board.c:128: undefined reference to `__stack_chk_fail'
/home/acse-lab/ele313-ts/Project//../e-puck2_main-processor/ChibiOS_ext//os/hal/boards/epuck2/board.c:128: undefined reference to `__stack_chk_guard'
collect2: error: ld returned 1 exit status
make: *** [../e-puck2_main-processor/ChibiOS//os/common/ports/ARMCMx/compilers/GCC/rules.mk:244: build/Project_template.elf] Error 1
"make all" terminated with exit code 2. Build might be incomplete.
15:06:05 **** Incremental Build of configuration Default for project Project ****
make all 
[1;34mCompiling main.c[0m
main.c: In function 'main':
main.c:152:27: warning: comparison between signed and unsigned integer expressions [-Wsign-compare]
     if (get_prox(prefSide)<minirread){
                           ^
main.c:154:15: warning: unused variable 'wheelratio' [-Wunused-variable]
         float wheelratio = 0.9;
               ^~~~~~~~~~
main.c:155:38: warning: comparison between signed and unsigned integer expressions [-Wsign-compare]
        } else if ((get_prox(prefSide)>maxirread && get_prox(offSide)<maxirread) || (get_prox(prefCorner)>maxirread && get_prox(offCorner)<maxirread)){
                                      ^
main.c:155:69: warning: comparison between signed and unsigned integer expressions [-Wsign-compare]
        } else if ((get_prox(prefSide)>maxirread && get_prox(offSide)<maxirread) || (get_prox(prefCorner)>maxirread && get_prox(offCorner)<maxirread)){
                                                                     ^
main.c:155:105: warning: comparison between signed and unsigned integer expressions [-Wsign-compare]
        } else if ((get_prox(prefSide)>maxirread && get_prox(offSide)<maxirread) || (get_prox(prefCorner)>maxirread && get_prox(offCorner)<maxirread)){
                                                                                                         ^
main.c:155:138: warning: comparison between signed and unsigned integer expressions [-Wsign-compare]
        } else if ((get_prox(prefSide)>maxirread && get_prox(offSide)<maxirread) || (get_prox(prefCorner)>maxirread && get_prox(offCorner)<maxirread)){
                                                                                                                                          ^
main.c:157:15: warning: unused variable 'wheelratio' [-Wunused-variable]
         float wheelratio = 1.1;
               ^~~~~~~~~~
main.c:158:37: warning: comparison between signed and unsigned integer expressions [-Wsign-compare]
        } else if ((get_prox(offSide)>maxirread && get_prox(prefSide)<maxirread) || (get_prox(offCorner)>maxirread && get_prox(prefCorner)<maxirread)){
                                     ^
main.c:158:69: warning: comparison between signed and unsigned integer expressions [-Wsign-compare]
        } else if ((get_prox(offSide)>maxirread && get_prox(prefSide)<maxirread) || (get_prox(offCorner)>maxirread && get_prox(prefCorner)<maxirread)){
                                                                     ^
main.c:158:104: warning: comparison between signed and unsigned integer expressions [-Wsign-compare]
        } else if ((get_prox(offSide)>maxirread && get_prox(prefSide)<maxirread) || (get_prox(offCorner)>maxirread && get_prox(prefCorner)<maxirread)){
                                                                                                        ^
main.c:158:138: warning: comparison between signed and unsigned integer expressions [-Wsign-compare]
        } else if ((get_prox(offSide)>maxirread && get_prox(prefSide)<maxirread) || (get_prox(offCorner)>maxirread && get_prox(prefCorner)<maxirread)){
                                                                                                                                          ^
main.c:160:15: warning: unused variable 'wheelratio' [-Wunused-variable]
         float wheelratio = 0.9;
               ^~~~~~~~~~
main.c:161:38: warning: comparison between signed and unsigned integer expressions [-Wsign-compare]
        } else if ((get_prox(prefSide)>maxirread && get_prox(offSide)>maxirread) || (get_prox(prefCorner)>maxirread && get_prox(offCorner)>maxirread)){
                                      ^
main.c:161:69: warning: comparison between signed and unsigned integer expressions [-Wsign-compare]
        } else if ((get_prox(prefSide)>maxirread && get_prox(offSide)>maxirread) || (get_prox(prefCorner)>maxirread && get_prox(offCorner)>maxirread)){
                                                                     ^
main.c:161:105: warning: comparison between signed and unsigned integer expressions [-Wsign-compare]
        } else if ((get_prox(prefSide)>maxirread && get_prox(offSide)>maxirread) || (get_prox(prefCorner)>maxirread && get_prox(offCorner)>maxirread)){
                                                                                                         ^
main.c:161:138: warning: comparison between signed and unsigned integer expressions [-Wsign-compare]
        } else if ((get_prox(prefSide)>maxirread && get_prox(offSide)>maxirread) || (get_prox(prefCorner)>maxirread && get_prox(offCorner)>maxirread)){
                                                                                                                                          ^
main.c:166:38: warning: comparison between signed and unsigned integer expressions [-Wsign-compare]
        } else if (get_prox(prefFront)>maxirread || (get_prox(offFront)>maxirread)){
                                      ^
main.c:166:71: warning: comparison between signed and unsigned integer expressions [-Wsign-compare]
        } else if (get_prox(prefFront)>maxirread || (get_prox(offFront)>maxirread)){
                                                                       ^
main.c:193:9: warning: unused variable 'wallsexplored' [-Wunused-variable]
    bool wallsexplored = 1;
         ^~~~~~~~~~~~~
main.c:206:22: warning: comparison between signed and unsigned integer expressions [-Wsign-compare]
   if (SensorValue[0] > threshold || SensorValue[7] > threshold || SensorValue[1] > threshold || SensorValue[2] > threshold || SensorValue[5] > threshold ||SensorValue[6] > threshold) {
                      ^
main.c:206:52: warning: comparison between signed and unsigned integer expressions [-Wsign-compare]
   if (SensorValue[0] > threshold || SensorValue[7] > threshold || SensorValue[1] > threshold || SensorValue[2] > threshold || SensorValue[5] > threshold ||SensorValue[6] > threshold) {
                                                    ^
main.c:206:82: warning: comparison between signed and unsigned integer expressions [-Wsign-compare]
   if (SensorValue[0] > threshold || SensorValue[7] > threshold || SensorValue[1] > threshold || SensorValue[2] > threshold || SensorValue[5] > threshold ||SensorValue[6] > threshold) {
                                                                                  ^
main.c:206:112: warning: comparison between signed and unsigned integer expressions [-Wsign-compare]
   if (SensorValue[0] > threshold || SensorValue[7] > threshold || SensorValue[1] > threshold || SensorValue[2] > threshold || SensorValue[5] > threshold ||SensorValue[6] > threshold) {
                                                                                                                ^
main.c:206:142: warning: comparison between signed and unsigned integer expressions [-Wsign-compare]
   if (SensorValue[0] > threshold || SensorValue[7] > threshold || SensorValue[1] > threshold || SensorValue[2] > threshold || SensorValue[5] > threshold ||SensorValue[6] > threshold) {
                                                                                                                                              ^
main.c:206:171: warning: comparison between signed and unsigned integer expressions [-Wsign-compare]
   if (SensorValue[0] > threshold || SensorValue[7] > threshold || SensorValue[1] > threshold || SensorValue[2] > threshold || SensorValue[5] > threshold ||SensorValue[6] > threshold) {
                                                                                                                                                                           ^
main.c:211:27: warning: comparison between signed and unsigned integer expressions [-Wsign-compare]
     if (get_prox(prefSide)<minirread){
                           ^
main.c:213:15: warning: unused variable 'wheelratio' [-Wunused-variable]
         float wheelratio = 0.9;
               ^~~~~~~~~~
main.c:214:38: warning: comparison between signed and unsigned integer expressions [-Wsign-compare]
        } else if ((get_prox(prefSide)>maxirread && get_prox(offSide)<maxirread) || (get_prox(prefCorner)>maxirread && get_prox(offCorner)<maxirread)){
                                      ^
main.c:214:69: warning: comparison between signed and unsigned integer expressions [-Wsign-compare]
        } else if ((get_prox(prefSide)>maxirread && get_prox(offSide)<maxirread) || (get_prox(prefCorner)>maxirread && get_prox(offCorner)<maxirread)){
                                                                     ^
main.c:214:105: warning: comparison between signed and unsigned integer expressions [-Wsign-compare]
        } else if ((get_prox(prefSide)>maxirread && get_prox(offSide)<maxirread) || (get_prox(prefCorner)>maxirread && get_prox(offCorner)<maxirread)){
                                                                                                         ^
main.c:214:138: warning: comparison between signed and unsigned integer expressions [-Wsign-compare]
        } else if ((get_prox(prefSide)>maxirread && get_prox(offSide)<maxirread) || (get_prox(prefCorner)>maxirread && get_prox(offCorner)<maxirread)){
                                                                                                                                          ^
main.c:216:15: warning: unused variable 'wheelratio' [-Wunused-variable]
         float wheelratio = 1.1;
               ^~~~~~~~~~
main.c:217:37: warning: comparison between signed and unsigned integer expressions [-Wsign-compare]
        } else if ((get_prox(offSide)>maxirread && get_prox(prefSide)<maxirread) || (get_prox(offCorner)>maxirread && get_prox(prefCorner)<maxirread)){
                                     ^
main.c:217:69: warning: comparison between signed and unsigned integer expressions [-Wsign-compare]
        } else if ((get_prox(offSide)>maxirread && get_prox(prefSide)<maxirread) || (get_prox(offCorner)>maxirread && get_prox(prefCorner)<maxirread)){
                                                                     ^
main.c:217:104: warning: comparison between signed and unsigned integer expressions [-Wsign-compare]
        } else if ((get_prox(offSide)>maxirread && get_prox(prefSide)<maxirread) || (get_prox(offCorner)>maxirread && get_prox(prefCorner)<maxirread)){
                                                                                                        ^
main.c:217:138: warning: comparison between signed and unsigned integer expressions [-Wsign-compare]
        } else if ((get_prox(offSide)>maxirread && get_prox(prefSide)<maxirread) || (get_prox(offCorner)>maxirread && get_prox(prefCorner)<maxirread)){
                                                                                                                                          ^
main.c:219:15: warning: unused variable 'wheelratio' [-Wunused-variable]
         float wheelratio = 0.9;
               ^~~~~~~~~~
main.c:220:38: warning: comparison between signed and unsigned integer expressions [-Wsign-compare]
        } else if ((get_prox(prefSide)>maxirread && get_prox(offSide)>maxirread) || (get_prox(prefCorner)>maxirread && get_prox(offCorner)>maxirread)){
                                      ^
main.c:220:69: warning: comparison between signed and unsigned integer expressions [-Wsign-compare]
        } else if ((get_prox(prefSide)>maxirread && get_prox(offSide)>maxirread) || (get_prox(prefCorner)>maxirread && get_prox(offCorner)>maxirread)){
                                                                     ^
main.c:220:105: warning: comparison between signed and unsigned integer expressions [-Wsign-compare]
        } else if ((get_prox(prefSide)>maxirread && get_prox(offSide)>maxirread) || (get_prox(prefCorner)>maxirread && get_prox(offCorner)>maxirread)){
                                                                                                         ^
main.c:220:138: warning: comparison between signed and unsigned integer expressions [-Wsign-compare]
        } else if ((get_prox(prefSide)>maxirread && get_prox(offSide)>maxirread) || (get_prox(prefCorner)>maxirread && get_prox(offCorner)>maxirread)){
                                                                                                                                          ^
main.c:225:38: warning: comparison between signed and unsigned integer expressions [-Wsign-compare]
        } else if (get_prox(prefFront)>maxirread || (get_prox(offFront)>maxirread)){
                                      ^
main.c:225:71: warning: comparison between signed and unsigned integer expressions [-Wsign-compare]
        } else if (get_prox(prefFront)>maxirread || (get_prox(offFront)>maxirread)){
                                                                       ^
main.c:258:4: warning: implicit declaration of function 'delay_ms' [-Wimplicit-function-declaration]
    delay_ms(500);
    ^~~~~~~~
main.c:299:1: error: expected declaration or statement at end of input
 }
 ^
main.c:294:11: warning: unused variable '__stack_chk_guard' [-Wunused-variable]
 uintptr_t __stack_chk_guard = STACK_CHK_GUARD;
           ^~~~~~~~~~~~~~~~~
main.c:299:1: error: expected declaration or statement at end of input
 }
 ^
main.c:64:18: warning: variable 'offBack' set but not used [-Wunused-but-set-variable]
     unsigned int offBack;
                  ^~~~~~~
main.c:60:18: warning: variable 'prefBack' set but not used [-Wunused-but-set-variable]
     unsigned int prefBack;
                  ^~~~~~~~
At top level:
main.c:296:6: warning: '__stack_chk_fail' defined but not used [-Wunused-function]
 void __stack_chk_fail(void)
      ^~~~~~~~~~~~~~~~
make: *** [../e-puck2_main-processor/ChibiOS//os/common/ports/ARMCMx/compilers/GCC/rules.mk:217: build/obj/main.o] Error 1
"make all" terminated with exit code 2. Build might be incomplete.
15:07:23 **** Incremental Build of configuration Default for project Project ****
make all 
[1;34mCompiling main.c[0m
main.c: In function 'main':
main.c:152:27: warning: comparison between signed and unsigned integer expressions [-Wsign-compare]
     if (get_prox(prefSide)<minirread){
                           ^
main.c:154:15: warning: unused variable 'wheelratio' [-Wunused-variable]
         float wheelratio = 0.9;
               ^~~~~~~~~~
main.c:155:38: warning: comparison between signed and unsigned integer expressions [-Wsign-compare]
        } else if ((get_prox(prefSide)>maxirread && get_prox(offSide)<maxirread) || (get_prox(prefCorner)>maxirread && get_prox(offCorner)<maxirread)){
                                      ^
main.c:155:69: warning: comparison between signed and unsigned integer expressions [-Wsign-compare]
        } else if ((get_prox(prefSide)>maxirread && get_prox(offSide)<maxirread) || (get_prox(prefCorner)>maxirread && get_prox(offCorner)<maxirread)){
                                                                     ^
main.c:155:105: warning: comparison between signed and unsigned integer expressions [-Wsign-compare]
        } else if ((get_prox(prefSide)>maxirread && get_prox(offSide)<maxirread) || (get_prox(prefCorner)>maxirread && get_prox(offCorner)<maxirread)){
                                                                                                         ^
main.c:155:138: warning: comparison between signed and unsigned integer expressions [-Wsign-compare]
        } else if ((get_prox(prefSide)>maxirread && get_prox(offSide)<maxirread) || (get_prox(prefCorner)>maxirread && get_prox(offCorner)<maxirread)){
                                                                                                                                          ^
main.c:157:15: warning: unused variable 'wheelratio' [-Wunused-variable]
         float wheelratio = 1.1;
               ^~~~~~~~~~
main.c:158:37: warning: comparison between signed and unsigned integer expressions [-Wsign-compare]
        } else if ((get_prox(offSide)>maxirread && get_prox(prefSide)<maxirread) || (get_prox(offCorner)>maxirread && get_prox(prefCorner)<maxirread)){
                                     ^
main.c:158:69: warning: comparison between signed and unsigned integer expressions [-Wsign-compare]
        } else if ((get_prox(offSide)>maxirread && get_prox(prefSide)<maxirread) || (get_prox(offCorner)>maxirread && get_prox(prefCorner)<maxirread)){
                                                                     ^
main.c:158:104: warning: comparison between signed and unsigned integer expressions [-Wsign-compare]
        } else if ((get_prox(offSide)>maxirread && get_prox(prefSide)<maxirread) || (get_prox(offCorner)>maxirread && get_prox(prefCorner)<maxirread)){
                                                                                                        ^
main.c:158:138: warning: comparison between signed and unsigned integer expressions [-Wsign-compare]
        } else if ((get_prox(offSide)>maxirread && get_prox(prefSide)<maxirread) || (get_prox(offCorner)>maxirread && get_prox(prefCorner)<maxirread)){
                                                                                                                                          ^
main.c:160:15: warning: unused variable 'wheelratio' [-Wunused-variable]
         float wheelratio = 0.9;
               ^~~~~~~~~~
main.c:161:38: warning: comparison between signed and unsigned integer expressions [-Wsign-compare]
        } else if ((get_prox(prefSide)>maxirread && get_prox(offSide)>maxirread) || (get_prox(prefCorner)>maxirread && get_prox(offCorner)>maxirread)){
                                      ^
main.c:161:69: warning: comparison between signed and unsigned integer expressions [-Wsign-compare]
        } else if ((get_prox(prefSide)>maxirread && get_prox(offSide)>maxirread) || (get_prox(prefCorner)>maxirread && get_prox(offCorner)>maxirread)){
                                                                     ^
main.c:161:105: warning: comparison between signed and unsigned integer expressions [-Wsign-compare]
        } else if ((get_prox(prefSide)>maxirread && get_prox(offSide)>maxirread) || (get_prox(prefCorner)>maxirread && get_prox(offCorner)>maxirread)){
                                                                                                         ^
main.c:161:138: warning: comparison between signed and unsigned integer expressions [-Wsign-compare]
        } else if ((get_prox(prefSide)>maxirread && get_prox(offSide)>maxirread) || (get_prox(prefCorner)>maxirread && get_prox(offCorner)>maxirread)){
                                                                                                                                          ^
main.c:166:38: warning: comparison between signed and unsigned integer expressions [-Wsign-compare]
        } else if (get_prox(prefFront)>maxirread || (get_prox(offFront)>maxirread)){
                                      ^
main.c:166:71: warning: comparison between signed and unsigned integer expressions [-Wsign-compare]
        } else if (get_prox(prefFront)>maxirread || (get_prox(offFront)>maxirread)){
                                                                       ^
main.c:193:9: warning: unused variable 'wallsexplored' [-Wunused-variable]
    bool wallsexplored = 1;
         ^~~~~~~~~~~~~
main.c:206:22: warning: comparison between signed and unsigned integer expressions [-Wsign-compare]
   if (SensorValue[0] > threshold || SensorValue[7] > threshold || SensorValue[1] > threshold || SensorValue[2] > threshold || SensorValue[5] > threshold ||SensorValue[6] > threshold) {
                      ^
main.c:206:52: warning: comparison between signed and unsigned integer expressions [-Wsign-compare]
   if (SensorValue[0] > threshold || SensorValue[7] > threshold || SensorValue[1] > threshold || SensorValue[2] > threshold || SensorValue[5] > threshold ||SensorValue[6] > threshold) {
                                                    ^
main.c:206:82: warning: comparison between signed and unsigned integer expressions [-Wsign-compare]
   if (SensorValue[0] > threshold || SensorValue[7] > threshold || SensorValue[1] > threshold || SensorValue[2] > threshold || SensorValue[5] > threshold ||SensorValue[6] > threshold) {
                                                                                  ^
main.c:206:112: warning: comparison between signed and unsigned integer expressions [-Wsign-compare]
   if (SensorValue[0] > threshold || SensorValue[7] > threshold || SensorValue[1] > threshold || SensorValue[2] > threshold || SensorValue[5] > threshold ||SensorValue[6] > threshold) {
                                                                                                                ^
main.c:206:142: warning: comparison between signed and unsigned integer expressions [-Wsign-compare]
   if (SensorValue[0] > threshold || SensorValue[7] > threshold || SensorValue[1] > threshold || SensorValue[2] > threshold || SensorValue[5] > threshold ||SensorValue[6] > threshold) {
                                                                                                                                              ^
main.c:206:171: warning: comparison between signed and unsigned integer expressions [-Wsign-compare]
   if (SensorValue[0] > threshold || SensorValue[7] > threshold || SensorValue[1] > threshold || SensorValue[2] > threshold || SensorValue[5] > threshold ||SensorValue[6] > threshold) {
                                                                                                                                                                           ^
main.c:211:27: warning: comparison between signed and unsigned integer expressions [-Wsign-compare]
     if (get_prox(prefSide)<minirread){
                           ^
main.c:213:15: warning: unused variable 'wheelratio' [-Wunused-variable]
         float wheelratio = 0.9;
               ^~~~~~~~~~
main.c:214:38: warning: comparison between signed and unsigned integer expressions [-Wsign-compare]
        } else if ((get_prox(prefSide)>maxirread && get_prox(offSide)<maxirread) || (get_prox(prefCorner)>maxirread && get_prox(offCorner)<maxirread)){
                                      ^
main.c:214:69: warning: comparison between signed and unsigned integer expressions [-Wsign-compare]
        } else if ((get_prox(prefSide)>maxirread && get_prox(offSide)<maxirread) || (get_prox(prefCorner)>maxirread && get_prox(offCorner)<maxirread)){
                                                                     ^
main.c:214:105: warning: comparison between signed and unsigned integer expressions [-Wsign-compare]
        } else if ((get_prox(prefSide)>maxirread && get_prox(offSide)<maxirread) || (get_prox(prefCorner)>maxirread && get_prox(offCorner)<maxirread)){
                                                                                                         ^
main.c:214:138: warning: comparison between signed and unsigned integer expressions [-Wsign-compare]
        } else if ((get_prox(prefSide)>maxirread && get_prox(offSide)<maxirread) || (get_prox(prefCorner)>maxirread && get_prox(offCorner)<maxirread)){
                                                                                                                                          ^
main.c:216:15: warning: unused variable 'wheelratio' [-Wunused-variable]
         float wheelratio = 1.1;
               ^~~~~~~~~~
main.c:217:37: warning: comparison between signed and unsigned integer expressions [-Wsign-compare]
        } else if ((get_prox(offSide)>maxirread && get_prox(prefSide)<maxirread) || (get_prox(offCorner)>maxirread && get_prox(prefCorner)<maxirread)){
                                     ^
main.c:217:69: warning: comparison between signed and unsigned integer expressions [-Wsign-compare]
        } else if ((get_prox(offSide)>maxirread && get_prox(prefSide)<maxirread) || (get_prox(offCorner)>maxirread && get_prox(prefCorner)<maxirread)){
                                                                     ^
main.c:217:104: warning: comparison between signed and unsigned integer expressions [-Wsign-compare]
        } else if ((get_prox(offSide)>maxirread && get_prox(prefSide)<maxirread) || (get_prox(offCorner)>maxirread && get_prox(prefCorner)<maxirread)){
                                                                                                        ^
main.c:217:138: warning: comparison between signed and unsigned integer expressions [-Wsign-compare]
        } else if ((get_prox(offSide)>maxirread && get_prox(prefSide)<maxirread) || (get_prox(offCorner)>maxirread && get_prox(prefCorner)<maxirread)){
                                                                                                                                          ^
main.c:219:15: warning: unused variable 'wheelratio' [-Wunused-variable]
         float wheelratio = 0.9;
               ^~~~~~~~~~
main.c:220:38: warning: comparison between signed and unsigned integer expressions [-Wsign-compare]
        } else if ((get_prox(prefSide)>maxirread && get_prox(offSide)>maxirread) || (get_prox(prefCorner)>maxirread && get_prox(offCorner)>maxirread)){
                                      ^
main.c:220:69: warning: comparison between signed and unsigned integer expressions [-Wsign-compare]
        } else if ((get_prox(prefSide)>maxirread && get_prox(offSide)>maxirread) || (get_prox(prefCorner)>maxirread && get_prox(offCorner)>maxirread)){
                                                                     ^
main.c:220:105: warning: comparison between signed and unsigned integer expressions [-Wsign-compare]
        } else if ((get_prox(prefSide)>maxirread && get_prox(offSide)>maxirread) || (get_prox(prefCorner)>maxirread && get_prox(offCorner)>maxirread)){
                                                                                                         ^
main.c:220:138: warning: comparison between signed and unsigned integer expressions [-Wsign-compare]
        } else if ((get_prox(prefSide)>maxirread && get_prox(offSide)>maxirread) || (get_prox(prefCorner)>maxirread && get_prox(offCorner)>maxirread)){
                                                                                                                                          ^
main.c:225:38: warning: comparison between signed and unsigned integer expressions [-Wsign-compare]
        } else if (get_prox(prefFront)>maxirread || (get_prox(offFront)>maxirread)){
                                      ^
main.c:225:71: warning: comparison between signed and unsigned integer expressions [-Wsign-compare]
        } else if (get_prox(prefFront)>maxirread || (get_prox(offFront)>maxirread)){
                                                                       ^
main.c:258:4: warning: implicit declaration of function 'delay_ms' [-Wimplicit-function-declaration]
    delay_ms(500);
    ^~~~~~~~
main.c:298:1: error: expected declaration or statement at end of input
 }
 ^
main.c:293:11: warning: unused variable '__stack_chk_guard' [-Wunused-variable]
 uintptr_t __stack_chk_guard = STACK_CHK_GUARD;
           ^~~~~~~~~~~~~~~~~
main.c:298:1: error: expected declaration or statement at end of input
 }
 ^
main.c:64:18: warning: variable 'offBack' set but not used [-Wunused-but-set-variable]
     unsigned int offBack;
                  ^~~~~~~
main.c:60:18: warning: variable 'prefBack' set but not used [-Wunused-but-set-variable]
     unsigned int prefBack;
                  ^~~~~~~~
At top level:
main.c:295:6: warning: '__stack_chk_fail' defined but not used [-Wunused-function]
 void __stack_chk_fail(void)
      ^~~~~~~~~~~~~~~~
make: *** [../e-puck2_main-processor/ChibiOS//os/common/ports/ARMCMx/compilers/GCC/rules.mk:217: build/obj/main.o] Error 1
"make all" terminated with exit code 2. Build might be incomplete.
15:07:37 **** Incremental Build of configuration Default for project Project ****
make all 
[1;34mCompiling main.c[0m
main.c: In function 'main':
main.c:152:27: warning: comparison between signed and unsigned integer expressions [-Wsign-compare]
     if (get_prox(prefSide)<minirread){
                           ^
main.c:154:15: warning: unused variable 'wheelratio' [-Wunused-variable]
         float wheelratio = 0.9;
               ^~~~~~~~~~
main.c:155:38: warning: comparison between signed and unsigned integer expressions [-Wsign-compare]
        } else if ((get_prox(prefSide)>maxirread && get_prox(offSide)<maxirread) || (get_prox(prefCorner)>maxirread && get_prox(offCorner)<maxirread)){
                                      ^
main.c:155:69: warning: comparison between signed and unsigned integer expressions [-Wsign-compare]
        } else if ((get_prox(prefSide)>maxirread && get_prox(offSide)<maxirread) || (get_prox(prefCorner)>maxirread && get_prox(offCorner)<maxirread)){
                                                                     ^
main.c:155:105: warning: comparison between signed and unsigned integer expressions [-Wsign-compare]
        } else if ((get_prox(prefSide)>maxirread && get_prox(offSide)<maxirread) || (get_prox(prefCorner)>maxirread && get_prox(offCorner)<maxirread)){
                                                                                                         ^
main.c:155:138: warning: comparison between signed and unsigned integer expressions [-Wsign-compare]
        } else if ((get_prox(prefSide)>maxirread && get_prox(offSide)<maxirread) || (get_prox(prefCorner)>maxirread && get_prox(offCorner)<maxirread)){
                                                                                                                                          ^
main.c:157:15: warning: unused variable 'wheelratio' [-Wunused-variable]
         float wheelratio = 1.1;
               ^~~~~~~~~~
main.c:158:37: warning: comparison between signed and unsigned integer expressions [-Wsign-compare]
        } else if ((get_prox(offSide)>maxirread && get_prox(prefSide)<maxirread) || (get_prox(offCorner)>maxirread && get_prox(prefCorner)<maxirread)){
                                     ^
main.c:158:69: warning: comparison between signed and unsigned integer expressions [-Wsign-compare]
        } else if ((get_prox(offSide)>maxirread && get_prox(prefSide)<maxirread) || (get_prox(offCorner)>maxirread && get_prox(prefCorner)<maxirread)){
                                                                     ^
main.c:158:104: warning: comparison between signed and unsigned integer expressions [-Wsign-compare]
        } else if ((get_prox(offSide)>maxirread && get_prox(prefSide)<maxirread) || (get_prox(offCorner)>maxirread && get_prox(prefCorner)<maxirread)){
                                                                                                        ^
main.c:158:138: warning: comparison between signed and unsigned integer expressions [-Wsign-compare]
        } else if ((get_prox(offSide)>maxirread && get_prox(prefSide)<maxirread) || (get_prox(offCorner)>maxirread && get_prox(prefCorner)<maxirread)){
                                                                                                                                          ^
main.c:160:15: warning: unused variable 'wheelratio' [-Wunused-variable]
         float wheelratio = 0.9;
               ^~~~~~~~~~
main.c:161:38: warning: comparison between signed and unsigned integer expressions [-Wsign-compare]
        } else if ((get_prox(prefSide)>maxirread && get_prox(offSide)>maxirread) || (get_prox(prefCorner)>maxirread && get_prox(offCorner)>maxirread)){
                                      ^
main.c:161:69: warning: comparison between signed and unsigned integer expressions [-Wsign-compare]
        } else if ((get_prox(prefSide)>maxirread && get_prox(offSide)>maxirread) || (get_prox(prefCorner)>maxirread && get_prox(offCorner)>maxirread)){
                                                                     ^
main.c:161:105: warning: comparison between signed and unsigned integer expressions [-Wsign-compare]
        } else if ((get_prox(prefSide)>maxirread && get_prox(offSide)>maxirread) || (get_prox(prefCorner)>maxirread && get_prox(offCorner)>maxirread)){
                                                                                                         ^
main.c:161:138: warning: comparison between signed and unsigned integer expressions [-Wsign-compare]
        } else if ((get_prox(prefSide)>maxirread && get_prox(offSide)>maxirread) || (get_prox(prefCorner)>maxirread && get_prox(offCorner)>maxirread)){
                                                                                                                                          ^
main.c:166:38: warning: comparison between signed and unsigned integer expressions [-Wsign-compare]
        } else if (get_prox(prefFront)>maxirread || (get_prox(offFront)>maxirread)){
                                      ^
main.c:166:71: warning: comparison between signed and unsigned integer expressions [-Wsign-compare]
        } else if (get_prox(prefFront)>maxirread || (get_prox(offFront)>maxirread)){
                                                                       ^
main.c:193:9: warning: unused variable 'wallsexplored' [-Wunused-variable]
    bool wallsexplored = 1;
         ^~~~~~~~~~~~~
main.c:206:22: warning: comparison between signed and unsigned integer expressions [-Wsign-compare]
   if (SensorValue[0] > threshold || SensorValue[7] > threshold || SensorValue[1] > threshold || SensorValue[2] > threshold || SensorValue[5] > threshold ||SensorValue[6] > threshold) {
                      ^
main.c:206:52: warning: comparison between signed and unsigned integer expressions [-Wsign-compare]
   if (SensorValue[0] > threshold || SensorValue[7] > threshold || SensorValue[1] > threshold || SensorValue[2] > threshold || SensorValue[5] > threshold ||SensorValue[6] > threshold) {
                                                    ^
main.c:206:82: warning: comparison between signed and unsigned integer expressions [-Wsign-compare]
   if (SensorValue[0] > threshold || SensorValue[7] > threshold || SensorValue[1] > threshold || SensorValue[2] > threshold || SensorValue[5] > threshold ||SensorValue[6] > threshold) {
                                                                                  ^
main.c:206:112: warning: comparison between signed and unsigned integer expressions [-Wsign-compare]
   if (SensorValue[0] > threshold || SensorValue[7] > threshold || SensorValue[1] > threshold || SensorValue[2] > threshold || SensorValue[5] > threshold ||SensorValue[6] > threshold) {
                                                                                                                ^
main.c:206:142: warning: comparison between signed and unsigned integer expressions [-Wsign-compare]
   if (SensorValue[0] > threshold || SensorValue[7] > threshold || SensorValue[1] > threshold || SensorValue[2] > threshold || SensorValue[5] > threshold ||SensorValue[6] > threshold) {
                                                                                                                                              ^
main.c:206:171: warning: comparison between signed and unsigned integer expressions [-Wsign-compare]
   if (SensorValue[0] > threshold || SensorValue[7] > threshold || SensorValue[1] > threshold || SensorValue[2] > threshold || SensorValue[5] > threshold ||SensorValue[6] > threshold) {
                                                                                                                                                                           ^
main.c:211:27: warning: comparison between signed and unsigned integer expressions [-Wsign-compare]
     if (get_prox(prefSide)<minirread){
                           ^
main.c:213:15: warning: unused variable 'wheelratio' [-Wunused-variable]
         float wheelratio = 0.9;
               ^~~~~~~~~~
main.c:214:38: warning: comparison between signed and unsigned integer expressions [-Wsign-compare]
        } else if ((get_prox(prefSide)>maxirread && get_prox(offSide)<maxirread) || (get_prox(prefCorner)>maxirread && get_prox(offCorner)<maxirread)){
                                      ^
main.c:214:69: warning: comparison between signed and unsigned integer expressions [-Wsign-compare]
        } else if ((get_prox(prefSide)>maxirread && get_prox(offSide)<maxirread) || (get_prox(prefCorner)>maxirread && get_prox(offCorner)<maxirread)){
                                                                     ^
main.c:214:105: warning: comparison between signed and unsigned integer expressions [-Wsign-compare]
        } else if ((get_prox(prefSide)>maxirread && get_prox(offSide)<maxirread) || (get_prox(prefCorner)>maxirread && get_prox(offCorner)<maxirread)){
                                                                                                         ^
main.c:214:138: warning: comparison between signed and unsigned integer expressions [-Wsign-compare]
        } else if ((get_prox(prefSide)>maxirread && get_prox(offSide)<maxirread) || (get_prox(prefCorner)>maxirread && get_prox(offCorner)<maxirread)){
                                                                                                                                          ^
main.c:216:15: warning: unused variable 'wheelratio' [-Wunused-variable]
         float wheelratio = 1.1;
               ^~~~~~~~~~
main.c:217:37: warning: comparison between signed and unsigned integer expressions [-Wsign-compare]
        } else if ((get_prox(offSide)>maxirread && get_prox(prefSide)<maxirread) || (get_prox(offCorner)>maxirread && get_prox(prefCorner)<maxirread)){
                                     ^
main.c:217:69: warning: comparison between signed and unsigned integer expressions [-Wsign-compare]
        } else if ((get_prox(offSide)>maxirread && get_prox(prefSide)<maxirread) || (get_prox(offCorner)>maxirread && get_prox(prefCorner)<maxirread)){
                                                                     ^
main.c:217:104: warning: comparison between signed and unsigned integer expressions [-Wsign-compare]
        } else if ((get_prox(offSide)>maxirread && get_prox(prefSide)<maxirread) || (get_prox(offCorner)>maxirread && get_prox(prefCorner)<maxirread)){
                                                                                                        ^
main.c:217:138: warning: comparison between signed and unsigned integer expressions [-Wsign-compare]
        } else if ((get_prox(offSide)>maxirread && get_prox(prefSide)<maxirread) || (get_prox(offCorner)>maxirread && get_prox(prefCorner)<maxirread)){
                                                                                                                                          ^
main.c:219:15: warning: unused variable 'wheelratio' [-Wunused-variable]
         float wheelratio = 0.9;
               ^~~~~~~~~~
main.c:220:38: warning: comparison between signed and unsigned integer expressions [-Wsign-compare]
        } else if ((get_prox(prefSide)>maxirread && get_prox(offSide)>maxirread) || (get_prox(prefCorner)>maxirread && get_prox(offCorner)>maxirread)){
                                      ^
main.c:220:69: warning: comparison between signed and unsigned integer expressions [-Wsign-compare]
        } else if ((get_prox(prefSide)>maxirread && get_prox(offSide)>maxirread) || (get_prox(prefCorner)>maxirread && get_prox(offCorner)>maxirread)){
                                                                     ^
main.c:220:105: warning: comparison between signed and unsigned integer expressions [-Wsign-compare]
        } else if ((get_prox(prefSide)>maxirread && get_prox(offSide)>maxirread) || (get_prox(prefCorner)>maxirread && get_prox(offCorner)>maxirread)){
                                                                                                         ^
main.c:220:138: warning: comparison between signed and unsigned integer expressions [-Wsign-compare]
        } else if ((get_prox(prefSide)>maxirread && get_prox(offSide)>maxirread) || (get_prox(prefCorner)>maxirread && get_prox(offCorner)>maxirread)){
                                                                                                                                          ^
main.c:225:38: warning: comparison between signed and unsigned integer expressions [-Wsign-compare]
        } else if (get_prox(prefFront)>maxirread || (get_prox(offFront)>maxirread)){
                                      ^
main.c:225:71: warning: comparison between signed and unsigned integer expressions [-Wsign-compare]
        } else if (get_prox(prefFront)>maxirread || (get_prox(offFront)>maxirread)){
                                                                       ^
main.c:258:4: warning: implicit declaration of function 'delay_ms' [-Wimplicit-function-declaration]
    delay_ms(500);
    ^~~~~~~~
main.c:64:18: warning: variable 'offBack' set but not used [-Wunused-but-set-variable]
     unsigned int offBack;
                  ^~~~~~~
main.c:60:18: warning: variable 'prefBack' set but not used [-Wunused-but-set-variable]
     unsigned int prefBack;
                  ^~~~~~~~
main.c:270:3: warning: iteration 4 invokes undefined behavior [-Waggressive-loop-optimizations]
   set_rgb_led(allRGBs[i], 10 , 0 , 0 );
   ^~~~~~~~~~~~~~~~~~~~~~~~~~~~~~~~~~~~
main.c:269:3: note: within this loop
   for (int i = 0; i <= 4; i++) {
   ^~~
main.c:278:3: warning: iteration 4 invokes undefined behavior [-Waggressive-loop-optimizations]
   set_rgb_led(allRGBs[i], 0 , 0 , 10);
   ^~~~~~~~~~~~~~~~~~~~~~~~~~~~~~~~~~~
main.c:277:3: note: within this loop
   for (int i = 0; i <= 4; i++) {
   ^~~
main.c:274:3: warning: iteration 4 invokes undefined behavior [-Waggressive-loop-optimizations]
   set_rgb_led(allRGBs[i], 0 , 10 , 0 );
   ^~~~~~~~~~~~~~~~~~~~~~~~~~~~~~~~~~~~
main.c:273:3: note: within this loop
   for (int i = 0; i <= 4; i++) {
   ^~~
[1;34mLinking build/Project_template.elf[0m
[1;34mCreating build/Project_template.hex[0m
[1;34mCreating build/Project_template.bin[0m
[1;34mCreating build/Project_template.dmp[0m

   text	   data	    bss	    dec	    hex	filename
  63940	   3084	  17508	  84532	  14a34	build/Project_template.elf
[1;34mCreating build/Project_template.list[0m

[1;34mDone[0m
15:07:58 **** Incremental Build of configuration Default for project Project ****
make all 
make: Nothing to be done for 'all'.
15:08:40 **** Incremental Build of configuration Default for project Project ****
make all 
make: Nothing to be done for 'all'.
15:09:48 **** Incremental Build of configuration Default for project Project ****
make all 
[1;34mCompiling main.c[0m
main.c: In function 'main':
main.c:152:27: warning: comparison between signed and unsigned integer expressions [-Wsign-compare]
     if (get_prox(prefSide)<minirread){
                           ^
main.c:154:15: warning: unused variable 'wheelratio' [-Wunused-variable]
         float wheelratio = 0.9;
               ^~~~~~~~~~
main.c:155:38: warning: comparison between signed and unsigned integer expressions [-Wsign-compare]
        } else if ((get_prox(prefSide)>maxirread && get_prox(offSide)<maxirread) || (get_prox(prefCorner)>maxirread && get_prox(offCorner)<maxirread)){
                                      ^
main.c:155:69: warning: comparison between signed and unsigned integer expressions [-Wsign-compare]
        } else if ((get_prox(prefSide)>maxirread && get_prox(offSide)<maxirread) || (get_prox(prefCorner)>maxirread && get_prox(offCorner)<maxirread)){
                                                                     ^
main.c:155:105: warning: comparison between signed and unsigned integer expressions [-Wsign-compare]
        } else if ((get_prox(prefSide)>maxirread && get_prox(offSide)<maxirread) || (get_prox(prefCorner)>maxirread && get_prox(offCorner)<maxirread)){
                                                                                                         ^
main.c:155:138: warning: comparison between signed and unsigned integer expressions [-Wsign-compare]
        } else if ((get_prox(prefSide)>maxirread && get_prox(offSide)<maxirread) || (get_prox(prefCorner)>maxirread && get_prox(offCorner)<maxirread)){
                                                                                                                                          ^
main.c:157:15: warning: unused variable 'wheelratio' [-Wunused-variable]
         float wheelratio = 1.1;
               ^~~~~~~~~~
main.c:158:37: warning: comparison between signed and unsigned integer expressions [-Wsign-compare]
        } else if ((get_prox(offSide)>maxirread && get_prox(prefSide)<maxirread) || (get_prox(offCorner)>maxirread && get_prox(prefCorner)<maxirread)){
                                     ^
main.c:158:69: warning: comparison between signed and unsigned integer expressions [-Wsign-compare]
        } else if ((get_prox(offSide)>maxirread && get_prox(prefSide)<maxirread) || (get_prox(offCorner)>maxirread && get_prox(prefCorner)<maxirread)){
                                                                     ^
main.c:158:104: warning: comparison between signed and unsigned integer expressions [-Wsign-compare]
        } else if ((get_prox(offSide)>maxirread && get_prox(prefSide)<maxirread) || (get_prox(offCorner)>maxirread && get_prox(prefCorner)<maxirread)){
                                                                                                        ^
main.c:158:138: warning: comparison between signed and unsigned integer expressions [-Wsign-compare]
        } else if ((get_prox(offSide)>maxirread && get_prox(prefSide)<maxirread) || (get_prox(offCorner)>maxirread && get_prox(prefCorner)<maxirread)){
                                                                                                                                          ^
main.c:160:15: warning: unused variable 'wheelratio' [-Wunused-variable]
         float wheelratio = 0.9;
               ^~~~~~~~~~
main.c:161:38: warning: comparison between signed and unsigned integer expressions [-Wsign-compare]
        } else if ((get_prox(prefSide)>maxirread && get_prox(offSide)>maxirread) || (get_prox(prefCorner)>maxirread && get_prox(offCorner)>maxirread)){
                                      ^
main.c:161:69: warning: comparison between signed and unsigned integer expressions [-Wsign-compare]
        } else if ((get_prox(prefSide)>maxirread && get_prox(offSide)>maxirread) || (get_prox(prefCorner)>maxirread && get_prox(offCorner)>maxirread)){
                                                                     ^
main.c:161:105: warning: comparison between signed and unsigned integer expressions [-Wsign-compare]
        } else if ((get_prox(prefSide)>maxirread && get_prox(offSide)>maxirread) || (get_prox(prefCorner)>maxirread && get_prox(offCorner)>maxirread)){
                                                                                                         ^
main.c:161:138: warning: comparison between signed and unsigned integer expressions [-Wsign-compare]
        } else if ((get_prox(prefSide)>maxirread && get_prox(offSide)>maxirread) || (get_prox(prefCorner)>maxirread && get_prox(offCorner)>maxirread)){
                                                                                                                                          ^
main.c:166:38: warning: comparison between signed and unsigned integer expressions [-Wsign-compare]
        } else if (get_prox(prefFront)>maxirread || (get_prox(offFront)>maxirread)){
                                      ^
main.c:166:71: warning: comparison between signed and unsigned integer expressions [-Wsign-compare]
        } else if (get_prox(prefFront)>maxirread || (get_prox(offFront)>maxirread)){
                                                                       ^
main.c:193:9: warning: unused variable 'wallsexplored' [-Wunused-variable]
    bool wallsexplored = 1;
         ^~~~~~~~~~~~~
main.c:206:22: warning: comparison between signed and unsigned integer expressions [-Wsign-compare]
   if (SensorValue[0] > threshold || SensorValue[7] > threshold || SensorValue[1] > threshold || SensorValue[2] > threshold || SensorValue[5] > threshold ||SensorValue[6] > threshold) {
                      ^
main.c:206:52: warning: comparison between signed and unsigned integer expressions [-Wsign-compare]
   if (SensorValue[0] > threshold || SensorValue[7] > threshold || SensorValue[1] > threshold || SensorValue[2] > threshold || SensorValue[5] > threshold ||SensorValue[6] > threshold) {
                                                    ^
main.c:206:82: warning: comparison between signed and unsigned integer expressions [-Wsign-compare]
   if (SensorValue[0] > threshold || SensorValue[7] > threshold || SensorValue[1] > threshold || SensorValue[2] > threshold || SensorValue[5] > threshold ||SensorValue[6] > threshold) {
                                                                                  ^
main.c:206:112: warning: comparison between signed and unsigned integer expressions [-Wsign-compare]
   if (SensorValue[0] > threshold || SensorValue[7] > threshold || SensorValue[1] > threshold || SensorValue[2] > threshold || SensorValue[5] > threshold ||SensorValue[6] > threshold) {
                                                                                                                ^
main.c:206:142: warning: comparison between signed and unsigned integer expressions [-Wsign-compare]
   if (SensorValue[0] > threshold || SensorValue[7] > threshold || SensorValue[1] > threshold || SensorValue[2] > threshold || SensorValue[5] > threshold ||SensorValue[6] > threshold) {
                                                                                                                                              ^
main.c:206:171: warning: comparison between signed and unsigned integer expressions [-Wsign-compare]
   if (SensorValue[0] > threshold || SensorValue[7] > threshold || SensorValue[1] > threshold || SensorValue[2] > threshold || SensorValue[5] > threshold ||SensorValue[6] > threshold) {
                                                                                                                                                                           ^
main.c:211:27: warning: comparison between signed and unsigned integer expressions [-Wsign-compare]
     if (get_prox(prefSide)<minirread){
                           ^
main.c:213:15: warning: unused variable 'wheelratio' [-Wunused-variable]
         float wheelratio = 0.9;
               ^~~~~~~~~~
main.c:214:38: warning: comparison between signed and unsigned integer expressions [-Wsign-compare]
        } else if ((get_prox(prefSide)>maxirread && get_prox(offSide)<maxirread) || (get_prox(prefCorner)>maxirread && get_prox(offCorner)<maxirread)){
                                      ^
main.c:214:69: warning: comparison between signed and unsigned integer expressions [-Wsign-compare]
        } else if ((get_prox(prefSide)>maxirread && get_prox(offSide)<maxirread) || (get_prox(prefCorner)>maxirread && get_prox(offCorner)<maxirread)){
                                                                     ^
main.c:214:105: warning: comparison between signed and unsigned integer expressions [-Wsign-compare]
        } else if ((get_prox(prefSide)>maxirread && get_prox(offSide)<maxirread) || (get_prox(prefCorner)>maxirread && get_prox(offCorner)<maxirread)){
                                                                                                         ^
main.c:214:138: warning: comparison between signed and unsigned integer expressions [-Wsign-compare]
        } else if ((get_prox(prefSide)>maxirread && get_prox(offSide)<maxirread) || (get_prox(prefCorner)>maxirread && get_prox(offCorner)<maxirread)){
                                                                                                                                          ^
main.c:216:15: warning: unused variable 'wheelratio' [-Wunused-variable]
         float wheelratio = 1.1;
               ^~~~~~~~~~
main.c:217:37: warning: comparison between signed and unsigned integer expressions [-Wsign-compare]
        } else if ((get_prox(offSide)>maxirread && get_prox(prefSide)<maxirread) || (get_prox(offCorner)>maxirread && get_prox(prefCorner)<maxirread)){
                                     ^
main.c:217:69: warning: comparison between signed and unsigned integer expressions [-Wsign-compare]
        } else if ((get_prox(offSide)>maxirread && get_prox(prefSide)<maxirread) || (get_prox(offCorner)>maxirread && get_prox(prefCorner)<maxirread)){
                                                                     ^
main.c:217:104: warning: comparison between signed and unsigned integer expressions [-Wsign-compare]
        } else if ((get_prox(offSide)>maxirread && get_prox(prefSide)<maxirread) || (get_prox(offCorner)>maxirread && get_prox(prefCorner)<maxirread)){
                                                                                                        ^
main.c:217:138: warning: comparison between signed and unsigned integer expressions [-Wsign-compare]
        } else if ((get_prox(offSide)>maxirread && get_prox(prefSide)<maxirread) || (get_prox(offCorner)>maxirread && get_prox(prefCorner)<maxirread)){
                                                                                                                                          ^
main.c:219:15: warning: unused variable 'wheelratio' [-Wunused-variable]
         float wheelratio = 0.9;
               ^~~~~~~~~~
main.c:220:38: warning: comparison between signed and unsigned integer expressions [-Wsign-compare]
        } else if ((get_prox(prefSide)>maxirread && get_prox(offSide)>maxirread) || (get_prox(prefCorner)>maxirread && get_prox(offCorner)>maxirread)){
                                      ^
main.c:220:69: warning: comparison between signed and unsigned integer expressions [-Wsign-compare]
        } else if ((get_prox(prefSide)>maxirread && get_prox(offSide)>maxirread) || (get_prox(prefCorner)>maxirread && get_prox(offCorner)>maxirread)){
                                                                     ^
main.c:220:105: warning: comparison between signed and unsigned integer expressions [-Wsign-compare]
        } else if ((get_prox(prefSide)>maxirread && get_prox(offSide)>maxirread) || (get_prox(prefCorner)>maxirread && get_prox(offCorner)>maxirread)){
                                                                                                         ^
main.c:220:138: warning: comparison between signed and unsigned integer expressions [-Wsign-compare]
        } else if ((get_prox(prefSide)>maxirread && get_prox(offSide)>maxirread) || (get_prox(prefCorner)>maxirread && get_prox(offCorner)>maxirread)){
                                                                                                                                          ^
main.c:225:38: warning: comparison between signed and unsigned integer expressions [-Wsign-compare]
        } else if (get_prox(prefFront)>maxirread || (get_prox(offFront)>maxirread)){
                                      ^
main.c:225:71: warning: comparison between signed and unsigned integer expressions [-Wsign-compare]
        } else if (get_prox(prefFront)>maxirread || (get_prox(offFront)>maxirread)){
                                                                       ^
main.c:258:4: warning: implicit declaration of function 'delay_ms' [-Wimplicit-function-declaration]
    delay_ms(500);
    ^~~~~~~~
main.c:64:18: warning: variable 'offBack' set but not used [-Wunused-but-set-variable]
     unsigned int offBack;
                  ^~~~~~~
main.c:60:18: warning: variable 'prefBack' set but not used [-Wunused-but-set-variable]
     unsigned int prefBack;
                  ^~~~~~~~
main.c:270:3: warning: iteration 4 invokes undefined behavior [-Waggressive-loop-optimizations]
   set_rgb_led(allRGBs[i], 10 , 0 , 0 );
   ^~~~~~~~~~~~~~~~~~~~~~~~~~~~~~~~~~~~
main.c:269:3: note: within this loop
   for (int i = 0; i <= 4; i++) {
   ^~~
main.c:278:3: warning: iteration 4 invokes undefined behavior [-Waggressive-loop-optimizations]
   set_rgb_led(allRGBs[i], 0 , 0 , 10);
   ^~~~~~~~~~~~~~~~~~~~~~~~~~~~~~~~~~~
main.c:277:3: note: within this loop
   for (int i = 0; i <= 4; i++) {
   ^~~
main.c:274:3: warning: iteration 4 invokes undefined behavior [-Waggressive-loop-optimizations]
   set_rgb_led(allRGBs[i], 0 , 10 , 0 );
   ^~~~~~~~~~~~~~~~~~~~~~~~~~~~~~~~~~~~
main.c:273:3: note: within this loop
   for (int i = 0; i <= 4; i++) {
   ^~~
[1;34mLinking build/Project_template.elf[0m
[1;34mCreating build/Project_template.hex[0m
[1;34mCreating build/Project_template.bin[0m
[1;34mCreating build/Project_template.dmp[0m

   text	   data	    bss	    dec	    hex	filename
  63956	   3084	  17508	  84548	  14a44	build/Project_template.elf
[1;34mCreating build/Project_template.list[0m

[1;34mDone[0m
15:10:29 **** Incremental Build of configuration Default for project Project ****
make all 
[1;34mCompiling main.c[0m
main.c: In function 'main':
main.c:152:27: warning: comparison between signed and unsigned integer expressions [-Wsign-compare]
     if (get_prox(prefSide)<minirread){
                           ^
main.c:154:15: warning: unused variable 'wheelratio' [-Wunused-variable]
         float wheelratio = 0.9;
               ^~~~~~~~~~
main.c:155:38: warning: comparison between signed and unsigned integer expressions [-Wsign-compare]
        } else if ((get_prox(prefSide)>maxirread && get_prox(offSide)<maxirread) || (get_prox(prefCorner)>maxirread && get_prox(offCorner)<maxirread)){
                                      ^
main.c:155:69: warning: comparison between signed and unsigned integer expressions [-Wsign-compare]
        } else if ((get_prox(prefSide)>maxirread && get_prox(offSide)<maxirread) || (get_prox(prefCorner)>maxirread && get_prox(offCorner)<maxirread)){
                                                                     ^
main.c:155:105: warning: comparison between signed and unsigned integer expressions [-Wsign-compare]
        } else if ((get_prox(prefSide)>maxirread && get_prox(offSide)<maxirread) || (get_prox(prefCorner)>maxirread && get_prox(offCorner)<maxirread)){
                                                                                                         ^
main.c:155:138: warning: comparison between signed and unsigned integer expressions [-Wsign-compare]
        } else if ((get_prox(prefSide)>maxirread && get_prox(offSide)<maxirread) || (get_prox(prefCorner)>maxirread && get_prox(offCorner)<maxirread)){
                                                                                                                                          ^
main.c:157:15: warning: unused variable 'wheelratio' [-Wunused-variable]
         float wheelratio = 1.1;
               ^~~~~~~~~~
main.c:158:37: warning: comparison between signed and unsigned integer expressions [-Wsign-compare]
        } else if ((get_prox(offSide)>maxirread && get_prox(prefSide)<maxirread) || (get_prox(offCorner)>maxirread && get_prox(prefCorner)<maxirread)){
                                     ^
main.c:158:69: warning: comparison between signed and unsigned integer expressions [-Wsign-compare]
        } else if ((get_prox(offSide)>maxirread && get_prox(prefSide)<maxirread) || (get_prox(offCorner)>maxirread && get_prox(prefCorner)<maxirread)){
                                                                     ^
main.c:158:104: warning: comparison between signed and unsigned integer expressions [-Wsign-compare]
        } else if ((get_prox(offSide)>maxirread && get_prox(prefSide)<maxirread) || (get_prox(offCorner)>maxirread && get_prox(prefCorner)<maxirread)){
                                                                                                        ^
main.c:158:138: warning: comparison between signed and unsigned integer expressions [-Wsign-compare]
        } else if ((get_prox(offSide)>maxirread && get_prox(prefSide)<maxirread) || (get_prox(offCorner)>maxirread && get_prox(prefCorner)<maxirread)){
                                                                                                                                          ^
main.c:160:15: warning: unused variable 'wheelratio' [-Wunused-variable]
         float wheelratio = 0.9;
               ^~~~~~~~~~
main.c:161:38: warning: comparison between signed and unsigned integer expressions [-Wsign-compare]
        } else if ((get_prox(prefSide)>maxirread && get_prox(offSide)>maxirread) || (get_prox(prefCorner)>maxirread && get_prox(offCorner)>maxirread)){
                                      ^
main.c:161:69: warning: comparison between signed and unsigned integer expressions [-Wsign-compare]
        } else if ((get_prox(prefSide)>maxirread && get_prox(offSide)>maxirread) || (get_prox(prefCorner)>maxirread && get_prox(offCorner)>maxirread)){
                                                                     ^
main.c:161:105: warning: comparison between signed and unsigned integer expressions [-Wsign-compare]
        } else if ((get_prox(prefSide)>maxirread && get_prox(offSide)>maxirread) || (get_prox(prefCorner)>maxirread && get_prox(offCorner)>maxirread)){
                                                                                                         ^
main.c:161:138: warning: comparison between signed and unsigned integer expressions [-Wsign-compare]
        } else if ((get_prox(prefSide)>maxirread && get_prox(offSide)>maxirread) || (get_prox(prefCorner)>maxirread && get_prox(offCorner)>maxirread)){
                                                                                                                                          ^
main.c:166:38: warning: comparison between signed and unsigned integer expressions [-Wsign-compare]
        } else if (get_prox(prefFront)>maxirread || (get_prox(offFront)>maxirread)){
                                      ^
main.c:166:71: warning: comparison between signed and unsigned integer expressions [-Wsign-compare]
        } else if (get_prox(prefFront)>maxirread || (get_prox(offFront)>maxirread)){
                                                                       ^
main.c:193:9: warning: unused variable 'wallsexplored' [-Wunused-variable]
    bool wallsexplored = 1;
         ^~~~~~~~~~~~~
main.c:206:22: warning: comparison between signed and unsigned integer expressions [-Wsign-compare]
   if (SensorValue[0] > threshold || SensorValue[7] > threshold || SensorValue[1] > threshold || SensorValue[2] > threshold || SensorValue[5] > threshold ||SensorValue[6] > threshold) {
                      ^
main.c:206:52: warning: comparison between signed and unsigned integer expressions [-Wsign-compare]
   if (SensorValue[0] > threshold || SensorValue[7] > threshold || SensorValue[1] > threshold || SensorValue[2] > threshold || SensorValue[5] > threshold ||SensorValue[6] > threshold) {
                                                    ^
main.c:206:82: warning: comparison between signed and unsigned integer expressions [-Wsign-compare]
   if (SensorValue[0] > threshold || SensorValue[7] > threshold || SensorValue[1] > threshold || SensorValue[2] > threshold || SensorValue[5] > threshold ||SensorValue[6] > threshold) {
                                                                                  ^
main.c:206:112: warning: comparison between signed and unsigned integer expressions [-Wsign-compare]
   if (SensorValue[0] > threshold || SensorValue[7] > threshold || SensorValue[1] > threshold || SensorValue[2] > threshold || SensorValue[5] > threshold ||SensorValue[6] > threshold) {
                                                                                                                ^
main.c:206:142: warning: comparison between signed and unsigned integer expressions [-Wsign-compare]
   if (SensorValue[0] > threshold || SensorValue[7] > threshold || SensorValue[1] > threshold || SensorValue[2] > threshold || SensorValue[5] > threshold ||SensorValue[6] > threshold) {
                                                                                                                                              ^
main.c:206:171: warning: comparison between signed and unsigned integer expressions [-Wsign-compare]
   if (SensorValue[0] > threshold || SensorValue[7] > threshold || SensorValue[1] > threshold || SensorValue[2] > threshold || SensorValue[5] > threshold ||SensorValue[6] > threshold) {
                                                                                                                                                                           ^
main.c:211:27: warning: comparison between signed and unsigned integer expressions [-Wsign-compare]
     if (get_prox(prefSide)<minirread){
                           ^
main.c:213:15: warning: unused variable 'wheelratio' [-Wunused-variable]
         float wheelratio = 0.9;
               ^~~~~~~~~~
main.c:214:38: warning: comparison between signed and unsigned integer expressions [-Wsign-compare]
        } else if ((get_prox(prefSide)>maxirread && get_prox(offSide)<maxirread) || (get_prox(prefCorner)>maxirread && get_prox(offCorner)<maxirread)){
                                      ^
main.c:214:69: warning: comparison between signed and unsigned integer expressions [-Wsign-compare]
        } else if ((get_prox(prefSide)>maxirread && get_prox(offSide)<maxirread) || (get_prox(prefCorner)>maxirread && get_prox(offCorner)<maxirread)){
                                                                     ^
main.c:214:105: warning: comparison between signed and unsigned integer expressions [-Wsign-compare]
        } else if ((get_prox(prefSide)>maxirread && get_prox(offSide)<maxirread) || (get_prox(prefCorner)>maxirread && get_prox(offCorner)<maxirread)){
                                                                                                         ^
main.c:214:138: warning: comparison between signed and unsigned integer expressions [-Wsign-compare]
        } else if ((get_prox(prefSide)>maxirread && get_prox(offSide)<maxirread) || (get_prox(prefCorner)>maxirread && get_prox(offCorner)<maxirread)){
                                                                                                                                          ^
main.c:216:15: warning: unused variable 'wheelratio' [-Wunused-variable]
         float wheelratio = 1.1;
               ^~~~~~~~~~
main.c:217:37: warning: comparison between signed and unsigned integer expressions [-Wsign-compare]
        } else if ((get_prox(offSide)>maxirread && get_prox(prefSide)<maxirread) || (get_prox(offCorner)>maxirread && get_prox(prefCorner)<maxirread)){
                                     ^
main.c:217:69: warning: comparison between signed and unsigned integer expressions [-Wsign-compare]
        } else if ((get_prox(offSide)>maxirread && get_prox(prefSide)<maxirread) || (get_prox(offCorner)>maxirread && get_prox(prefCorner)<maxirread)){
                                                                     ^
main.c:217:104: warning: comparison between signed and unsigned integer expressions [-Wsign-compare]
        } else if ((get_prox(offSide)>maxirread && get_prox(prefSide)<maxirread) || (get_prox(offCorner)>maxirread && get_prox(prefCorner)<maxirread)){
                                                                                                        ^
main.c:217:138: warning: comparison between signed and unsigned integer expressions [-Wsign-compare]
        } else if ((get_prox(offSide)>maxirread && get_prox(prefSide)<maxirread) || (get_prox(offCorner)>maxirread && get_prox(prefCorner)<maxirread)){
                                                                                                                                          ^
main.c:219:15: warning: unused variable 'wheelratio' [-Wunused-variable]
         float wheelratio = 0.9;
               ^~~~~~~~~~
main.c:220:38: warning: comparison between signed and unsigned integer expressions [-Wsign-compare]
        } else if ((get_prox(prefSide)>maxirread && get_prox(offSide)>maxirread) || (get_prox(prefCorner)>maxirread && get_prox(offCorner)>maxirread)){
                                      ^
main.c:220:69: warning: comparison between signed and unsigned integer expressions [-Wsign-compare]
        } else if ((get_prox(prefSide)>maxirread && get_prox(offSide)>maxirread) || (get_prox(prefCorner)>maxirread && get_prox(offCorner)>maxirread)){
                                                                     ^
main.c:220:105: warning: comparison between signed and unsigned integer expressions [-Wsign-compare]
        } else if ((get_prox(prefSide)>maxirread && get_prox(offSide)>maxirread) || (get_prox(prefCorner)>maxirread && get_prox(offCorner)>maxirread)){
                                                                                                         ^
main.c:220:138: warning: comparison between signed and unsigned integer expressions [-Wsign-compare]
        } else if ((get_prox(prefSide)>maxirread && get_prox(offSide)>maxirread) || (get_prox(prefCorner)>maxirread && get_prox(offCorner)>maxirread)){
                                                                                                                                          ^
main.c:225:38: warning: comparison between signed and unsigned integer expressions [-Wsign-compare]
        } else if (get_prox(prefFront)>maxirread || (get_prox(offFront)>maxirread)){
                                      ^
main.c:225:71: warning: comparison between signed and unsigned integer expressions [-Wsign-compare]
        } else if (get_prox(prefFront)>maxirread || (get_prox(offFront)>maxirread)){
                                                                       ^
main.c:258:4: warning: implicit declaration of function 'delay_ms' [-Wimplicit-function-declaration]
    delay_ms(500);
    ^~~~~~~~
main.c:64:18: warning: variable 'offBack' set but not used [-Wunused-but-set-variable]
     unsigned int offBack;
                  ^~~~~~~
main.c:60:18: warning: variable 'prefBack' set but not used [-Wunused-but-set-variable]
     unsigned int prefBack;
                  ^~~~~~~~
main.c:267:3: warning: iteration 4 invokes undefined behavior [-Waggressive-loop-optimizations]
   set_rgb_led(allRGBs[i], 10 , 0 , 0 );
   ^~~~~~~~~~~~~~~~~~~~~~~~~~~~~~~~~~~~
main.c:266:3: note: within this loop
   for (int i = 0; i <= 4; i++) {
   ^~~
main.c:275:3: warning: iteration 4 invokes undefined behavior [-Waggressive-loop-optimizations]
   set_rgb_led(allRGBs[i], 0 , 0 , 10);
   ^~~~~~~~~~~~~~~~~~~~~~~~~~~~~~~~~~~
main.c:274:3: note: within this loop
   for (int i = 0; i <= 4; i++) {
   ^~~
main.c:271:3: warning: iteration 4 invokes undefined behavior [-Waggressive-loop-optimizations]
   set_rgb_led(allRGBs[i], 0 , 10 , 0 );
   ^~~~~~~~~~~~~~~~~~~~~~~~~~~~~~~~~~~~
main.c:270:3: note: within this loop
   for (int i = 0; i <= 4; i++) {
   ^~~
[1;34mLinking build/Project_template.elf[0m
[1;34mCreating build/Project_template.hex[0m
[1;34mCreating build/Project_template.bin[0m
[1;34mCreating build/Project_template.dmp[0m

   text	   data	    bss	    dec	    hex	filename
  63956	   3084	  17508	  84548	  14a44	build/Project_template.elf
[1;34mCreating build/Project_template.list[0m

[1;34mDone[0m
15:11:55 **** Incremental Build of configuration Default for project Project ****
make all 
[1;34mCompiling main.c[0m
main.c: In function 'main':
main.c:152:27: warning: comparison between signed and unsigned integer expressions [-Wsign-compare]
     if (get_prox(prefSide)<minirread){
                           ^
main.c:155:38: warning: comparison between signed and unsigned integer expressions [-Wsign-compare]
        } else if ((get_prox(prefSide)>maxirread && get_prox(offSide)<maxirread) || (get_prox(prefCorner)>maxirread && get_prox(offCorner)<maxirread)){
                                      ^
main.c:155:69: warning: comparison between signed and unsigned integer expressions [-Wsign-compare]
        } else if ((get_prox(prefSide)>maxirread && get_prox(offSide)<maxirread) || (get_prox(prefCorner)>maxirread && get_prox(offCorner)<maxirread)){
                                                                     ^
main.c:155:105: warning: comparison between signed and unsigned integer expressions [-Wsign-compare]
        } else if ((get_prox(prefSide)>maxirread && get_prox(offSide)<maxirread) || (get_prox(prefCorner)>maxirread && get_prox(offCorner)<maxirread)){
                                                                                                         ^
main.c:155:138: warning: comparison between signed and unsigned integer expressions [-Wsign-compare]
        } else if ((get_prox(prefSide)>maxirread && get_prox(offSide)<maxirread) || (get_prox(prefCorner)>maxirread && get_prox(offCorner)<maxirread)){
                                                                                                                                          ^
main.c:158:37: warning: comparison between signed and unsigned integer expressions [-Wsign-compare]
        } else if ((get_prox(offSide)>maxirread && get_prox(prefSide)<maxirread) || (get_prox(offCorner)>maxirread && get_prox(prefCorner)<maxirread)){
                                     ^
main.c:158:69: warning: comparison between signed and unsigned integer expressions [-Wsign-compare]
        } else if ((get_prox(offSide)>maxirread && get_prox(prefSide)<maxirread) || (get_prox(offCorner)>maxirread && get_prox(prefCorner)<maxirread)){
                                                                     ^
main.c:158:104: warning: comparison between signed and unsigned integer expressions [-Wsign-compare]
        } else if ((get_prox(offSide)>maxirread && get_prox(prefSide)<maxirread) || (get_prox(offCorner)>maxirread && get_prox(prefCorner)<maxirread)){
                                                                                                        ^
main.c:158:138: warning: comparison between signed and unsigned integer expressions [-Wsign-compare]
        } else if ((get_prox(offSide)>maxirread && get_prox(prefSide)<maxirread) || (get_prox(offCorner)>maxirread && get_prox(prefCorner)<maxirread)){
                                                                                                                                          ^
main.c:161:38: warning: comparison between signed and unsigned integer expressions [-Wsign-compare]
        } else if ((get_prox(prefSide)>maxirread && get_prox(offSide)>maxirread) || (get_prox(prefCorner)>maxirread && get_prox(offCorner)>maxirread)){
                                      ^
main.c:161:69: warning: comparison between signed and unsigned integer expressions [-Wsign-compare]
        } else if ((get_prox(prefSide)>maxirread && get_prox(offSide)>maxirread) || (get_prox(prefCorner)>maxirread && get_prox(offCorner)>maxirread)){
                                                                     ^
main.c:161:105: warning: comparison between signed and unsigned integer expressions [-Wsign-compare]
        } else if ((get_prox(prefSide)>maxirread && get_prox(offSide)>maxirread) || (get_prox(prefCorner)>maxirread && get_prox(offCorner)>maxirread)){
                                                                                                         ^
main.c:161:138: warning: comparison between signed and unsigned integer expressions [-Wsign-compare]
        } else if ((get_prox(prefSide)>maxirread && get_prox(offSide)>maxirread) || (get_prox(prefCorner)>maxirread && get_prox(offCorner)>maxirread)){
                                                                                                                                          ^
main.c:166:38: warning: comparison between signed and unsigned integer expressions [-Wsign-compare]
        } else if (get_prox(prefFront)>maxirread || (get_prox(offFront)>maxirread)){
                                      ^
main.c:166:71: warning: comparison between signed and unsigned integer expressions [-Wsign-compare]
        } else if (get_prox(prefFront)>maxirread || (get_prox(offFront)>maxirread)){
                                                                       ^
main.c:193:9: warning: unused variable 'wallsexplored' [-Wunused-variable]
    bool wallsexplored = 1;
         ^~~~~~~~~~~~~
main.c:206:22: warning: comparison between signed and unsigned integer expressions [-Wsign-compare]
   if (SensorValue[0] > threshold || SensorValue[7] > threshold || SensorValue[1] > threshold || SensorValue[2] > threshold || SensorValue[5] > threshold ||SensorValue[6] > threshold) {
                      ^
main.c:206:52: warning: comparison between signed and unsigned integer expressions [-Wsign-compare]
   if (SensorValue[0] > threshold || SensorValue[7] > threshold || SensorValue[1] > threshold || SensorValue[2] > threshold || SensorValue[5] > threshold ||SensorValue[6] > threshold) {
                                                    ^
main.c:206:82: warning: comparison between signed and unsigned integer expressions [-Wsign-compare]
   if (SensorValue[0] > threshold || SensorValue[7] > threshold || SensorValue[1] > threshold || SensorValue[2] > threshold || SensorValue[5] > threshold ||SensorValue[6] > threshold) {
                                                                                  ^
main.c:206:112: warning: comparison between signed and unsigned integer expressions [-Wsign-compare]
   if (SensorValue[0] > threshold || SensorValue[7] > threshold || SensorValue[1] > threshold || SensorValue[2] > threshold || SensorValue[5] > threshold ||SensorValue[6] > threshold) {
                                                                                                                ^
main.c:206:142: warning: comparison between signed and unsigned integer expressions [-Wsign-compare]
   if (SensorValue[0] > threshold || SensorValue[7] > threshold || SensorValue[1] > threshold || SensorValue[2] > threshold || SensorValue[5] > threshold ||SensorValue[6] > threshold) {
                                                                                                                                              ^
main.c:206:171: warning: comparison between signed and unsigned integer expressions [-Wsign-compare]
   if (SensorValue[0] > threshold || SensorValue[7] > threshold || SensorValue[1] > threshold || SensorValue[2] > threshold || SensorValue[5] > threshold ||SensorValue[6] > threshold) {
                                                                                                                                                                           ^
main.c:211:27: warning: comparison between signed and unsigned integer expressions [-Wsign-compare]
     if (get_prox(prefSide)<minirread){
                           ^
main.c:213:15: warning: unused variable 'wheelratio' [-Wunused-variable]
         float wheelratio = 0.9;
               ^~~~~~~~~~
main.c:214:38: warning: comparison between signed and unsigned integer expressions [-Wsign-compare]
        } else if ((get_prox(prefSide)>maxirread && get_prox(offSide)<maxirread) || (get_prox(prefCorner)>maxirread && get_prox(offCorner)<maxirread)){
                                      ^
main.c:214:69: warning: comparison between signed and unsigned integer expressions [-Wsign-compare]
        } else if ((get_prox(prefSide)>maxirread && get_prox(offSide)<maxirread) || (get_prox(prefCorner)>maxirread && get_prox(offCorner)<maxirread)){
                                                                     ^
main.c:214:105: warning: comparison between signed and unsigned integer expressions [-Wsign-compare]
        } else if ((get_prox(prefSide)>maxirread && get_prox(offSide)<maxirread) || (get_prox(prefCorner)>maxirread && get_prox(offCorner)<maxirread)){
                                                                                                         ^
main.c:214:138: warning: comparison between signed and unsigned integer expressions [-Wsign-compare]
        } else if ((get_prox(prefSide)>maxirread && get_prox(offSide)<maxirread) || (get_prox(prefCorner)>maxirread && get_prox(offCorner)<maxirread)){
                                                                                                                                          ^
main.c:216:15: warning: unused variable 'wheelratio' [-Wunused-variable]
         float wheelratio = 1.1;
               ^~~~~~~~~~
main.c:217:37: warning: comparison between signed and unsigned integer expressions [-Wsign-compare]
        } else if ((get_prox(offSide)>maxirread && get_prox(prefSide)<maxirread) || (get_prox(offCorner)>maxirread && get_prox(prefCorner)<maxirread)){
                                     ^
main.c:217:69: warning: comparison between signed and unsigned integer expressions [-Wsign-compare]
        } else if ((get_prox(offSide)>maxirread && get_prox(prefSide)<maxirread) || (get_prox(offCorner)>maxirread && get_prox(prefCorner)<maxirread)){
                                                                     ^
main.c:217:104: warning: comparison between signed and unsigned integer expressions [-Wsign-compare]
        } else if ((get_prox(offSide)>maxirread && get_prox(prefSide)<maxirread) || (get_prox(offCorner)>maxirread && get_prox(prefCorner)<maxirread)){
                                                                                                        ^
main.c:217:138: warning: comparison between signed and unsigned integer expressions [-Wsign-compare]
        } else if ((get_prox(offSide)>maxirread && get_prox(prefSide)<maxirread) || (get_prox(offCorner)>maxirread && get_prox(prefCorner)<maxirread)){
                                                                                                                                          ^
main.c:219:15: warning: unused variable 'wheelratio' [-Wunused-variable]
         float wheelratio = 0.9;
               ^~~~~~~~~~
main.c:220:38: warning: comparison between signed and unsigned integer expressions [-Wsign-compare]
        } else if ((get_prox(prefSide)>maxirread && get_prox(offSide)>maxirread) || (get_prox(prefCorner)>maxirread && get_prox(offCorner)>maxirread)){
                                      ^
main.c:220:69: warning: comparison between signed and unsigned integer expressions [-Wsign-compare]
        } else if ((get_prox(prefSide)>maxirread && get_prox(offSide)>maxirread) || (get_prox(prefCorner)>maxirread && get_prox(offCorner)>maxirread)){
                                                                     ^
main.c:220:105: warning: comparison between signed and unsigned integer expressions [-Wsign-compare]
        } else if ((get_prox(prefSide)>maxirread && get_prox(offSide)>maxirread) || (get_prox(prefCorner)>maxirread && get_prox(offCorner)>maxirread)){
                                                                                                         ^
main.c:220:138: warning: comparison between signed and unsigned integer expressions [-Wsign-compare]
        } else if ((get_prox(prefSide)>maxirread && get_prox(offSide)>maxirread) || (get_prox(prefCorner)>maxirread && get_prox(offCorner)>maxirread)){
                                                                                                                                          ^
main.c:225:38: warning: comparison between signed and unsigned integer expressions [-Wsign-compare]
        } else if (get_prox(prefFront)>maxirread || (get_prox(offFront)>maxirread)){
                                      ^
main.c:225:71: warning: comparison between signed and unsigned integer expressions [-Wsign-compare]
        } else if (get_prox(prefFront)>maxirread || (get_prox(offFront)>maxirread)){
                                                                       ^
main.c:258:4: warning: implicit declaration of function 'delay_ms' [-Wimplicit-function-declaration]
    delay_ms(500);
    ^~~~~~~~
main.c:64:18: warning: variable 'offBack' set but not used [-Wunused-but-set-variable]
     unsigned int offBack;
                  ^~~~~~~
main.c:60:18: warning: variable 'prefBack' set but not used [-Wunused-but-set-variable]
     unsigned int prefBack;
                  ^~~~~~~~
main.c:267:3: warning: iteration 4 invokes undefined behavior [-Waggressive-loop-optimizations]
   set_rgb_led(allRGBs[i], 10 , 0 , 0 );
   ^~~~~~~~~~~~~~~~~~~~~~~~~~~~~~~~~~~~
main.c:266:3: note: within this loop
   for (int i = 0; i <= 4; i++) {
   ^~~
main.c:275:3: warning: iteration 4 invokes undefined behavior [-Waggressive-loop-optimizations]
   set_rgb_led(allRGBs[i], 0 , 0 , 10);
   ^~~~~~~~~~~~~~~~~~~~~~~~~~~~~~~~~~~
main.c:274:3: note: within this loop
   for (int i = 0; i <= 4; i++) {
   ^~~
main.c:271:3: warning: iteration 4 invokes undefined behavior [-Waggressive-loop-optimizations]
   set_rgb_led(allRGBs[i], 0 , 10 , 0 );
   ^~~~~~~~~~~~~~~~~~~~~~~~~~~~~~~~~~~~
main.c:270:3: note: within this loop
   for (int i = 0; i <= 4; i++) {
   ^~~
[1;34mLinking build/Project_template.elf[0m
[1;34mCreating build/Project_template.hex[0m
[1;34mCreating build/Project_template.bin[0m
[1;34mCreating build/Project_template.dmp[0m

   text	   data	    bss	    dec	    hex	filename
  64020	   3084	  17508	  84612	  14a84	build/Project_template.elf
[1;34mCreating build/Project_template.list[0m

[1;34mDone[0m
15:16:08 **** Incremental Build of configuration Default for project Project ****
make all 
[1;34mCompiling main.c[0m
main.c: In function 'main':
main.c:152:27: warning: comparison between signed and unsigned integer expressions [-Wsign-compare]
     if (get_prox(prefSide)<minirread){
                           ^
main.c:155:38: warning: comparison between signed and unsigned integer expressions [-Wsign-compare]
        } else if ((get_prox(prefSide)>maxirread && get_prox(offSide)<maxirread) || (get_prox(prefCorner)>maxirread && get_prox(offCorner)<maxirread)){
                                      ^
main.c:155:69: warning: comparison between signed and unsigned integer expressions [-Wsign-compare]
        } else if ((get_prox(prefSide)>maxirread && get_prox(offSide)<maxirread) || (get_prox(prefCorner)>maxirread && get_prox(offCorner)<maxirread)){
                                                                     ^
main.c:155:105: warning: comparison between signed and unsigned integer expressions [-Wsign-compare]
        } else if ((get_prox(prefSide)>maxirread && get_prox(offSide)<maxirread) || (get_prox(prefCorner)>maxirread && get_prox(offCorner)<maxirread)){
                                                                                                         ^
main.c:155:138: warning: comparison between signed and unsigned integer expressions [-Wsign-compare]
        } else if ((get_prox(prefSide)>maxirread && get_prox(offSide)<maxirread) || (get_prox(prefCorner)>maxirread && get_prox(offCorner)<maxirread)){
                                                                                                                                          ^
main.c:158:37: warning: comparison between signed and unsigned integer expressions [-Wsign-compare]
        } else if ((get_prox(offSide)>maxirread && get_prox(prefSide)<maxirread) || (get_prox(offCorner)>maxirread && get_prox(prefCorner)<maxirread)){
                                     ^
main.c:158:69: warning: comparison between signed and unsigned integer expressions [-Wsign-compare]
        } else if ((get_prox(offSide)>maxirread && get_prox(prefSide)<maxirread) || (get_prox(offCorner)>maxirread && get_prox(prefCorner)<maxirread)){
                                                                     ^
main.c:158:104: warning: comparison between signed and unsigned integer expressions [-Wsign-compare]
        } else if ((get_prox(offSide)>maxirread && get_prox(prefSide)<maxirread) || (get_prox(offCorner)>maxirread && get_prox(prefCorner)<maxirread)){
                                                                                                        ^
main.c:158:138: warning: comparison between signed and unsigned integer expressions [-Wsign-compare]
        } else if ((get_prox(offSide)>maxirread && get_prox(prefSide)<maxirread) || (get_prox(offCorner)>maxirread && get_prox(prefCorner)<maxirread)){
                                                                                                                                          ^
main.c:161:38: warning: comparison between signed and unsigned integer expressions [-Wsign-compare]
        } else if ((get_prox(prefSide)>maxirread && get_prox(offSide)>maxirread) || (get_prox(prefCorner)>maxirread && get_prox(offCorner)>maxirread)){
                                      ^
main.c:161:69: warning: comparison between signed and unsigned integer expressions [-Wsign-compare]
        } else if ((get_prox(prefSide)>maxirread && get_prox(offSide)>maxirread) || (get_prox(prefCorner)>maxirread && get_prox(offCorner)>maxirread)){
                                                                     ^
main.c:161:105: warning: comparison between signed and unsigned integer expressions [-Wsign-compare]
        } else if ((get_prox(prefSide)>maxirread && get_prox(offSide)>maxirread) || (get_prox(prefCorner)>maxirread && get_prox(offCorner)>maxirread)){
                                                                                                         ^
main.c:161:138: warning: comparison between signed and unsigned integer expressions [-Wsign-compare]
        } else if ((get_prox(prefSide)>maxirread && get_prox(offSide)>maxirread) || (get_prox(prefCorner)>maxirread && get_prox(offCorner)>maxirread)){
                                                                                                                                          ^
main.c:166:38: warning: comparison between signed and unsigned integer expressions [-Wsign-compare]
        } else if (get_prox(prefFront)>maxirread || (get_prox(offFront)>maxirread)){
                                      ^
main.c:166:71: warning: comparison between signed and unsigned integer expressions [-Wsign-compare]
        } else if (get_prox(prefFront)>maxirread || (get_prox(offFront)>maxirread)){
                                                                       ^
main.c:193:9: warning: unused variable 'wallsexplored' [-Wunused-variable]
    bool wallsexplored = 1;
         ^~~~~~~~~~~~~
main.c:206:22: warning: comparison between signed and unsigned integer expressions [-Wsign-compare]
   if (SensorValue[0] > threshold || SensorValue[7] > threshold || SensorValue[1] > threshold || SensorValue[2] > threshold || SensorValue[5] > threshold ||SensorValue[6] > threshold) {
                      ^
main.c:206:52: warning: comparison between signed and unsigned integer expressions [-Wsign-compare]
   if (SensorValue[0] > threshold || SensorValue[7] > threshold || SensorValue[1] > threshold || SensorValue[2] > threshold || SensorValue[5] > threshold ||SensorValue[6] > threshold) {
                                                    ^
main.c:206:82: warning: comparison between signed and unsigned integer expressions [-Wsign-compare]
   if (SensorValue[0] > threshold || SensorValue[7] > threshold || SensorValue[1] > threshold || SensorValue[2] > threshold || SensorValue[5] > threshold ||SensorValue[6] > threshold) {
                                                                                  ^
main.c:206:112: warning: comparison between signed and unsigned integer expressions [-Wsign-compare]
   if (SensorValue[0] > threshold || SensorValue[7] > threshold || SensorValue[1] > threshold || SensorValue[2] > threshold || SensorValue[5] > threshold ||SensorValue[6] > threshold) {
                                                                                                                ^
main.c:206:142: warning: comparison between signed and unsigned integer expressions [-Wsign-compare]
   if (SensorValue[0] > threshold || SensorValue[7] > threshold || SensorValue[1] > threshold || SensorValue[2] > threshold || SensorValue[5] > threshold ||SensorValue[6] > threshold) {
                                                                                                                                              ^
main.c:206:171: warning: comparison between signed and unsigned integer expressions [-Wsign-compare]
   if (SensorValue[0] > threshold || SensorValue[7] > threshold || SensorValue[1] > threshold || SensorValue[2] > threshold || SensorValue[5] > threshold ||SensorValue[6] > threshold) {
                                                                                                                                                                           ^
main.c:211:27: warning: comparison between signed and unsigned integer expressions [-Wsign-compare]
     if (get_prox(prefSide)<minirread){
                           ^
main.c:213:15: warning: unused variable 'wheelratio' [-Wunused-variable]
         float wheelratio = 0.9;
               ^~~~~~~~~~
main.c:214:38: warning: comparison between signed and unsigned integer expressions [-Wsign-compare]
        } else if ((get_prox(prefSide)>maxirread && get_prox(offSide)<maxirread) || (get_prox(prefCorner)>maxirread && get_prox(offCorner)<maxirread)){
                                      ^
main.c:214:69: warning: comparison between signed and unsigned integer expressions [-Wsign-compare]
        } else if ((get_prox(prefSide)>maxirread && get_prox(offSide)<maxirread) || (get_prox(prefCorner)>maxirread && get_prox(offCorner)<maxirread)){
                                                                     ^
main.c:214:105: warning: comparison between signed and unsigned integer expressions [-Wsign-compare]
        } else if ((get_prox(prefSide)>maxirread && get_prox(offSide)<maxirread) || (get_prox(prefCorner)>maxirread && get_prox(offCorner)<maxirread)){
                                                                                                         ^
main.c:214:138: warning: comparison between signed and unsigned integer expressions [-Wsign-compare]
        } else if ((get_prox(prefSide)>maxirread && get_prox(offSide)<maxirread) || (get_prox(prefCorner)>maxirread && get_prox(offCorner)<maxirread)){
                                                                                                                                          ^
main.c:216:15: warning: unused variable 'wheelratio' [-Wunused-variable]
         float wheelratio = 1.1;
               ^~~~~~~~~~
main.c:217:37: warning: comparison between signed and unsigned integer expressions [-Wsign-compare]
        } else if ((get_prox(offSide)>maxirread && get_prox(prefSide)<maxirread) || (get_prox(offCorner)>maxirread && get_prox(prefCorner)<maxirread)){
                                     ^
main.c:217:69: warning: comparison between signed and unsigned integer expressions [-Wsign-compare]
        } else if ((get_prox(offSide)>maxirread && get_prox(prefSide)<maxirread) || (get_prox(offCorner)>maxirread && get_prox(prefCorner)<maxirread)){
                                                                     ^
main.c:217:104: warning: comparison between signed and unsigned integer expressions [-Wsign-compare]
        } else if ((get_prox(offSide)>maxirread && get_prox(prefSide)<maxirread) || (get_prox(offCorner)>maxirread && get_prox(prefCorner)<maxirread)){
                                                                                                        ^
main.c:217:138: warning: comparison between signed and unsigned integer expressions [-Wsign-compare]
        } else if ((get_prox(offSide)>maxirread && get_prox(prefSide)<maxirread) || (get_prox(offCorner)>maxirread && get_prox(prefCorner)<maxirread)){
                                                                                                                                          ^
main.c:219:15: warning: unused variable 'wheelratio' [-Wunused-variable]
         float wheelratio = 0.9;
               ^~~~~~~~~~
main.c:220:38: warning: comparison between signed and unsigned integer expressions [-Wsign-compare]
        } else if ((get_prox(prefSide)>maxirread && get_prox(offSide)>maxirread) || (get_prox(prefCorner)>maxirread && get_prox(offCorner)>maxirread)){
                                      ^
main.c:220:69: warning: comparison between signed and unsigned integer expressions [-Wsign-compare]
        } else if ((get_prox(prefSide)>maxirread && get_prox(offSide)>maxirread) || (get_prox(prefCorner)>maxirread && get_prox(offCorner)>maxirread)){
                                                                     ^
main.c:220:105: warning: comparison between signed and unsigned integer expressions [-Wsign-compare]
        } else if ((get_prox(prefSide)>maxirread && get_prox(offSide)>maxirread) || (get_prox(prefCorner)>maxirread && get_prox(offCorner)>maxirread)){
                                                                                                         ^
main.c:220:138: warning: comparison between signed and unsigned integer expressions [-Wsign-compare]
        } else if ((get_prox(prefSide)>maxirread && get_prox(offSide)>maxirread) || (get_prox(prefCorner)>maxirread && get_prox(offCorner)>maxirread)){
                                                                                                                                          ^
main.c:225:38: warning: comparison between signed and unsigned integer expressions [-Wsign-compare]
        } else if (get_prox(prefFront)>maxirread || (get_prox(offFront)>maxirread)){
                                      ^
main.c:225:71: warning: comparison between signed and unsigned integer expressions [-Wsign-compare]
        } else if (get_prox(prefFront)>maxirread || (get_prox(offFront)>maxirread)){
                                                                       ^
main.c:258:4: warning: implicit declaration of function 'delay_ms' [-Wimplicit-function-declaration]
    delay_ms(500);
    ^~~~~~~~
main.c:64:18: warning: variable 'offBack' set but not used [-Wunused-but-set-variable]
     unsigned int offBack;
                  ^~~~~~~
main.c:60:18: warning: variable 'prefBack' set but not used [-Wunused-but-set-variable]
     unsigned int prefBack;
                  ^~~~~~~~
main.c:267:3: warning: iteration 4 invokes undefined behavior [-Waggressive-loop-optimizations]
   set_rgb_led(allRGBs[i], 10 , 0 , 0 );
   ^~~~~~~~~~~~~~~~~~~~~~~~~~~~~~~~~~~~
main.c:266:3: note: within this loop
   for (int i = 0; i <= 4; i++) {
   ^~~
main.c:275:3: warning: iteration 4 invokes undefined behavior [-Waggressive-loop-optimizations]
   set_rgb_led(allRGBs[i], 0 , 0 , 10);
   ^~~~~~~~~~~~~~~~~~~~~~~~~~~~~~~~~~~
main.c:274:3: note: within this loop
   for (int i = 0; i <= 4; i++) {
   ^~~
main.c:271:3: warning: iteration 4 invokes undefined behavior [-Waggressive-loop-optimizations]
   set_rgb_led(allRGBs[i], 0 , 10 , 0 );
   ^~~~~~~~~~~~~~~~~~~~~~~~~~~~~~~~~~~~
main.c:270:3: note: within this loop
   for (int i = 0; i <= 4; i++) {
   ^~~
[1;34mLinking build/Project_template.elf[0m
[1;34mCreating build/Project_template.hex[0m
[1;34mCreating build/Project_template.bin[0m
[1;34mCreating build/Project_template.dmp[0m

   text	   data	    bss	    dec	    hex	filename
  63988	   3084	  17508	  84580	  14a64	build/Project_template.elf
[1;34mCreating build/Project_template.list[0m

[1;34mDone[0m
15:18:52 **** Incremental Build of configuration Default for project Project ****
make all 
[1;34mCompiling main.c[0m
main.c: In function 'main':
main.c:152:27: warning: comparison between signed and unsigned integer expressions [-Wsign-compare]
     if (get_prox(prefSide)<minirread){
                           ^
main.c:155:38: warning: comparison between signed and unsigned integer expressions [-Wsign-compare]
        } else if ((get_prox(prefSide)>maxirread && get_prox(offSide)<maxirread) || (get_prox(prefCorner)>maxirread && get_prox(offCorner)<maxirread)){
                                      ^
main.c:155:69: warning: comparison between signed and unsigned integer expressions [-Wsign-compare]
        } else if ((get_prox(prefSide)>maxirread && get_prox(offSide)<maxirread) || (get_prox(prefCorner)>maxirread && get_prox(offCorner)<maxirread)){
                                                                     ^
main.c:155:105: warning: comparison between signed and unsigned integer expressions [-Wsign-compare]
        } else if ((get_prox(prefSide)>maxirread && get_prox(offSide)<maxirread) || (get_prox(prefCorner)>maxirread && get_prox(offCorner)<maxirread)){
                                                                                                         ^
main.c:155:138: warning: comparison between signed and unsigned integer expressions [-Wsign-compare]
        } else if ((get_prox(prefSide)>maxirread && get_prox(offSide)<maxirread) || (get_prox(prefCorner)>maxirread && get_prox(offCorner)<maxirread)){
                                                                                                                                          ^
main.c:158:37: warning: comparison between signed and unsigned integer expressions [-Wsign-compare]
        } else if ((get_prox(offSide)>maxirread && get_prox(prefSide)<maxirread) || (get_prox(offCorner)>maxirread && get_prox(prefCorner)<maxirread)){
                                     ^
main.c:158:69: warning: comparison between signed and unsigned integer expressions [-Wsign-compare]
        } else if ((get_prox(offSide)>maxirread && get_prox(prefSide)<maxirread) || (get_prox(offCorner)>maxirread && get_prox(prefCorner)<maxirread)){
                                                                     ^
main.c:158:104: warning: comparison between signed and unsigned integer expressions [-Wsign-compare]
        } else if ((get_prox(offSide)>maxirread && get_prox(prefSide)<maxirread) || (get_prox(offCorner)>maxirread && get_prox(prefCorner)<maxirread)){
                                                                                                        ^
main.c:158:138: warning: comparison between signed and unsigned integer expressions [-Wsign-compare]
        } else if ((get_prox(offSide)>maxirread && get_prox(prefSide)<maxirread) || (get_prox(offCorner)>maxirread && get_prox(prefCorner)<maxirread)){
                                                                                                                                          ^
main.c:161:38: warning: comparison between signed and unsigned integer expressions [-Wsign-compare]
        } else if ((get_prox(prefSide)>maxirread && get_prox(offSide)>maxirread) || (get_prox(prefCorner)>maxirread && get_prox(offCorner)>maxirread)){
                                      ^
main.c:161:69: warning: comparison between signed and unsigned integer expressions [-Wsign-compare]
        } else if ((get_prox(prefSide)>maxirread && get_prox(offSide)>maxirread) || (get_prox(prefCorner)>maxirread && get_prox(offCorner)>maxirread)){
                                                                     ^
main.c:161:105: warning: comparison between signed and unsigned integer expressions [-Wsign-compare]
        } else if ((get_prox(prefSide)>maxirread && get_prox(offSide)>maxirread) || (get_prox(prefCorner)>maxirread && get_prox(offCorner)>maxirread)){
                                                                                                         ^
main.c:161:138: warning: comparison between signed and unsigned integer expressions [-Wsign-compare]
        } else if ((get_prox(prefSide)>maxirread && get_prox(offSide)>maxirread) || (get_prox(prefCorner)>maxirread && get_prox(offCorner)>maxirread)){
                                                                                                                                          ^
main.c:166:38: warning: comparison between signed and unsigned integer expressions [-Wsign-compare]
        } else if (get_prox(prefFront)>maxirread || (get_prox(offFront)>maxirread)){
                                      ^
main.c:166:71: warning: comparison between signed and unsigned integer expressions [-Wsign-compare]
        } else if (get_prox(prefFront)>maxirread || (get_prox(offFront)>maxirread)){
                                                                       ^
main.c:193:9: warning: unused variable 'wallsexplored' [-Wunused-variable]
    bool wallsexplored = 1;
         ^~~~~~~~~~~~~
main.c:206:22: warning: comparison between signed and unsigned integer expressions [-Wsign-compare]
   if (SensorValue[0] > threshold || SensorValue[7] > threshold || SensorValue[1] > threshold || SensorValue[2] > threshold || SensorValue[5] > threshold ||SensorValue[6] > threshold) {
                      ^
main.c:206:52: warning: comparison between signed and unsigned integer expressions [-Wsign-compare]
   if (SensorValue[0] > threshold || SensorValue[7] > threshold || SensorValue[1] > threshold || SensorValue[2] > threshold || SensorValue[5] > threshold ||SensorValue[6] > threshold) {
                                                    ^
main.c:206:82: warning: comparison between signed and unsigned integer expressions [-Wsign-compare]
   if (SensorValue[0] > threshold || SensorValue[7] > threshold || SensorValue[1] > threshold || SensorValue[2] > threshold || SensorValue[5] > threshold ||SensorValue[6] > threshold) {
                                                                                  ^
main.c:206:112: warning: comparison between signed and unsigned integer expressions [-Wsign-compare]
   if (SensorValue[0] > threshold || SensorValue[7] > threshold || SensorValue[1] > threshold || SensorValue[2] > threshold || SensorValue[5] > threshold ||SensorValue[6] > threshold) {
                                                                                                                ^
main.c:206:142: warning: comparison between signed and unsigned integer expressions [-Wsign-compare]
   if (SensorValue[0] > threshold || SensorValue[7] > threshold || SensorValue[1] > threshold || SensorValue[2] > threshold || SensorValue[5] > threshold ||SensorValue[6] > threshold) {
                                                                                                                                              ^
main.c:206:171: warning: comparison between signed and unsigned integer expressions [-Wsign-compare]
   if (SensorValue[0] > threshold || SensorValue[7] > threshold || SensorValue[1] > threshold || SensorValue[2] > threshold || SensorValue[5] > threshold ||SensorValue[6] > threshold) {
                                                                                                                                                                           ^
main.c:211:27: warning: comparison between signed and unsigned integer expressions [-Wsign-compare]
     if (get_prox(prefSide)<minirread){
                           ^
main.c:213:15: warning: unused variable 'wheelratio' [-Wunused-variable]
         float wheelratio = 0.9;
               ^~~~~~~~~~
main.c:214:38: warning: comparison between signed and unsigned integer expressions [-Wsign-compare]
        } else if ((get_prox(prefSide)>maxirread && get_prox(offSide)<maxirread) || (get_prox(prefCorner)>maxirread && get_prox(offCorner)<maxirread)){
                                      ^
main.c:214:69: warning: comparison between signed and unsigned integer expressions [-Wsign-compare]
        } else if ((get_prox(prefSide)>maxirread && get_prox(offSide)<maxirread) || (get_prox(prefCorner)>maxirread && get_prox(offCorner)<maxirread)){
                                                                     ^
main.c:214:105: warning: comparison between signed and unsigned integer expressions [-Wsign-compare]
        } else if ((get_prox(prefSide)>maxirread && get_prox(offSide)<maxirread) || (get_prox(prefCorner)>maxirread && get_prox(offCorner)<maxirread)){
                                                                                                         ^
main.c:214:138: warning: comparison between signed and unsigned integer expressions [-Wsign-compare]
        } else if ((get_prox(prefSide)>maxirread && get_prox(offSide)<maxirread) || (get_prox(prefCorner)>maxirread && get_prox(offCorner)<maxirread)){
                                                                                                                                          ^
main.c:216:15: warning: unused variable 'wheelratio' [-Wunused-variable]
         float wheelratio = 1.1;
               ^~~~~~~~~~
main.c:217:37: warning: comparison between signed and unsigned integer expressions [-Wsign-compare]
        } else if ((get_prox(offSide)>maxirread && get_prox(prefSide)<maxirread) || (get_prox(offCorner)>maxirread && get_prox(prefCorner)<maxirread)){
                                     ^
main.c:217:69: warning: comparison between signed and unsigned integer expressions [-Wsign-compare]
        } else if ((get_prox(offSide)>maxirread && get_prox(prefSide)<maxirread) || (get_prox(offCorner)>maxirread && get_prox(prefCorner)<maxirread)){
                                                                     ^
main.c:217:104: warning: comparison between signed and unsigned integer expressions [-Wsign-compare]
        } else if ((get_prox(offSide)>maxirread && get_prox(prefSide)<maxirread) || (get_prox(offCorner)>maxirread && get_prox(prefCorner)<maxirread)){
                                                                                                        ^
main.c:217:138: warning: comparison between signed and unsigned integer expressions [-Wsign-compare]
        } else if ((get_prox(offSide)>maxirread && get_prox(prefSide)<maxirread) || (get_prox(offCorner)>maxirread && get_prox(prefCorner)<maxirread)){
                                                                                                                                          ^
main.c:219:15: warning: unused variable 'wheelratio' [-Wunused-variable]
         float wheelratio = 0.9;
               ^~~~~~~~~~
main.c:220:38: warning: comparison between signed and unsigned integer expressions [-Wsign-compare]
        } else if ((get_prox(prefSide)>maxirread && get_prox(offSide)>maxirread) || (get_prox(prefCorner)>maxirread && get_prox(offCorner)>maxirread)){
                                      ^
main.c:220:69: warning: comparison between signed and unsigned integer expressions [-Wsign-compare]
        } else if ((get_prox(prefSide)>maxirread && get_prox(offSide)>maxirread) || (get_prox(prefCorner)>maxirread && get_prox(offCorner)>maxirread)){
                                                                     ^
main.c:220:105: warning: comparison between signed and unsigned integer expressions [-Wsign-compare]
        } else if ((get_prox(prefSide)>maxirread && get_prox(offSide)>maxirread) || (get_prox(prefCorner)>maxirread && get_prox(offCorner)>maxirread)){
                                                                                                         ^
main.c:220:138: warning: comparison between signed and unsigned integer expressions [-Wsign-compare]
        } else if ((get_prox(prefSide)>maxirread && get_prox(offSide)>maxirread) || (get_prox(prefCorner)>maxirread && get_prox(offCorner)>maxirread)){
                                                                                                                                          ^
main.c:225:38: warning: comparison between signed and unsigned integer expressions [-Wsign-compare]
        } else if (get_prox(prefFront)>maxirread || (get_prox(offFront)>maxirread)){
                                      ^
main.c:225:71: warning: comparison between signed and unsigned integer expressions [-Wsign-compare]
        } else if (get_prox(prefFront)>maxirread || (get_prox(offFront)>maxirread)){
                                                                       ^
main.c:258:4: warning: implicit declaration of function 'delay_ms' [-Wimplicit-function-declaration]
    delay_ms(500);
    ^~~~~~~~
main.c:64:18: warning: variable 'offBack' set but not used [-Wunused-but-set-variable]
     unsigned int offBack;
                  ^~~~~~~
main.c:60:18: warning: variable 'prefBack' set but not used [-Wunused-but-set-variable]
     unsigned int prefBack;
                  ^~~~~~~~
main.c:267:3: warning: iteration 4 invokes undefined behavior [-Waggressive-loop-optimizations]
   set_rgb_led(allRGBs[i], 10 , 0 , 0 );
   ^~~~~~~~~~~~~~~~~~~~~~~~~~~~~~~~~~~~
main.c:266:3: note: within this loop
   for (int i = 0; i <= 4; i++) {
   ^~~
main.c:275:3: warning: iteration 4 invokes undefined behavior [-Waggressive-loop-optimizations]
   set_rgb_led(allRGBs[i], 0 , 0 , 10);
   ^~~~~~~~~~~~~~~~~~~~~~~~~~~~~~~~~~~
main.c:274:3: note: within this loop
   for (int i = 0; i <= 4; i++) {
   ^~~
main.c:271:3: warning: iteration 4 invokes undefined behavior [-Waggressive-loop-optimizations]
   set_rgb_led(allRGBs[i], 0 , 10 , 0 );
   ^~~~~~~~~~~~~~~~~~~~~~~~~~~~~~~~~~~~
main.c:270:3: note: within this loop
   for (int i = 0; i <= 4; i++) {
   ^~~
[1;34mLinking build/Project_template.elf[0m
[1;34mCreating build/Project_template.hex[0m
[1;34mCreating build/Project_template.bin[0m
[1;34mCreating build/Project_template.dmp[0m

   text	   data	    bss	    dec	    hex	filename
  64020	   3084	  17508	  84612	  14a84	build/Project_template.elf
[1;34mCreating build/Project_template.list[0m

[1;34mDone[0m
15:19:28 **** Incremental Build of configuration Default for project Project ****
make all 
make: Nothing to be done for 'all'.
15:19:32 **** Incremental Build of configuration Default for project Project ****
make all 
make: Nothing to be done for 'all'.
15:22:11 **** Incremental Build of configuration Default for project Project ****
make all 
[1;34mCompiling main.c[0m
main.c: In function 'main':
main.c:84:21: warning: comparison between pointer and integer
  while(get_selector == 1) {
                     ^~
main.c:152:27: warning: comparison between signed and unsigned integer expressions [-Wsign-compare]
     if (get_prox(prefSide)<minirread){
                           ^
main.c:155:38: warning: comparison between signed and unsigned integer expressions [-Wsign-compare]
        } else if ((get_prox(prefSide)>maxirread && get_prox(offSide)<maxirread) || (get_prox(prefCorner)>maxirread && get_prox(offCorner)<maxirread)){
                                      ^
main.c:155:69: warning: comparison between signed and unsigned integer expressions [-Wsign-compare]
        } else if ((get_prox(prefSide)>maxirread && get_prox(offSide)<maxirread) || (get_prox(prefCorner)>maxirread && get_prox(offCorner)<maxirread)){
                                                                     ^
main.c:155:105: warning: comparison between signed and unsigned integer expressions [-Wsign-compare]
        } else if ((get_prox(prefSide)>maxirread && get_prox(offSide)<maxirread) || (get_prox(prefCorner)>maxirread && get_prox(offCorner)<maxirread)){
                                                                                                         ^
main.c:155:138: warning: comparison between signed and unsigned integer expressions [-Wsign-compare]
        } else if ((get_prox(prefSide)>maxirread && get_prox(offSide)<maxirread) || (get_prox(prefCorner)>maxirread && get_prox(offCorner)<maxirread)){
                                                                                                                                          ^
main.c:158:37: warning: comparison between signed and unsigned integer expressions [-Wsign-compare]
        } else if ((get_prox(offSide)>maxirread && get_prox(prefSide)<maxirread) || (get_prox(offCorner)>maxirread && get_prox(prefCorner)<maxirread)){
                                     ^
main.c:158:69: warning: comparison between signed and unsigned integer expressions [-Wsign-compare]
        } else if ((get_prox(offSide)>maxirread && get_prox(prefSide)<maxirread) || (get_prox(offCorner)>maxirread && get_prox(prefCorner)<maxirread)){
                                                                     ^
main.c:158:104: warning: comparison between signed and unsigned integer expressions [-Wsign-compare]
        } else if ((get_prox(offSide)>maxirread && get_prox(prefSide)<maxirread) || (get_prox(offCorner)>maxirread && get_prox(prefCorner)<maxirread)){
                                                                                                        ^
main.c:158:138: warning: comparison between signed and unsigned integer expressions [-Wsign-compare]
        } else if ((get_prox(offSide)>maxirread && get_prox(prefSide)<maxirread) || (get_prox(offCorner)>maxirread && get_prox(prefCorner)<maxirread)){
                                                                                                                                          ^
main.c:161:38: warning: comparison between signed and unsigned integer expressions [-Wsign-compare]
        } else if ((get_prox(prefSide)>maxirread && get_prox(offSide)>maxirread) || (get_prox(prefCorner)>maxirread && get_prox(offCorner)>maxirread)){
                                      ^
main.c:161:69: warning: comparison between signed and unsigned integer expressions [-Wsign-compare]
        } else if ((get_prox(prefSide)>maxirread && get_prox(offSide)>maxirread) || (get_prox(prefCorner)>maxirread && get_prox(offCorner)>maxirread)){
                                                                     ^
main.c:161:105: warning: comparison between signed and unsigned integer expressions [-Wsign-compare]
        } else if ((get_prox(prefSide)>maxirread && get_prox(offSide)>maxirread) || (get_prox(prefCorner)>maxirread && get_prox(offCorner)>maxirread)){
                                                                                                         ^
main.c:161:138: warning: comparison between signed and unsigned integer expressions [-Wsign-compare]
        } else if ((get_prox(prefSide)>maxirread && get_prox(offSide)>maxirread) || (get_prox(prefCorner)>maxirread && get_prox(offCorner)>maxirread)){
                                                                                                                                          ^
main.c:166:38: warning: comparison between signed and unsigned integer expressions [-Wsign-compare]
        } else if (get_prox(prefFront)>maxirread || (get_prox(offFront)>maxirread)){
                                      ^
main.c:166:71: warning: comparison between signed and unsigned integer expressions [-Wsign-compare]
        } else if (get_prox(prefFront)>maxirread || (get_prox(offFront)>maxirread)){
                                                                       ^
main.c:193:9: warning: unused variable 'wallsexplored' [-Wunused-variable]
    bool wallsexplored = 1;
         ^~~~~~~~~~~~~
main.c:206:22: warning: comparison between signed and unsigned integer expressions [-Wsign-compare]
   if (SensorValue[0] > threshold || SensorValue[7] > threshold || SensorValue[1] > threshold || SensorValue[2] > threshold || SensorValue[5] > threshold ||SensorValue[6] > threshold) {
                      ^
main.c:206:52: warning: comparison between signed and unsigned integer expressions [-Wsign-compare]
   if (SensorValue[0] > threshold || SensorValue[7] > threshold || SensorValue[1] > threshold || SensorValue[2] > threshold || SensorValue[5] > threshold ||SensorValue[6] > threshold) {
                                                    ^
main.c:206:82: warning: comparison between signed and unsigned integer expressions [-Wsign-compare]
   if (SensorValue[0] > threshold || SensorValue[7] > threshold || SensorValue[1] > threshold || SensorValue[2] > threshold || SensorValue[5] > threshold ||SensorValue[6] > threshold) {
                                                                                  ^
main.c:206:112: warning: comparison between signed and unsigned integer expressions [-Wsign-compare]
   if (SensorValue[0] > threshold || SensorValue[7] > threshold || SensorValue[1] > threshold || SensorValue[2] > threshold || SensorValue[5] > threshold ||SensorValue[6] > threshold) {
                                                                                                                ^
main.c:206:142: warning: comparison between signed and unsigned integer expressions [-Wsign-compare]
   if (SensorValue[0] > threshold || SensorValue[7] > threshold || SensorValue[1] > threshold || SensorValue[2] > threshold || SensorValue[5] > threshold ||SensorValue[6] > threshold) {
                                                                                                                                              ^
main.c:206:171: warning: comparison between signed and unsigned integer expressions [-Wsign-compare]
   if (SensorValue[0] > threshold || SensorValue[7] > threshold || SensorValue[1] > threshold || SensorValue[2] > threshold || SensorValue[5] > threshold ||SensorValue[6] > threshold) {
                                                                                                                                                                           ^
main.c:211:27: warning: comparison between signed and unsigned integer expressions [-Wsign-compare]
     if (get_prox(prefSide)<minirread){
                           ^
main.c:213:15: warning: unused variable 'wheelratio' [-Wunused-variable]
         float wheelratio = 0.9;
               ^~~~~~~~~~
main.c:214:38: warning: comparison between signed and unsigned integer expressions [-Wsign-compare]
        } else if ((get_prox(prefSide)>maxirread && get_prox(offSide)<maxirread) || (get_prox(prefCorner)>maxirread && get_prox(offCorner)<maxirread)){
                                      ^
main.c:214:69: warning: comparison between signed and unsigned integer expressions [-Wsign-compare]
        } else if ((get_prox(prefSide)>maxirread && get_prox(offSide)<maxirread) || (get_prox(prefCorner)>maxirread && get_prox(offCorner)<maxirread)){
                                                                     ^
main.c:214:105: warning: comparison between signed and unsigned integer expressions [-Wsign-compare]
        } else if ((get_prox(prefSide)>maxirread && get_prox(offSide)<maxirread) || (get_prox(prefCorner)>maxirread && get_prox(offCorner)<maxirread)){
                                                                                                         ^
main.c:214:138: warning: comparison between signed and unsigned integer expressions [-Wsign-compare]
        } else if ((get_prox(prefSide)>maxirread && get_prox(offSide)<maxirread) || (get_prox(prefCorner)>maxirread && get_prox(offCorner)<maxirread)){
                                                                                                                                          ^
main.c:216:15: warning: unused variable 'wheelratio' [-Wunused-variable]
         float wheelratio = 1.1;
               ^~~~~~~~~~
main.c:217:37: warning: comparison between signed and unsigned integer expressions [-Wsign-compare]
        } else if ((get_prox(offSide)>maxirread && get_prox(prefSide)<maxirread) || (get_prox(offCorner)>maxirread && get_prox(prefCorner)<maxirread)){
                                     ^
main.c:217:69: warning: comparison between signed and unsigned integer expressions [-Wsign-compare]
        } else if ((get_prox(offSide)>maxirread && get_prox(prefSide)<maxirread) || (get_prox(offCorner)>maxirread && get_prox(prefCorner)<maxirread)){
                                                                     ^
main.c:217:104: warning: comparison between signed and unsigned integer expressions [-Wsign-compare]
        } else if ((get_prox(offSide)>maxirread && get_prox(prefSide)<maxirread) || (get_prox(offCorner)>maxirread && get_prox(prefCorner)<maxirread)){
                                                                                                        ^
main.c:217:138: warning: comparison between signed and unsigned integer expressions [-Wsign-compare]
        } else if ((get_prox(offSide)>maxirread && get_prox(prefSide)<maxirread) || (get_prox(offCorner)>maxirread && get_prox(prefCorner)<maxirread)){
                                                                                                                                          ^
main.c:219:15: warning: unused variable 'wheelratio' [-Wunused-variable]
         float wheelratio = 0.9;
               ^~~~~~~~~~
main.c:220:38: warning: comparison between signed and unsigned integer expressions [-Wsign-compare]
        } else if ((get_prox(prefSide)>maxirread && get_prox(offSide)>maxirread) || (get_prox(prefCorner)>maxirread && get_prox(offCorner)>maxirread)){
                                      ^
main.c:220:69: warning: comparison between signed and unsigned integer expressions [-Wsign-compare]
        } else if ((get_prox(prefSide)>maxirread && get_prox(offSide)>maxirread) || (get_prox(prefCorner)>maxirread && get_prox(offCorner)>maxirread)){
                                                                     ^
main.c:220:105: warning: comparison between signed and unsigned integer expressions [-Wsign-compare]
        } else if ((get_prox(prefSide)>maxirread && get_prox(offSide)>maxirread) || (get_prox(prefCorner)>maxirread && get_prox(offCorner)>maxirread)){
                                                                                                         ^
main.c:220:138: warning: comparison between signed and unsigned integer expressions [-Wsign-compare]
        } else if ((get_prox(prefSide)>maxirread && get_prox(offSide)>maxirread) || (get_prox(prefCorner)>maxirread && get_prox(offCorner)>maxirread)){
                                                                                                                                          ^
main.c:225:38: warning: comparison between signed and unsigned integer expressions [-Wsign-compare]
        } else if (get_prox(prefFront)>maxirread || (get_prox(offFront)>maxirread)){
                                      ^
main.c:225:71: warning: comparison between signed and unsigned integer expressions [-Wsign-compare]
        } else if (get_prox(prefFront)>maxirread || (get_prox(offFront)>maxirread)){
                                                                       ^
main.c:258:4: warning: implicit declaration of function 'delay_ms' [-Wimplicit-function-declaration]
    delay_ms(500);
    ^~~~~~~~
main.c:64:18: warning: variable 'offBack' set but not used [-Wunused-but-set-variable]
     unsigned int offBack;
                  ^~~~~~~
main.c:60:18: warning: variable 'prefBack' set but not used [-Wunused-but-set-variable]
     unsigned int prefBack;
                  ^~~~~~~~
main.c:267:3: warning: iteration 4 invokes undefined behavior [-Waggressive-loop-optimizations]
   set_rgb_led(allRGBs[i], 10 , 0 , 0 );
   ^~~~~~~~~~~~~~~~~~~~~~~~~~~~~~~~~~~~
main.c:266:3: note: within this loop
   for (int i = 0; i <= 4; i++) {
   ^~~
main.c:275:3: warning: iteration 4 invokes undefined behavior [-Waggressive-loop-optimizations]
   set_rgb_led(allRGBs[i], 0 , 0 , 10);
   ^~~~~~~~~~~~~~~~~~~~~~~~~~~~~~~~~~~
main.c:274:3: note: within this loop
   for (int i = 0; i <= 4; i++) {
   ^~~
main.c:271:3: warning: iteration 4 invokes undefined behavior [-Waggressive-loop-optimizations]
   set_rgb_led(allRGBs[i], 0 , 10 , 0 );
   ^~~~~~~~~~~~~~~~~~~~~~~~~~~~~~~~~~~~
main.c:270:3: note: within this loop
   for (int i = 0; i <= 4; i++) {
   ^~~
[1;34mLinking build/Project_template.elf[0m
[1;34mCreating build/Project_template.hex[0m
[1;34mCreating build/Project_template.bin[0m
[1;34mCreating build/Project_template.dmp[0m

   text	   data	    bss	    dec	    hex	filename
  64116	   3084	  17508	  84708	  14ae4	build/Project_template.elf
[1;34mCreating build/Project_template.list[0m

[1;34mDone[0m
15:23:02 **** Incremental Build of configuration Default for project Project ****
make all 
[1;34mCompiling main.c[0m
main.c: In function 'main':
main.c:152:27: warning: comparison between signed and unsigned integer expressions [-Wsign-compare]
     if (get_prox(prefSide)<minirread){
                           ^
main.c:155:38: warning: comparison between signed and unsigned integer expressions [-Wsign-compare]
        } else if ((get_prox(prefSide)>maxirread && get_prox(offSide)<maxirread) || (get_prox(prefCorner)>maxirread && get_prox(offCorner)<maxirread)){
                                      ^
main.c:155:69: warning: comparison between signed and unsigned integer expressions [-Wsign-compare]
        } else if ((get_prox(prefSide)>maxirread && get_prox(offSide)<maxirread) || (get_prox(prefCorner)>maxirread && get_prox(offCorner)<maxirread)){
                                                                     ^
main.c:155:105: warning: comparison between signed and unsigned integer expressions [-Wsign-compare]
        } else if ((get_prox(prefSide)>maxirread && get_prox(offSide)<maxirread) || (get_prox(prefCorner)>maxirread && get_prox(offCorner)<maxirread)){
                                                                                                         ^
main.c:155:138: warning: comparison between signed and unsigned integer expressions [-Wsign-compare]
        } else if ((get_prox(prefSide)>maxirread && get_prox(offSide)<maxirread) || (get_prox(prefCorner)>maxirread && get_prox(offCorner)<maxirread)){
                                                                                                                                          ^
main.c:158:37: warning: comparison between signed and unsigned integer expressions [-Wsign-compare]
        } else if ((get_prox(offSide)>maxirread && get_prox(prefSide)<maxirread) || (get_prox(offCorner)>maxirread && get_prox(prefCorner)<maxirread)){
                                     ^
main.c:158:69: warning: comparison between signed and unsigned integer expressions [-Wsign-compare]
        } else if ((get_prox(offSide)>maxirread && get_prox(prefSide)<maxirread) || (get_prox(offCorner)>maxirread && get_prox(prefCorner)<maxirread)){
                                                                     ^
main.c:158:104: warning: comparison between signed and unsigned integer expressions [-Wsign-compare]
        } else if ((get_prox(offSide)>maxirread && get_prox(prefSide)<maxirread) || (get_prox(offCorner)>maxirread && get_prox(prefCorner)<maxirread)){
                                                                                                        ^
main.c:158:138: warning: comparison between signed and unsigned integer expressions [-Wsign-compare]
        } else if ((get_prox(offSide)>maxirread && get_prox(prefSide)<maxirread) || (get_prox(offCorner)>maxirread && get_prox(prefCorner)<maxirread)){
                                                                                                                                          ^
main.c:161:38: warning: comparison between signed and unsigned integer expressions [-Wsign-compare]
        } else if ((get_prox(prefSide)>maxirread && get_prox(offSide)>maxirread) || (get_prox(prefCorner)>maxirread && get_prox(offCorner)>maxirread)){
                                      ^
main.c:161:69: warning: comparison between signed and unsigned integer expressions [-Wsign-compare]
        } else if ((get_prox(prefSide)>maxirread && get_prox(offSide)>maxirread) || (get_prox(prefCorner)>maxirread && get_prox(offCorner)>maxirread)){
                                                                     ^
main.c:161:105: warning: comparison between signed and unsigned integer expressions [-Wsign-compare]
        } else if ((get_prox(prefSide)>maxirread && get_prox(offSide)>maxirread) || (get_prox(prefCorner)>maxirread && get_prox(offCorner)>maxirread)){
                                                                                                         ^
main.c:161:138: warning: comparison between signed and unsigned integer expressions [-Wsign-compare]
        } else if ((get_prox(prefSide)>maxirread && get_prox(offSide)>maxirread) || (get_prox(prefCorner)>maxirread && get_prox(offCorner)>maxirread)){
                                                                                                                                          ^
main.c:166:38: warning: comparison between signed and unsigned integer expressions [-Wsign-compare]
        } else if (get_prox(prefFront)>maxirread || (get_prox(offFront)>maxirread)){
                                      ^
main.c:166:71: warning: comparison between signed and unsigned integer expressions [-Wsign-compare]
        } else if (get_prox(prefFront)>maxirread || (get_prox(offFront)>maxirread)){
                                                                       ^
main.c:193:9: warning: unused variable 'wallsexplored' [-Wunused-variable]
    bool wallsexplored = 1;
         ^~~~~~~~~~~~~
main.c:206:22: warning: comparison between signed and unsigned integer expressions [-Wsign-compare]
   if (SensorValue[0] > threshold || SensorValue[7] > threshold || SensorValue[1] > threshold || SensorValue[2] > threshold || SensorValue[5] > threshold ||SensorValue[6] > threshold) {
                      ^
main.c:206:52: warning: comparison between signed and unsigned integer expressions [-Wsign-compare]
   if (SensorValue[0] > threshold || SensorValue[7] > threshold || SensorValue[1] > threshold || SensorValue[2] > threshold || SensorValue[5] > threshold ||SensorValue[6] > threshold) {
                                                    ^
main.c:206:82: warning: comparison between signed and unsigned integer expressions [-Wsign-compare]
   if (SensorValue[0] > threshold || SensorValue[7] > threshold || SensorValue[1] > threshold || SensorValue[2] > threshold || SensorValue[5] > threshold ||SensorValue[6] > threshold) {
                                                                                  ^
main.c:206:112: warning: comparison between signed and unsigned integer expressions [-Wsign-compare]
   if (SensorValue[0] > threshold || SensorValue[7] > threshold || SensorValue[1] > threshold || SensorValue[2] > threshold || SensorValue[5] > threshold ||SensorValue[6] > threshold) {
                                                                                                                ^
main.c:206:142: warning: comparison between signed and unsigned integer expressions [-Wsign-compare]
   if (SensorValue[0] > threshold || SensorValue[7] > threshold || SensorValue[1] > threshold || SensorValue[2] > threshold || SensorValue[5] > threshold ||SensorValue[6] > threshold) {
                                                                                                                                              ^
main.c:206:171: warning: comparison between signed and unsigned integer expressions [-Wsign-compare]
   if (SensorValue[0] > threshold || SensorValue[7] > threshold || SensorValue[1] > threshold || SensorValue[2] > threshold || SensorValue[5] > threshold ||SensorValue[6] > threshold) {
                                                                                                                                                                           ^
main.c:211:27: warning: comparison between signed and unsigned integer expressions [-Wsign-compare]
     if (get_prox(prefSide)<minirread){
                           ^
main.c:213:15: warning: unused variable 'wheelratio' [-Wunused-variable]
         float wheelratio = 0.9;
               ^~~~~~~~~~
main.c:214:38: warning: comparison between signed and unsigned integer expressions [-Wsign-compare]
        } else if ((get_prox(prefSide)>maxirread && get_prox(offSide)<maxirread) || (get_prox(prefCorner)>maxirread && get_prox(offCorner)<maxirread)){
                                      ^
main.c:214:69: warning: comparison between signed and unsigned integer expressions [-Wsign-compare]
        } else if ((get_prox(prefSide)>maxirread && get_prox(offSide)<maxirread) || (get_prox(prefCorner)>maxirread && get_prox(offCorner)<maxirread)){
                                                                     ^
main.c:214:105: warning: comparison between signed and unsigned integer expressions [-Wsign-compare]
        } else if ((get_prox(prefSide)>maxirread && get_prox(offSide)<maxirread) || (get_prox(prefCorner)>maxirread && get_prox(offCorner)<maxirread)){
                                                                                                         ^
main.c:214:138: warning: comparison between signed and unsigned integer expressions [-Wsign-compare]
        } else if ((get_prox(prefSide)>maxirread && get_prox(offSide)<maxirread) || (get_prox(prefCorner)>maxirread && get_prox(offCorner)<maxirread)){
                                                                                                                                          ^
main.c:216:15: warning: unused variable 'wheelratio' [-Wunused-variable]
         float wheelratio = 1.1;
               ^~~~~~~~~~
main.c:217:37: warning: comparison between signed and unsigned integer expressions [-Wsign-compare]
        } else if ((get_prox(offSide)>maxirread && get_prox(prefSide)<maxirread) || (get_prox(offCorner)>maxirread && get_prox(prefCorner)<maxirread)){
                                     ^
main.c:217:69: warning: comparison between signed and unsigned integer expressions [-Wsign-compare]
        } else if ((get_prox(offSide)>maxirread && get_prox(prefSide)<maxirread) || (get_prox(offCorner)>maxirread && get_prox(prefCorner)<maxirread)){
                                                                     ^
main.c:217:104: warning: comparison between signed and unsigned integer expressions [-Wsign-compare]
        } else if ((get_prox(offSide)>maxirread && get_prox(prefSide)<maxirread) || (get_prox(offCorner)>maxirread && get_prox(prefCorner)<maxirread)){
                                                                                                        ^
main.c:217:138: warning: comparison between signed and unsigned integer expressions [-Wsign-compare]
        } else if ((get_prox(offSide)>maxirread && get_prox(prefSide)<maxirread) || (get_prox(offCorner)>maxirread && get_prox(prefCorner)<maxirread)){
                                                                                                                                          ^
main.c:219:15: warning: unused variable 'wheelratio' [-Wunused-variable]
         float wheelratio = 0.9;
               ^~~~~~~~~~
main.c:220:38: warning: comparison between signed and unsigned integer expressions [-Wsign-compare]
        } else if ((get_prox(prefSide)>maxirread && get_prox(offSide)>maxirread) || (get_prox(prefCorner)>maxirread && get_prox(offCorner)>maxirread)){
                                      ^
main.c:220:69: warning: comparison between signed and unsigned integer expressions [-Wsign-compare]
        } else if ((get_prox(prefSide)>maxirread && get_prox(offSide)>maxirread) || (get_prox(prefCorner)>maxirread && get_prox(offCorner)>maxirread)){
                                                                     ^
main.c:220:105: warning: comparison between signed and unsigned integer expressions [-Wsign-compare]
        } else if ((get_prox(prefSide)>maxirread && get_prox(offSide)>maxirread) || (get_prox(prefCorner)>maxirread && get_prox(offCorner)>maxirread)){
                                                                                                         ^
main.c:220:138: warning: comparison between signed and unsigned integer expressions [-Wsign-compare]
        } else if ((get_prox(prefSide)>maxirread && get_prox(offSide)>maxirread) || (get_prox(prefCorner)>maxirread && get_prox(offCorner)>maxirread)){
                                                                                                                                          ^
main.c:225:38: warning: comparison between signed and unsigned integer expressions [-Wsign-compare]
        } else if (get_prox(prefFront)>maxirread || (get_prox(offFront)>maxirread)){
                                      ^
main.c:225:71: warning: comparison between signed and unsigned integer expressions [-Wsign-compare]
        } else if (get_prox(prefFront)>maxirread || (get_prox(offFront)>maxirread)){
                                                                       ^
main.c:258:4: warning: implicit declaration of function 'delay_ms' [-Wimplicit-function-declaration]
    delay_ms(500);
    ^~~~~~~~
main.c:64:18: warning: variable 'offBack' set but not used [-Wunused-but-set-variable]
     unsigned int offBack;
                  ^~~~~~~
main.c:60:18: warning: variable 'prefBack' set but not used [-Wunused-but-set-variable]
     unsigned int prefBack;
                  ^~~~~~~~
main.c:267:3: warning: iteration 4 invokes undefined behavior [-Waggressive-loop-optimizations]
   set_rgb_led(allRGBs[i], 10 , 0 , 0 );
   ^~~~~~~~~~~~~~~~~~~~~~~~~~~~~~~~~~~~
main.c:266:3: note: within this loop
   for (int i = 0; i <= 4; i++) {
   ^~~
main.c:275:3: warning: iteration 4 invokes undefined behavior [-Waggressive-loop-optimizations]
   set_rgb_led(allRGBs[i], 0 , 0 , 10);
   ^~~~~~~~~~~~~~~~~~~~~~~~~~~~~~~~~~~
main.c:274:3: note: within this loop
   for (int i = 0; i <= 4; i++) {
   ^~~
main.c:271:3: warning: iteration 4 invokes undefined behavior [-Waggressive-loop-optimizations]
   set_rgb_led(allRGBs[i], 0 , 10 , 0 );
   ^~~~~~~~~~~~~~~~~~~~~~~~~~~~~~~~~~~~
main.c:270:3: note: within this loop
   for (int i = 0; i <= 4; i++) {
   ^~~
[1;34mLinking build/Project_template.elf[0m
[1;34mCreating build/Project_template.hex[0m
[1;34mCreating build/Project_template.bin[0m
[1;34mCreating build/Project_template.dmp[0m

   text	   data	    bss	    dec	    hex	filename
  64148	   3084	  17508	  84740	  14b04	build/Project_template.elf
[1;34mCreating build/Project_template.list[0m

[1;34mDone[0m
15:23:35 **** Incremental Build of configuration Default for project Project ****
make all 
[1;34mCompiling main.c[0m
main.c: In function 'main':
main.c:152:27: warning: comparison between signed and unsigned integer expressions [-Wsign-compare]
     if (get_prox(prefSide)<minirread){
                           ^
main.c:155:38: warning: comparison between signed and unsigned integer expressions [-Wsign-compare]
        } else if ((get_prox(prefSide)>maxirread && get_prox(offSide)<maxirread) || (get_prox(prefCorner)>maxirread && get_prox(offCorner)<maxirread)){
                                      ^
main.c:155:69: warning: comparison between signed and unsigned integer expressions [-Wsign-compare]
        } else if ((get_prox(prefSide)>maxirread && get_prox(offSide)<maxirread) || (get_prox(prefCorner)>maxirread && get_prox(offCorner)<maxirread)){
                                                                     ^
main.c:155:105: warning: comparison between signed and unsigned integer expressions [-Wsign-compare]
        } else if ((get_prox(prefSide)>maxirread && get_prox(offSide)<maxirread) || (get_prox(prefCorner)>maxirread && get_prox(offCorner)<maxirread)){
                                                                                                         ^
main.c:155:138: warning: comparison between signed and unsigned integer expressions [-Wsign-compare]
        } else if ((get_prox(prefSide)>maxirread && get_prox(offSide)<maxirread) || (get_prox(prefCorner)>maxirread && get_prox(offCorner)<maxirread)){
                                                                                                                                          ^
main.c:158:37: warning: comparison between signed and unsigned integer expressions [-Wsign-compare]
        } else if ((get_prox(offSide)>maxirread && get_prox(prefSide)<maxirread) || (get_prox(offCorner)>maxirread && get_prox(prefCorner)<maxirread)){
                                     ^
main.c:158:69: warning: comparison between signed and unsigned integer expressions [-Wsign-compare]
        } else if ((get_prox(offSide)>maxirread && get_prox(prefSide)<maxirread) || (get_prox(offCorner)>maxirread && get_prox(prefCorner)<maxirread)){
                                                                     ^
main.c:158:104: warning: comparison between signed and unsigned integer expressions [-Wsign-compare]
        } else if ((get_prox(offSide)>maxirread && get_prox(prefSide)<maxirread) || (get_prox(offCorner)>maxirread && get_prox(prefCorner)<maxirread)){
                                                                                                        ^
main.c:158:138: warning: comparison between signed and unsigned integer expressions [-Wsign-compare]
        } else if ((get_prox(offSide)>maxirread && get_prox(prefSide)<maxirread) || (get_prox(offCorner)>maxirread && get_prox(prefCorner)<maxirread)){
                                                                                                                                          ^
main.c:161:38: warning: comparison between signed and unsigned integer expressions [-Wsign-compare]
        } else if ((get_prox(prefSide)>maxirread && get_prox(offSide)>maxirread) || (get_prox(prefCorner)>maxirread && get_prox(offCorner)>maxirread)){
                                      ^
main.c:161:69: warning: comparison between signed and unsigned integer expressions [-Wsign-compare]
        } else if ((get_prox(prefSide)>maxirread && get_prox(offSide)>maxirread) || (get_prox(prefCorner)>maxirread && get_prox(offCorner)>maxirread)){
                                                                     ^
main.c:161:105: warning: comparison between signed and unsigned integer expressions [-Wsign-compare]
        } else if ((get_prox(prefSide)>maxirread && get_prox(offSide)>maxirread) || (get_prox(prefCorner)>maxirread && get_prox(offCorner)>maxirread)){
                                                                                                         ^
main.c:161:138: warning: comparison between signed and unsigned integer expressions [-Wsign-compare]
        } else if ((get_prox(prefSide)>maxirread && get_prox(offSide)>maxirread) || (get_prox(prefCorner)>maxirread && get_prox(offCorner)>maxirread)){
                                                                                                                                          ^
main.c:166:38: warning: comparison between signed and unsigned integer expressions [-Wsign-compare]
        } else if (get_prox(prefFront)>maxirread || (get_prox(offFront)>maxirread)){
                                      ^
main.c:166:71: warning: comparison between signed and unsigned integer expressions [-Wsign-compare]
        } else if (get_prox(prefFront)>maxirread || (get_prox(offFront)>maxirread)){
                                                                       ^
main.c:193:9: warning: unused variable 'wallsexplored' [-Wunused-variable]
    bool wallsexplored = 1;
         ^~~~~~~~~~~~~
main.c:206:22: warning: comparison between signed and unsigned integer expressions [-Wsign-compare]
   if (SensorValue[0] > threshold || SensorValue[7] > threshold || SensorValue[1] > threshold || SensorValue[2] > threshold || SensorValue[5] > threshold ||SensorValue[6] > threshold) {
                      ^
main.c:206:52: warning: comparison between signed and unsigned integer expressions [-Wsign-compare]
   if (SensorValue[0] > threshold || SensorValue[7] > threshold || SensorValue[1] > threshold || SensorValue[2] > threshold || SensorValue[5] > threshold ||SensorValue[6] > threshold) {
                                                    ^
main.c:206:82: warning: comparison between signed and unsigned integer expressions [-Wsign-compare]
   if (SensorValue[0] > threshold || SensorValue[7] > threshold || SensorValue[1] > threshold || SensorValue[2] > threshold || SensorValue[5] > threshold ||SensorValue[6] > threshold) {
                                                                                  ^
main.c:206:112: warning: comparison between signed and unsigned integer expressions [-Wsign-compare]
   if (SensorValue[0] > threshold || SensorValue[7] > threshold || SensorValue[1] > threshold || SensorValue[2] > threshold || SensorValue[5] > threshold ||SensorValue[6] > threshold) {
                                                                                                                ^
main.c:206:142: warning: comparison between signed and unsigned integer expressions [-Wsign-compare]
   if (SensorValue[0] > threshold || SensorValue[7] > threshold || SensorValue[1] > threshold || SensorValue[2] > threshold || SensorValue[5] > threshold ||SensorValue[6] > threshold) {
                                                                                                                                              ^
main.c:206:171: warning: comparison between signed and unsigned integer expressions [-Wsign-compare]
   if (SensorValue[0] > threshold || SensorValue[7] > threshold || SensorValue[1] > threshold || SensorValue[2] > threshold || SensorValue[5] > threshold ||SensorValue[6] > threshold) {
                                                                                                                                                                           ^
main.c:211:27: warning: comparison between signed and unsigned integer expressions [-Wsign-compare]
     if (get_prox(prefSide)<minirread){
                           ^
main.c:213:15: warning: unused variable 'wheelratio' [-Wunused-variable]
         float wheelratio = 0.9;
               ^~~~~~~~~~
main.c:214:38: warning: comparison between signed and unsigned integer expressions [-Wsign-compare]
        } else if ((get_prox(prefSide)>maxirread && get_prox(offSide)<maxirread) || (get_prox(prefCorner)>maxirread && get_prox(offCorner)<maxirread)){
                                      ^
main.c:214:69: warning: comparison between signed and unsigned integer expressions [-Wsign-compare]
        } else if ((get_prox(prefSide)>maxirread && get_prox(offSide)<maxirread) || (get_prox(prefCorner)>maxirread && get_prox(offCorner)<maxirread)){
                                                                     ^
main.c:214:105: warning: comparison between signed and unsigned integer expressions [-Wsign-compare]
        } else if ((get_prox(prefSide)>maxirread && get_prox(offSide)<maxirread) || (get_prox(prefCorner)>maxirread && get_prox(offCorner)<maxirread)){
                                                                                                         ^
main.c:214:138: warning: comparison between signed and unsigned integer expressions [-Wsign-compare]
        } else if ((get_prox(prefSide)>maxirread && get_prox(offSide)<maxirread) || (get_prox(prefCorner)>maxirread && get_prox(offCorner)<maxirread)){
                                                                                                                                          ^
main.c:216:15: warning: unused variable 'wheelratio' [-Wunused-variable]
         float wheelratio = 1.1;
               ^~~~~~~~~~
main.c:217:37: warning: comparison between signed and unsigned integer expressions [-Wsign-compare]
        } else if ((get_prox(offSide)>maxirread && get_prox(prefSide)<maxirread) || (get_prox(offCorner)>maxirread && get_prox(prefCorner)<maxirread)){
                                     ^
main.c:217:69: warning: comparison between signed and unsigned integer expressions [-Wsign-compare]
        } else if ((get_prox(offSide)>maxirread && get_prox(prefSide)<maxirread) || (get_prox(offCorner)>maxirread && get_prox(prefCorner)<maxirread)){
                                                                     ^
main.c:217:104: warning: comparison between signed and unsigned integer expressions [-Wsign-compare]
        } else if ((get_prox(offSide)>maxirread && get_prox(prefSide)<maxirread) || (get_prox(offCorner)>maxirread && get_prox(prefCorner)<maxirread)){
                                                                                                        ^
main.c:217:138: warning: comparison between signed and unsigned integer expressions [-Wsign-compare]
        } else if ((get_prox(offSide)>maxirread && get_prox(prefSide)<maxirread) || (get_prox(offCorner)>maxirread && get_prox(prefCorner)<maxirread)){
                                                                                                                                          ^
main.c:219:15: warning: unused variable 'wheelratio' [-Wunused-variable]
         float wheelratio = 0.9;
               ^~~~~~~~~~
main.c:220:38: warning: comparison between signed and unsigned integer expressions [-Wsign-compare]
        } else if ((get_prox(prefSide)>maxirread && get_prox(offSide)>maxirread) || (get_prox(prefCorner)>maxirread && get_prox(offCorner)>maxirread)){
                                      ^
main.c:220:69: warning: comparison between signed and unsigned integer expressions [-Wsign-compare]
        } else if ((get_prox(prefSide)>maxirread && get_prox(offSide)>maxirread) || (get_prox(prefCorner)>maxirread && get_prox(offCorner)>maxirread)){
                                                                     ^
main.c:220:105: warning: comparison between signed and unsigned integer expressions [-Wsign-compare]
        } else if ((get_prox(prefSide)>maxirread && get_prox(offSide)>maxirread) || (get_prox(prefCorner)>maxirread && get_prox(offCorner)>maxirread)){
                                                                                                         ^
main.c:220:138: warning: comparison between signed and unsigned integer expressions [-Wsign-compare]
        } else if ((get_prox(prefSide)>maxirread && get_prox(offSide)>maxirread) || (get_prox(prefCorner)>maxirread && get_prox(offCorner)>maxirread)){
                                                                                                                                          ^
main.c:225:38: warning: comparison between signed and unsigned integer expressions [-Wsign-compare]
        } else if (get_prox(prefFront)>maxirread || (get_prox(offFront)>maxirread)){
                                      ^
main.c:225:71: warning: comparison between signed and unsigned integer expressions [-Wsign-compare]
        } else if (get_prox(prefFront)>maxirread || (get_prox(offFront)>maxirread)){
                                                                       ^
main.c:258:4: warning: implicit declaration of function 'delay_ms' [-Wimplicit-function-declaration]
    delay_ms(500);
    ^~~~~~~~
main.c:64:18: warning: variable 'offBack' set but not used [-Wunused-but-set-variable]
     unsigned int offBack;
                  ^~~~~~~
main.c:60:18: warning: variable 'prefBack' set but not used [-Wunused-but-set-variable]
     unsigned int prefBack;
                  ^~~~~~~~
main.c:267:3: warning: iteration 4 invokes undefined behavior [-Waggressive-loop-optimizations]
   set_rgb_led(allRGBs[i], 10 , 0 , 0 );
   ^~~~~~~~~~~~~~~~~~~~~~~~~~~~~~~~~~~~
main.c:266:3: note: within this loop
   for (int i = 0; i <= 4; i++) {
   ^~~
main.c:275:3: warning: iteration 4 invokes undefined behavior [-Waggressive-loop-optimizations]
   set_rgb_led(allRGBs[i], 0 , 0 , 10);
   ^~~~~~~~~~~~~~~~~~~~~~~~~~~~~~~~~~~
main.c:274:3: note: within this loop
   for (int i = 0; i <= 4; i++) {
   ^~~
main.c:271:3: warning: iteration 4 invokes undefined behavior [-Waggressive-loop-optimizations]
   set_rgb_led(allRGBs[i], 0 , 10 , 0 );
   ^~~~~~~~~~~~~~~~~~~~~~~~~~~~~~~~~~~~
main.c:270:3: note: within this loop
   for (int i = 0; i <= 4; i++) {
   ^~~
[1;34mLinking build/Project_template.elf[0m
[1;34mCreating build/Project_template.hex[0m
[1;34mCreating build/Project_template.bin[0m
[1;34mCreating build/Project_template.dmp[0m

   text	   data	    bss	    dec	    hex	filename
  64020	   3084	  17508	  84612	  14a84	build/Project_template.elf
[1;34mCreating build/Project_template.list[0m

[1;34mDone[0m
15:30:54 **** Incremental Build of configuration Default for project Project ****
make all 
[1;34mCompiling main.c[0m
main.c: In function 'main':
main.c:152:27: warning: comparison between signed and unsigned integer expressions [-Wsign-compare]
     if (get_prox(prefSide)<minirread){
                           ^
main.c:155:38: warning: comparison between signed and unsigned integer expressions [-Wsign-compare]
        } else if ((get_prox(prefSide)>maxirread && get_prox(offSide)<maxirread) || (get_prox(prefCorner)>maxirread && get_prox(offCorner)<maxirread)){
                                      ^
main.c:155:69: warning: comparison between signed and unsigned integer expressions [-Wsign-compare]
        } else if ((get_prox(prefSide)>maxirread && get_prox(offSide)<maxirread) || (get_prox(prefCorner)>maxirread && get_prox(offCorner)<maxirread)){
                                                                     ^
main.c:155:105: warning: comparison between signed and unsigned integer expressions [-Wsign-compare]
        } else if ((get_prox(prefSide)>maxirread && get_prox(offSide)<maxirread) || (get_prox(prefCorner)>maxirread && get_prox(offCorner)<maxirread)){
                                                                                                         ^
main.c:155:138: warning: comparison between signed and unsigned integer expressions [-Wsign-compare]
        } else if ((get_prox(prefSide)>maxirread && get_prox(offSide)<maxirread) || (get_prox(prefCorner)>maxirread && get_prox(offCorner)<maxirread)){
                                                                                                                                          ^
main.c:158:37: warning: comparison between signed and unsigned integer expressions [-Wsign-compare]
        } else if ((get_prox(offSide)>maxirread && get_prox(prefSide)<maxirread) || (get_prox(offCorner)>maxirread && get_prox(prefCorner)<maxirread)){
                                     ^
main.c:158:69: warning: comparison between signed and unsigned integer expressions [-Wsign-compare]
        } else if ((get_prox(offSide)>maxirread && get_prox(prefSide)<maxirread) || (get_prox(offCorner)>maxirread && get_prox(prefCorner)<maxirread)){
                                                                     ^
main.c:158:104: warning: comparison between signed and unsigned integer expressions [-Wsign-compare]
        } else if ((get_prox(offSide)>maxirread && get_prox(prefSide)<maxirread) || (get_prox(offCorner)>maxirread && get_prox(prefCorner)<maxirread)){
                                                                                                        ^
main.c:158:138: warning: comparison between signed and unsigned integer expressions [-Wsign-compare]
        } else if ((get_prox(offSide)>maxirread && get_prox(prefSide)<maxirread) || (get_prox(offCorner)>maxirread && get_prox(prefCorner)<maxirread)){
                                                                                                                                          ^
main.c:161:38: warning: comparison between signed and unsigned integer expressions [-Wsign-compare]
        } else if ((get_prox(prefSide)>maxirread && get_prox(offSide)>maxirread) || (get_prox(prefCorner)>maxirread && get_prox(offCorner)>maxirread)){
                                      ^
main.c:161:69: warning: comparison between signed and unsigned integer expressions [-Wsign-compare]
        } else if ((get_prox(prefSide)>maxirread && get_prox(offSide)>maxirread) || (get_prox(prefCorner)>maxirread && get_prox(offCorner)>maxirread)){
                                                                     ^
main.c:161:105: warning: comparison between signed and unsigned integer expressions [-Wsign-compare]
        } else if ((get_prox(prefSide)>maxirread && get_prox(offSide)>maxirread) || (get_prox(prefCorner)>maxirread && get_prox(offCorner)>maxirread)){
                                                                                                         ^
main.c:161:138: warning: comparison between signed and unsigned integer expressions [-Wsign-compare]
        } else if ((get_prox(prefSide)>maxirread && get_prox(offSide)>maxirread) || (get_prox(prefCorner)>maxirread && get_prox(offCorner)>maxirread)){
                                                                                                                                          ^
main.c:166:38: warning: comparison between signed and unsigned integer expressions [-Wsign-compare]
        } else if (get_prox(prefFront)>maxirread || (get_prox(offFront)>maxirread)){
                                      ^
main.c:166:71: warning: comparison between signed and unsigned integer expressions [-Wsign-compare]
        } else if (get_prox(prefFront)>maxirread || (get_prox(offFront)>maxirread)){
                                                                       ^
main.c:193:9: warning: unused variable 'wallsexplored' [-Wunused-variable]
    bool wallsexplored = 1;
         ^~~~~~~~~~~~~
main.c:206:22: warning: comparison between signed and unsigned integer expressions [-Wsign-compare]
   if (SensorValue[0] > threshold || SensorValue[7] > threshold || SensorValue[1] > threshold || SensorValue[2] > threshold || SensorValue[5] > threshold ||SensorValue[6] > threshold) {
                      ^
main.c:206:52: warning: comparison between signed and unsigned integer expressions [-Wsign-compare]
   if (SensorValue[0] > threshold || SensorValue[7] > threshold || SensorValue[1] > threshold || SensorValue[2] > threshold || SensorValue[5] > threshold ||SensorValue[6] > threshold) {
                                                    ^
main.c:206:82: warning: comparison between signed and unsigned integer expressions [-Wsign-compare]
   if (SensorValue[0] > threshold || SensorValue[7] > threshold || SensorValue[1] > threshold || SensorValue[2] > threshold || SensorValue[5] > threshold ||SensorValue[6] > threshold) {
                                                                                  ^
main.c:206:112: warning: comparison between signed and unsigned integer expressions [-Wsign-compare]
   if (SensorValue[0] > threshold || SensorValue[7] > threshold || SensorValue[1] > threshold || SensorValue[2] > threshold || SensorValue[5] > threshold ||SensorValue[6] > threshold) {
                                                                                                                ^
main.c:206:142: warning: comparison between signed and unsigned integer expressions [-Wsign-compare]
   if (SensorValue[0] > threshold || SensorValue[7] > threshold || SensorValue[1] > threshold || SensorValue[2] > threshold || SensorValue[5] > threshold ||SensorValue[6] > threshold) {
                                                                                                                                              ^
main.c:206:171: warning: comparison between signed and unsigned integer expressions [-Wsign-compare]
   if (SensorValue[0] > threshold || SensorValue[7] > threshold || SensorValue[1] > threshold || SensorValue[2] > threshold || SensorValue[5] > threshold ||SensorValue[6] > threshold) {
                                                                                                                                                                           ^
main.c:211:27: warning: comparison between signed and unsigned integer expressions [-Wsign-compare]
     if (get_prox(prefSide)<minirread){
                           ^
main.c:213:15: warning: unused variable 'wheelratio' [-Wunused-variable]
         float wheelratio = 0.9;
               ^~~~~~~~~~
main.c:214:38: warning: comparison between signed and unsigned integer expressions [-Wsign-compare]
        } else if ((get_prox(prefSide)>maxirread && get_prox(offSide)<maxirread) || (get_prox(prefCorner)>maxirread && get_prox(offCorner)<maxirread)){
                                      ^
main.c:214:69: warning: comparison between signed and unsigned integer expressions [-Wsign-compare]
        } else if ((get_prox(prefSide)>maxirread && get_prox(offSide)<maxirread) || (get_prox(prefCorner)>maxirread && get_prox(offCorner)<maxirread)){
                                                                     ^
main.c:214:105: warning: comparison between signed and unsigned integer expressions [-Wsign-compare]
        } else if ((get_prox(prefSide)>maxirread && get_prox(offSide)<maxirread) || (get_prox(prefCorner)>maxirread && get_prox(offCorner)<maxirread)){
                                                                                                         ^
main.c:214:138: warning: comparison between signed and unsigned integer expressions [-Wsign-compare]
        } else if ((get_prox(prefSide)>maxirread && get_prox(offSide)<maxirread) || (get_prox(prefCorner)>maxirread && get_prox(offCorner)<maxirread)){
                                                                                                                                          ^
main.c:216:15: warning: unused variable 'wheelratio' [-Wunused-variable]
         float wheelratio = 1.1;
               ^~~~~~~~~~
main.c:217:37: warning: comparison between signed and unsigned integer expressions [-Wsign-compare]
        } else if ((get_prox(offSide)>maxirread && get_prox(prefSide)<maxirread) || (get_prox(offCorner)>maxirread && get_prox(prefCorner)<maxirread)){
                                     ^
main.c:217:69: warning: comparison between signed and unsigned integer expressions [-Wsign-compare]
        } else if ((get_prox(offSide)>maxirread && get_prox(prefSide)<maxirread) || (get_prox(offCorner)>maxirread && get_prox(prefCorner)<maxirread)){
                                                                     ^
main.c:217:104: warning: comparison between signed and unsigned integer expressions [-Wsign-compare]
        } else if ((get_prox(offSide)>maxirread && get_prox(prefSide)<maxirread) || (get_prox(offCorner)>maxirread && get_prox(prefCorner)<maxirread)){
                                                                                                        ^
main.c:217:138: warning: comparison between signed and unsigned integer expressions [-Wsign-compare]
        } else if ((get_prox(offSide)>maxirread && get_prox(prefSide)<maxirread) || (get_prox(offCorner)>maxirread && get_prox(prefCorner)<maxirread)){
                                                                                                                                          ^
main.c:219:15: warning: unused variable 'wheelratio' [-Wunused-variable]
         float wheelratio = 0.9;
               ^~~~~~~~~~
main.c:220:38: warning: comparison between signed and unsigned integer expressions [-Wsign-compare]
        } else if ((get_prox(prefSide)>maxirread && get_prox(offSide)>maxirread) || (get_prox(prefCorner)>maxirread && get_prox(offCorner)>maxirread)){
                                      ^
main.c:220:69: warning: comparison between signed and unsigned integer expressions [-Wsign-compare]
        } else if ((get_prox(prefSide)>maxirread && get_prox(offSide)>maxirread) || (get_prox(prefCorner)>maxirread && get_prox(offCorner)>maxirread)){
                                                                     ^
main.c:220:105: warning: comparison between signed and unsigned integer expressions [-Wsign-compare]
        } else if ((get_prox(prefSide)>maxirread && get_prox(offSide)>maxirread) || (get_prox(prefCorner)>maxirread && get_prox(offCorner)>maxirread)){
                                                                                                         ^
main.c:220:138: warning: comparison between signed and unsigned integer expressions [-Wsign-compare]
        } else if ((get_prox(prefSide)>maxirread && get_prox(offSide)>maxirread) || (get_prox(prefCorner)>maxirread && get_prox(offCorner)>maxirread)){
                                                                                                                                          ^
main.c:225:38: warning: comparison between signed and unsigned integer expressions [-Wsign-compare]
        } else if (get_prox(prefFront)>maxirread || (get_prox(offFront)>maxirread)){
                                      ^
main.c:225:71: warning: comparison between signed and unsigned integer expressions [-Wsign-compare]
        } else if (get_prox(prefFront)>maxirread || (get_prox(offFront)>maxirread)){
                                                                       ^
main.c:258:4: warning: implicit declaration of function 'delay_ms' [-Wimplicit-function-declaration]
    delay_ms(500);
    ^~~~~~~~
main.c:64:18: warning: variable 'offBack' set but not used [-Wunused-but-set-variable]
     unsigned int offBack;
                  ^~~~~~~
main.c:60:18: warning: variable 'prefBack' set but not used [-Wunused-but-set-variable]
     unsigned int prefBack;
                  ^~~~~~~~
main.c:267:3: warning: iteration 4 invokes undefined behavior [-Waggressive-loop-optimizations]
   set_rgb_led(allRGBs[i], 10 , 0 , 0 );
   ^~~~~~~~~~~~~~~~~~~~~~~~~~~~~~~~~~~~
main.c:266:3: note: within this loop
   for (int i = 0; i <= 4; i++) {
   ^~~
main.c:275:3: warning: iteration 4 invokes undefined behavior [-Waggressive-loop-optimizations]
   set_rgb_led(allRGBs[i], 0 , 0 , 10);
   ^~~~~~~~~~~~~~~~~~~~~~~~~~~~~~~~~~~
main.c:274:3: note: within this loop
   for (int i = 0; i <= 4; i++) {
   ^~~
main.c:271:3: warning: iteration 4 invokes undefined behavior [-Waggressive-loop-optimizations]
   set_rgb_led(allRGBs[i], 0 , 10 , 0 );
   ^~~~~~~~~~~~~~~~~~~~~~~~~~~~~~~~~~~~
main.c:270:3: note: within this loop
   for (int i = 0; i <= 4; i++) {
   ^~~
[1;34mLinking build/Project_template.elf[0m
[1;34mCreating build/Project_template.hex[0m
[1;34mCreating build/Project_template.bin[0m
[1;34mCreating build/Project_template.dmp[0m

   text	   data	    bss	    dec	    hex	filename
  64020	   3084	  17508	  84612	  14a84	build/Project_template.elf
[1;34mCreating build/Project_template.list[0m

[1;34mDone[0m
15:31:58 **** Incremental Build of configuration Default for project Project ****
make all 
make: Nothing to be done for 'all'.
15:32:04 **** Incremental Build of configuration Default for project Project ****
make all 
make: Nothing to be done for 'all'.
15:33:55 **** Incremental Build of configuration Default for project Project ****
make all 
[1;34mCompiling main.c[0m
main.c: In function 'main':
main.c:152:27: warning: comparison between signed and unsigned integer expressions [-Wsign-compare]
     if (get_prox(prefSide)<minirread){
                           ^
main.c:155:38: warning: comparison between signed and unsigned integer expressions [-Wsign-compare]
        } else if ((get_prox(prefSide)>maxirread && get_prox(offSide)<maxirread) || (get_prox(prefCorner)>maxirread && get_prox(offCorner)<maxirread)){
                                      ^
main.c:155:69: warning: comparison between signed and unsigned integer expressions [-Wsign-compare]
        } else if ((get_prox(prefSide)>maxirread && get_prox(offSide)<maxirread) || (get_prox(prefCorner)>maxirread && get_prox(offCorner)<maxirread)){
                                                                     ^
main.c:155:105: warning: comparison between signed and unsigned integer expressions [-Wsign-compare]
        } else if ((get_prox(prefSide)>maxirread && get_prox(offSide)<maxirread) || (get_prox(prefCorner)>maxirread && get_prox(offCorner)<maxirread)){
                                                                                                         ^
main.c:155:138: warning: comparison between signed and unsigned integer expressions [-Wsign-compare]
        } else if ((get_prox(prefSide)>maxirread && get_prox(offSide)<maxirread) || (get_prox(prefCorner)>maxirread && get_prox(offCorner)<maxirread)){
                                                                                                                                          ^
main.c:158:37: warning: comparison between signed and unsigned integer expressions [-Wsign-compare]
        } else if ((get_prox(offSide)>maxirread && get_prox(prefSide)<maxirread) || (get_prox(offCorner)>maxirread && get_prox(prefCorner)<maxirread)){
                                     ^
main.c:158:69: warning: comparison between signed and unsigned integer expressions [-Wsign-compare]
        } else if ((get_prox(offSide)>maxirread && get_prox(prefSide)<maxirread) || (get_prox(offCorner)>maxirread && get_prox(prefCorner)<maxirread)){
                                                                     ^
main.c:158:104: warning: comparison between signed and unsigned integer expressions [-Wsign-compare]
        } else if ((get_prox(offSide)>maxirread && get_prox(prefSide)<maxirread) || (get_prox(offCorner)>maxirread && get_prox(prefCorner)<maxirread)){
                                                                                                        ^
main.c:158:138: warning: comparison between signed and unsigned integer expressions [-Wsign-compare]
        } else if ((get_prox(offSide)>maxirread && get_prox(prefSide)<maxirread) || (get_prox(offCorner)>maxirread && get_prox(prefCorner)<maxirread)){
                                                                                                                                          ^
main.c:161:38: warning: comparison between signed and unsigned integer expressions [-Wsign-compare]
        } else if ((get_prox(prefSide)>maxirread && get_prox(offSide)>maxirread) || (get_prox(prefCorner)>maxirread && get_prox(offCorner)>maxirread)){
                                      ^
main.c:161:69: warning: comparison between signed and unsigned integer expressions [-Wsign-compare]
        } else if ((get_prox(prefSide)>maxirread && get_prox(offSide)>maxirread) || (get_prox(prefCorner)>maxirread && get_prox(offCorner)>maxirread)){
                                                                     ^
main.c:161:105: warning: comparison between signed and unsigned integer expressions [-Wsign-compare]
        } else if ((get_prox(prefSide)>maxirread && get_prox(offSide)>maxirread) || (get_prox(prefCorner)>maxirread && get_prox(offCorner)>maxirread)){
                                                                                                         ^
main.c:161:138: warning: comparison between signed and unsigned integer expressions [-Wsign-compare]
        } else if ((get_prox(prefSide)>maxirread && get_prox(offSide)>maxirread) || (get_prox(prefCorner)>maxirread && get_prox(offCorner)>maxirread)){
                                                                                                                                          ^
main.c:166:38: warning: comparison between signed and unsigned integer expressions [-Wsign-compare]
        } else if (get_prox(prefFront)>maxirread || (get_prox(offFront)>maxirread)){
                                      ^
main.c:166:71: warning: comparison between signed and unsigned integer expressions [-Wsign-compare]
        } else if (get_prox(prefFront)>maxirread || (get_prox(offFront)>maxirread)){
                                                                       ^
main.c:193:9: warning: unused variable 'wallsexplored' [-Wunused-variable]
    bool wallsexplored = 1;
         ^~~~~~~~~~~~~
main.c:206:22: warning: comparison between signed and unsigned integer expressions [-Wsign-compare]
   if (SensorValue[0] > threshold || SensorValue[7] > threshold || SensorValue[1] > threshold || SensorValue[2] > threshold || SensorValue[5] > threshold ||SensorValue[6] > threshold) {
                      ^
main.c:206:52: warning: comparison between signed and unsigned integer expressions [-Wsign-compare]
   if (SensorValue[0] > threshold || SensorValue[7] > threshold || SensorValue[1] > threshold || SensorValue[2] > threshold || SensorValue[5] > threshold ||SensorValue[6] > threshold) {
                                                    ^
main.c:206:82: warning: comparison between signed and unsigned integer expressions [-Wsign-compare]
   if (SensorValue[0] > threshold || SensorValue[7] > threshold || SensorValue[1] > threshold || SensorValue[2] > threshold || SensorValue[5] > threshold ||SensorValue[6] > threshold) {
                                                                                  ^
main.c:206:112: warning: comparison between signed and unsigned integer expressions [-Wsign-compare]
   if (SensorValue[0] > threshold || SensorValue[7] > threshold || SensorValue[1] > threshold || SensorValue[2] > threshold || SensorValue[5] > threshold ||SensorValue[6] > threshold) {
                                                                                                                ^
main.c:206:142: warning: comparison between signed and unsigned integer expressions [-Wsign-compare]
   if (SensorValue[0] > threshold || SensorValue[7] > threshold || SensorValue[1] > threshold || SensorValue[2] > threshold || SensorValue[5] > threshold ||SensorValue[6] > threshold) {
                                                                                                                                              ^
main.c:206:171: warning: comparison between signed and unsigned integer expressions [-Wsign-compare]
   if (SensorValue[0] > threshold || SensorValue[7] > threshold || SensorValue[1] > threshold || SensorValue[2] > threshold || SensorValue[5] > threshold ||SensorValue[6] > threshold) {
                                                                                                                                                                           ^
main.c:211:27: warning: comparison between signed and unsigned integer expressions [-Wsign-compare]
     if (get_prox(prefSide)<minirread){
                           ^
main.c:213:15: warning: unused variable 'wheelratio' [-Wunused-variable]
         float wheelratio = 0.9;
               ^~~~~~~~~~
main.c:214:38: warning: comparison between signed and unsigned integer expressions [-Wsign-compare]
        } else if ((get_prox(prefSide)>maxirread && get_prox(offSide)<maxirread) || (get_prox(prefCorner)>maxirread && get_prox(offCorner)<maxirread)){
                                      ^
main.c:214:69: warning: comparison between signed and unsigned integer expressions [-Wsign-compare]
        } else if ((get_prox(prefSide)>maxirread && get_prox(offSide)<maxirread) || (get_prox(prefCorner)>maxirread && get_prox(offCorner)<maxirread)){
                                                                     ^
main.c:214:105: warning: comparison between signed and unsigned integer expressions [-Wsign-compare]
        } else if ((get_prox(prefSide)>maxirread && get_prox(offSide)<maxirread) || (get_prox(prefCorner)>maxirread && get_prox(offCorner)<maxirread)){
                                                                                                         ^
main.c:214:138: warning: comparison between signed and unsigned integer expressions [-Wsign-compare]
        } else if ((get_prox(prefSide)>maxirread && get_prox(offSide)<maxirread) || (get_prox(prefCorner)>maxirread && get_prox(offCorner)<maxirread)){
                                                                                                                                          ^
main.c:216:15: warning: unused variable 'wheelratio' [-Wunused-variable]
         float wheelratio = 1.1;
               ^~~~~~~~~~
main.c:217:37: warning: comparison between signed and unsigned integer expressions [-Wsign-compare]
        } else if ((get_prox(offSide)>maxirread && get_prox(prefSide)<maxirread) || (get_prox(offCorner)>maxirread && get_prox(prefCorner)<maxirread)){
                                     ^
main.c:217:69: warning: comparison between signed and unsigned integer expressions [-Wsign-compare]
        } else if ((get_prox(offSide)>maxirread && get_prox(prefSide)<maxirread) || (get_prox(offCorner)>maxirread && get_prox(prefCorner)<maxirread)){
                                                                     ^
main.c:217:104: warning: comparison between signed and unsigned integer expressions [-Wsign-compare]
        } else if ((get_prox(offSide)>maxirread && get_prox(prefSide)<maxirread) || (get_prox(offCorner)>maxirread && get_prox(prefCorner)<maxirread)){
                                                                                                        ^
main.c:217:138: warning: comparison between signed and unsigned integer expressions [-Wsign-compare]
        } else if ((get_prox(offSide)>maxirread && get_prox(prefSide)<maxirread) || (get_prox(offCorner)>maxirread && get_prox(prefCorner)<maxirread)){
                                                                                                                                          ^
main.c:219:15: warning: unused variable 'wheelratio' [-Wunused-variable]
         float wheelratio = 0.9;
               ^~~~~~~~~~
main.c:220:38: warning: comparison between signed and unsigned integer expressions [-Wsign-compare]
        } else if ((get_prox(prefSide)>maxirread && get_prox(offSide)>maxirread) || (get_prox(prefCorner)>maxirread && get_prox(offCorner)>maxirread)){
                                      ^
main.c:220:69: warning: comparison between signed and unsigned integer expressions [-Wsign-compare]
        } else if ((get_prox(prefSide)>maxirread && get_prox(offSide)>maxirread) || (get_prox(prefCorner)>maxirread && get_prox(offCorner)>maxirread)){
                                                                     ^
main.c:220:105: warning: comparison between signed and unsigned integer expressions [-Wsign-compare]
        } else if ((get_prox(prefSide)>maxirread && get_prox(offSide)>maxirread) || (get_prox(prefCorner)>maxirread && get_prox(offCorner)>maxirread)){
                                                                                                         ^
main.c:220:138: warning: comparison between signed and unsigned integer expressions [-Wsign-compare]
        } else if ((get_prox(prefSide)>maxirread && get_prox(offSide)>maxirread) || (get_prox(prefCorner)>maxirread && get_prox(offCorner)>maxirread)){
                                                                                                                                          ^
main.c:225:38: warning: comparison between signed and unsigned integer expressions [-Wsign-compare]
        } else if (get_prox(prefFront)>maxirread || (get_prox(offFront)>maxirread)){
                                      ^
main.c:225:71: warning: comparison between signed and unsigned integer expressions [-Wsign-compare]
        } else if (get_prox(prefFront)>maxirread || (get_prox(offFront)>maxirread)){
                                                                       ^
main.c:258:4: warning: implicit declaration of function 'delay_ms' [-Wimplicit-function-declaration]
    delay_ms(500);
    ^~~~~~~~
main.c:64:18: warning: variable 'offBack' set but not used [-Wunused-but-set-variable]
     unsigned int offBack;
                  ^~~~~~~
main.c:60:18: warning: variable 'prefBack' set but not used [-Wunused-but-set-variable]
     unsigned int prefBack;
                  ^~~~~~~~
main.c:267:3: warning: iteration 4 invokes undefined behavior [-Waggressive-loop-optimizations]
   set_rgb_led(allRGBs[i], 10 , 0 , 0 );
   ^~~~~~~~~~~~~~~~~~~~~~~~~~~~~~~~~~~~
main.c:266:3: note: within this loop
   for (int i = 0; i <= 4; i++) {
   ^~~
main.c:275:3: warning: iteration 4 invokes undefined behavior [-Waggressive-loop-optimizations]
   set_rgb_led(allRGBs[i], 0 , 0 , 10);
   ^~~~~~~~~~~~~~~~~~~~~~~~~~~~~~~~~~~
main.c:274:3: note: within this loop
   for (int i = 0; i <= 4; i++) {
   ^~~
main.c:271:3: warning: iteration 4 invokes undefined behavior [-Waggressive-loop-optimizations]
   set_rgb_led(allRGBs[i], 0 , 10 , 0 );
   ^~~~~~~~~~~~~~~~~~~~~~~~~~~~~~~~~~~~
main.c:270:3: note: within this loop
   for (int i = 0; i <= 4; i++) {
   ^~~
[1;34mLinking build/Project_template.elf[0m
[1;34mCreating build/Project_template.hex[0m
[1;34mCreating build/Project_template.bin[0m
[1;34mCreating build/Project_template.dmp[0m

   text	   data	    bss	    dec	    hex	filename
  64020	   3084	  17508	  84612	  14a84	build/Project_template.elf
[1;34mCreating build/Project_template.list[0m

[1;34mDone[0m
15:33:59 **** Incremental Build of configuration Default for project Project ****
make all 
make: Nothing to be done for 'all'.
15:37:41 **** Incremental Build of configuration Default for project Project ****
make all 
[1;34mCompiling main.c[0m
main.c: In function 'main':
main.c:152:27: warning: comparison between signed and unsigned integer expressions [-Wsign-compare]
     if (get_prox(prefSide)<minirread){
                           ^
main.c:155:38: warning: comparison between signed and unsigned integer expressions [-Wsign-compare]
        } else if ((get_prox(prefSide)>maxirread && get_prox(offSide)<maxirread) || (get_prox(prefCorner)>maxirread && get_prox(offCorner)<maxirread)){
                                      ^
main.c:155:69: warning: comparison between signed and unsigned integer expressions [-Wsign-compare]
        } else if ((get_prox(prefSide)>maxirread && get_prox(offSide)<maxirread) || (get_prox(prefCorner)>maxirread && get_prox(offCorner)<maxirread)){
                                                                     ^
main.c:155:105: warning: comparison between signed and unsigned integer expressions [-Wsign-compare]
        } else if ((get_prox(prefSide)>maxirread && get_prox(offSide)<maxirread) || (get_prox(prefCorner)>maxirread && get_prox(offCorner)<maxirread)){
                                                                                                         ^
main.c:155:138: warning: comparison between signed and unsigned integer expressions [-Wsign-compare]
        } else if ((get_prox(prefSide)>maxirread && get_prox(offSide)<maxirread) || (get_prox(prefCorner)>maxirread && get_prox(offCorner)<maxirread)){
                                                                                                                                          ^
main.c:158:37: warning: comparison between signed and unsigned integer expressions [-Wsign-compare]
        } else if ((get_prox(offSide)>maxirread && get_prox(prefSide)<maxirread) || (get_prox(offCorner)>maxirread && get_prox(prefCorner)<maxirread)){
                                     ^
main.c:158:69: warning: comparison between signed and unsigned integer expressions [-Wsign-compare]
        } else if ((get_prox(offSide)>maxirread && get_prox(prefSide)<maxirread) || (get_prox(offCorner)>maxirread && get_prox(prefCorner)<maxirread)){
                                                                     ^
main.c:158:104: warning: comparison between signed and unsigned integer expressions [-Wsign-compare]
        } else if ((get_prox(offSide)>maxirread && get_prox(prefSide)<maxirread) || (get_prox(offCorner)>maxirread && get_prox(prefCorner)<maxirread)){
                                                                                                        ^
main.c:158:138: warning: comparison between signed and unsigned integer expressions [-Wsign-compare]
        } else if ((get_prox(offSide)>maxirread && get_prox(prefSide)<maxirread) || (get_prox(offCorner)>maxirread && get_prox(prefCorner)<maxirread)){
                                                                                                                                          ^
main.c:161:38: warning: comparison between signed and unsigned integer expressions [-Wsign-compare]
        } else if ((get_prox(prefSide)>maxirread && get_prox(offSide)>maxirread) || (get_prox(prefCorner)>maxirread && get_prox(offCorner)>maxirread)){
                                      ^
main.c:161:69: warning: comparison between signed and unsigned integer expressions [-Wsign-compare]
        } else if ((get_prox(prefSide)>maxirread && get_prox(offSide)>maxirread) || (get_prox(prefCorner)>maxirread && get_prox(offCorner)>maxirread)){
                                                                     ^
main.c:161:105: warning: comparison between signed and unsigned integer expressions [-Wsign-compare]
        } else if ((get_prox(prefSide)>maxirread && get_prox(offSide)>maxirread) || (get_prox(prefCorner)>maxirread && get_prox(offCorner)>maxirread)){
                                                                                                         ^
main.c:161:138: warning: comparison between signed and unsigned integer expressions [-Wsign-compare]
        } else if ((get_prox(prefSide)>maxirread && get_prox(offSide)>maxirread) || (get_prox(prefCorner)>maxirread && get_prox(offCorner)>maxirread)){
                                                                                                                                          ^
main.c:166:38: warning: comparison between signed and unsigned integer expressions [-Wsign-compare]
        } else if (get_prox(prefFront)>maxirread || (get_prox(offFront)>maxirread)){
                                      ^
main.c:166:71: warning: comparison between signed and unsigned integer expressions [-Wsign-compare]
        } else if (get_prox(prefFront)>maxirread || (get_prox(offFront)>maxirread)){
                                                                       ^
main.c:193:9: warning: unused variable 'wallsexplored' [-Wunused-variable]
    bool wallsexplored = 1;
         ^~~~~~~~~~~~~
main.c:206:22: warning: comparison between signed and unsigned integer expressions [-Wsign-compare]
   if (SensorValue[0] > threshold || SensorValue[7] > threshold || SensorValue[1] > threshold || SensorValue[2] > threshold || SensorValue[5] > threshold ||SensorValue[6] > threshold) {
                      ^
main.c:206:52: warning: comparison between signed and unsigned integer expressions [-Wsign-compare]
   if (SensorValue[0] > threshold || SensorValue[7] > threshold || SensorValue[1] > threshold || SensorValue[2] > threshold || SensorValue[5] > threshold ||SensorValue[6] > threshold) {
                                                    ^
main.c:206:82: warning: comparison between signed and unsigned integer expressions [-Wsign-compare]
   if (SensorValue[0] > threshold || SensorValue[7] > threshold || SensorValue[1] > threshold || SensorValue[2] > threshold || SensorValue[5] > threshold ||SensorValue[6] > threshold) {
                                                                                  ^
main.c:206:112: warning: comparison between signed and unsigned integer expressions [-Wsign-compare]
   if (SensorValue[0] > threshold || SensorValue[7] > threshold || SensorValue[1] > threshold || SensorValue[2] > threshold || SensorValue[5] > threshold ||SensorValue[6] > threshold) {
                                                                                                                ^
main.c:206:142: warning: comparison between signed and unsigned integer expressions [-Wsign-compare]
   if (SensorValue[0] > threshold || SensorValue[7] > threshold || SensorValue[1] > threshold || SensorValue[2] > threshold || SensorValue[5] > threshold ||SensorValue[6] > threshold) {
                                                                                                                                              ^
main.c:206:171: warning: comparison between signed and unsigned integer expressions [-Wsign-compare]
   if (SensorValue[0] > threshold || SensorValue[7] > threshold || SensorValue[1] > threshold || SensorValue[2] > threshold || SensorValue[5] > threshold ||SensorValue[6] > threshold) {
                                                                                                                                                                           ^
main.c:211:27: warning: comparison between signed and unsigned integer expressions [-Wsign-compare]
     if (get_prox(prefSide)<minirread){
                           ^
main.c:213:15: warning: unused variable 'wheelratio' [-Wunused-variable]
         float wheelratio = 0.9;
               ^~~~~~~~~~
main.c:214:38: warning: comparison between signed and unsigned integer expressions [-Wsign-compare]
        } else if ((get_prox(prefSide)>maxirread && get_prox(offSide)<maxirread) || (get_prox(prefCorner)>maxirread && get_prox(offCorner)<maxirread)){
                                      ^
main.c:214:69: warning: comparison between signed and unsigned integer expressions [-Wsign-compare]
        } else if ((get_prox(prefSide)>maxirread && get_prox(offSide)<maxirread) || (get_prox(prefCorner)>maxirread && get_prox(offCorner)<maxirread)){
                                                                     ^
main.c:214:105: warning: comparison between signed and unsigned integer expressions [-Wsign-compare]
        } else if ((get_prox(prefSide)>maxirread && get_prox(offSide)<maxirread) || (get_prox(prefCorner)>maxirread && get_prox(offCorner)<maxirread)){
                                                                                                         ^
main.c:214:138: warning: comparison between signed and unsigned integer expressions [-Wsign-compare]
        } else if ((get_prox(prefSide)>maxirread && get_prox(offSide)<maxirread) || (get_prox(prefCorner)>maxirread && get_prox(offCorner)<maxirread)){
                                                                                                                                          ^
main.c:216:15: warning: unused variable 'wheelratio' [-Wunused-variable]
         float wheelratio = 1.1;
               ^~~~~~~~~~
main.c:217:37: warning: comparison between signed and unsigned integer expressions [-Wsign-compare]
        } else if ((get_prox(offSide)>maxirread && get_prox(prefSide)<maxirread) || (get_prox(offCorner)>maxirread && get_prox(prefCorner)<maxirread)){
                                     ^
main.c:217:69: warning: comparison between signed and unsigned integer expressions [-Wsign-compare]
        } else if ((get_prox(offSide)>maxirread && get_prox(prefSide)<maxirread) || (get_prox(offCorner)>maxirread && get_prox(prefCorner)<maxirread)){
                                                                     ^
main.c:217:104: warning: comparison between signed and unsigned integer expressions [-Wsign-compare]
        } else if ((get_prox(offSide)>maxirread && get_prox(prefSide)<maxirread) || (get_prox(offCorner)>maxirread && get_prox(prefCorner)<maxirread)){
                                                                                                        ^
main.c:217:138: warning: comparison between signed and unsigned integer expressions [-Wsign-compare]
        } else if ((get_prox(offSide)>maxirread && get_prox(prefSide)<maxirread) || (get_prox(offCorner)>maxirread && get_prox(prefCorner)<maxirread)){
                                                                                                                                          ^
main.c:219:15: warning: unused variable 'wheelratio' [-Wunused-variable]
         float wheelratio = 0.9;
               ^~~~~~~~~~
main.c:220:38: warning: comparison between signed and unsigned integer expressions [-Wsign-compare]
        } else if ((get_prox(prefSide)>maxirread && get_prox(offSide)>maxirread) || (get_prox(prefCorner)>maxirread && get_prox(offCorner)>maxirread)){
                                      ^
main.c:220:69: warning: comparison between signed and unsigned integer expressions [-Wsign-compare]
        } else if ((get_prox(prefSide)>maxirread && get_prox(offSide)>maxirread) || (get_prox(prefCorner)>maxirread && get_prox(offCorner)>maxirread)){
                                                                     ^
main.c:220:105: warning: comparison between signed and unsigned integer expressions [-Wsign-compare]
        } else if ((get_prox(prefSide)>maxirread && get_prox(offSide)>maxirread) || (get_prox(prefCorner)>maxirread && get_prox(offCorner)>maxirread)){
                                                                                                         ^
main.c:220:138: warning: comparison between signed and unsigned integer expressions [-Wsign-compare]
        } else if ((get_prox(prefSide)>maxirread && get_prox(offSide)>maxirread) || (get_prox(prefCorner)>maxirread && get_prox(offCorner)>maxirread)){
                                                                                                                                          ^
main.c:225:38: warning: comparison between signed and unsigned integer expressions [-Wsign-compare]
        } else if (get_prox(prefFront)>maxirread || (get_prox(offFront)>maxirread)){
                                      ^
main.c:225:71: warning: comparison between signed and unsigned integer expressions [-Wsign-compare]
        } else if (get_prox(prefFront)>maxirread || (get_prox(offFront)>maxirread)){
                                                                       ^
main.c:258:4: warning: implicit declaration of function 'delay_ms' [-Wimplicit-function-declaration]
    delay_ms(500);
    ^~~~~~~~
main.c:64:18: warning: variable 'offBack' set but not used [-Wunused-but-set-variable]
     unsigned int offBack;
                  ^~~~~~~
main.c:60:18: warning: variable 'prefBack' set but not used [-Wunused-but-set-variable]
     unsigned int prefBack;
                  ^~~~~~~~
main.c:267:3: warning: iteration 4 invokes undefined behavior [-Waggressive-loop-optimizations]
   set_rgb_led(allRGBs[i], 10 , 0 , 0 );
   ^~~~~~~~~~~~~~~~~~~~~~~~~~~~~~~~~~~~
main.c:266:3: note: within this loop
   for (int i = 0; i <= 4; i++) {
   ^~~
main.c:275:3: warning: iteration 4 invokes undefined behavior [-Waggressive-loop-optimizations]
   set_rgb_led(allRGBs[i], 0 , 0 , 10);
   ^~~~~~~~~~~~~~~~~~~~~~~~~~~~~~~~~~~
main.c:274:3: note: within this loop
   for (int i = 0; i <= 4; i++) {
   ^~~
main.c:271:3: warning: iteration 4 invokes undefined behavior [-Waggressive-loop-optimizations]
   set_rgb_led(allRGBs[i], 0 , 10 , 0 );
   ^~~~~~~~~~~~~~~~~~~~~~~~~~~~~~~~~~~~
main.c:270:3: note: within this loop
   for (int i = 0; i <= 4; i++) {
   ^~~
[1;34mLinking build/Project_template.elf[0m
[1;34mCreating build/Project_template.hex[0m
[1;34mCreating build/Project_template.bin[0m
[1;34mCreating build/Project_template.dmp[0m

   text	   data	    bss	    dec	    hex	filename
  64020	   3084	  17508	  84612	  14a84	build/Project_template.elf
[1;34mCreating build/Project_template.list[0m

[1;34mDone[0m
15:37:47 **** Incremental Build of configuration Default for project Project ****
make all 
make: Nothing to be done for 'all'.
15:37:56 **** Incremental Build of configuration Default for project Project ****
make all 
make: Nothing to be done for 'all'.
15:38:03 **** Incremental Build of configuration Default for project Project ****
make all 
make: Nothing to be done for 'all'.
15:40:16 **** Incremental Build of configuration Default for project Project ****
make all 
[1;34mCompiling main.c[0m
main.c: In function 'main':
main.c:152:27: warning: comparison between signed and unsigned integer expressions [-Wsign-compare]
     if (get_prox(prefSide)<minirread){
                           ^
main.c:155:38: warning: comparison between signed and unsigned integer expressions [-Wsign-compare]
        } else if ((get_prox(prefSide)>maxirread && get_prox(offSide)<maxirread) || (get_prox(prefCorner)>maxirread && get_prox(offCorner)<maxirread)){
                                      ^
main.c:155:69: warning: comparison between signed and unsigned integer expressions [-Wsign-compare]
        } else if ((get_prox(prefSide)>maxirread && get_prox(offSide)<maxirread) || (get_prox(prefCorner)>maxirread && get_prox(offCorner)<maxirread)){
                                                                     ^
main.c:155:105: warning: comparison between signed and unsigned integer expressions [-Wsign-compare]
        } else if ((get_prox(prefSide)>maxirread && get_prox(offSide)<maxirread) || (get_prox(prefCorner)>maxirread && get_prox(offCorner)<maxirread)){
                                                                                                         ^
main.c:155:138: warning: comparison between signed and unsigned integer expressions [-Wsign-compare]
        } else if ((get_prox(prefSide)>maxirread && get_prox(offSide)<maxirread) || (get_prox(prefCorner)>maxirread && get_prox(offCorner)<maxirread)){
                                                                                                                                          ^
main.c:158:37: warning: comparison between signed and unsigned integer expressions [-Wsign-compare]
        } else if ((get_prox(offSide)>maxirread && get_prox(prefSide)<maxirread) || (get_prox(offCorner)>maxirread && get_prox(prefCorner)<maxirread)){
                                     ^
main.c:158:69: warning: comparison between signed and unsigned integer expressions [-Wsign-compare]
        } else if ((get_prox(offSide)>maxirread && get_prox(prefSide)<maxirread) || (get_prox(offCorner)>maxirread && get_prox(prefCorner)<maxirread)){
                                                                     ^
main.c:158:104: warning: comparison between signed and unsigned integer expressions [-Wsign-compare]
        } else if ((get_prox(offSide)>maxirread && get_prox(prefSide)<maxirread) || (get_prox(offCorner)>maxirread && get_prox(prefCorner)<maxirread)){
                                                                                                        ^
main.c:158:138: warning: comparison between signed and unsigned integer expressions [-Wsign-compare]
        } else if ((get_prox(offSide)>maxirread && get_prox(prefSide)<maxirread) || (get_prox(offCorner)>maxirread && get_prox(prefCorner)<maxirread)){
                                                                                                                                          ^
main.c:161:38: warning: comparison between signed and unsigned integer expressions [-Wsign-compare]
        } else if ((get_prox(prefSide)>maxirread && get_prox(offSide)>maxirread) || (get_prox(prefCorner)>maxirread && get_prox(offCorner)>maxirread)){
                                      ^
main.c:161:69: warning: comparison between signed and unsigned integer expressions [-Wsign-compare]
        } else if ((get_prox(prefSide)>maxirread && get_prox(offSide)>maxirread) || (get_prox(prefCorner)>maxirread && get_prox(offCorner)>maxirread)){
                                                                     ^
main.c:161:105: warning: comparison between signed and unsigned integer expressions [-Wsign-compare]
        } else if ((get_prox(prefSide)>maxirread && get_prox(offSide)>maxirread) || (get_prox(prefCorner)>maxirread && get_prox(offCorner)>maxirread)){
                                                                                                         ^
main.c:161:138: warning: comparison between signed and unsigned integer expressions [-Wsign-compare]
        } else if ((get_prox(prefSide)>maxirread && get_prox(offSide)>maxirread) || (get_prox(prefCorner)>maxirread && get_prox(offCorner)>maxirread)){
                                                                                                                                          ^
main.c:166:38: warning: comparison between signed and unsigned integer expressions [-Wsign-compare]
        } else if (get_prox(prefFront)>maxirread || (get_prox(offFront)>maxirread)){
                                      ^
main.c:166:71: warning: comparison between signed and unsigned integer expressions [-Wsign-compare]
        } else if (get_prox(prefFront)>maxirread || (get_prox(offFront)>maxirread)){
                                                                       ^
main.c:193:9: warning: unused variable 'wallsexplored' [-Wunused-variable]
    bool wallsexplored = 1;
         ^~~~~~~~~~~~~
main.c:206:22: warning: comparison between signed and unsigned integer expressions [-Wsign-compare]
   if (SensorValue[0] > threshold || SensorValue[7] > threshold || SensorValue[1] > threshold || SensorValue[2] > threshold || SensorValue[5] > threshold ||SensorValue[6] > threshold) {
                      ^
main.c:206:52: warning: comparison between signed and unsigned integer expressions [-Wsign-compare]
   if (SensorValue[0] > threshold || SensorValue[7] > threshold || SensorValue[1] > threshold || SensorValue[2] > threshold || SensorValue[5] > threshold ||SensorValue[6] > threshold) {
                                                    ^
main.c:206:82: warning: comparison between signed and unsigned integer expressions [-Wsign-compare]
   if (SensorValue[0] > threshold || SensorValue[7] > threshold || SensorValue[1] > threshold || SensorValue[2] > threshold || SensorValue[5] > threshold ||SensorValue[6] > threshold) {
                                                                                  ^
main.c:206:112: warning: comparison between signed and unsigned integer expressions [-Wsign-compare]
   if (SensorValue[0] > threshold || SensorValue[7] > threshold || SensorValue[1] > threshold || SensorValue[2] > threshold || SensorValue[5] > threshold ||SensorValue[6] > threshold) {
                                                                                                                ^
main.c:206:142: warning: comparison between signed and unsigned integer expressions [-Wsign-compare]
   if (SensorValue[0] > threshold || SensorValue[7] > threshold || SensorValue[1] > threshold || SensorValue[2] > threshold || SensorValue[5] > threshold ||SensorValue[6] > threshold) {
                                                                                                                                              ^
main.c:206:171: warning: comparison between signed and unsigned integer expressions [-Wsign-compare]
   if (SensorValue[0] > threshold || SensorValue[7] > threshold || SensorValue[1] > threshold || SensorValue[2] > threshold || SensorValue[5] > threshold ||SensorValue[6] > threshold) {
                                                                                                                                                                           ^
main.c:211:27: warning: comparison between signed and unsigned integer expressions [-Wsign-compare]
     if (get_prox(prefSide)<minirread){
                           ^
main.c:213:15: warning: unused variable 'wheelratio' [-Wunused-variable]
         float wheelratio = 0.9;
               ^~~~~~~~~~
main.c:214:38: warning: comparison between signed and unsigned integer expressions [-Wsign-compare]
        } else if ((get_prox(prefSide)>maxirread && get_prox(offSide)<maxirread) || (get_prox(prefCorner)>maxirread && get_prox(offCorner)<maxirread)){
                                      ^
main.c:214:69: warning: comparison between signed and unsigned integer expressions [-Wsign-compare]
        } else if ((get_prox(prefSide)>maxirread && get_prox(offSide)<maxirread) || (get_prox(prefCorner)>maxirread && get_prox(offCorner)<maxirread)){
                                                                     ^
main.c:214:105: warning: comparison between signed and unsigned integer expressions [-Wsign-compare]
        } else if ((get_prox(prefSide)>maxirread && get_prox(offSide)<maxirread) || (get_prox(prefCorner)>maxirread && get_prox(offCorner)<maxirread)){
                                                                                                         ^
main.c:214:138: warning: comparison between signed and unsigned integer expressions [-Wsign-compare]
        } else if ((get_prox(prefSide)>maxirread && get_prox(offSide)<maxirread) || (get_prox(prefCorner)>maxirread && get_prox(offCorner)<maxirread)){
                                                                                                                                          ^
main.c:216:15: warning: unused variable 'wheelratio' [-Wunused-variable]
         float wheelratio = 1.1;
               ^~~~~~~~~~
main.c:217:37: warning: comparison between signed and unsigned integer expressions [-Wsign-compare]
        } else if ((get_prox(offSide)>maxirread && get_prox(prefSide)<maxirread) || (get_prox(offCorner)>maxirread && get_prox(prefCorner)<maxirread)){
                                     ^
main.c:217:69: warning: comparison between signed and unsigned integer expressions [-Wsign-compare]
        } else if ((get_prox(offSide)>maxirread && get_prox(prefSide)<maxirread) || (get_prox(offCorner)>maxirread && get_prox(prefCorner)<maxirread)){
                                                                     ^
main.c:217:104: warning: comparison between signed and unsigned integer expressions [-Wsign-compare]
        } else if ((get_prox(offSide)>maxirread && get_prox(prefSide)<maxirread) || (get_prox(offCorner)>maxirread && get_prox(prefCorner)<maxirread)){
                                                                                                        ^
main.c:217:138: warning: comparison between signed and unsigned integer expressions [-Wsign-compare]
        } else if ((get_prox(offSide)>maxirread && get_prox(prefSide)<maxirread) || (get_prox(offCorner)>maxirread && get_prox(prefCorner)<maxirread)){
                                                                                                                                          ^
main.c:219:15: warning: unused variable 'wheelratio' [-Wunused-variable]
         float wheelratio = 0.9;
               ^~~~~~~~~~
main.c:220:38: warning: comparison between signed and unsigned integer expressions [-Wsign-compare]
        } else if ((get_prox(prefSide)>maxirread && get_prox(offSide)>maxirread) || (get_prox(prefCorner)>maxirread && get_prox(offCorner)>maxirread)){
                                      ^
main.c:220:69: warning: comparison between signed and unsigned integer expressions [-Wsign-compare]
        } else if ((get_prox(prefSide)>maxirread && get_prox(offSide)>maxirread) || (get_prox(prefCorner)>maxirread && get_prox(offCorner)>maxirread)){
                                                                     ^
main.c:220:105: warning: comparison between signed and unsigned integer expressions [-Wsign-compare]
        } else if ((get_prox(prefSide)>maxirread && get_prox(offSide)>maxirread) || (get_prox(prefCorner)>maxirread && get_prox(offCorner)>maxirread)){
                                                                                                         ^
main.c:220:138: warning: comparison between signed and unsigned integer expressions [-Wsign-compare]
        } else if ((get_prox(prefSide)>maxirread && get_prox(offSide)>maxirread) || (get_prox(prefCorner)>maxirread && get_prox(offCorner)>maxirread)){
                                                                                                                                          ^
main.c:225:38: warning: comparison between signed and unsigned integer expressions [-Wsign-compare]
        } else if (get_prox(prefFront)>maxirread || (get_prox(offFront)>maxirread)){
                                      ^
main.c:225:71: warning: comparison between signed and unsigned integer expressions [-Wsign-compare]
        } else if (get_prox(prefFront)>maxirread || (get_prox(offFront)>maxirread)){
                                                                       ^
main.c:258:4: warning: implicit declaration of function 'delay_ms' [-Wimplicit-function-declaration]
    delay_ms(500);
    ^~~~~~~~
main.c:64:18: warning: variable 'offBack' set but not used [-Wunused-but-set-variable]
     unsigned int offBack;
                  ^~~~~~~
main.c:60:18: warning: variable 'prefBack' set but not used [-Wunused-but-set-variable]
     unsigned int prefBack;
                  ^~~~~~~~
main.c:267:3: warning: iteration 4 invokes undefined behavior [-Waggressive-loop-optimizations]
   set_rgb_led(allRGBs[i], 10 , 0 , 0 );
   ^~~~~~~~~~~~~~~~~~~~~~~~~~~~~~~~~~~~
main.c:266:3: note: within this loop
   for (int i = 0; i <= 4; i++) {
   ^~~
main.c:275:3: warning: iteration 4 invokes undefined behavior [-Waggressive-loop-optimizations]
   set_rgb_led(allRGBs[i], 0 , 0 , 10);
   ^~~~~~~~~~~~~~~~~~~~~~~~~~~~~~~~~~~
main.c:274:3: note: within this loop
   for (int i = 0; i <= 4; i++) {
   ^~~
main.c:271:3: warning: iteration 4 invokes undefined behavior [-Waggressive-loop-optimizations]
   set_rgb_led(allRGBs[i], 0 , 10 , 0 );
   ^~~~~~~~~~~~~~~~~~~~~~~~~~~~~~~~~~~~
main.c:270:3: note: within this loop
   for (int i = 0; i <= 4; i++) {
   ^~~
[1;34mLinking build/Project_template.elf[0m
[1;34mCreating build/Project_template.hex[0m
[1;34mCreating build/Project_template.bin[0m
[1;34mCreating build/Project_template.dmp[0m

   text	   data	    bss	    dec	    hex	filename
  64020	   3084	  17508	  84612	  14a84	build/Project_template.elf
[1;34mCreating build/Project_template.list[0m

[1;34mDone[0m
15:40:20 **** Incremental Build of configuration Default for project Project ****
make all 
make: Nothing to be done for 'all'.
15:43:13 **** Incremental Build of configuration Default for project Project ****
make all 
[1;34mCompiling main.c[0m
main.c: In function 'main':
main.c:152:27: warning: comparison between signed and unsigned integer expressions [-Wsign-compare]
     if (get_prox(prefSide)<minirread){
                           ^
main.c:155:49: warning: comparison between signed and unsigned integer expressions [-Wsign-compare]
        } else if ((get_calibrated_prox(prefSide)>maxirread && get_calibrated_prox(offSide)<maxirread) || (get_calibrated_prox(prefCorner)>maxirread && get_calibrated_prox(offCorner)<maxirread)){
                                                 ^
main.c:155:91: warning: comparison between signed and unsigned integer expressions [-Wsign-compare]
        } else if ((get_calibrated_prox(prefSide)>maxirread && get_calibrated_prox(offSide)<maxirread) || (get_calibrated_prox(prefCorner)>maxirread && get_calibrated_prox(offCorner)<maxirread)){
                                                                                           ^
main.c:155:138: warning: comparison between signed and unsigned integer expressions [-Wsign-compare]
        } else if ((get_calibrated_prox(prefSide)>maxirread && get_calibrated_prox(offSide)<maxirread) || (get_calibrated_prox(prefCorner)>maxirread && get_calibrated_prox(offCorner)<maxirread)){
                                                                                                                                          ^
main.c:155:182: warning: comparison between signed and unsigned integer expressions [-Wsign-compare]
        } else if ((get_calibrated_prox(prefSide)>maxirread && get_calibrated_prox(offSide)<maxirread) || (get_calibrated_prox(prefCorner)>maxirread && get_calibrated_prox(offCorner)<maxirread)){
                                                                                                                                                                                      ^
main.c:158:48: warning: comparison between signed and unsigned integer expressions [-Wsign-compare]
        } else if ((get_calibrated_prox(offSide)>maxirread && get_calibrated_prox(prefSide)<maxirread) || (get_calibrated_prox(offCorner)>maxirread && get_calibrated_prox(prefCorner)<maxirread)){
                                                ^
main.c:158:91: warning: comparison between signed and unsigned integer expressions [-Wsign-compare]
        } else if ((get_calibrated_prox(offSide)>maxirread && get_calibrated_prox(prefSide)<maxirread) || (get_calibrated_prox(offCorner)>maxirread && get_calibrated_prox(prefCorner)<maxirread)){
                                                                                           ^
main.c:158:137: warning: comparison between signed and unsigned integer expressions [-Wsign-compare]
        } else if ((get_calibrated_prox(offSide)>maxirread && get_calibrated_prox(prefSide)<maxirread) || (get_calibrated_prox(offCorner)>maxirread && get_calibrated_prox(prefCorner)<maxirread)){
                                                                                                                                         ^
main.c:158:182: warning: comparison between signed and unsigned integer expressions [-Wsign-compare]
        } else if ((get_calibrated_prox(offSide)>maxirread && get_calibrated_prox(prefSide)<maxirread) || (get_calibrated_prox(offCorner)>maxirread && get_calibrated_prox(prefCorner)<maxirread)){
                                                                                                                                                                                      ^
main.c:161:49: warning: comparison between signed and unsigned integer expressions [-Wsign-compare]
        } else if ((get_calibrated_prox(prefSide)>maxirread && get_calibrated_prox(offSide)>maxirread) || (get_calibrated_prox(prefCorner)>maxirread && get_calibrated_prox(offCorner)>maxirread)){
                                                 ^
main.c:161:91: warning: comparison between signed and unsigned integer expressions [-Wsign-compare]
        } else if ((get_calibrated_prox(prefSide)>maxirread && get_calibrated_prox(offSide)>maxirread) || (get_calibrated_prox(prefCorner)>maxirread && get_calibrated_prox(offCorner)>maxirread)){
                                                                                           ^
main.c:161:138: warning: comparison between signed and unsigned integer expressions [-Wsign-compare]
        } else if ((get_calibrated_prox(prefSide)>maxirread && get_calibrated_prox(offSide)>maxirread) || (get_calibrated_prox(prefCorner)>maxirread && get_calibrated_prox(offCorner)>maxirread)){
                                                                                                                                          ^
main.c:161:182: warning: comparison between signed and unsigned integer expressions [-Wsign-compare]
        } else if ((get_calibrated_prox(prefSide)>maxirread && get_calibrated_prox(offSide)>maxirread) || (get_calibrated_prox(prefCorner)>maxirread && get_calibrated_prox(offCorner)>maxirread)){
                                                                                                                                                                                      ^
main.c:166:49: warning: comparison between signed and unsigned integer expressions [-Wsign-compare]
        } else if (get_calibrated_prox(prefFront)>maxirread || (get_calibrated_prox(offFront)>maxirread)){
                                                 ^
main.c:166:93: warning: comparison between signed and unsigned integer expressions [-Wsign-compare]
        } else if (get_calibrated_prox(prefFront)>maxirread || (get_calibrated_prox(offFront)>maxirread)){
                                                                                             ^
main.c:193:9: warning: unused variable 'wallsexplored' [-Wunused-variable]
    bool wallsexplored = 1;
         ^~~~~~~~~~~~~
main.c:206:22: warning: comparison between signed and unsigned integer expressions [-Wsign-compare]
   if (SensorValue[0] > threshold || SensorValue[7] > threshold || SensorValue[1] > threshold || SensorValue[2] > threshold || SensorValue[5] > threshold ||SensorValue[6] > threshold) {
                      ^
main.c:206:52: warning: comparison between signed and unsigned integer expressions [-Wsign-compare]
   if (SensorValue[0] > threshold || SensorValue[7] > threshold || SensorValue[1] > threshold || SensorValue[2] > threshold || SensorValue[5] > threshold ||SensorValue[6] > threshold) {
                                                    ^
main.c:206:82: warning: comparison between signed and unsigned integer expressions [-Wsign-compare]
   if (SensorValue[0] > threshold || SensorValue[7] > threshold || SensorValue[1] > threshold || SensorValue[2] > threshold || SensorValue[5] > threshold ||SensorValue[6] > threshold) {
                                                                                  ^
main.c:206:112: warning: comparison between signed and unsigned integer expressions [-Wsign-compare]
   if (SensorValue[0] > threshold || SensorValue[7] > threshold || SensorValue[1] > threshold || SensorValue[2] > threshold || SensorValue[5] > threshold ||SensorValue[6] > threshold) {
                                                                                                                ^
main.c:206:142: warning: comparison between signed and unsigned integer expressions [-Wsign-compare]
   if (SensorValue[0] > threshold || SensorValue[7] > threshold || SensorValue[1] > threshold || SensorValue[2] > threshold || SensorValue[5] > threshold ||SensorValue[6] > threshold) {
                                                                                                                                              ^
main.c:206:171: warning: comparison between signed and unsigned integer expressions [-Wsign-compare]
   if (SensorValue[0] > threshold || SensorValue[7] > threshold || SensorValue[1] > threshold || SensorValue[2] > threshold || SensorValue[5] > threshold ||SensorValue[6] > threshold) {
                                                                                                                                                                           ^
main.c:211:27: warning: comparison between signed and unsigned integer expressions [-Wsign-compare]
     if (get_prox(prefSide)<minirread){
                           ^
main.c:213:15: warning: unused variable 'wheelratio' [-Wunused-variable]
         float wheelratio = 0.9;
               ^~~~~~~~~~
main.c:214:38: warning: comparison between signed and unsigned integer expressions [-Wsign-compare]
        } else if ((get_prox(prefSide)>maxirread && get_prox(offSide)<maxirread) || (get_prox(prefCorner)>maxirread && get_prox(offCorner)<maxirread)){
                                      ^
main.c:214:69: warning: comparison between signed and unsigned integer expressions [-Wsign-compare]
        } else if ((get_prox(prefSide)>maxirread && get_prox(offSide)<maxirread) || (get_prox(prefCorner)>maxirread && get_prox(offCorner)<maxirread)){
                                                                     ^
main.c:214:105: warning: comparison between signed and unsigned integer expressions [-Wsign-compare]
        } else if ((get_prox(prefSide)>maxirread && get_prox(offSide)<maxirread) || (get_prox(prefCorner)>maxirread && get_prox(offCorner)<maxirread)){
                                                                                                         ^
main.c:214:138: warning: comparison between signed and unsigned integer expressions [-Wsign-compare]
        } else if ((get_prox(prefSide)>maxirread && get_prox(offSide)<maxirread) || (get_prox(prefCorner)>maxirread && get_prox(offCorner)<maxirread)){
                                                                                                                                          ^
main.c:216:15: warning: unused variable 'wheelratio' [-Wunused-variable]
         float wheelratio = 1.1;
               ^~~~~~~~~~
main.c:217:37: warning: comparison between signed and unsigned integer expressions [-Wsign-compare]
        } else if ((get_prox(offSide)>maxirread && get_prox(prefSide)<maxirread) || (get_prox(offCorner)>maxirread && get_prox(prefCorner)<maxirread)){
                                     ^
main.c:217:69: warning: comparison between signed and unsigned integer expressions [-Wsign-compare]
        } else if ((get_prox(offSide)>maxirread && get_prox(prefSide)<maxirread) || (get_prox(offCorner)>maxirread && get_prox(prefCorner)<maxirread)){
                                                                     ^
main.c:217:104: warning: comparison between signed and unsigned integer expressions [-Wsign-compare]
        } else if ((get_prox(offSide)>maxirread && get_prox(prefSide)<maxirread) || (get_prox(offCorner)>maxirread && get_prox(prefCorner)<maxirread)){
                                                                                                        ^
main.c:217:138: warning: comparison between signed and unsigned integer expressions [-Wsign-compare]
        } else if ((get_prox(offSide)>maxirread && get_prox(prefSide)<maxirread) || (get_prox(offCorner)>maxirread && get_prox(prefCorner)<maxirread)){
                                                                                                                                          ^
main.c:219:15: warning: unused variable 'wheelratio' [-Wunused-variable]
         float wheelratio = 0.9;
               ^~~~~~~~~~
main.c:220:38: warning: comparison between signed and unsigned integer expressions [-Wsign-compare]
        } else if ((get_prox(prefSide)>maxirread && get_prox(offSide)>maxirread) || (get_prox(prefCorner)>maxirread && get_prox(offCorner)>maxirread)){
                                      ^
main.c:220:69: warning: comparison between signed and unsigned integer expressions [-Wsign-compare]
        } else if ((get_prox(prefSide)>maxirread && get_prox(offSide)>maxirread) || (get_prox(prefCorner)>maxirread && get_prox(offCorner)>maxirread)){
                                                                     ^
main.c:220:105: warning: comparison between signed and unsigned integer expressions [-Wsign-compare]
        } else if ((get_prox(prefSide)>maxirread && get_prox(offSide)>maxirread) || (get_prox(prefCorner)>maxirread && get_prox(offCorner)>maxirread)){
                                                                                                         ^
main.c:220:138: warning: comparison between signed and unsigned integer expressions [-Wsign-compare]
        } else if ((get_prox(prefSide)>maxirread && get_prox(offSide)>maxirread) || (get_prox(prefCorner)>maxirread && get_prox(offCorner)>maxirread)){
                                                                                                                                          ^
main.c:225:38: warning: comparison between signed and unsigned integer expressions [-Wsign-compare]
        } else if (get_prox(prefFront)>maxirread || (get_prox(offFront)>maxirread)){
                                      ^
main.c:225:71: warning: comparison between signed and unsigned integer expressions [-Wsign-compare]
        } else if (get_prox(prefFront)>maxirread || (get_prox(offFront)>maxirread)){
                                                                       ^
main.c:258:4: warning: implicit declaration of function 'delay_ms' [-Wimplicit-function-declaration]
    delay_ms(500);
    ^~~~~~~~
main.c:64:18: warning: variable 'offBack' set but not used [-Wunused-but-set-variable]
     unsigned int offBack;
                  ^~~~~~~
main.c:60:18: warning: variable 'prefBack' set but not used [-Wunused-but-set-variable]
     unsigned int prefBack;
                  ^~~~~~~~
main.c:267:3: warning: iteration 4 invokes undefined behavior [-Waggressive-loop-optimizations]
   set_rgb_led(allRGBs[i], 10 , 0 , 0 );
   ^~~~~~~~~~~~~~~~~~~~~~~~~~~~~~~~~~~~
main.c:266:3: note: within this loop
   for (int i = 0; i <= 4; i++) {
   ^~~
main.c:275:3: warning: iteration 4 invokes undefined behavior [-Waggressive-loop-optimizations]
   set_rgb_led(allRGBs[i], 0 , 0 , 10);
   ^~~~~~~~~~~~~~~~~~~~~~~~~~~~~~~~~~~
main.c:274:3: note: within this loop
   for (int i = 0; i <= 4; i++) {
   ^~~
main.c:271:3: warning: iteration 4 invokes undefined behavior [-Waggressive-loop-optimizations]
   set_rgb_led(allRGBs[i], 0 , 10 , 0 );
   ^~~~~~~~~~~~~~~~~~~~~~~~~~~~~~~~~~~~
main.c:270:3: note: within this loop
   for (int i = 0; i <= 4; i++) {
   ^~~
[1;34mLinking build/Project_template.elf[0m
[1;34mCreating build/Project_template.hex[0m
[1;34mCreating build/Project_template.bin[0m
[1;34mCreating build/Project_template.dmp[0m

   text	   data	    bss	    dec	    hex	filename
  64100	   3084	  17508	  84692	  14ad4	build/Project_template.elf
[1;34mCreating build/Project_template.list[0m

[1;34mDone[0m
15:43:15 **** Incremental Build of configuration Default for project Project ****
make all 
make: Nothing to be done for 'all'.
15:43:18 **** Incremental Build of configuration Default for project Project ****
make all 
make: Nothing to be done for 'all'.
15:43:22 **** Incremental Build of configuration Default for project Project ****
make all 
make: Nothing to be done for 'all'.
15:43:35 **** Incremental Build of configuration Default for project Project ****
make all 
make: Nothing to be done for 'all'.
15:47:37 **** Incremental Build of configuration Default for project Project ****
make all 
[1;34mCompiling main.c[0m
main.c: In function 'main':
main.c:152:27: warning: comparison between signed and unsigned integer expressions [-Wsign-compare]
     if (get_prox(prefSide)<minirread){
                           ^
main.c:155:49: warning: comparison between signed and unsigned integer expressions [-Wsign-compare]
        } else if ((get_calibrated_prox(prefSide)>maxirread && get_calibrated_prox(offSide)<maxirread) || (get_calibrated_prox(prefCorner)>maxirread && get_calibrated_prox(offCorner)<maxirread)){
                                                 ^
main.c:155:91: warning: comparison between signed and unsigned integer expressions [-Wsign-compare]
        } else if ((get_calibrated_prox(prefSide)>maxirread && get_calibrated_prox(offSide)<maxirread) || (get_calibrated_prox(prefCorner)>maxirread && get_calibrated_prox(offCorner)<maxirread)){
                                                                                           ^
main.c:155:138: warning: comparison between signed and unsigned integer expressions [-Wsign-compare]
        } else if ((get_calibrated_prox(prefSide)>maxirread && get_calibrated_prox(offSide)<maxirread) || (get_calibrated_prox(prefCorner)>maxirread && get_calibrated_prox(offCorner)<maxirread)){
                                                                                                                                          ^
main.c:155:182: warning: comparison between signed and unsigned integer expressions [-Wsign-compare]
        } else if ((get_calibrated_prox(prefSide)>maxirread && get_calibrated_prox(offSide)<maxirread) || (get_calibrated_prox(prefCorner)>maxirread && get_calibrated_prox(offCorner)<maxirread)){
                                                                                                                                                                                      ^
main.c:158:48: warning: comparison between signed and unsigned integer expressions [-Wsign-compare]
        } else if ((get_calibrated_prox(offSide)>maxirread && get_calibrated_prox(prefSide)<maxirread) || (get_calibrated_prox(offCorner)>maxirread && get_calibrated_prox(prefCorner)<maxirread)){
                                                ^
main.c:158:91: warning: comparison between signed and unsigned integer expressions [-Wsign-compare]
        } else if ((get_calibrated_prox(offSide)>maxirread && get_calibrated_prox(prefSide)<maxirread) || (get_calibrated_prox(offCorner)>maxirread && get_calibrated_prox(prefCorner)<maxirread)){
                                                                                           ^
main.c:158:137: warning: comparison between signed and unsigned integer expressions [-Wsign-compare]
        } else if ((get_calibrated_prox(offSide)>maxirread && get_calibrated_prox(prefSide)<maxirread) || (get_calibrated_prox(offCorner)>maxirread && get_calibrated_prox(prefCorner)<maxirread)){
                                                                                                                                         ^
main.c:158:182: warning: comparison between signed and unsigned integer expressions [-Wsign-compare]
        } else if ((get_calibrated_prox(offSide)>maxirread && get_calibrated_prox(prefSide)<maxirread) || (get_calibrated_prox(offCorner)>maxirread && get_calibrated_prox(prefCorner)<maxirread)){
                                                                                                                                                                                      ^
main.c:161:49: warning: comparison between signed and unsigned integer expressions [-Wsign-compare]
        } else if ((get_calibrated_prox(prefSide)>maxirread && get_calibrated_prox(offSide)>maxirread) || (get_calibrated_prox(prefCorner)>maxirread && get_calibrated_prox(offCorner)>maxirread)){
                                                 ^
main.c:161:91: warning: comparison between signed and unsigned integer expressions [-Wsign-compare]
        } else if ((get_calibrated_prox(prefSide)>maxirread && get_calibrated_prox(offSide)>maxirread) || (get_calibrated_prox(prefCorner)>maxirread && get_calibrated_prox(offCorner)>maxirread)){
                                                                                           ^
main.c:161:138: warning: comparison between signed and unsigned integer expressions [-Wsign-compare]
        } else if ((get_calibrated_prox(prefSide)>maxirread && get_calibrated_prox(offSide)>maxirread) || (get_calibrated_prox(prefCorner)>maxirread && get_calibrated_prox(offCorner)>maxirread)){
                                                                                                                                          ^
main.c:161:182: warning: comparison between signed and unsigned integer expressions [-Wsign-compare]
        } else if ((get_calibrated_prox(prefSide)>maxirread && get_calibrated_prox(offSide)>maxirread) || (get_calibrated_prox(prefCorner)>maxirread && get_calibrated_prox(offCorner)>maxirread)){
                                                                                                                                                                                      ^
main.c:166:49: warning: comparison between signed and unsigned integer expressions [-Wsign-compare]
        } else if (get_calibrated_prox(prefFront)>maxirread || (get_calibrated_prox(offFront)>maxirread)){
                                                 ^
main.c:166:93: warning: comparison between signed and unsigned integer expressions [-Wsign-compare]
        } else if (get_calibrated_prox(prefFront)>maxirread || (get_calibrated_prox(offFront)>maxirread)){
                                                                                             ^
main.c:193:9: warning: unused variable 'wallsexplored' [-Wunused-variable]
    bool wallsexplored = 1;
         ^~~~~~~~~~~~~
main.c:206:22: warning: comparison between signed and unsigned integer expressions [-Wsign-compare]
   if (SensorValue[0] > threshold || SensorValue[7] > threshold || SensorValue[1] > threshold || SensorValue[2] > threshold || SensorValue[5] > threshold ||SensorValue[6] > threshold) {
                      ^
main.c:206:52: warning: comparison between signed and unsigned integer expressions [-Wsign-compare]
   if (SensorValue[0] > threshold || SensorValue[7] > threshold || SensorValue[1] > threshold || SensorValue[2] > threshold || SensorValue[5] > threshold ||SensorValue[6] > threshold) {
                                                    ^
main.c:206:82: warning: comparison between signed and unsigned integer expressions [-Wsign-compare]
   if (SensorValue[0] > threshold || SensorValue[7] > threshold || SensorValue[1] > threshold || SensorValue[2] > threshold || SensorValue[5] > threshold ||SensorValue[6] > threshold) {
                                                                                  ^
main.c:206:112: warning: comparison between signed and unsigned integer expressions [-Wsign-compare]
   if (SensorValue[0] > threshold || SensorValue[7] > threshold || SensorValue[1] > threshold || SensorValue[2] > threshold || SensorValue[5] > threshold ||SensorValue[6] > threshold) {
                                                                                                                ^
main.c:206:142: warning: comparison between signed and unsigned integer expressions [-Wsign-compare]
   if (SensorValue[0] > threshold || SensorValue[7] > threshold || SensorValue[1] > threshold || SensorValue[2] > threshold || SensorValue[5] > threshold ||SensorValue[6] > threshold) {
                                                                                                                                              ^
main.c:206:171: warning: comparison between signed and unsigned integer expressions [-Wsign-compare]
   if (SensorValue[0] > threshold || SensorValue[7] > threshold || SensorValue[1] > threshold || SensorValue[2] > threshold || SensorValue[5] > threshold ||SensorValue[6] > threshold) {
                                                                                                                                                                           ^
main.c:211:27: warning: comparison between signed and unsigned integer expressions [-Wsign-compare]
     if (get_prox(prefSide)<minirread){
                           ^
main.c:213:15: warning: unused variable 'wheelratio' [-Wunused-variable]
         float wheelratio = 0.9;
               ^~~~~~~~~~
main.c:214:37: warning: comparison between signed and unsigned integer expressions [-Wsign-compare]
        } else if (get_prox(prefSide)>maxirread && get_prox(offSide)<maxirread ){
                                     ^
main.c:214:68: warning: comparison between signed and unsigned integer expressions [-Wsign-compare]
        } else if (get_prox(prefSide)>maxirread && get_prox(offSide)<maxirread ){
                                                                    ^
main.c:216:15: warning: unused variable 'wheelratio' [-Wunused-variable]
         float wheelratio = 1.1;
               ^~~~~~~~~~
main.c:217:37: warning: comparison between signed and unsigned integer expressions [-Wsign-compare]
        } else if ((get_prox(offSide)>maxirread && get_prox(prefSide)<maxirread) || (get_prox(offCorner)>maxirread && get_prox(prefCorner)<maxirread)){
                                     ^
main.c:217:69: warning: comparison between signed and unsigned integer expressions [-Wsign-compare]
        } else if ((get_prox(offSide)>maxirread && get_prox(prefSide)<maxirread) || (get_prox(offCorner)>maxirread && get_prox(prefCorner)<maxirread)){
                                                                     ^
main.c:217:104: warning: comparison between signed and unsigned integer expressions [-Wsign-compare]
        } else if ((get_prox(offSide)>maxirread && get_prox(prefSide)<maxirread) || (get_prox(offCorner)>maxirread && get_prox(prefCorner)<maxirread)){
                                                                                                        ^
main.c:217:138: warning: comparison between signed and unsigned integer expressions [-Wsign-compare]
        } else if ((get_prox(offSide)>maxirread && get_prox(prefSide)<maxirread) || (get_prox(offCorner)>maxirread && get_prox(prefCorner)<maxirread)){
                                                                                                                                          ^
main.c:219:15: warning: unused variable 'wheelratio' [-Wunused-variable]
         float wheelratio = 0.9;
               ^~~~~~~~~~
main.c:220:38: warning: comparison between signed and unsigned integer expressions [-Wsign-compare]
        } else if ((get_prox(prefSide)>maxirread && get_prox(offSide)>maxirread) || (get_prox(prefCorner)>maxirread && get_prox(offCorner)>maxirread)){
                                      ^
main.c:220:69: warning: comparison between signed and unsigned integer expressions [-Wsign-compare]
        } else if ((get_prox(prefSide)>maxirread && get_prox(offSide)>maxirread) || (get_prox(prefCorner)>maxirread && get_prox(offCorner)>maxirread)){
                                                                     ^
main.c:220:105: warning: comparison between signed and unsigned integer expressions [-Wsign-compare]
        } else if ((get_prox(prefSide)>maxirread && get_prox(offSide)>maxirread) || (get_prox(prefCorner)>maxirread && get_prox(offCorner)>maxirread)){
                                                                                                         ^
main.c:220:138: warning: comparison between signed and unsigned integer expressions [-Wsign-compare]
        } else if ((get_prox(prefSide)>maxirread && get_prox(offSide)>maxirread) || (get_prox(prefCorner)>maxirread && get_prox(offCorner)>maxirread)){
                                                                                                                                          ^
main.c:225:38: warning: comparison between signed and unsigned integer expressions [-Wsign-compare]
        } else if (get_prox(prefFront)>maxirread || (get_prox(offFront)>maxirread)){
                                      ^
main.c:225:71: warning: comparison between signed and unsigned integer expressions [-Wsign-compare]
        } else if (get_prox(prefFront)>maxirread || (get_prox(offFront)>maxirread)){
                                                                       ^
main.c:258:4: warning: implicit declaration of function 'delay_ms' [-Wimplicit-function-declaration]
    delay_ms(500);
    ^~~~~~~~
main.c:64:18: warning: variable 'offBack' set but not used [-Wunused-but-set-variable]
     unsigned int offBack;
                  ^~~~~~~
main.c:60:18: warning: variable 'prefBack' set but not used [-Wunused-but-set-variable]
     unsigned int prefBack;
                  ^~~~~~~~
main.c:267:3: warning: iteration 4 invokes undefined behavior [-Waggressive-loop-optimizations]
   set_rgb_led(allRGBs[i], 10 , 0 , 0 );
   ^~~~~~~~~~~~~~~~~~~~~~~~~~~~~~~~~~~~
main.c:266:3: note: within this loop
   for (int i = 0; i <= 4; i++) {
   ^~~
main.c:275:3: warning: iteration 4 invokes undefined behavior [-Waggressive-loop-optimizations]
   set_rgb_led(allRGBs[i], 0 , 0 , 10);
   ^~~~~~~~~~~~~~~~~~~~~~~~~~~~~~~~~~~
main.c:274:3: note: within this loop
   for (int i = 0; i <= 4; i++) {
   ^~~
main.c:271:3: warning: iteration 4 invokes undefined behavior [-Waggressive-loop-optimizations]
   set_rgb_led(allRGBs[i], 0 , 10 , 0 );
   ^~~~~~~~~~~~~~~~~~~~~~~~~~~~~~~~~~~~
main.c:270:3: note: within this loop
   for (int i = 0; i <= 4; i++) {
   ^~~
[1;34mLinking build/Project_template.elf[0m
[1;34mCreating build/Project_template.hex[0m
[1;34mCreating build/Project_template.bin[0m
[1;34mCreating build/Project_template.dmp[0m

   text	   data	    bss	    dec	    hex	filename
  64100	   3084	  17508	  84692	  14ad4	build/Project_template.elf
[1;34mCreating build/Project_template.list[0m

[1;34mDone[0m
15:47:44 **** Incremental Build of configuration Default for project Project ****
make all 
make: Nothing to be done for 'all'.
15:52:05 **** Incremental Build of configuration Default for project Project ****
make all 
[1;34mCompiling main.c[0m
main.c: In function 'main':
main.c:152:27: warning: comparison between signed and unsigned integer expressions [-Wsign-compare]
     if (get_prox(prefSide)<minirread){
                           ^
main.c:155:49: warning: comparison between signed and unsigned integer expressions [-Wsign-compare]
        } else if ((get_calibrated_prox(prefSide)>maxirread && get_calibrated_prox(offSide)<maxirread) || (get_calibrated_prox(prefCorner)>maxirread && get_calibrated_prox(offCorner)<maxirread)){
                                                 ^
main.c:155:91: warning: comparison between signed and unsigned integer expressions [-Wsign-compare]
        } else if ((get_calibrated_prox(prefSide)>maxirread && get_calibrated_prox(offSide)<maxirread) || (get_calibrated_prox(prefCorner)>maxirread && get_calibrated_prox(offCorner)<maxirread)){
                                                                                           ^
main.c:155:138: warning: comparison between signed and unsigned integer expressions [-Wsign-compare]
        } else if ((get_calibrated_prox(prefSide)>maxirread && get_calibrated_prox(offSide)<maxirread) || (get_calibrated_prox(prefCorner)>maxirread && get_calibrated_prox(offCorner)<maxirread)){
                                                                                                                                          ^
main.c:155:182: warning: comparison between signed and unsigned integer expressions [-Wsign-compare]
        } else if ((get_calibrated_prox(prefSide)>maxirread && get_calibrated_prox(offSide)<maxirread) || (get_calibrated_prox(prefCorner)>maxirread && get_calibrated_prox(offCorner)<maxirread)){
                                                                                                                                                                                      ^
main.c:158:48: warning: comparison between signed and unsigned integer expressions [-Wsign-compare]
        } else if ((get_calibrated_prox(offSide)>maxirread && get_calibrated_prox(prefSide)<maxirread) || (get_calibrated_prox(offCorner)>maxirread && get_calibrated_prox(prefCorner)<maxirread)){
                                                ^
main.c:158:91: warning: comparison between signed and unsigned integer expressions [-Wsign-compare]
        } else if ((get_calibrated_prox(offSide)>maxirread && get_calibrated_prox(prefSide)<maxirread) || (get_calibrated_prox(offCorner)>maxirread && get_calibrated_prox(prefCorner)<maxirread)){
                                                                                           ^
main.c:158:137: warning: comparison between signed and unsigned integer expressions [-Wsign-compare]
        } else if ((get_calibrated_prox(offSide)>maxirread && get_calibrated_prox(prefSide)<maxirread) || (get_calibrated_prox(offCorner)>maxirread && get_calibrated_prox(prefCorner)<maxirread)){
                                                                                                                                         ^
main.c:158:182: warning: comparison between signed and unsigned integer expressions [-Wsign-compare]
        } else if ((get_calibrated_prox(offSide)>maxirread && get_calibrated_prox(prefSide)<maxirread) || (get_calibrated_prox(offCorner)>maxirread && get_calibrated_prox(prefCorner)<maxirread)){
                                                                                                                                                                                      ^
main.c:161:49: warning: comparison between signed and unsigned integer expressions [-Wsign-compare]
        } else if ((get_calibrated_prox(prefSide)>maxirread && get_calibrated_prox(offSide)>maxirread) || (get_calibrated_prox(prefCorner)>maxirread && get_calibrated_prox(offCorner)>maxirread)){
                                                 ^
main.c:161:91: warning: comparison between signed and unsigned integer expressions [-Wsign-compare]
        } else if ((get_calibrated_prox(prefSide)>maxirread && get_calibrated_prox(offSide)>maxirread) || (get_calibrated_prox(prefCorner)>maxirread && get_calibrated_prox(offCorner)>maxirread)){
                                                                                           ^
main.c:161:138: warning: comparison between signed and unsigned integer expressions [-Wsign-compare]
        } else if ((get_calibrated_prox(prefSide)>maxirread && get_calibrated_prox(offSide)>maxirread) || (get_calibrated_prox(prefCorner)>maxirread && get_calibrated_prox(offCorner)>maxirread)){
                                                                                                                                          ^
main.c:161:182: warning: comparison between signed and unsigned integer expressions [-Wsign-compare]
        } else if ((get_calibrated_prox(prefSide)>maxirread && get_calibrated_prox(offSide)>maxirread) || (get_calibrated_prox(prefCorner)>maxirread && get_calibrated_prox(offCorner)>maxirread)){
                                                                                                                                                                                      ^
main.c:166:49: warning: comparison between signed and unsigned integer expressions [-Wsign-compare]
        } else if (get_calibrated_prox(prefFront)>maxirread || (get_calibrated_prox(offFront)>maxirread)){
                                                 ^
main.c:166:93: warning: comparison between signed and unsigned integer expressions [-Wsign-compare]
        } else if (get_calibrated_prox(prefFront)>maxirread || (get_calibrated_prox(offFront)>maxirread)){
                                                                                             ^
main.c:195:9: warning: unused variable 'wallsexplored' [-Wunused-variable]
    bool wallsexplored = 1;
         ^~~~~~~~~~~~~
main.c:208:22: warning: comparison between signed and unsigned integer expressions [-Wsign-compare]
   if (SensorValue[0] > threshold || SensorValue[7] > threshold || SensorValue[1] > threshold || SensorValue[2] > threshold || SensorValue[5] > threshold ||SensorValue[6] > threshold) {
                      ^
main.c:208:52: warning: comparison between signed and unsigned integer expressions [-Wsign-compare]
   if (SensorValue[0] > threshold || SensorValue[7] > threshold || SensorValue[1] > threshold || SensorValue[2] > threshold || SensorValue[5] > threshold ||SensorValue[6] > threshold) {
                                                    ^
main.c:208:82: warning: comparison between signed and unsigned integer expressions [-Wsign-compare]
   if (SensorValue[0] > threshold || SensorValue[7] > threshold || SensorValue[1] > threshold || SensorValue[2] > threshold || SensorValue[5] > threshold ||SensorValue[6] > threshold) {
                                                                                  ^
main.c:208:112: warning: comparison between signed and unsigned integer expressions [-Wsign-compare]
   if (SensorValue[0] > threshold || SensorValue[7] > threshold || SensorValue[1] > threshold || SensorValue[2] > threshold || SensorValue[5] > threshold ||SensorValue[6] > threshold) {
                                                                                                                ^
main.c:208:142: warning: comparison between signed and unsigned integer expressions [-Wsign-compare]
   if (SensorValue[0] > threshold || SensorValue[7] > threshold || SensorValue[1] > threshold || SensorValue[2] > threshold || SensorValue[5] > threshold ||SensorValue[6] > threshold) {
                                                                                                                                              ^
main.c:208:171: warning: comparison between signed and unsigned integer expressions [-Wsign-compare]
   if (SensorValue[0] > threshold || SensorValue[7] > threshold || SensorValue[1] > threshold || SensorValue[2] > threshold || SensorValue[5] > threshold ||SensorValue[6] > threshold) {
                                                                                                                                                                           ^
main.c:213:27: warning: comparison between signed and unsigned integer expressions [-Wsign-compare]
     if (get_prox(prefSide)<minirread){
                           ^
main.c:215:15: warning: unused variable 'wheelratio' [-Wunused-variable]
         float wheelratio = 0.9;
               ^~~~~~~~~~
main.c:216:37: warning: comparison between signed and unsigned integer expressions [-Wsign-compare]
        } else if (get_prox(prefSide)>maxirread && get_prox(offSide)<maxirread ){
                                     ^
main.c:216:68: warning: comparison between signed and unsigned integer expressions [-Wsign-compare]
        } else if (get_prox(prefSide)>maxirread && get_prox(offSide)<maxirread ){
                                                                    ^
main.c:218:15: warning: unused variable 'wheelratio' [-Wunused-variable]
         float wheelratio = 1.1;
               ^~~~~~~~~~
main.c:219:37: warning: comparison between signed and unsigned integer expressions [-Wsign-compare]
        } else if ((get_prox(offSide)>maxirread && get_prox(prefSide)<maxirread) || (get_prox(offCorner)>maxirread && get_prox(prefCorner)<maxirread)){
                                     ^
main.c:219:69: warning: comparison between signed and unsigned integer expressions [-Wsign-compare]
        } else if ((get_prox(offSide)>maxirread && get_prox(prefSide)<maxirread) || (get_prox(offCorner)>maxirread && get_prox(prefCorner)<maxirread)){
                                                                     ^
main.c:219:104: warning: comparison between signed and unsigned integer expressions [-Wsign-compare]
        } else if ((get_prox(offSide)>maxirread && get_prox(prefSide)<maxirread) || (get_prox(offCorner)>maxirread && get_prox(prefCorner)<maxirread)){
                                                                                                        ^
main.c:219:138: warning: comparison between signed and unsigned integer expressions [-Wsign-compare]
        } else if ((get_prox(offSide)>maxirread && get_prox(prefSide)<maxirread) || (get_prox(offCorner)>maxirread && get_prox(prefCorner)<maxirread)){
                                                                                                                                          ^
main.c:221:15: warning: unused variable 'wheelratio' [-Wunused-variable]
         float wheelratio = 0.9;
               ^~~~~~~~~~
main.c:222:38: warning: comparison between signed and unsigned integer expressions [-Wsign-compare]
        } else if ((get_prox(prefSide)>maxirread && get_prox(offSide)>maxirread) || (get_prox(prefCorner)>maxirread && get_prox(offCorner)>maxirread)){
                                      ^
main.c:222:69: warning: comparison between signed and unsigned integer expressions [-Wsign-compare]
        } else if ((get_prox(prefSide)>maxirread && get_prox(offSide)>maxirread) || (get_prox(prefCorner)>maxirread && get_prox(offCorner)>maxirread)){
                                                                     ^
main.c:222:105: warning: comparison between signed and unsigned integer expressions [-Wsign-compare]
        } else if ((get_prox(prefSide)>maxirread && get_prox(offSide)>maxirread) || (get_prox(prefCorner)>maxirread && get_prox(offCorner)>maxirread)){
                                                                                                         ^
main.c:222:138: warning: comparison between signed and unsigned integer expressions [-Wsign-compare]
        } else if ((get_prox(prefSide)>maxirread && get_prox(offSide)>maxirread) || (get_prox(prefCorner)>maxirread && get_prox(offCorner)>maxirread)){
                                                                                                                                          ^
main.c:227:38: warning: comparison between signed and unsigned integer expressions [-Wsign-compare]
        } else if (get_prox(prefFront)>maxirread || (get_prox(offFront)>maxirread)){
                                      ^
main.c:227:71: warning: comparison between signed and unsigned integer expressions [-Wsign-compare]
        } else if (get_prox(prefFront)>maxirread || (get_prox(offFront)>maxirread)){
                                                                       ^
main.c:260:4: warning: implicit declaration of function 'delay_ms' [-Wimplicit-function-declaration]
    delay_ms(500);
    ^~~~~~~~
main.c:64:18: warning: variable 'offBack' set but not used [-Wunused-but-set-variable]
     unsigned int offBack;
                  ^~~~~~~
main.c:60:18: warning: variable 'prefBack' set but not used [-Wunused-but-set-variable]
     unsigned int prefBack;
                  ^~~~~~~~
main.c: At top level:
main.c:281:1: error: expected identifier or '(' before '}' token
 }
 ^
make: *** [../e-puck2_main-processor/ChibiOS//os/common/ports/ARMCMx/compilers/GCC/rules.mk:217: build/obj/main.o] Error 1
"make all" terminated with exit code 2. Build might be incomplete.
15:52:38 **** Incremental Build of configuration Default for project Project ****
make all 
[1;34mCompiling main.c[0m
main.c: In function 'main':
main.c:152:27: warning: comparison between signed and unsigned integer expressions [-Wsign-compare]
     if (get_prox(prefSide)<minirread){
                           ^
main.c:155:49: warning: comparison between signed and unsigned integer expressions [-Wsign-compare]
        } else if ((get_calibrated_prox(prefSide)>maxirread && get_calibrated_prox(offSide)<maxirread) || (get_calibrated_prox(prefCorner)>maxirread && get_calibrated_prox(offCorner)<maxirread)){
                                                 ^
main.c:155:91: warning: comparison between signed and unsigned integer expressions [-Wsign-compare]
        } else if ((get_calibrated_prox(prefSide)>maxirread && get_calibrated_prox(offSide)<maxirread) || (get_calibrated_prox(prefCorner)>maxirread && get_calibrated_prox(offCorner)<maxirread)){
                                                                                           ^
main.c:155:138: warning: comparison between signed and unsigned integer expressions [-Wsign-compare]
        } else if ((get_calibrated_prox(prefSide)>maxirread && get_calibrated_prox(offSide)<maxirread) || (get_calibrated_prox(prefCorner)>maxirread && get_calibrated_prox(offCorner)<maxirread)){
                                                                                                                                          ^
main.c:155:182: warning: comparison between signed and unsigned integer expressions [-Wsign-compare]
        } else if ((get_calibrated_prox(prefSide)>maxirread && get_calibrated_prox(offSide)<maxirread) || (get_calibrated_prox(prefCorner)>maxirread && get_calibrated_prox(offCorner)<maxirread)){
                                                                                                                                                                                      ^
main.c:158:48: warning: comparison between signed and unsigned integer expressions [-Wsign-compare]
        } else if ((get_calibrated_prox(offSide)>maxirread && get_calibrated_prox(prefSide)<maxirread) || (get_calibrated_prox(offCorner)>maxirread && get_calibrated_prox(prefCorner)<maxirread)){
                                                ^
main.c:158:91: warning: comparison between signed and unsigned integer expressions [-Wsign-compare]
        } else if ((get_calibrated_prox(offSide)>maxirread && get_calibrated_prox(prefSide)<maxirread) || (get_calibrated_prox(offCorner)>maxirread && get_calibrated_prox(prefCorner)<maxirread)){
                                                                                           ^
main.c:158:137: warning: comparison between signed and unsigned integer expressions [-Wsign-compare]
        } else if ((get_calibrated_prox(offSide)>maxirread && get_calibrated_prox(prefSide)<maxirread) || (get_calibrated_prox(offCorner)>maxirread && get_calibrated_prox(prefCorner)<maxirread)){
                                                                                                                                         ^
main.c:158:182: warning: comparison between signed and unsigned integer expressions [-Wsign-compare]
        } else if ((get_calibrated_prox(offSide)>maxirread && get_calibrated_prox(prefSide)<maxirread) || (get_calibrated_prox(offCorner)>maxirread && get_calibrated_prox(prefCorner)<maxirread)){
                                                                                                                                                                                      ^
main.c:161:49: warning: comparison between signed and unsigned integer expressions [-Wsign-compare]
        } else if ((get_calibrated_prox(prefSide)>maxirread && get_calibrated_prox(offSide)>maxirread) || (get_calibrated_prox(prefCorner)>maxirread && get_calibrated_prox(offCorner)>maxirread)){
                                                 ^
main.c:161:91: warning: comparison between signed and unsigned integer expressions [-Wsign-compare]
        } else if ((get_calibrated_prox(prefSide)>maxirread && get_calibrated_prox(offSide)>maxirread) || (get_calibrated_prox(prefCorner)>maxirread && get_calibrated_prox(offCorner)>maxirread)){
                                                                                           ^
main.c:161:138: warning: comparison between signed and unsigned integer expressions [-Wsign-compare]
        } else if ((get_calibrated_prox(prefSide)>maxirread && get_calibrated_prox(offSide)>maxirread) || (get_calibrated_prox(prefCorner)>maxirread && get_calibrated_prox(offCorner)>maxirread)){
                                                                                                                                          ^
main.c:161:182: warning: comparison between signed and unsigned integer expressions [-Wsign-compare]
        } else if ((get_calibrated_prox(prefSide)>maxirread && get_calibrated_prox(offSide)>maxirread) || (get_calibrated_prox(prefCorner)>maxirread && get_calibrated_prox(offCorner)>maxirread)){
                                                                                                                                                                                      ^
main.c:166:49: warning: comparison between signed and unsigned integer expressions [-Wsign-compare]
        } else if (get_calibrated_prox(prefFront)>maxirread || (get_calibrated_prox(offFront)>maxirread)){
                                                 ^
main.c:166:93: warning: comparison between signed and unsigned integer expressions [-Wsign-compare]
        } else if (get_calibrated_prox(prefFront)>maxirread || (get_calibrated_prox(offFront)>maxirread)){
                                                                                             ^
main.c:195:9: warning: unused variable 'wallsexplored' [-Wunused-variable]
    bool wallsexplored = 1;
         ^~~~~~~~~~~~~
main.c:208:22: warning: comparison between signed and unsigned integer expressions [-Wsign-compare]
   if (SensorValue[0] > threshold || SensorValue[7] > threshold || SensorValue[1] > threshold || SensorValue[2] > threshold || SensorValue[5] > threshold ||SensorValue[6] > threshold) {
                      ^
main.c:208:52: warning: comparison between signed and unsigned integer expressions [-Wsign-compare]
   if (SensorValue[0] > threshold || SensorValue[7] > threshold || SensorValue[1] > threshold || SensorValue[2] > threshold || SensorValue[5] > threshold ||SensorValue[6] > threshold) {
                                                    ^
main.c:208:82: warning: comparison between signed and unsigned integer expressions [-Wsign-compare]
   if (SensorValue[0] > threshold || SensorValue[7] > threshold || SensorValue[1] > threshold || SensorValue[2] > threshold || SensorValue[5] > threshold ||SensorValue[6] > threshold) {
                                                                                  ^
main.c:208:112: warning: comparison between signed and unsigned integer expressions [-Wsign-compare]
   if (SensorValue[0] > threshold || SensorValue[7] > threshold || SensorValue[1] > threshold || SensorValue[2] > threshold || SensorValue[5] > threshold ||SensorValue[6] > threshold) {
                                                                                                                ^
main.c:208:142: warning: comparison between signed and unsigned integer expressions [-Wsign-compare]
   if (SensorValue[0] > threshold || SensorValue[7] > threshold || SensorValue[1] > threshold || SensorValue[2] > threshold || SensorValue[5] > threshold ||SensorValue[6] > threshold) {
                                                                                                                                              ^
main.c:208:171: warning: comparison between signed and unsigned integer expressions [-Wsign-compare]
   if (SensorValue[0] > threshold || SensorValue[7] > threshold || SensorValue[1] > threshold || SensorValue[2] > threshold || SensorValue[5] > threshold ||SensorValue[6] > threshold) {
                                                                                                                                                                           ^
main.c:213:27: warning: comparison between signed and unsigned integer expressions [-Wsign-compare]
     if (get_prox(prefSide)<minirread){
                           ^
main.c:215:15: warning: unused variable 'wheelratio' [-Wunused-variable]
         float wheelratio = 0.9;
               ^~~~~~~~~~
main.c:216:37: warning: comparison between signed and unsigned integer expressions [-Wsign-compare]
        } else if (get_prox(prefSide)>maxirread && get_prox(offSide)<maxirread ){
                                     ^
main.c:216:68: warning: comparison between signed and unsigned integer expressions [-Wsign-compare]
        } else if (get_prox(prefSide)>maxirread && get_prox(offSide)<maxirread ){
                                                                    ^
main.c:218:15: warning: unused variable 'wheelratio' [-Wunused-variable]
         float wheelratio = 1.1;
               ^~~~~~~~~~
main.c:219:37: warning: comparison between signed and unsigned integer expressions [-Wsign-compare]
        } else if ((get_prox(offSide)>maxirread && get_prox(prefSide)<maxirread) || (get_prox(offCorner)>maxirread && get_prox(prefCorner)<maxirread)){
                                     ^
main.c:219:69: warning: comparison between signed and unsigned integer expressions [-Wsign-compare]
        } else if ((get_prox(offSide)>maxirread && get_prox(prefSide)<maxirread) || (get_prox(offCorner)>maxirread && get_prox(prefCorner)<maxirread)){
                                                                     ^
main.c:219:104: warning: comparison between signed and unsigned integer expressions [-Wsign-compare]
        } else if ((get_prox(offSide)>maxirread && get_prox(prefSide)<maxirread) || (get_prox(offCorner)>maxirread && get_prox(prefCorner)<maxirread)){
                                                                                                        ^
main.c:219:138: warning: comparison between signed and unsigned integer expressions [-Wsign-compare]
        } else if ((get_prox(offSide)>maxirread && get_prox(prefSide)<maxirread) || (get_prox(offCorner)>maxirread && get_prox(prefCorner)<maxirread)){
                                                                                                                                          ^
main.c:221:15: warning: unused variable 'wheelratio' [-Wunused-variable]
         float wheelratio = 0.9;
               ^~~~~~~~~~
main.c:222:38: warning: comparison between signed and unsigned integer expressions [-Wsign-compare]
        } else if ((get_prox(prefSide)>maxirread && get_prox(offSide)>maxirread) || (get_prox(prefCorner)>maxirread && get_prox(offCorner)>maxirread)){
                                      ^
main.c:222:69: warning: comparison between signed and unsigned integer expressions [-Wsign-compare]
        } else if ((get_prox(prefSide)>maxirread && get_prox(offSide)>maxirread) || (get_prox(prefCorner)>maxirread && get_prox(offCorner)>maxirread)){
                                                                     ^
main.c:222:105: warning: comparison between signed and unsigned integer expressions [-Wsign-compare]
        } else if ((get_prox(prefSide)>maxirread && get_prox(offSide)>maxirread) || (get_prox(prefCorner)>maxirread && get_prox(offCorner)>maxirread)){
                                                                                                         ^
main.c:222:138: warning: comparison between signed and unsigned integer expressions [-Wsign-compare]
        } else if ((get_prox(prefSide)>maxirread && get_prox(offSide)>maxirread) || (get_prox(prefCorner)>maxirread && get_prox(offCorner)>maxirread)){
                                                                                                                                          ^
main.c:227:38: warning: comparison between signed and unsigned integer expressions [-Wsign-compare]
        } else if (get_prox(prefFront)>maxirread || (get_prox(offFront)>maxirread)){
                                      ^
main.c:227:71: warning: comparison between signed and unsigned integer expressions [-Wsign-compare]
        } else if (get_prox(prefFront)>maxirread || (get_prox(offFront)>maxirread)){
                                                                       ^
main.c:260:4: warning: implicit declaration of function 'delay_ms' [-Wimplicit-function-declaration]
    delay_ms(500);
    ^~~~~~~~
main.c:64:18: warning: variable 'offBack' set but not used [-Wunused-but-set-variable]
     unsigned int offBack;
                  ^~~~~~~
main.c:60:18: warning: variable 'prefBack' set but not used [-Wunused-but-set-variable]
     unsigned int prefBack;
                  ^~~~~~~~
main.c: At top level:
main.c:281:1: error: expected identifier or '(' before '}' token
 }
 ^
main.c:282:1: error: expected identifier or '(' before '}' token
 }
 ^
make: *** [../e-puck2_main-processor/ChibiOS//os/common/ports/ARMCMx/compilers/GCC/rules.mk:217: build/obj/main.o] Error 1
"make all" terminated with exit code 2. Build might be incomplete.
15:52:50 **** Incremental Build of configuration Default for project Project ****
make all 
[1;34mCompiling main.c[0m
main.c: In function 'main':
main.c:152:27: warning: comparison between signed and unsigned integer expressions [-Wsign-compare]
     if (get_prox(prefSide)<minirread){
                           ^
main.c:155:49: warning: comparison between signed and unsigned integer expressions [-Wsign-compare]
        } else if ((get_calibrated_prox(prefSide)>maxirread && get_calibrated_prox(offSide)<maxirread) || (get_calibrated_prox(prefCorner)>maxirread && get_calibrated_prox(offCorner)<maxirread)){
                                                 ^
main.c:155:91: warning: comparison between signed and unsigned integer expressions [-Wsign-compare]
        } else if ((get_calibrated_prox(prefSide)>maxirread && get_calibrated_prox(offSide)<maxirread) || (get_calibrated_prox(prefCorner)>maxirread && get_calibrated_prox(offCorner)<maxirread)){
                                                                                           ^
main.c:155:138: warning: comparison between signed and unsigned integer expressions [-Wsign-compare]
        } else if ((get_calibrated_prox(prefSide)>maxirread && get_calibrated_prox(offSide)<maxirread) || (get_calibrated_prox(prefCorner)>maxirread && get_calibrated_prox(offCorner)<maxirread)){
                                                                                                                                          ^
main.c:155:182: warning: comparison between signed and unsigned integer expressions [-Wsign-compare]
        } else if ((get_calibrated_prox(prefSide)>maxirread && get_calibrated_prox(offSide)<maxirread) || (get_calibrated_prox(prefCorner)>maxirread && get_calibrated_prox(offCorner)<maxirread)){
                                                                                                                                                                                      ^
main.c:158:48: warning: comparison between signed and unsigned integer expressions [-Wsign-compare]
        } else if ((get_calibrated_prox(offSide)>maxirread && get_calibrated_prox(prefSide)<maxirread) || (get_calibrated_prox(offCorner)>maxirread && get_calibrated_prox(prefCorner)<maxirread)){
                                                ^
main.c:158:91: warning: comparison between signed and unsigned integer expressions [-Wsign-compare]
        } else if ((get_calibrated_prox(offSide)>maxirread && get_calibrated_prox(prefSide)<maxirread) || (get_calibrated_prox(offCorner)>maxirread && get_calibrated_prox(prefCorner)<maxirread)){
                                                                                           ^
main.c:158:137: warning: comparison between signed and unsigned integer expressions [-Wsign-compare]
        } else if ((get_calibrated_prox(offSide)>maxirread && get_calibrated_prox(prefSide)<maxirread) || (get_calibrated_prox(offCorner)>maxirread && get_calibrated_prox(prefCorner)<maxirread)){
                                                                                                                                         ^
main.c:158:182: warning: comparison between signed and unsigned integer expressions [-Wsign-compare]
        } else if ((get_calibrated_prox(offSide)>maxirread && get_calibrated_prox(prefSide)<maxirread) || (get_calibrated_prox(offCorner)>maxirread && get_calibrated_prox(prefCorner)<maxirread)){
                                                                                                                                                                                      ^
main.c:161:49: warning: comparison between signed and unsigned integer expressions [-Wsign-compare]
        } else if ((get_calibrated_prox(prefSide)>maxirread && get_calibrated_prox(offSide)>maxirread) || (get_calibrated_prox(prefCorner)>maxirread && get_calibrated_prox(offCorner)>maxirread)){
                                                 ^
main.c:161:91: warning: comparison between signed and unsigned integer expressions [-Wsign-compare]
        } else if ((get_calibrated_prox(prefSide)>maxirread && get_calibrated_prox(offSide)>maxirread) || (get_calibrated_prox(prefCorner)>maxirread && get_calibrated_prox(offCorner)>maxirread)){
                                                                                           ^
main.c:161:138: warning: comparison between signed and unsigned integer expressions [-Wsign-compare]
        } else if ((get_calibrated_prox(prefSide)>maxirread && get_calibrated_prox(offSide)>maxirread) || (get_calibrated_prox(prefCorner)>maxirread && get_calibrated_prox(offCorner)>maxirread)){
                                                                                                                                          ^
main.c:161:182: warning: comparison between signed and unsigned integer expressions [-Wsign-compare]
        } else if ((get_calibrated_prox(prefSide)>maxirread && get_calibrated_prox(offSide)>maxirread) || (get_calibrated_prox(prefCorner)>maxirread && get_calibrated_prox(offCorner)>maxirread)){
                                                                                                                                                                                      ^
main.c:166:49: warning: comparison between signed and unsigned integer expressions [-Wsign-compare]
        } else if (get_calibrated_prox(prefFront)>maxirread || (get_calibrated_prox(offFront)>maxirread)){
                                                 ^
main.c:166:93: warning: comparison between signed and unsigned integer expressions [-Wsign-compare]
        } else if (get_calibrated_prox(prefFront)>maxirread || (get_calibrated_prox(offFront)>maxirread)){
                                                                                             ^
main.c:195:9: warning: unused variable 'wallsexplored' [-Wunused-variable]
    bool wallsexplored = 1;
         ^~~~~~~~~~~~~
main.c:208:22: warning: comparison between signed and unsigned integer expressions [-Wsign-compare]
   if (SensorValue[0] > threshold || SensorValue[7] > threshold || SensorValue[1] > threshold || SensorValue[2] > threshold || SensorValue[5] > threshold ||SensorValue[6] > threshold) {
                      ^
main.c:208:52: warning: comparison between signed and unsigned integer expressions [-Wsign-compare]
   if (SensorValue[0] > threshold || SensorValue[7] > threshold || SensorValue[1] > threshold || SensorValue[2] > threshold || SensorValue[5] > threshold ||SensorValue[6] > threshold) {
                                                    ^
main.c:208:82: warning: comparison between signed and unsigned integer expressions [-Wsign-compare]
   if (SensorValue[0] > threshold || SensorValue[7] > threshold || SensorValue[1] > threshold || SensorValue[2] > threshold || SensorValue[5] > threshold ||SensorValue[6] > threshold) {
                                                                                  ^
main.c:208:112: warning: comparison between signed and unsigned integer expressions [-Wsign-compare]
   if (SensorValue[0] > threshold || SensorValue[7] > threshold || SensorValue[1] > threshold || SensorValue[2] > threshold || SensorValue[5] > threshold ||SensorValue[6] > threshold) {
                                                                                                                ^
main.c:208:142: warning: comparison between signed and unsigned integer expressions [-Wsign-compare]
   if (SensorValue[0] > threshold || SensorValue[7] > threshold || SensorValue[1] > threshold || SensorValue[2] > threshold || SensorValue[5] > threshold ||SensorValue[6] > threshold) {
                                                                                                                                              ^
main.c:208:171: warning: comparison between signed and unsigned integer expressions [-Wsign-compare]
   if (SensorValue[0] > threshold || SensorValue[7] > threshold || SensorValue[1] > threshold || SensorValue[2] > threshold || SensorValue[5] > threshold ||SensorValue[6] > threshold) {
                                                                                                                                                                           ^
main.c:213:27: warning: comparison between signed and unsigned integer expressions [-Wsign-compare]
     if (get_prox(prefSide)<minirread){
                           ^
main.c:215:15: warning: unused variable 'wheelratio' [-Wunused-variable]
         float wheelratio = 0.9;
               ^~~~~~~~~~
main.c:216:37: warning: comparison between signed and unsigned integer expressions [-Wsign-compare]
        } else if (get_prox(prefSide)>maxirread && get_prox(offSide)<maxirread ){
                                     ^
main.c:216:68: warning: comparison between signed and unsigned integer expressions [-Wsign-compare]
        } else if (get_prox(prefSide)>maxirread && get_prox(offSide)<maxirread ){
                                                                    ^
main.c:218:15: warning: unused variable 'wheelratio' [-Wunused-variable]
         float wheelratio = 1.1;
               ^~~~~~~~~~
main.c:219:37: warning: comparison between signed and unsigned integer expressions [-Wsign-compare]
        } else if ((get_prox(offSide)>maxirread && get_prox(prefSide)<maxirread) || (get_prox(offCorner)>maxirread && get_prox(prefCorner)<maxirread)){
                                     ^
main.c:219:69: warning: comparison between signed and unsigned integer expressions [-Wsign-compare]
        } else if ((get_prox(offSide)>maxirread && get_prox(prefSide)<maxirread) || (get_prox(offCorner)>maxirread && get_prox(prefCorner)<maxirread)){
                                                                     ^
main.c:219:104: warning: comparison between signed and unsigned integer expressions [-Wsign-compare]
        } else if ((get_prox(offSide)>maxirread && get_prox(prefSide)<maxirread) || (get_prox(offCorner)>maxirread && get_prox(prefCorner)<maxirread)){
                                                                                                        ^
main.c:219:138: warning: comparison between signed and unsigned integer expressions [-Wsign-compare]
        } else if ((get_prox(offSide)>maxirread && get_prox(prefSide)<maxirread) || (get_prox(offCorner)>maxirread && get_prox(prefCorner)<maxirread)){
                                                                                                                                          ^
main.c:221:15: warning: unused variable 'wheelratio' [-Wunused-variable]
         float wheelratio = 0.9;
               ^~~~~~~~~~
main.c:222:38: warning: comparison between signed and unsigned integer expressions [-Wsign-compare]
        } else if ((get_prox(prefSide)>maxirread && get_prox(offSide)>maxirread) || (get_prox(prefCorner)>maxirread && get_prox(offCorner)>maxirread)){
                                      ^
main.c:222:69: warning: comparison between signed and unsigned integer expressions [-Wsign-compare]
        } else if ((get_prox(prefSide)>maxirread && get_prox(offSide)>maxirread) || (get_prox(prefCorner)>maxirread && get_prox(offCorner)>maxirread)){
                                                                     ^
main.c:222:105: warning: comparison between signed and unsigned integer expressions [-Wsign-compare]
        } else if ((get_prox(prefSide)>maxirread && get_prox(offSide)>maxirread) || (get_prox(prefCorner)>maxirread && get_prox(offCorner)>maxirread)){
                                                                                                         ^
main.c:222:138: warning: comparison between signed and unsigned integer expressions [-Wsign-compare]
        } else if ((get_prox(prefSide)>maxirread && get_prox(offSide)>maxirread) || (get_prox(prefCorner)>maxirread && get_prox(offCorner)>maxirread)){
                                                                                                                                          ^
main.c:227:38: warning: comparison between signed and unsigned integer expressions [-Wsign-compare]
        } else if (get_prox(prefFront)>maxirread || (get_prox(offFront)>maxirread)){
                                      ^
main.c:227:71: warning: comparison between signed and unsigned integer expressions [-Wsign-compare]
        } else if (get_prox(prefFront)>maxirread || (get_prox(offFront)>maxirread)){
                                                                       ^
main.c:260:4: warning: implicit declaration of function 'delay_ms' [-Wimplicit-function-declaration]
    delay_ms(500);
    ^~~~~~~~
main.c:64:18: warning: variable 'offBack' set but not used [-Wunused-but-set-variable]
     unsigned int offBack;
                  ^~~~~~~
main.c:60:18: warning: variable 'prefBack' set but not used [-Wunused-but-set-variable]
     unsigned int prefBack;
                  ^~~~~~~~
[1;34mLinking build/Project_template.elf[0m
[1;34mCreating build/Project_template.hex[0m
[1;34mCreating build/Project_template.bin[0m
[1;34mCreating build/Project_template.dmp[0m

   text	   data	    bss	    dec	    hex	filename
  63924	   3084	  17508	  84516	  14a24	build/Project_template.elf
[1;34mCreating build/Project_template.list[0m

[1;34mDone[0m
15:57:01 **** Incremental Build of configuration Default for project Project ****
make all 
[1;34mCompiling main.c[0m
main.c: In function 'main':
main.c:152:27: warning: comparison between signed and unsigned integer expressions [-Wsign-compare]
     if (get_prox(prefSide)<minirread){
                           ^
main.c:155:49: warning: comparison between signed and unsigned integer expressions [-Wsign-compare]
        } else if ((get_calibrated_prox(prefSide)>maxirread && get_calibrated_prox(offSide)<maxirread) || (get_calibrated_prox(prefCorner)>maxirread && get_calibrated_prox(offCorner)<maxirread)){
                                                 ^
main.c:155:91: warning: comparison between signed and unsigned integer expressions [-Wsign-compare]
        } else if ((get_calibrated_prox(prefSide)>maxirread && get_calibrated_prox(offSide)<maxirread) || (get_calibrated_prox(prefCorner)>maxirread && get_calibrated_prox(offCorner)<maxirread)){
                                                                                           ^
main.c:155:138: warning: comparison between signed and unsigned integer expressions [-Wsign-compare]
        } else if ((get_calibrated_prox(prefSide)>maxirread && get_calibrated_prox(offSide)<maxirread) || (get_calibrated_prox(prefCorner)>maxirread && get_calibrated_prox(offCorner)<maxirread)){
                                                                                                                                          ^
main.c:155:182: warning: comparison between signed and unsigned integer expressions [-Wsign-compare]
        } else if ((get_calibrated_prox(prefSide)>maxirread && get_calibrated_prox(offSide)<maxirread) || (get_calibrated_prox(prefCorner)>maxirread && get_calibrated_prox(offCorner)<maxirread)){
                                                                                                                                                                                      ^
main.c:158:48: warning: comparison between signed and unsigned integer expressions [-Wsign-compare]
        } else if ((get_calibrated_prox(offSide)>maxirread && get_calibrated_prox(prefSide)<maxirread) || (get_calibrated_prox(offCorner)>maxirread && get_calibrated_prox(prefCorner)<maxirread)){
                                                ^
main.c:158:91: warning: comparison between signed and unsigned integer expressions [-Wsign-compare]
        } else if ((get_calibrated_prox(offSide)>maxirread && get_calibrated_prox(prefSide)<maxirread) || (get_calibrated_prox(offCorner)>maxirread && get_calibrated_prox(prefCorner)<maxirread)){
                                                                                           ^
main.c:158:137: warning: comparison between signed and unsigned integer expressions [-Wsign-compare]
        } else if ((get_calibrated_prox(offSide)>maxirread && get_calibrated_prox(prefSide)<maxirread) || (get_calibrated_prox(offCorner)>maxirread && get_calibrated_prox(prefCorner)<maxirread)){
                                                                                                                                         ^
main.c:158:182: warning: comparison between signed and unsigned integer expressions [-Wsign-compare]
        } else if ((get_calibrated_prox(offSide)>maxirread && get_calibrated_prox(prefSide)<maxirread) || (get_calibrated_prox(offCorner)>maxirread && get_calibrated_prox(prefCorner)<maxirread)){
                                                                                                                                                                                      ^
main.c:161:49: warning: comparison between signed and unsigned integer expressions [-Wsign-compare]
        } else if ((get_calibrated_prox(prefSide)>maxirread && get_calibrated_prox(offSide)>maxirread) || (get_calibrated_prox(prefCorner)>maxirread && get_calibrated_prox(offCorner)>maxirread)){
                                                 ^
main.c:161:91: warning: comparison between signed and unsigned integer expressions [-Wsign-compare]
        } else if ((get_calibrated_prox(prefSide)>maxirread && get_calibrated_prox(offSide)>maxirread) || (get_calibrated_prox(prefCorner)>maxirread && get_calibrated_prox(offCorner)>maxirread)){
                                                                                           ^
main.c:161:138: warning: comparison between signed and unsigned integer expressions [-Wsign-compare]
        } else if ((get_calibrated_prox(prefSide)>maxirread && get_calibrated_prox(offSide)>maxirread) || (get_calibrated_prox(prefCorner)>maxirread && get_calibrated_prox(offCorner)>maxirread)){
                                                                                                                                          ^
main.c:161:182: warning: comparison between signed and unsigned integer expressions [-Wsign-compare]
        } else if ((get_calibrated_prox(prefSide)>maxirread && get_calibrated_prox(offSide)>maxirread) || (get_calibrated_prox(prefCorner)>maxirread && get_calibrated_prox(offCorner)>maxirread)){
                                                                                                                                                                                      ^
main.c:166:49: warning: comparison between signed and unsigned integer expressions [-Wsign-compare]
        } else if (get_calibrated_prox(prefFront)>maxirread || (get_calibrated_prox(offFront)>maxirread)){
                                                 ^
main.c:166:93: warning: comparison between signed and unsigned integer expressions [-Wsign-compare]
        } else if (get_calibrated_prox(prefFront)>maxirread || (get_calibrated_prox(offFront)>maxirread)){
                                                                                             ^
main.c:194:9: warning: unused variable 'wallsexplored' [-Wunused-variable]
    bool wallsexplored = 1;
         ^~~~~~~~~~~~~
main.c:207:22: warning: comparison between signed and unsigned integer expressions [-Wsign-compare]
   if (SensorValue[0] > threshold || SensorValue[7] > threshold || SensorValue[1] > threshold || SensorValue[2] > threshold || SensorValue[5] > threshold ||SensorValue[6] > threshold) {
                      ^
main.c:207:52: warning: comparison between signed and unsigned integer expressions [-Wsign-compare]
   if (SensorValue[0] > threshold || SensorValue[7] > threshold || SensorValue[1] > threshold || SensorValue[2] > threshold || SensorValue[5] > threshold ||SensorValue[6] > threshold) {
                                                    ^
main.c:207:82: warning: comparison between signed and unsigned integer expressions [-Wsign-compare]
   if (SensorValue[0] > threshold || SensorValue[7] > threshold || SensorValue[1] > threshold || SensorValue[2] > threshold || SensorValue[5] > threshold ||SensorValue[6] > threshold) {
                                                                                  ^
main.c:207:112: warning: comparison between signed and unsigned integer expressions [-Wsign-compare]
   if (SensorValue[0] > threshold || SensorValue[7] > threshold || SensorValue[1] > threshold || SensorValue[2] > threshold || SensorValue[5] > threshold ||SensorValue[6] > threshold) {
                                                                                                                ^
main.c:207:142: warning: comparison between signed and unsigned integer expressions [-Wsign-compare]
   if (SensorValue[0] > threshold || SensorValue[7] > threshold || SensorValue[1] > threshold || SensorValue[2] > threshold || SensorValue[5] > threshold ||SensorValue[6] > threshold) {
                                                                                                                                              ^
main.c:207:171: warning: comparison between signed and unsigned integer expressions [-Wsign-compare]
   if (SensorValue[0] > threshold || SensorValue[7] > threshold || SensorValue[1] > threshold || SensorValue[2] > threshold || SensorValue[5] > threshold ||SensorValue[6] > threshold) {
                                                                                                                                                                           ^
main.c:212:27: warning: comparison between signed and unsigned integer expressions [-Wsign-compare]
     if (get_prox(prefSide)<minirread){
                           ^
main.c:214:15: warning: unused variable 'wheelratio' [-Wunused-variable]
         float wheelratio = 0.9;
               ^~~~~~~~~~
main.c:215:37: warning: comparison between signed and unsigned integer expressions [-Wsign-compare]
        } else if (get_prox(prefSide)>maxirread && get_prox(offSide)<maxirread ){
                                     ^
main.c:215:68: warning: comparison between signed and unsigned integer expressions [-Wsign-compare]
        } else if (get_prox(prefSide)>maxirread && get_prox(offSide)<maxirread ){
                                                                    ^
main.c:217:15: warning: unused variable 'wheelratio' [-Wunused-variable]
         float wheelratio = 1.1;
               ^~~~~~~~~~
main.c:218:37: warning: comparison between signed and unsigned integer expressions [-Wsign-compare]
        } else if ((get_prox(offSide)>maxirread && get_prox(prefSide)<maxirread) || (get_prox(offCorner)>maxirread && get_prox(prefCorner)<maxirread)){
                                     ^
main.c:218:69: warning: comparison between signed and unsigned integer expressions [-Wsign-compare]
        } else if ((get_prox(offSide)>maxirread && get_prox(prefSide)<maxirread) || (get_prox(offCorner)>maxirread && get_prox(prefCorner)<maxirread)){
                                                                     ^
main.c:218:104: warning: comparison between signed and unsigned integer expressions [-Wsign-compare]
        } else if ((get_prox(offSide)>maxirread && get_prox(prefSide)<maxirread) || (get_prox(offCorner)>maxirread && get_prox(prefCorner)<maxirread)){
                                                                                                        ^
main.c:218:138: warning: comparison between signed and unsigned integer expressions [-Wsign-compare]
        } else if ((get_prox(offSide)>maxirread && get_prox(prefSide)<maxirread) || (get_prox(offCorner)>maxirread && get_prox(prefCorner)<maxirread)){
                                                                                                                                          ^
main.c:220:15: warning: unused variable 'wheelratio' [-Wunused-variable]
         float wheelratio = 0.9;
               ^~~~~~~~~~
main.c:221:38: warning: comparison between signed and unsigned integer expressions [-Wsign-compare]
        } else if ((get_prox(prefSide)>maxirread && get_prox(offSide)>maxirread) || (get_prox(prefCorner)>maxirread && get_prox(offCorner)>maxirread)){
                                      ^
main.c:221:69: warning: comparison between signed and unsigned integer expressions [-Wsign-compare]
        } else if ((get_prox(prefSide)>maxirread && get_prox(offSide)>maxirread) || (get_prox(prefCorner)>maxirread && get_prox(offCorner)>maxirread)){
                                                                     ^
main.c:221:105: warning: comparison between signed and unsigned integer expressions [-Wsign-compare]
        } else if ((get_prox(prefSide)>maxirread && get_prox(offSide)>maxirread) || (get_prox(prefCorner)>maxirread && get_prox(offCorner)>maxirread)){
                                                                                                         ^
main.c:221:138: warning: comparison between signed and unsigned integer expressions [-Wsign-compare]
        } else if ((get_prox(prefSide)>maxirread && get_prox(offSide)>maxirread) || (get_prox(prefCorner)>maxirread && get_prox(offCorner)>maxirread)){
                                                                                                                                          ^
main.c:226:38: warning: comparison between signed and unsigned integer expressions [-Wsign-compare]
        } else if (get_prox(prefFront)>maxirread || (get_prox(offFront)>maxirread)){
                                      ^
main.c:226:71: warning: comparison between signed and unsigned integer expressions [-Wsign-compare]
        } else if (get_prox(prefFront)>maxirread || (get_prox(offFront)>maxirread)){
                                                                       ^
main.c:259:4: warning: implicit declaration of function 'delay_ms' [-Wimplicit-function-declaration]
    delay_ms(500);
    ^~~~~~~~
main.c:64:18: warning: variable 'offBack' set but not used [-Wunused-but-set-variable]
     unsigned int offBack;
                  ^~~~~~~
main.c:60:18: warning: variable 'prefBack' set but not used [-Wunused-but-set-variable]
     unsigned int prefBack;
                  ^~~~~~~~
[1;34mLinking build/Project_template.elf[0m
[1;34mCreating build/Project_template.hex[0m
[1;34mCreating build/Project_template.bin[0m
[1;34mCreating build/Project_template.dmp[0m

   text	   data	    bss	    dec	    hex	filename
  63924	   3084	  17508	  84516	  14a24	build/Project_template.elf
[1;34mCreating build/Project_template.list[0m

[1;34mDone[0m
15:58:46 **** Incremental Build of configuration Default for project Project ****
make all 
[1;34mCompiling main.c[0m
main.c: In function 'main':
main.c:152:27: warning: comparison between signed and unsigned integer expressions [-Wsign-compare]
     if (get_prox(prefSide)<minirread){
                           ^
main.c:155:49: warning: comparison between signed and unsigned integer expressions [-Wsign-compare]
        } else if ((get_calibrated_prox(prefSide)>maxirread && get_calibrated_prox(offSide)<maxirread) || (get_calibrated_prox(prefCorner)>maxirread && get_calibrated_prox(offCorner)<maxirread)){
                                                 ^
main.c:155:91: warning: comparison between signed and unsigned integer expressions [-Wsign-compare]
        } else if ((get_calibrated_prox(prefSide)>maxirread && get_calibrated_prox(offSide)<maxirread) || (get_calibrated_prox(prefCorner)>maxirread && get_calibrated_prox(offCorner)<maxirread)){
                                                                                           ^
main.c:155:138: warning: comparison between signed and unsigned integer expressions [-Wsign-compare]
        } else if ((get_calibrated_prox(prefSide)>maxirread && get_calibrated_prox(offSide)<maxirread) || (get_calibrated_prox(prefCorner)>maxirread && get_calibrated_prox(offCorner)<maxirread)){
                                                                                                                                          ^
main.c:155:182: warning: comparison between signed and unsigned integer expressions [-Wsign-compare]
        } else if ((get_calibrated_prox(prefSide)>maxirread && get_calibrated_prox(offSide)<maxirread) || (get_calibrated_prox(prefCorner)>maxirread && get_calibrated_prox(offCorner)<maxirread)){
                                                                                                                                                                                      ^
main.c:158:48: warning: comparison between signed and unsigned integer expressions [-Wsign-compare]
        } else if ((get_calibrated_prox(offSide)>maxirread && get_calibrated_prox(prefSide)<maxirread) || (get_calibrated_prox(offCorner)>maxirread && get_calibrated_prox(prefCorner)<maxirread)){
                                                ^
main.c:158:91: warning: comparison between signed and unsigned integer expressions [-Wsign-compare]
        } else if ((get_calibrated_prox(offSide)>maxirread && get_calibrated_prox(prefSide)<maxirread) || (get_calibrated_prox(offCorner)>maxirread && get_calibrated_prox(prefCorner)<maxirread)){
                                                                                           ^
main.c:158:137: warning: comparison between signed and unsigned integer expressions [-Wsign-compare]
        } else if ((get_calibrated_prox(offSide)>maxirread && get_calibrated_prox(prefSide)<maxirread) || (get_calibrated_prox(offCorner)>maxirread && get_calibrated_prox(prefCorner)<maxirread)){
                                                                                                                                         ^
main.c:158:182: warning: comparison between signed and unsigned integer expressions [-Wsign-compare]
        } else if ((get_calibrated_prox(offSide)>maxirread && get_calibrated_prox(prefSide)<maxirread) || (get_calibrated_prox(offCorner)>maxirread && get_calibrated_prox(prefCorner)<maxirread)){
                                                                                                                                                                                      ^
main.c:161:49: warning: comparison between signed and unsigned integer expressions [-Wsign-compare]
        } else if ((get_calibrated_prox(prefSide)>maxirread && get_calibrated_prox(offSide)>maxirread) || (get_calibrated_prox(prefCorner)>maxirread && get_calibrated_prox(offCorner)>maxirread)){
                                                 ^
main.c:161:91: warning: comparison between signed and unsigned integer expressions [-Wsign-compare]
        } else if ((get_calibrated_prox(prefSide)>maxirread && get_calibrated_prox(offSide)>maxirread) || (get_calibrated_prox(prefCorner)>maxirread && get_calibrated_prox(offCorner)>maxirread)){
                                                                                           ^
main.c:161:138: warning: comparison between signed and unsigned integer expressions [-Wsign-compare]
        } else if ((get_calibrated_prox(prefSide)>maxirread && get_calibrated_prox(offSide)>maxirread) || (get_calibrated_prox(prefCorner)>maxirread && get_calibrated_prox(offCorner)>maxirread)){
                                                                                                                                          ^
main.c:161:182: warning: comparison between signed and unsigned integer expressions [-Wsign-compare]
        } else if ((get_calibrated_prox(prefSide)>maxirread && get_calibrated_prox(offSide)>maxirread) || (get_calibrated_prox(prefCorner)>maxirread && get_calibrated_prox(offCorner)>maxirread)){
                                                                                                                                                                                      ^
main.c:166:49: warning: comparison between signed and unsigned integer expressions [-Wsign-compare]
        } else if (get_calibrated_prox(prefFront)>maxirread || (get_calibrated_prox(offFront)>maxirread)){
                                                 ^
main.c:166:93: warning: comparison between signed and unsigned integer expressions [-Wsign-compare]
        } else if (get_calibrated_prox(prefFront)>maxirread || (get_calibrated_prox(offFront)>maxirread)){
                                                                                             ^
main.c:194:9: warning: unused variable 'wallsexplored' [-Wunused-variable]
    bool wallsexplored = 1;
         ^~~~~~~~~~~~~
main.c:207:22: warning: comparison between signed and unsigned integer expressions [-Wsign-compare]
   if (SensorValue[0] > threshold || SensorValue[7] > threshold || SensorValue[1] > threshold || SensorValue[2] > threshold || SensorValue[5] > threshold ||SensorValue[6] > threshold) {
                      ^
main.c:207:52: warning: comparison between signed and unsigned integer expressions [-Wsign-compare]
   if (SensorValue[0] > threshold || SensorValue[7] > threshold || SensorValue[1] > threshold || SensorValue[2] > threshold || SensorValue[5] > threshold ||SensorValue[6] > threshold) {
                                                    ^
main.c:207:82: warning: comparison between signed and unsigned integer expressions [-Wsign-compare]
   if (SensorValue[0] > threshold || SensorValue[7] > threshold || SensorValue[1] > threshold || SensorValue[2] > threshold || SensorValue[5] > threshold ||SensorValue[6] > threshold) {
                                                                                  ^
main.c:207:112: warning: comparison between signed and unsigned integer expressions [-Wsign-compare]
   if (SensorValue[0] > threshold || SensorValue[7] > threshold || SensorValue[1] > threshold || SensorValue[2] > threshold || SensorValue[5] > threshold ||SensorValue[6] > threshold) {
                                                                                                                ^
main.c:207:142: warning: comparison between signed and unsigned integer expressions [-Wsign-compare]
   if (SensorValue[0] > threshold || SensorValue[7] > threshold || SensorValue[1] > threshold || SensorValue[2] > threshold || SensorValue[5] > threshold ||SensorValue[6] > threshold) {
                                                                                                                                              ^
main.c:207:171: warning: comparison between signed and unsigned integer expressions [-Wsign-compare]
   if (SensorValue[0] > threshold || SensorValue[7] > threshold || SensorValue[1] > threshold || SensorValue[2] > threshold || SensorValue[5] > threshold ||SensorValue[6] > threshold) {
                                                                                                                                                                           ^
main.c:212:27: warning: comparison between signed and unsigned integer expressions [-Wsign-compare]
     if (get_prox(prefSide)<minirread){
                           ^
main.c:214:15: warning: unused variable 'wheelratio' [-Wunused-variable]
         float wheelratio = 0.9;
               ^~~~~~~~~~
main.c:215:37: warning: comparison between signed and unsigned integer expressions [-Wsign-compare]
        } else if (get_prox(prefSide)>maxirread && get_prox(offSide)<maxirread ){
                                     ^
main.c:215:68: warning: comparison between signed and unsigned integer expressions [-Wsign-compare]
        } else if (get_prox(prefSide)>maxirread && get_prox(offSide)<maxirread ){
                                                                    ^
main.c:217:15: warning: unused variable 'wheelratio' [-Wunused-variable]
         float wheelratio = 1.1;
               ^~~~~~~~~~
main.c:218:37: warning: comparison between signed and unsigned integer expressions [-Wsign-compare]
        } else if ((get_prox(offSide)>maxirread && get_prox(prefSide)<maxirread) || (get_prox(offCorner)>maxirread && get_prox(prefCorner)<maxirread)){
                                     ^
main.c:218:69: warning: comparison between signed and unsigned integer expressions [-Wsign-compare]
        } else if ((get_prox(offSide)>maxirread && get_prox(prefSide)<maxirread) || (get_prox(offCorner)>maxirread && get_prox(prefCorner)<maxirread)){
                                                                     ^
main.c:218:104: warning: comparison between signed and unsigned integer expressions [-Wsign-compare]
        } else if ((get_prox(offSide)>maxirread && get_prox(prefSide)<maxirread) || (get_prox(offCorner)>maxirread && get_prox(prefCorner)<maxirread)){
                                                                                                        ^
main.c:218:138: warning: comparison between signed and unsigned integer expressions [-Wsign-compare]
        } else if ((get_prox(offSide)>maxirread && get_prox(prefSide)<maxirread) || (get_prox(offCorner)>maxirread && get_prox(prefCorner)<maxirread)){
                                                                                                                                          ^
main.c:220:15: warning: unused variable 'wheelratio' [-Wunused-variable]
         float wheelratio = 0.9;
               ^~~~~~~~~~
main.c:221:38: warning: comparison between signed and unsigned integer expressions [-Wsign-compare]
        } else if ((get_prox(prefSide)>maxirread && get_prox(offSide)>maxirread) || (get_prox(prefCorner)>maxirread && get_prox(offCorner)>maxirread)){
                                      ^
main.c:221:69: warning: comparison between signed and unsigned integer expressions [-Wsign-compare]
        } else if ((get_prox(prefSide)>maxirread && get_prox(offSide)>maxirread) || (get_prox(prefCorner)>maxirread && get_prox(offCorner)>maxirread)){
                                                                     ^
main.c:221:105: warning: comparison between signed and unsigned integer expressions [-Wsign-compare]
        } else if ((get_prox(prefSide)>maxirread && get_prox(offSide)>maxirread) || (get_prox(prefCorner)>maxirread && get_prox(offCorner)>maxirread)){
                                                                                                         ^
main.c:221:138: warning: comparison between signed and unsigned integer expressions [-Wsign-compare]
        } else if ((get_prox(prefSide)>maxirread && get_prox(offSide)>maxirread) || (get_prox(prefCorner)>maxirread && get_prox(offCorner)>maxirread)){
                                                                                                                                          ^
main.c:226:38: warning: comparison between signed and unsigned integer expressions [-Wsign-compare]
        } else if (get_prox(prefFront)>maxirread || (get_prox(offFront)>maxirread)){
                                      ^
main.c:226:71: warning: comparison between signed and unsigned integer expressions [-Wsign-compare]
        } else if (get_prox(prefFront)>maxirread || (get_prox(offFront)>maxirread)){
                                                                       ^
main.c:259:4: warning: implicit declaration of function 'delay_ms' [-Wimplicit-function-declaration]
    delay_ms(500);
    ^~~~~~~~
main.c:64:18: warning: variable 'offBack' set but not used [-Wunused-but-set-variable]
     unsigned int offBack;
                  ^~~~~~~
main.c:60:18: warning: variable 'prefBack' set but not used [-Wunused-but-set-variable]
     unsigned int prefBack;
                  ^~~~~~~~
[1;34mLinking build/Project_template.elf[0m
[1;34mCreating build/Project_template.hex[0m
[1;34mCreating build/Project_template.bin[0m
[1;34mCreating build/Project_template.dmp[0m

   text	   data	    bss	    dec	    hex	filename
  63924	   3084	  17508	  84516	  14a24	build/Project_template.elf
[1;34mCreating build/Project_template.list[0m

[1;34mDone[0m
15:58:50 **** Incremental Build of configuration Default for project Project ****
make all 
make: Nothing to be done for 'all'.
15:59:49 **** Incremental Build of configuration Default for project Project ****
make all 
make: Nothing to be done for 'all'.
16:00:02 **** Incremental Build of configuration Default for project Project ****
make all 
make: Nothing to be done for 'all'.
16:00:05 **** Incremental Build of configuration Default for project Project ****
make all 
make: Nothing to be done for 'all'.
16:00:50 **** Incremental Build of configuration Default for project Project ****
make all 
make: Nothing to be done for 'all'.
16:00:54 **** Incremental Build of configuration Default for project Project ****
make all 
make: Nothing to be done for 'all'.
16:01:37 **** Incremental Build of configuration Default for project Project ****
make all 
make: Nothing to be done for 'all'.
16:02:33 **** Incremental Build of configuration Default for project Project ****
make all 
make: Nothing to be done for 'all'.
16:02:54 **** Incremental Build of configuration Default for project Project ****
make all 
make: Nothing to be done for 'all'.
16:03:45 **** Incremental Build of configuration Default for project Project ****
make all 
make: Nothing to be done for 'all'.
16:03:48 **** Incremental Build of configuration Default for project Project ****
make all 
make: Nothing to be done for 'all'.
16:03:49 **** Incremental Build of configuration Default for project Project ****
make all 
make: Nothing to be done for 'all'.
16:03:49 **** Incremental Build of configuration Default for project Project ****
make all 
make: Nothing to be done for 'all'.
14:55:24 **** Build of configuration Default for project Project ****
make all 
[1;34mCompiling crt0_v7m.s[0m
[1;34mCompiling chcoreasm_v7m.s[0m
[1;34mCompiling main.c[0m
main.c: In function 'main':
main.c:70:9: error: 'i' undeclared (first use in this function)
    for (i=0; i<8; i++){
         ^
main.c:70:9: note: each undeclared identifier is reported only once for each function it appears in
make: *** [../e-puck2_main-processor/ChibiOS//os/common/ports/ARMCMx/compilers/GCC/rules.mk:217: build/obj/main.o] Error 1
"make all" terminated with exit code 2. Build might be incomplete.
14:55:50 **** Incremental Build of configuration Default for project Project ****
make all 
[1;34mCompiling main.c[0m
main.c: In function 'main':
main.c:96:14: error: 'i' undeclared (first use in this function)
         for (i=0; i<8; i++){
              ^
main.c:96:14: note: each undeclared identifier is reported only once for each function it appears in
make: *** [../e-puck2_main-processor/ChibiOS//os/common/ports/ARMCMx/compilers/GCC/rules.mk:217: build/obj/main.o] Error 1
"make all" terminated with exit code 2. Build might be incomplete.
14:56:21 **** Incremental Build of configuration Default for project Project ****
make all 
[1;34mCompiling main.c[0m
main.c: In function 'main':
main.c:113:14: error: 'i' undeclared (first use in this function)
         for (i=0; i<8; i++){
              ^
main.c:113:14: note: each undeclared identifier is reported only once for each function it appears in
make: *** [../e-puck2_main-processor/ChibiOS//os/common/ports/ARMCMx/compilers/GCC/rules.mk:217: build/obj/main.o] Error 1
"make all" terminated with exit code 2. Build might be incomplete.
14:56:32 **** Incremental Build of configuration Default for project Project ****
make all 
[1;34mCompiling main.c[0m
[1;34mCompiling spi3_slave_lld.c[0m
[1;34mCompiling dcmi_lld.c[0m
[1;34mCompiling dcmi.c[0m
[1;34mCompiling spi3_slave.c[0m
[1;34mCompiling audio_thread.c[0m
[1;34mCompiling microphone.c[0m
[1;34mCompiling mp45dt02_processing.c[0m
[1;34mCompiling play_melody.c[0m
[1;34mCompiling button.c[0m
[1;34mCompiling camera.c[0m
[1;34mCompiling dcmi_camera.c[0m
[1;34mCompiling ov2640.c[0m
[1;34mCompiling ov7670.c[0m
[1;34mCompiling po6030.c[0m
[1;34mCompiling po8030.c[0m
[1;34mCompiling cmd.c[0m
[1;34mCompiling Asercom.c[0m
[1;34mCompiling Asercom2.c[0m
[1;34mCompiling DataEEPROM.c[0m
[1;34mCompiling e_I2C_protocol.c[0m
[1;34mCompiling e_acc.c[0m
[1;34mCompiling e_ad_conv.c[0m
[1;34mCompiling e_micro.c[0m
[1;34mCompiling e_prox.c[0m
[1;34mCompiling e_lsm330.c[0m
[1;34mCompiling e_common.c[0m
[1;34mCompiling e_sound.c[0m
[1;34mCompiling e_agenda.c[0m
[1;34mCompiling e_led.c[0m
[1;34mCompiling e_motors.c[0m
[1;34mCompiling e_remote_control.c[0m
[1;34mCompiling e_init_port.c[0m
[1;34mCompiling e_uart_char.c[0m
[1;34mCompiling utility.c[0m
[1;34mCompiling exti.c[0m
[1;34mCompiling flash.c[0m
[1;34mCompiling i2c_bus.c[0m
[1;34mCompiling ir_remote.c[0m
[1;34mCompiling leds.c[0m
[1;34mCompiling memory_protection.c[0m
[1;34mCompiling motors.c[0m
[1;34mCompiling panic.c[0m
[1;34mCompiling selector.c[0m
[1;34mCompiling battery_level.c[0m
[1;34mCompiling ground.c[0m
[1;34mCompiling imu.c[0m
[1;34mCompiling mpu9250.c[0m
[1;34mCompiling proximity.c[0m
[1;34mCompiling serial_comm.c[0m
[1;34mCompiling spi_comm.c[0m
[1;34mCompiling sdio.c[0m
[1;34mCompiling usbcfg.c[0m
[1;34mCompiling uc_usage.c[0m
[1;34mCompiling malloc_lock.c[0m
[1;34mCompiling newlib_syscalls.c[0m
[1;34mCompiling port.c[0m
[1;34mCompiling communication.c[0m
[1;34mCompiling config_flash_storage.c[0m
[1;34mCompiling vl53l0x_api.c[0m
[1;34mCompiling vl53l0x_api_calibration.c[0m
[1;34mCompiling vl53l0x_api_core.c[0m
[1;34mCompiling vl53l0x_api_ranging.c[0m
[1;34mCompiling vl53l0x_api_strings.c[0m
[1;34mCompiling vl53l0x_i2c_platform.c[0m
[1;34mCompiling vl53l0x_platform.c[0m
[1;34mCompiling VL53L0X.c[0m
[1;34mCompiling serial_datagram.c[0m
[1;34mCompiling cmp.c[0m
[1;34mCompiling cmp_mem_access.c[0m
[1;34mCompiling crc16.c[0m
[1;34mCompiling crc32.c[0m
[1;34mCompiling messagebus.c[0m
[1;34mCompiling parameter.c[0m
[1;34mCompiling parameter_msgpack.c[0m
[1;34mCompiling parameter_print.c[0m
[1;34mCompiling fat.c[0m
[1;34mCompiling play_sound_file.c[0m
[1;34mCompiling behaviors.c[0m
[1;34mCompiling ircom.c[0m
[1;34mCompiling ircomReceive.c[0m
[1;34mCompiling ircomTools.c[0m
[1;34mCompiling ircomMessages.c[0m
[1;34mCompiling ircomSend.c[0m
[1;34mCompiling transceiver.c[0m
[1;34mCompiling crt1.c[0m
[1;34mCompiling vectors.c[0m
[1;34mCompiling chsys.c[0m
[1;34mCompiling chdebug.c[0m
[1;34mCompiling chvt.c[0m
[1;34mCompiling chschd.c[0m
[1;34mCompiling chthreads.c[0m
[1;34mCompiling chtm.c[0m
[1;34mCompiling chstats.c[0m
[1;34mCompiling chdynamic.c[0m
[1;34mCompiling chregistry.c[0m
[1;34mCompiling chsem.c[0m
[1;34mCompiling chmtx.c[0m
[1;34mCompiling chcond.c[0m
[1;34mCompiling chevents.c[0m
[1;34mCompiling chmsg.c[0m
[1;34mCompiling chmboxes.c[0m
[1;34mCompiling chqueues.c[0m
[1;34mCompiling chmemcore.c[0m
[1;34mCompiling chheap.c[0m
[1;34mCompiling chmempools.c[0m
[1;34mCompiling chcore.c[0m
[1;34mCompiling chcore_v7m.c[0m
[1;34mCompiling osal.c[0m
[1;34mCompiling hal.c[0m
[1;34mCompiling hal_queues.c[0m
[1;34mCompiling hal_mmcsd.c[0m
[1;34mCompiling adc.c[0m
[1;34mCompiling can.c[0m
[1;34mCompiling dac.c[0m
[1;34mCompiling ext.c[0m
[1;34mCompiling gpt.c[0m
[1;34mCompiling i2c.c[0m
[1;34mCompiling i2s.c[0m
[1;34mCompiling icu.c[0m
[1;34mCompiling mac.c[0m
[1;34mCompiling mmc_spi.c[0m
[1;34mCompiling pal.c[0m
[1;34mCompiling pwm.c[0m
[1;34mCompiling rtc.c[0m
[1;34mCompiling sdc.c[0m
[1;34mCompiling serial.c[0m
[1;34mCompiling serial_usb.c[0m
[1;34mCompiling spi.c[0m
[1;34mCompiling st.c[0m
[1;34mCompiling uart.c[0m
[1;34mCompiling usb.c[0m
[1;34mCompiling nvic.c[0m
[1;34mCompiling stm32_dma.c[0m
[1;34mCompiling hal_lld.c[0m
[1;34mCompiling adc_lld.c[0m
[1;34mCompiling ext_lld_isr.c[0m
[1;34mCompiling can_lld.c[0m
[1;34mCompiling ext_lld.c[0m
[1;34mCompiling mac_lld.c[0m
[1;34mCompiling sdc_lld.c[0m
[1;34mCompiling dac_lld.c[0m
[1;34mCompiling pal_lld.c[0m
[1;34mCompiling i2c_lld.c[0m
[1;34mCompiling usb_lld.c[0m
[1;34mCompiling rtc_lld.c[0m
[1;34mCompiling i2s_lld.c[0m
[1;34mCompiling spi_lld.c[0m
[1;34mCompiling gpt_lld.c[0m
[1;34mCompiling icu_lld.c[0m
[1;34mCompiling pwm_lld.c[0m
[1;34mCompiling st_lld.c[0m
[1;34mCompiling serial_lld.c[0m
[1;34mCompiling uart_lld.c[0m
[1;34mCompiling board.c[0m
[1;34mCompiling test.c[0m
[1;34mCompiling testthd.c[0m
[1;34mCompiling testsem.c[0m
[1;34mCompiling testmtx.c[0m
[1;34mCompiling testmsg.c[0m
[1;34mCompiling testmbox.c[0m
[1;34mCompiling testevt.c[0m
[1;34mCompiling testheap.c[0m
[1;34mCompiling testpools.c[0m
[1;34mCompiling testdyn.c[0m
[1;34mCompiling testqueues.c[0m
[1;34mCompiling testsys.c[0m
[1;34mCompiling testbmk.c[0m
[1;34mCompiling shell.c[0m
[1;34mCompiling memstreams.c[0m
[1;34mCompiling chprintf.c[0m
[1;34mCompiling fatfs_diskio.c[0m
[1;34mCompiling fatfs_syscall.c[0m
[1;34mCompiling ff.c[0m
[1;34mCompiling unicode.c[0m
[1;34mCompiling vm-buffer.c[0m
[1;34mCompiling can-buffer.c[0m
[1;34mCompiling can-net.c[0m
[1;34mCompiling natives.c[0m
[1;34mCompiling vm.c[0m
[1;34mCompiling aseba_can_interface.c[0m
[1;34mCompiling aseba_node.c[0m
[1;34mCompiling skel_user.c[0m
[1;34mCompiling aseba_bridge.c[0m
[1;34mLinking build/Project_template.elf[0m
[1;34mCreating build/Project_template.hex[0m
[1;34mCreating build/Project_template.bin[0m
[1;34mCreating build/Project_template.dmp[0m

   text	   data	    bss	    dec	    hex	filename
  81236	   3780	  18860	 103876	  195c4	build/Project_template.elf
[1;34mCreating build/Project_template.list[0m

[1;34mDone[0m
14:57:00 **** Incremental Build of configuration Default for project Project ****
make all 
make: Nothing to be done for 'all'.
14:57:33 **** Incremental Build of configuration Default for project Project ****
make all 
make: Nothing to be done for 'all'.
14:57:42 **** Incremental Build of configuration Default for project Project ****
make all 
make: Nothing to be done for 'all'.
14:58:15 **** Incremental Build of configuration Default for project Project ****
make all 
make: Nothing to be done for 'all'.
14:58:27 **** Incremental Build of configuration Default for project Project ****
make all 
make: Nothing to be done for 'all'.
14:58:29 **** Incremental Build of configuration Default for project Project ****
make all 
make: Nothing to be done for 'all'.
15:00:19 **** Incremental Build of configuration Default for project Project ****
make all 
make: Nothing to be done for 'all'.
15:00:28 **** Incremental Build of configuration Default for project Project ****
make all 
make: Nothing to be done for 'all'.
15:01:01 **** Incremental Build of configuration Default for project Project ****
make all 
make: Nothing to be done for 'all'.
15:01:07 **** Incremental Build of configuration Default for project Project ****
make all 
make: Nothing to be done for 'all'.
15:01:32 **** Incremental Build of configuration Default for project Project ****
make all 
make: Nothing to be done for 'all'.
15:06:05 **** Incremental Build of configuration Default for project Project ****
make all 
[1;34mCompiling main.c[0m
[1;34mLinking build/Project_template.elf[0m
[1;34mCreating build/Project_template.hex[0m
[1;34mCreating build/Project_template.bin[0m
[1;34mCreating build/Project_template.dmp[0m

   text	   data	    bss	    dec	    hex	filename
  81252	   3780	  18860	 103892	  195d4	build/Project_template.elf
[1;34mCreating build/Project_template.list[0m

[1;34mDone[0m
15:08:25 **** Incremental Build of configuration Default for project Project ****
make all 
[1;34mCompiling main.c[0m
[1;34mLinking build/Project_template.elf[0m
[1;34mCreating build/Project_template.hex[0m
[1;34mCreating build/Project_template.bin[0m
[1;34mCreating build/Project_template.dmp[0m

   text	   data	    bss	    dec	    hex	filename
  81252	   3780	  18860	 103892	  195d4	build/Project_template.elf
[1;34mCreating build/Project_template.list[0m

[1;34mDone[0m
15:08:51 **** Incremental Build of configuration Default for project Project ****
make all 
make: Nothing to be done for 'all'.
15:34:44 **** Build of configuration Default for project Project ****
make all 
make: Nothing to be done for 'all'.
15:34:52 **** Incremental Build of configuration Default for project Project ****
make all 
make: Nothing to be done for 'all'.
15:34:57 **** Incremental Build of configuration Default for project Project ****
make all 
make: Nothing to be done for 'all'.
15:39:59 **** Incremental Build of configuration Default for project Project ****
make all 
[1;34mCompiling main.c[0m
[1;34mLinking build/Project_template.elf[0m
[1;34mCreating build/Project_template.hex[0m
[1;34mCreating build/Project_template.bin[0m
[1;34mCreating build/Project_template.dmp[0m

   text	   data	    bss	    dec	    hex	filename
  81268	   3780	  18860	 103908	  195e4	build/Project_template.elf
[1;34mCreating build/Project_template.list[0m

[1;34mDone[0m
15:45:27 **** Incremental Build of configuration Default for project Project ****
make all 
[1;34mCompiling main.c[0m
[1;34mLinking build/Project_template.elf[0m
[1;34mCreating build/Project_template.hex[0m
[1;34mCreating build/Project_template.bin[0m
[1;34mCreating build/Project_template.dmp[0m

   text	   data	    bss	    dec	    hex	filename
  81204	   3780	  18860	 103844	  195a4	build/Project_template.elf
[1;34mCreating build/Project_template.list[0m

[1;34mDone[0m
15:47:50 **** Incremental Build of configuration Default for project Project ****
make all 
[1;34mCompiling main.c[0m
[1;34mLinking build/Project_template.elf[0m
[1;34mCreating build/Project_template.hex[0m
[1;34mCreating build/Project_template.bin[0m
[1;34mCreating build/Project_template.dmp[0m

   text	   data	    bss	    dec	    hex	filename
  81204	   3780	  18860	 103844	  195a4	build/Project_template.elf
[1;34mCreating build/Project_template.list[0m

[1;34mDone[0m
15:50:42 **** Incremental Build of configuration Default for project Project ****
make all 
[1;34mCompiling main.c[0m
[1;34mLinking build/Project_template.elf[0m
[1;34mCreating build/Project_template.hex[0m
[1;34mCreating build/Project_template.bin[0m
[1;34mCreating build/Project_template.dmp[0m

   text	   data	    bss	    dec	    hex	filename
  81204	   3780	  18860	 103844	  195a4	build/Project_template.elf
[1;34mCreating build/Project_template.list[0m

[1;34mDone[0m
15:50:49 **** Incremental Build of configuration Default for project Project ****
make all 
make: Nothing to be done for 'all'.
15:51:07 **** Incremental Build of configuration Default for project Project ****
make all 
make: Nothing to be done for 'all'.
15:51:13 **** Incremental Build of configuration Default for project Project ****
make all 
make: Nothing to be done for 'all'.
15:51:18 **** Incremental Build of configuration Default for project Project ****
make all 
make: Nothing to be done for 'all'.
15:51:29 **** Incremental Build of configuration Default for project Project ****
make all 
make: Nothing to be done for 'all'.
15:51:40 **** Incremental Build of configuration Default for project Project ****
make all 
make: Nothing to be done for 'all'.
15:52:05 **** Incremental Build of configuration Default for project Project ****
make all 
make: Nothing to be done for 'all'.
15:54:27 **** Incremental Build of configuration Default for project Project ****
make all 
[1;34mCompiling main.c[0m
[1;34mLinking build/Project_template.elf[0m
[1;34mCreating build/Project_template.hex[0m
[1;34mCreating build/Project_template.bin[0m
[1;34mCreating build/Project_template.dmp[0m

   text	   data	    bss	    dec	    hex	filename
  81204	   3780	  18860	 103844	  195a4	build/Project_template.elf
[1;34mCreating build/Project_template.list[0m

[1;34mDone[0m
15:55:55 **** Incremental Build of configuration Default for project Project ****
make all 
make: Nothing to be done for 'all'.
16:01:37 **** Incremental Build of configuration Default for project Project ****
make all 
[1;34mCompiling main.c[0m
main.c: In function 'main':
main.c:61:6: warning: variable 'tof_thresh' set but not used [-Wunused-but-set-variable]
  int tof_thresh;
      ^~~~~~~~~~
[1;34mLinking build/Project_template.elf[0m
[1;34mCreating build/Project_template.hex[0m
[1;34mCreating build/Project_template.bin[0m
[1;34mCreating build/Project_template.dmp[0m

   text	   data	    bss	    dec	    hex	filename
  81188	   3780	  18860	 103828	  19594	build/Project_template.elf
[1;34mCreating build/Project_template.list[0m

[1;34mDone[0m
