ARM GAS  /tmp/ccwPAVQD.s 			page 1


   1              		.cpu cortex-m4
   2              		.eabi_attribute 27, 1
   3              		.eabi_attribute 28, 1
   4              		.eabi_attribute 20, 1
   5              		.eabi_attribute 21, 1
   6              		.eabi_attribute 23, 3
   7              		.eabi_attribute 24, 1
   8              		.eabi_attribute 25, 1
   9              		.eabi_attribute 26, 1
  10              		.eabi_attribute 30, 2
  11              		.eabi_attribute 34, 1
  12              		.eabi_attribute 18, 4
  13              		.file	"main.c"
  14              		.text
  15              	.Ltext0:
  16              		.cfi_sections	.debug_frame
  17              		.section	.text.startup.main,"ax",%progbits
  18              		.align	1
  19              		.p2align 4,,15
  20              		.global	main
  21              		.syntax unified
  22              		.thumb
  23              		.thumb_func
  24              		.fpu fpv4-sp-d16
  25              		.type	main, %function
  26              	main:
  27              	.LFB259:
  28              		.file 1 "main.c"
  29              		.loc 1 29 0
  30              		.cfi_startproc
  31              		@ args = 0, pretend = 0, frame = 8
  32              		@ frame_needed = 0, uses_anonymous_args = 0
  33 0000 F0B5     		push	{r4, r5, r6, r7, lr}
  34              		.cfi_def_cfa_offset 20
  35              		.cfi_offset 4, -20
  36              		.cfi_offset 5, -16
  37              		.cfi_offset 6, -12
  38              		.cfi_offset 7, -8
  39              		.cfi_offset 14, -4
  40 0002 5C4B     		ldr	r3, .L29
  41              		.loc 1 167 0
  42 0004 5C4F     		ldr	r7, .L29+4
  43              		.loc 1 29 0
  44 0006 1B68     		ldr	r3, [r3]
  45 0008 83B0     		sub	sp, sp, #12
  46              		.cfi_def_cfa_offset 32
  47              		.loc 1 29 0
  48 000a 0193     		str	r3, [sp, #4]
  49              		.loc 1 30 0
  50 000c FFF7FEFF 		bl	halInit
  51              	.LVL0:
  52              		.loc 1 31 0
  53 0010 FFF7FEFF 		bl	chSysInit
  54              	.LVL1:
  55              		.loc 1 32 0
  56 0014 FFF7FEFF 		bl	mpu_init
  57              	.LVL2:
ARM GAS  /tmp/ccwPAVQD.s 			page 2


  58              		.loc 1 35 0
  59 0018 584A     		ldr	r2, .L29+8
  60 001a 5949     		ldr	r1, .L29+12
  61 001c 5948     		ldr	r0, .L29+16
  62 001e FFF7FEFF 		bl	messagebus_init
  63              	.LVL3:
  64              		.loc 1 36 0
  65 0022 0020     		movs	r0, #0
  66 0024 FFF7FEFF 		bl	proximity_start
  67              	.LVL4:
  68              		.loc 1 37 0
  69 0028 FFF7FEFF 		bl	calibrate_ir
  70              	.LVL5:
  71              		.loc 1 40 0
  72 002c FFF7FEFF 		bl	VL53L0X_start
  73              	.LVL6:
  74              		.loc 1 43 0
  75 0030 FFF7FEFF 		bl	clear_leds
  76              	.LVL7:
  77              		.loc 1 44 0
  78 0034 FFF7FEFF 		bl	spi_comm_start
  79              	.LVL8:
  80              		.loc 1 47 0
  81 0038 FFF7FEFF 		bl	motors_init
  82              	.LVL9:
  83              		.loc 1 50 0
  84 003c FFF7FEFF 		bl	serial_start
  85              	.LVL10:
  86              	.L22:
  87              		.loc 1 64 0
  88 0040 FFF7FEFF 		bl	get_selector
  89              	.LVL11:
  90 0044 0A28     		cmp	r0, #10
  91 0046 FBDC     		bgt	.L22
  92              		.loc 1 65 0
  93 0048 0021     		movs	r1, #0
  94 004a 0846     		mov	r0, r1
  95 004c FFF7FEFF 		bl	set_led
  96              	.LVL12:
  97              	.LBB2:
  98              		.loc 1 70 0
  99 0050 0024     		movs	r4, #0
 100              	.LBE2:
 101              		.loc 1 66 0
 102 0052 2546     		mov	r5, r4
 103              	.LVL13:
 104              	.L4:
 105              	.LBB3:
 106              		.loc 1 71 0
 107 0054 2046     		mov	r0, r4
 108 0056 FFF7FEFF 		bl	get_calibrated_prox
 109              	.LVL14:
 110 005a 0646     		mov	r6, r0
 111 005c 2846     		mov	r0, r5
 112 005e FFF7FEFF 		bl	get_calibrated_prox
 113              	.LVL15:
 114 0062 8642     		cmp	r6, r0
ARM GAS  /tmp/ccwPAVQD.s 			page 3


 115 0064 A4BF     		itt	ge
 116 0066 2046     		movge	r0, r4
 117 0068 2546     		movge	r5, r4
 118              	.LVL16:
 119              		.loc 1 70 0
 120 006a 04F10104 		add	r4, r4, #1
 121              	.LVL17:
 122              		.loc 1 71 0
 123 006e B8BF     		it	lt
 124 0070 2846     		movlt	r0, r5
 125              	.LVL18:
 126              		.loc 1 70 0
 127 0072 082C     		cmp	r4, #8
 128 0074 EED1     		bne	.L4
 129              	.LBE3:
 130              		.loc 1 76 0
 131 0076 FFF7FEFF 		bl	get_calibrated_prox
 132              	.LVL19:
 133              		.loc 1 80 0
 134 007a 0528     		cmp	r0, #5
 135 007c 6ADD     		ble	.L5
 136              		.loc 1 82 0
 137 007e B0F5167F 		cmp	r0, #600
 138 0082 26DD     		ble	.L6
 139              		.loc 1 83 0
 140 0084 072D     		cmp	r5, #7
 141 0086 DBD8     		bhi	.L22
 142 0088 DFE805F0 		tbb	[pc, r5]
 143              	.L9:
 144 008c 04       		.byte	(.L8-.L9)/2
 145 008d 17       		.byte	(.L10-.L9)/2
 146 008e 17       		.byte	(.L10-.L9)/2
 147 008f 17       		.byte	(.L10-.L9)/2
 148 0090 0B       		.byte	(.L11-.L9)/2
 149 0091 0B       		.byte	(.L11-.L9)/2
 150 0092 0B       		.byte	(.L11-.L9)/2
 151 0093 04       		.byte	(.L8-.L9)/2
 152              		.p2align 1
 153              	.L8:
 154              		.loc 1 86 0
 155 0094 0020     		movs	r0, #0
 156              	.LVL20:
 157 0096 FFF7FEFF 		bl	left_motor_set_speed
 158              	.LVL21:
 159              		.loc 1 87 0
 160 009a 0020     		movs	r0, #0
 161 009c FFF7FEFF 		bl	right_motor_set_speed
 162              	.LVL22:
 163              		.loc 1 88 0
 164 00a0 CEE7     		b	.L22
 165              	.LVL23:
 166              	.L11:
 167              		.loc 1 105 0
 168 00a2 3846     		mov	r0, r7
 169              	.LVL24:
 170 00a4 FFF7FEFF 		bl	left_motor_set_speed
 171              	.LVL25:
ARM GAS  /tmp/ccwPAVQD.s 			page 4


 172              		.loc 1 106 0
 173 00a8 4FF4FA70 		mov	r0, #500
 174 00ac FFF7FEFF 		bl	right_motor_set_speed
 175              	.LVL26:
 176              		.loc 1 107 0
 177 00b0 0121     		movs	r1, #1
 178 00b2 0020     		movs	r0, #0
 179 00b4 FFF7FEFF 		bl	set_led
 180              	.LVL27:
 181              		.loc 1 110 0
 182 00b8 C2E7     		b	.L22
 183              	.LVL28:
 184              	.L10:
 185              		.loc 1 93 0
 186 00ba 4FF4FA70 		mov	r0, #500
 187              	.LVL29:
 188 00be FFF7FEFF 		bl	left_motor_set_speed
 189              	.LVL30:
 190              		.loc 1 94 0
 191 00c2 3846     		mov	r0, r7
 192 00c4 FFF7FEFF 		bl	right_motor_set_speed
 193              	.LVL31:
 194              		.loc 1 96 0
 195 00c8 0121     		movs	r1, #1
 196 00ca 0020     		movs	r0, #0
 197 00cc FFF7FEFF 		bl	set_led
 198              	.LVL32:
 199              		.loc 1 99 0
 200 00d0 B6E7     		b	.L22
 201              	.LVL33:
 202              	.L6:
 203              		.loc 1 118 0
 204 00d2 072D     		cmp	r5, #7
 205 00d4 B4D8     		bhi	.L22
 206 00d6 DFE805F0 		tbb	[pc, r5]
 207              	.L13:
 208 00da 04       		.byte	(.L12-.L13)/2
 209 00db 35       		.byte	(.L14-.L13)/2
 210 00dc 2D       		.byte	(.L15-.L13)/2
 211 00dd 25       		.byte	(.L16-.L13)/2
 212 00de 0D       		.byte	(.L27-.L13)/2
 213 00df 1D       		.byte	(.L18-.L13)/2
 214 00e0 15       		.byte	(.L19-.L13)/2
 215 00e1 04       		.byte	(.L12-.L13)/2
 216              		.p2align 1
 217              	.L12:
 218              		.loc 1 120 0
 219 00e2 4FF42F70 		mov	r0, #700
 220              	.LVL34:
 221 00e6 FFF7FEFF 		bl	left_motor_set_speed
 222              	.LVL35:
 223              		.loc 1 121 0
 224 00ea 4FF42F70 		mov	r0, #700
 225 00ee FFF7FEFF 		bl	right_motor_set_speed
 226              	.LVL36:
 227              		.loc 1 122 0
 228 00f2 A5E7     		b	.L22
ARM GAS  /tmp/ccwPAVQD.s 			page 5


 229              	.LVL37:
 230              	.L27:
 231              		.loc 1 167 0
 232 00f4 3846     		mov	r0, r7
 233 00f6 FFF7FEFF 		bl	left_motor_set_speed
 234              	.LVL38:
 235              		.loc 1 168 0
 236 00fa 4FF4FA70 		mov	r0, #500
 237 00fe FFF7FEFF 		bl	right_motor_set_speed
 238              	.LVL39:
 239 0102 9DE7     		b	.L22
 240              	.LVL40:
 241              	.L19:
 242              		.loc 1 144 0
 243 0104 6420     		movs	r0, #100
 244              	.LVL41:
 245 0106 FFF7FEFF 		bl	left_motor_set_speed
 246              	.LVL42:
 247              		.loc 1 145 0
 248 010a 4FF42F70 		mov	r0, #700
 249 010e FFF7FEFF 		bl	right_motor_set_speed
 250              	.LVL43:
 251              		.loc 1 146 0
 252 0112 95E7     		b	.L22
 253              	.LVL44:
 254              	.L18:
 255              		.loc 1 140 0
 256 0114 0020     		movs	r0, #0
 257              	.LVL45:
 258 0116 FFF7FEFF 		bl	left_motor_set_speed
 259              	.LVL46:
 260              		.loc 1 141 0
 261 011a 4FF41670 		mov	r0, #600
 262 011e FFF7FEFF 		bl	right_motor_set_speed
 263              	.LVL47:
 264              		.loc 1 142 0
 265 0122 8DE7     		b	.L22
 266              	.LVL48:
 267              	.L16:
 268              		.loc 1 132 0
 269 0124 4FF4FA70 		mov	r0, #500
 270              	.LVL49:
 271 0128 FFF7FEFF 		bl	left_motor_set_speed
 272              	.LVL50:
 273              		.loc 1 133 0
 274 012c 3846     		mov	r0, r7
 275 012e FFF7FEFF 		bl	right_motor_set_speed
 276              	.LVL51:
 277              		.loc 1 134 0
 278 0132 85E7     		b	.L22
 279              	.LVL52:
 280              	.L15:
 281              		.loc 1 128 0
 282 0134 4FF41670 		mov	r0, #600
 283              	.LVL53:
 284 0138 FFF7FEFF 		bl	left_motor_set_speed
 285              	.LVL54:
ARM GAS  /tmp/ccwPAVQD.s 			page 6


 286              		.loc 1 129 0
 287 013c 0020     		movs	r0, #0
 288 013e FFF7FEFF 		bl	right_motor_set_speed
 289              	.LVL55:
 290              		.loc 1 130 0
 291 0142 7DE7     		b	.L22
 292              	.LVL56:
 293              	.L14:
 294              		.loc 1 124 0
 295 0144 4FF42F70 		mov	r0, #700
 296              	.LVL57:
 297 0148 FFF7FEFF 		bl	left_motor_set_speed
 298              	.LVL58:
 299              		.loc 1 125 0
 300 014c 6420     		movs	r0, #100
 301 014e FFF7FEFF 		bl	right_motor_set_speed
 302              	.LVL59:
 303              		.loc 1 126 0
 304 0152 75E7     		b	.L22
 305              	.LVL60:
 306              	.L5:
 307              		.loc 1 162 0
 308 0154 FFF7FEFF 		bl	VL53L0X_get_dist_mm
 309              	.LVL61:
 310 0158 0446     		mov	r4, r0
 311              	.LVL62:
 312              		.loc 1 163 0
 313 015a FFF7FEFF 		bl	get_selector
 314              	.LVL63:
 315              		.loc 1 166 0
 316 015e 002C     		cmp	r4, #0
 317 0160 C8D1     		bne	.L27
 318              		.loc 1 171 0
 319 0162 4FF47A70 		mov	r0, #1000
 320 0166 FFF7FEFF 		bl	left_motor_set_speed
 321              	.LVL64:
 322              		.loc 1 172 0
 323 016a 4FF47A70 		mov	r0, #1000
 324 016e FFF7FEFF 		bl	right_motor_set_speed
 325              	.LVL65:
 326 0172 65E7     		b	.L22
 327              	.L30:
 328              		.align	2
 329              	.L29:
 330 0174 00000000 		.word	__stack_chk_guard
 331 0178 0CFEFFFF 		.word	-500
 332 017c 00000000 		.word	.LANCHOR0
 333 0180 00000000 		.word	.LANCHOR1
 334 0184 00000000 		.word	.LANCHOR2
 335              		.cfi_endproc
 336              	.LFE259:
 337              		.size	main, .-main
 338              		.section	.text.__stack_chk_fail,"ax",%progbits
 339              		.align	1
 340              		.p2align 4,,15
 341              		.global	__stack_chk_fail
 342              		.syntax unified
ARM GAS  /tmp/ccwPAVQD.s 			page 7


 343              		.thumb
 344              		.thumb_func
 345              		.fpu fpv4-sp-d16
 346              		.type	__stack_chk_fail, %function
 347              	__stack_chk_fail:
 348              	.LFB260:
 349              		.loc 1 189 0
 350              		.cfi_startproc
 351              		@ args = 0, pretend = 0, frame = 8
 352              		@ frame_needed = 0, uses_anonymous_args = 0
 353 0000 00B5     		push	{lr}
 354              		.cfi_def_cfa_offset 4
 355              		.cfi_offset 14, -4
 356 0002 084B     		ldr	r3, .L36
 357 0004 83B0     		sub	sp, sp, #12
 358              		.cfi_def_cfa_offset 16
 359              		.loc 1 189 0
 360 0006 1A68     		ldr	r2, [r3]
 361 0008 0192     		str	r2, [sp, #4]
 362              		.loc 1 190 0
 363 000a 019A     		ldr	r2, [sp, #4]
 364 000c 1B68     		ldr	r3, [r3]
 365 000e 9A42     		cmp	r2, r3
 366 0010 05D1     		bne	.L35
 367 0012 0548     		ldr	r0, .L36+4
 368              		.loc 1 191 0
 369 0014 03B0     		add	sp, sp, #12
 370              		.cfi_remember_state
 371              		.cfi_def_cfa_offset 4
 372              		@ sp needed
 373 0016 5DF804EB 		ldr	lr, [sp], #4
 374              		.cfi_restore 14
 375              		.cfi_def_cfa_offset 0
 376              		.loc 1 190 0
 377 001a FFF7FEBF 		b	chSysHalt
 378              	.LVL66:
 379              	.L35:
 380              		.cfi_restore_state
 381 001e FFF7FEFF 		bl	__stack_chk_fail
 382              	.LVL67:
 383              	.L37:
 384 0022 00BF     		.align	2
 385              	.L36:
 386 0024 00000000 		.word	__stack_chk_guard
 387 0028 00000000 		.word	.LC0
 388              		.cfi_endproc
 389              	.LFE260:
 390              		.size	__stack_chk_fail, .-__stack_chk_fail
 391              		.global	__stack_chk_guard
 392              		.global	bus_condvar
 393              		.global	bus_lock
 394              		.global	bus
 395              		.section	.bss.bus,"aw",%nobits
 396              		.align	2
 397              		.set	.LANCHOR2,. + 0
 398              		.type	bus, %object
 399              		.size	bus, 12
ARM GAS  /tmp/ccwPAVQD.s 			page 8


 400              	bus:
 401 0000 00000000 		.space	12
 401      00000000 
 401      00000000 
 402              		.section	.data.__stack_chk_guard,"aw",%progbits
 403              		.align	2
 404              		.type	__stack_chk_guard, %object
 405              		.size	__stack_chk_guard, 4
 406              	__stack_chk_guard:
 407 0000 96E3DEE2 		.word	-488709226
 408              		.section	.data.bus_condvar,"aw",%progbits
 409              		.align	2
 410              		.set	.LANCHOR0,. + 0
 411              		.type	bus_condvar, %object
 412              		.size	bus_condvar, 8
 413              	bus_condvar:
 414 0000 00000000 		.word	bus_condvar
 415 0004 00000000 		.word	bus_condvar
 416              		.section	.data.bus_lock,"aw",%progbits
 417              		.align	2
 418              		.set	.LANCHOR1,. + 0
 419              		.type	bus_lock, %object
 420              		.size	bus_lock, 20
 421              	bus_lock:
 422 0000 00000000 		.word	bus_lock
 423 0004 00000000 		.word	bus_lock
 424 0008 00000000 		.word	0
 425 000c 00000000 		.word	0
 426 0010 00000000 		.word	0
 427              		.section	.rodata.__stack_chk_fail.str1.4,"aMS",%progbits,1
 428              		.align	2
 429              	.LC0:
 430 0000 53746163 		.ascii	"Stack smashing detected\000"
 430      6B20736D 
 430      61736869 
 430      6E672064 
 430      65746563 
 431              		.text
 432              	.Letext0:
 433              		.file 2 "/home/acse-lab/Documents/ele313-ts/Eclipse_e-puck2/Tools/gcc-arm-none-eabi-7-2017-q4-majo
 434              		.file 3 "/home/acse-lab/Documents/ele313-ts/Eclipse_e-puck2/Tools/gcc-arm-none-eabi-7-2017-q4-majo
 435              		.file 4 "/home/acse-lab/Documents/ele313-ts/Eclipse_e-puck2/Tools/gcc-arm-none-eabi-7-2017-q4-majo
 436              		.file 5 "/home/acse-lab/Documents/ele313-ts/Eclipse_e-puck2/Tools/gcc-arm-none-eabi-7-2017-q4-majo
 437              		.file 6 "/home/acse-lab/Documents/ele313-ts/Eclipse_e-puck2/Tools/gcc-arm-none-eabi-7-2017-q4-majo
 438              		.file 7 "/home/acse-lab/Documents/ele313-ts/Eclipse_e-puck2/Tools/gcc-arm-none-eabi-7-2017-q4-majo
 439              		.file 8 "/home/acse-lab/Documents/ele313-ts/Eclipse_e-puck2/Tools/gcc-arm-none-eabi-7-2017-q4-majo
 440              		.file 9 "/home/acse-lab/Documents/ele313-ts/Eclipse_e-puck2/Tools/gcc-arm-none-eabi-7-2017-q4-majo
 441              		.file 10 "../e-puck2_main-processor/ChibiOS//os/rt/ports/ARMCMx/compilers/GCC/chtypes.h"
 442              		.file 11 "../e-puck2_main-processor/ChibiOS//os/rt/include/chsystypes.h"
 443              		.file 12 "../e-puck2_main-processor/ChibiOS//os/rt/include/chschd.h"
 444              		.file 13 "../e-puck2_main-processor/ChibiOS//os/ext/CMSIS/include/core_cm4.h"
 445              		.file 14 "../e-puck2_main-processor/ChibiOS//os/ext/CMSIS/ST/system_stm32f4xx.h"
 446              		.file 15 "../e-puck2_main-processor/ChibiOS//os/ext/CMSIS/ST/stm32f407xx.h"
 447              		.file 16 "../e-puck2_main-processor/ChibiOS//os/rt/ports/ARMCMx/chcore.h"
 448              		.file 17 "../e-puck2_main-processor/ChibiOS//os/rt/ports/ARMCMx/chcore_v7m.h"
 449              		.file 18 "../e-puck2_main-processor/ChibiOS//os/rt/include/chdebug.h"
 450              		.file 19 "../e-puck2_main-processor/ChibiOS//os/rt/include/chtm.h"
ARM GAS  /tmp/ccwPAVQD.s 			page 9


 451              		.file 20 "../e-puck2_main-processor/ChibiOS//os/rt/include/chstats.h"
 452              		.file 21 "../e-puck2_main-processor/ChibiOS//os/rt/include/chsem.h"
 453              		.file 22 "../e-puck2_main-processor/ChibiOS//os/rt/include/chmtx.h"
 454              		.file 23 "../e-puck2_main-processor/ChibiOS//os/rt/include/chregistry.h"
 455              		.file 24 "../e-puck2_main-processor/ChibiOS//os/rt/include/chcond.h"
 456              		.file 25 "../e-puck2_main-processor/ChibiOS//os/rt/include/chevents.h"
 457              		.file 26 "../e-puck2_main-processor/ChibiOS//os/rt/include/chqueues.h"
 458              		.file 27 "../e-puck2_main-processor/ChibiOS//os/hal/ports/STM32/STM32F4xx/stm32_dma.h"
 459              		.file 28 "../e-puck2_main-processor/ChibiOS//os/hal/include/hal_ioblock.h"
 460              		.file 29 "../e-puck2_main-processor/ChibiOS//os/hal/ports/STM32/LLD/GPIOv2/pal_lld.h"
 461              		.file 30 "../e-puck2_main-processor/ChibiOS//os/hal/include/adc.h"
 462              		.file 31 "../e-puck2_main-processor/ChibiOS//os/hal/ports/STM32/STM32F4xx/adc_lld.h"
 463              		.file 32 "../e-puck2_main-processor/ChibiOS//os/hal/include/can.h"
 464              		.file 33 "../e-puck2_main-processor/ChibiOS//os/hal/ports/STM32/LLD/can_lld.h"
 465              		.file 34 "../e-puck2_main-processor/ChibiOS//os/hal/include/dac.h"
 466              		.file 35 "../e-puck2_main-processor/ChibiOS//os/hal/ports/STM32/LLD/DACv1/dac_lld.h"
 467              		.file 36 "../e-puck2_main-processor/ChibiOS//os/hal/include/ext.h"
 468              		.file 37 "../e-puck2_main-processor/ChibiOS//os/hal/ports/STM32/LLD/ext_lld.h"
 469              		.file 38 "../e-puck2_main-processor/ChibiOS//os/hal/include/gpt.h"
 470              		.file 39 "../e-puck2_main-processor/ChibiOS//os/hal/ports/STM32/LLD/TIMv1/gpt_lld.h"
 471              		.file 40 "../e-puck2_main-processor/ChibiOS//os/hal/ports/STM32/LLD/TIMv1/stm32_tim.h"
 472              		.file 41 "../e-puck2_main-processor/ChibiOS//os/hal/include/i2c.h"
 473              		.file 42 "../e-puck2_main-processor/ChibiOS//os/hal/ports/STM32/LLD/I2Cv1/i2c_lld.h"
 474              		.file 43 "../e-puck2_main-processor/ChibiOS//os/hal/include/i2s.h"
 475              		.file 44 "../e-puck2_main-processor/ChibiOS//os/hal/ports/STM32/LLD/SPIv1/i2s_lld.h"
 476              		.file 45 "../e-puck2_main-processor/ChibiOS//os/hal/include/pwm.h"
 477              		.file 46 "../e-puck2_main-processor/ChibiOS//os/hal/ports/STM32/LLD/TIMv1/pwm_lld.h"
 478              		.file 47 "../e-puck2_main-processor/ChibiOS//os/hal/include/serial.h"
 479              		.file 48 "../e-puck2_main-processor/ChibiOS//os/hal/ports/STM32/LLD/USARTv1/serial_lld.h"
 480              		.file 49 "../e-puck2_main-processor/ChibiOS//os/hal/include/sdc.h"
 481              		.file 50 "../e-puck2_main-processor/ChibiOS//os/hal/ports/STM32/LLD/sdc_lld.h"
 482              		.file 51 "../e-puck2_main-processor/ChibiOS//os/hal/include/spi.h"
 483              		.file 52 "../e-puck2_main-processor/ChibiOS//os/hal/ports/STM32/LLD/SPIv1/spi_lld.h"
 484              		.file 53 "../e-puck2_main-processor/ChibiOS//os/hal/include/usb.h"
 485              		.file 54 "../e-puck2_main-processor/ChibiOS//os/hal/ports/STM32/LLD/OTGv1/usb_lld.h"
 486              		.file 55 "../e-puck2_main-processor/ChibiOS//os/hal/ports/STM32/LLD/OTGv1/stm32_otg.h"
 487              		.file 56 "/home/acse-lab/Documents/ele313-ts/Eclipse_e-puck2/Tools/gcc-arm-none-eabi-7-2017-q4-maj
 488              		.file 57 "../e-puck2_main-processor/src/msgbus/messagebus.h"
 489              		.file 58 "../e-puck2_main-processor/src/parameter/parameter.h"
 490              		.file 59 "./main.h"
 491              		.file 60 "../e-puck2_main-processor/src/leds.h"
 492              		.file 61 "../e-puck2_main-processor/src/motors.h"
 493              		.file 62 "../e-puck2_main-processor/ChibiOS//os/rt/include/chsys.h"
 494              		.file 63 "../e-puck2_main-processor/src/sensors/proximity.h"
 495              		.file 64 "../e-puck2_main-processor/ChibiOS//os/hal/include/hal.h"
 496              		.file 65 "../e-puck2_main-processor/src/memory_protection.h"
 497              		.file 66 "../e-puck2_main-processor/src/sensors/VL53L0X/VL53L0X.h"
 498              		.file 67 "../e-puck2_main-processor/src/spi_comm.h"
 499              		.file 68 "../e-puck2_main-processor/src/serial_comm.h"
 500              		.file 69 "../e-puck2_main-processor/src/selector.h"
 501              		.section	.debug_info,"",%progbits
 502              	.Ldebug_info0:
 503 0000 DD450000 		.4byte	0x45dd
 504 0004 0400     		.2byte	0x4
 505 0006 00000000 		.4byte	.Ldebug_abbrev0
 506 000a 04       		.byte	0x4
 507 000b 01       		.uleb128 0x1
ARM GAS  /tmp/ccwPAVQD.s 			page 10


 508 000c E30E0000 		.4byte	.LASF911
 509 0010 0C       		.byte	0xc
 510 0011 5F220000 		.4byte	.LASF912
 511 0015 C1090000 		.4byte	.LASF913
 512 0019 18000000 		.4byte	.Ldebug_ranges0+0x18
 513 001d 00000000 		.4byte	0
 514 0021 00000000 		.4byte	.Ldebug_line0
 515 0025 02       		.uleb128 0x2
 516 0026 01       		.byte	0x1
 517 0027 06       		.byte	0x6
 518 0028 CC140000 		.4byte	.LASF0
 519 002c 03       		.uleb128 0x3
 520 002d 17010000 		.4byte	.LASF2
 521 0031 02       		.byte	0x2
 522 0032 2B       		.byte	0x2b
 523 0033 37000000 		.4byte	0x37
 524 0037 02       		.uleb128 0x2
 525 0038 01       		.byte	0x1
 526 0039 08       		.byte	0x8
 527 003a 2C090000 		.4byte	.LASF1
 528 003e 03       		.uleb128 0x3
 529 003f 66070000 		.4byte	.LASF3
 530 0043 02       		.byte	0x2
 531 0044 37       		.byte	0x37
 532 0045 49000000 		.4byte	0x49
 533 0049 02       		.uleb128 0x2
 534 004a 02       		.byte	0x2
 535 004b 05       		.byte	0x5
 536 004c 02240000 		.4byte	.LASF4
 537 0050 03       		.uleb128 0x3
 538 0051 70070000 		.4byte	.LASF5
 539 0055 02       		.byte	0x2
 540 0056 39       		.byte	0x39
 541 0057 5B000000 		.4byte	0x5b
 542 005b 02       		.uleb128 0x2
 543 005c 02       		.byte	0x2
 544 005d 07       		.byte	0x7
 545 005e B1140000 		.4byte	.LASF6
 546 0062 03       		.uleb128 0x3
 547 0063 911D0000 		.4byte	.LASF7
 548 0067 02       		.byte	0x2
 549 0068 4D       		.byte	0x4d
 550 0069 6D000000 		.4byte	0x6d
 551 006d 02       		.uleb128 0x2
 552 006e 04       		.byte	0x4
 553 006f 05       		.byte	0x5
 554 0070 77170000 		.4byte	.LASF8
 555 0074 03       		.uleb128 0x3
 556 0075 9B1D0000 		.4byte	.LASF9
 557 0079 02       		.byte	0x2
 558 007a 4F       		.byte	0x4f
 559 007b 7F000000 		.4byte	0x7f
 560 007f 02       		.uleb128 0x2
 561 0080 04       		.byte	0x4
 562 0081 07       		.byte	0x7
 563 0082 57190000 		.4byte	.LASF10
 564 0086 02       		.uleb128 0x2
ARM GAS  /tmp/ccwPAVQD.s 			page 11


 565 0087 08       		.byte	0x8
 566 0088 05       		.byte	0x5
 567 0089 BA210000 		.4byte	.LASF11
 568 008d 03       		.uleb128 0x3
 569 008e 38110000 		.4byte	.LASF12
 570 0092 02       		.byte	0x2
 571 0093 69       		.byte	0x69
 572 0094 98000000 		.4byte	0x98
 573 0098 02       		.uleb128 0x2
 574 0099 08       		.byte	0x8
 575 009a 07       		.byte	0x7
 576 009b 5A1F0000 		.4byte	.LASF13
 577 009f 04       		.uleb128 0x4
 578 00a0 04       		.byte	0x4
 579 00a1 05       		.byte	0x5
 580 00a2 696E7400 		.ascii	"int\000"
 581 00a6 03       		.uleb128 0x3
 582 00a7 BA1A0000 		.4byte	.LASF14
 583 00ab 02       		.byte	0x2
 584 00ac E8       		.byte	0xe8
 585 00ad B1000000 		.4byte	0xb1
 586 00b1 02       		.uleb128 0x2
 587 00b2 04       		.byte	0x4
 588 00b3 07       		.byte	0x7
 589 00b4 AE230000 		.4byte	.LASF15
 590 00b8 03       		.uleb128 0x3
 591 00b9 B40C0000 		.4byte	.LASF16
 592 00bd 03       		.byte	0x3
 593 00be D8       		.byte	0xd8
 594 00bf B1000000 		.4byte	0xb1
 595 00c3 02       		.uleb128 0x2
 596 00c4 08       		.byte	0x8
 597 00c5 04       		.byte	0x4
 598 00c6 0A190000 		.4byte	.LASF17
 599 00ca 05       		.uleb128 0x5
 600 00cb 04       		.byte	0x4
 601 00cc 03       		.uleb128 0x3
 602 00cd 45070000 		.4byte	.LASF18
 603 00d1 04       		.byte	0x4
 604 00d2 22       		.byte	0x22
 605 00d3 D7000000 		.4byte	0xd7
 606 00d7 06       		.uleb128 0x6
 607 00d8 04       		.byte	0x4
 608 00d9 DD000000 		.4byte	0xdd
 609 00dd 07       		.uleb128 0x7
 610 00de 5F050000 		.4byte	.LASF125
 611 00e2 03       		.uleb128 0x3
 612 00e3 840C0000 		.4byte	.LASF19
 613 00e7 05       		.byte	0x5
 614 00e8 2C       		.byte	0x2c
 615 00e9 6D000000 		.4byte	0x6d
 616 00ed 03       		.uleb128 0x3
 617 00ee C61C0000 		.4byte	.LASF20
 618 00f2 05       		.byte	0x5
 619 00f3 72       		.byte	0x72
 620 00f4 6D000000 		.4byte	0x6d
 621 00f8 08       		.uleb128 0x8
ARM GAS  /tmp/ccwPAVQD.s 			page 12


 622 00f9 5E0E0000 		.4byte	.LASF21
 623 00fd 03       		.byte	0x3
 624 00fe 6501     		.2byte	0x165
 625 0100 B1000000 		.4byte	0xb1
 626 0104 09       		.uleb128 0x9
 627 0105 04       		.byte	0x4
 628 0106 05       		.byte	0x5
 629 0107 A6       		.byte	0xa6
 630 0108 23010000 		.4byte	0x123
 631 010c 0A       		.uleb128 0xa
 632 010d C4160000 		.4byte	.LASF22
 633 0111 05       		.byte	0x5
 634 0112 A8       		.byte	0xa8
 635 0113 F8000000 		.4byte	0xf8
 636 0117 0A       		.uleb128 0xa
 637 0118 0C0E0000 		.4byte	.LASF23
 638 011c 05       		.byte	0x5
 639 011d A9       		.byte	0xa9
 640 011e 23010000 		.4byte	0x123
 641 0122 00       		.byte	0
 642 0123 0B       		.uleb128 0xb
 643 0124 37000000 		.4byte	0x37
 644 0128 33010000 		.4byte	0x133
 645 012c 0C       		.uleb128 0xc
 646 012d B1000000 		.4byte	0xb1
 647 0131 03       		.byte	0x3
 648 0132 00       		.byte	0
 649 0133 0D       		.uleb128 0xd
 650 0134 08       		.byte	0x8
 651 0135 05       		.byte	0x5
 652 0136 A3       		.byte	0xa3
 653 0137 54010000 		.4byte	0x154
 654 013b 0E       		.uleb128 0xe
 655 013c E20C0000 		.4byte	.LASF24
 656 0140 05       		.byte	0x5
 657 0141 A5       		.byte	0xa5
 658 0142 9F000000 		.4byte	0x9f
 659 0146 00       		.byte	0
 660 0147 0E       		.uleb128 0xe
 661 0148 DF1D0000 		.4byte	.LASF25
 662 014c 05       		.byte	0x5
 663 014d AA       		.byte	0xaa
 664 014e 04010000 		.4byte	0x104
 665 0152 04       		.byte	0x4
 666 0153 00       		.byte	0
 667 0154 03       		.uleb128 0x3
 668 0155 461D0000 		.4byte	.LASF26
 669 0159 05       		.byte	0x5
 670 015a AB       		.byte	0xab
 671 015b 33010000 		.4byte	0x133
 672 015f 03       		.uleb128 0x3
 673 0160 25210000 		.4byte	.LASF27
 674 0164 05       		.byte	0x5
 675 0165 AF       		.byte	0xaf
 676 0166 CC000000 		.4byte	0xcc
 677 016a 03       		.uleb128 0x3
 678 016b 87130000 		.4byte	.LASF28
ARM GAS  /tmp/ccwPAVQD.s 			page 13


 679 016f 06       		.byte	0x6
 680 0170 16       		.byte	0x16
 681 0171 7F000000 		.4byte	0x7f
 682 0175 0F       		.uleb128 0xf
 683 0176 8A1A0000 		.4byte	.LASF33
 684 017a 18       		.byte	0x18
 685 017b 06       		.byte	0x6
 686 017c 2F       		.byte	0x2f
 687 017d C8010000 		.4byte	0x1c8
 688 0181 0E       		.uleb128 0xe
 689 0182 43110000 		.4byte	.LASF29
 690 0186 06       		.byte	0x6
 691 0187 31       		.byte	0x31
 692 0188 C8010000 		.4byte	0x1c8
 693 018c 00       		.byte	0
 694 018d 10       		.uleb128 0x10
 695 018e 5F6B00   		.ascii	"_k\000"
 696 0191 06       		.byte	0x6
 697 0192 32       		.byte	0x32
 698 0193 9F000000 		.4byte	0x9f
 699 0197 04       		.byte	0x4
 700 0198 0E       		.uleb128 0xe
 701 0199 DC180000 		.4byte	.LASF30
 702 019d 06       		.byte	0x6
 703 019e 32       		.byte	0x32
 704 019f 9F000000 		.4byte	0x9f
 705 01a3 08       		.byte	0x8
 706 01a4 0E       		.uleb128 0xe
 707 01a5 4C230000 		.4byte	.LASF31
 708 01a9 06       		.byte	0x6
 709 01aa 32       		.byte	0x32
 710 01ab 9F000000 		.4byte	0x9f
 711 01af 0C       		.byte	0xc
 712 01b0 0E       		.uleb128 0xe
 713 01b1 A1090000 		.4byte	.LASF32
 714 01b5 06       		.byte	0x6
 715 01b6 32       		.byte	0x32
 716 01b7 9F000000 		.4byte	0x9f
 717 01bb 10       		.byte	0x10
 718 01bc 10       		.uleb128 0x10
 719 01bd 5F7800   		.ascii	"_x\000"
 720 01c0 06       		.byte	0x6
 721 01c1 33       		.byte	0x33
 722 01c2 CE010000 		.4byte	0x1ce
 723 01c6 14       		.byte	0x14
 724 01c7 00       		.byte	0
 725 01c8 06       		.uleb128 0x6
 726 01c9 04       		.byte	0x4
 727 01ca 75010000 		.4byte	0x175
 728 01ce 0B       		.uleb128 0xb
 729 01cf 6A010000 		.4byte	0x16a
 730 01d3 DE010000 		.4byte	0x1de
 731 01d7 0C       		.uleb128 0xc
 732 01d8 B1000000 		.4byte	0xb1
 733 01dc 00       		.byte	0
 734 01dd 00       		.byte	0
 735 01de 0F       		.uleb128 0xf
ARM GAS  /tmp/ccwPAVQD.s 			page 14


 736 01df 85060000 		.4byte	.LASF34
 737 01e3 24       		.byte	0x24
 738 01e4 06       		.byte	0x6
 739 01e5 37       		.byte	0x37
 740 01e6 57020000 		.4byte	0x257
 741 01ea 0E       		.uleb128 0xe
 742 01eb 88120000 		.4byte	.LASF35
 743 01ef 06       		.byte	0x6
 744 01f0 39       		.byte	0x39
 745 01f1 9F000000 		.4byte	0x9f
 746 01f5 00       		.byte	0
 747 01f6 0E       		.uleb128 0xe
 748 01f7 5B230000 		.4byte	.LASF36
 749 01fb 06       		.byte	0x6
 750 01fc 3A       		.byte	0x3a
 751 01fd 9F000000 		.4byte	0x9f
 752 0201 04       		.byte	0x4
 753 0202 0E       		.uleb128 0xe
 754 0203 2D0E0000 		.4byte	.LASF37
 755 0207 06       		.byte	0x6
 756 0208 3B       		.byte	0x3b
 757 0209 9F000000 		.4byte	0x9f
 758 020d 08       		.byte	0x8
 759 020e 0E       		.uleb128 0xe
 760 020f 6F100000 		.4byte	.LASF38
 761 0213 06       		.byte	0x6
 762 0214 3C       		.byte	0x3c
 763 0215 9F000000 		.4byte	0x9f
 764 0219 0C       		.byte	0xc
 765 021a 0E       		.uleb128 0xe
 766 021b C4010000 		.4byte	.LASF39
 767 021f 06       		.byte	0x6
 768 0220 3D       		.byte	0x3d
 769 0221 9F000000 		.4byte	0x9f
 770 0225 10       		.byte	0x10
 771 0226 0E       		.uleb128 0xe
 772 0227 EF0A0000 		.4byte	.LASF40
 773 022b 06       		.byte	0x6
 774 022c 3E       		.byte	0x3e
 775 022d 9F000000 		.4byte	0x9f
 776 0231 14       		.byte	0x14
 777 0232 0E       		.uleb128 0xe
 778 0233 AB080000 		.4byte	.LASF41
 779 0237 06       		.byte	0x6
 780 0238 3F       		.byte	0x3f
 781 0239 9F000000 		.4byte	0x9f
 782 023d 18       		.byte	0x18
 783 023e 0E       		.uleb128 0xe
 784 023f FB060000 		.4byte	.LASF42
 785 0243 06       		.byte	0x6
 786 0244 40       		.byte	0x40
 787 0245 9F000000 		.4byte	0x9f
 788 0249 1C       		.byte	0x1c
 789 024a 0E       		.uleb128 0xe
 790 024b B5080000 		.4byte	.LASF43
 791 024f 06       		.byte	0x6
 792 0250 41       		.byte	0x41
ARM GAS  /tmp/ccwPAVQD.s 			page 15


 793 0251 9F000000 		.4byte	0x9f
 794 0255 20       		.byte	0x20
 795 0256 00       		.byte	0
 796 0257 11       		.uleb128 0x11
 797 0258 A9120000 		.4byte	.LASF44
 798 025c 0801     		.2byte	0x108
 799 025e 06       		.byte	0x6
 800 025f 4A       		.byte	0x4a
 801 0260 97020000 		.4byte	0x297
 802 0264 0E       		.uleb128 0xe
 803 0265 A5100000 		.4byte	.LASF45
 804 0269 06       		.byte	0x6
 805 026a 4B       		.byte	0x4b
 806 026b 97020000 		.4byte	0x297
 807 026f 00       		.byte	0
 808 0270 0E       		.uleb128 0xe
 809 0271 6F080000 		.4byte	.LASF46
 810 0275 06       		.byte	0x6
 811 0276 4C       		.byte	0x4c
 812 0277 97020000 		.4byte	0x297
 813 027b 80       		.byte	0x80
 814 027c 12       		.uleb128 0x12
 815 027d CD010000 		.4byte	.LASF47
 816 0281 06       		.byte	0x6
 817 0282 4E       		.byte	0x4e
 818 0283 6A010000 		.4byte	0x16a
 819 0287 0001     		.2byte	0x100
 820 0289 12       		.uleb128 0x12
 821 028a FD1D0000 		.4byte	.LASF48
 822 028e 06       		.byte	0x6
 823 028f 51       		.byte	0x51
 824 0290 6A010000 		.4byte	0x16a
 825 0294 0401     		.2byte	0x104
 826 0296 00       		.byte	0
 827 0297 0B       		.uleb128 0xb
 828 0298 CA000000 		.4byte	0xca
 829 029c A7020000 		.4byte	0x2a7
 830 02a0 0C       		.uleb128 0xc
 831 02a1 B1000000 		.4byte	0xb1
 832 02a5 1F       		.byte	0x1f
 833 02a6 00       		.byte	0
 834 02a7 11       		.uleb128 0x11
 835 02a8 4C010000 		.4byte	.LASF49
 836 02ac 9001     		.2byte	0x190
 837 02ae 06       		.byte	0x6
 838 02af 5D       		.byte	0x5d
 839 02b0 E5020000 		.4byte	0x2e5
 840 02b4 0E       		.uleb128 0xe
 841 02b5 43110000 		.4byte	.LASF29
 842 02b9 06       		.byte	0x6
 843 02ba 5E       		.byte	0x5e
 844 02bb E5020000 		.4byte	0x2e5
 845 02bf 00       		.byte	0
 846 02c0 0E       		.uleb128 0xe
 847 02c1 E9010000 		.4byte	.LASF50
 848 02c5 06       		.byte	0x6
 849 02c6 5F       		.byte	0x5f
ARM GAS  /tmp/ccwPAVQD.s 			page 16


 850 02c7 9F000000 		.4byte	0x9f
 851 02cb 04       		.byte	0x4
 852 02cc 0E       		.uleb128 0xe
 853 02cd 1C1D0000 		.4byte	.LASF51
 854 02d1 06       		.byte	0x6
 855 02d2 61       		.byte	0x61
 856 02d3 EB020000 		.4byte	0x2eb
 857 02d7 08       		.byte	0x8
 858 02d8 0E       		.uleb128 0xe
 859 02d9 A9120000 		.4byte	.LASF44
 860 02dd 06       		.byte	0x6
 861 02de 62       		.byte	0x62
 862 02df 57020000 		.4byte	0x257
 863 02e3 88       		.byte	0x88
 864 02e4 00       		.byte	0
 865 02e5 06       		.uleb128 0x6
 866 02e6 04       		.byte	0x4
 867 02e7 A7020000 		.4byte	0x2a7
 868 02eb 0B       		.uleb128 0xb
 869 02ec FB020000 		.4byte	0x2fb
 870 02f0 FB020000 		.4byte	0x2fb
 871 02f4 0C       		.uleb128 0xc
 872 02f5 B1000000 		.4byte	0xb1
 873 02f9 1F       		.byte	0x1f
 874 02fa 00       		.byte	0
 875 02fb 06       		.uleb128 0x6
 876 02fc 04       		.byte	0x4
 877 02fd 01030000 		.4byte	0x301
 878 0301 13       		.uleb128 0x13
 879 0302 0F       		.uleb128 0xf
 880 0303 29160000 		.4byte	.LASF52
 881 0307 08       		.byte	0x8
 882 0308 06       		.byte	0x6
 883 0309 75       		.byte	0x75
 884 030a 27030000 		.4byte	0x327
 885 030e 0E       		.uleb128 0xe
 886 030f CA050000 		.4byte	.LASF53
 887 0313 06       		.byte	0x6
 888 0314 76       		.byte	0x76
 889 0315 27030000 		.4byte	0x327
 890 0319 00       		.byte	0
 891 031a 0E       		.uleb128 0xe
 892 031b 0A0A0000 		.4byte	.LASF54
 893 031f 06       		.byte	0x6
 894 0320 77       		.byte	0x77
 895 0321 9F000000 		.4byte	0x9f
 896 0325 04       		.byte	0x4
 897 0326 00       		.byte	0
 898 0327 06       		.uleb128 0x6
 899 0328 04       		.byte	0x4
 900 0329 37000000 		.4byte	0x37
 901 032d 0F       		.uleb128 0xf
 902 032e 0D1D0000 		.4byte	.LASF55
 903 0332 68       		.byte	0x68
 904 0333 06       		.byte	0x6
 905 0334 B5       		.byte	0xb5
 906 0335 57040000 		.4byte	0x457
ARM GAS  /tmp/ccwPAVQD.s 			page 17


 907 0339 10       		.uleb128 0x10
 908 033a 5F7000   		.ascii	"_p\000"
 909 033d 06       		.byte	0x6
 910 033e B6       		.byte	0xb6
 911 033f 27030000 		.4byte	0x327
 912 0343 00       		.byte	0
 913 0344 10       		.uleb128 0x10
 914 0345 5F7200   		.ascii	"_r\000"
 915 0348 06       		.byte	0x6
 916 0349 B7       		.byte	0xb7
 917 034a 9F000000 		.4byte	0x9f
 918 034e 04       		.byte	0x4
 919 034f 10       		.uleb128 0x10
 920 0350 5F7700   		.ascii	"_w\000"
 921 0353 06       		.byte	0x6
 922 0354 B8       		.byte	0xb8
 923 0355 9F000000 		.4byte	0x9f
 924 0359 08       		.byte	0x8
 925 035a 0E       		.uleb128 0xe
 926 035b 44020000 		.4byte	.LASF56
 927 035f 06       		.byte	0x6
 928 0360 B9       		.byte	0xb9
 929 0361 49000000 		.4byte	0x49
 930 0365 0C       		.byte	0xc
 931 0366 0E       		.uleb128 0xe
 932 0367 E31C0000 		.4byte	.LASF57
 933 036b 06       		.byte	0x6
 934 036c BA       		.byte	0xba
 935 036d 49000000 		.4byte	0x49
 936 0371 0E       		.byte	0xe
 937 0372 10       		.uleb128 0x10
 938 0373 5F626600 		.ascii	"_bf\000"
 939 0377 06       		.byte	0x6
 940 0378 BB       		.byte	0xbb
 941 0379 02030000 		.4byte	0x302
 942 037d 10       		.byte	0x10
 943 037e 0E       		.uleb128 0xe
 944 037f 59040000 		.4byte	.LASF58
 945 0383 06       		.byte	0x6
 946 0384 BC       		.byte	0xbc
 947 0385 9F000000 		.4byte	0x9f
 948 0389 18       		.byte	0x18
 949 038a 0E       		.uleb128 0xe
 950 038b 9D110000 		.4byte	.LASF59
 951 038f 06       		.byte	0x6
 952 0390 C3       		.byte	0xc3
 953 0391 CA000000 		.4byte	0xca
 954 0395 1C       		.byte	0x1c
 955 0396 0E       		.uleb128 0xe
 956 0397 1A240000 		.4byte	.LASF60
 957 039b 06       		.byte	0x6
 958 039c C5       		.byte	0xc5
 959 039d C4050000 		.4byte	0x5c4
 960 03a1 20       		.byte	0x20
 961 03a2 0E       		.uleb128 0xe
 962 03a3 5C0A0000 		.4byte	.LASF61
 963 03a7 06       		.byte	0x6
ARM GAS  /tmp/ccwPAVQD.s 			page 18


 964 03a8 C7       		.byte	0xc7
 965 03a9 F3050000 		.4byte	0x5f3
 966 03ad 24       		.byte	0x24
 967 03ae 0E       		.uleb128 0xe
 968 03af 74140000 		.4byte	.LASF62
 969 03b3 06       		.byte	0x6
 970 03b4 CA       		.byte	0xca
 971 03b5 17060000 		.4byte	0x617
 972 03b9 28       		.byte	0x28
 973 03ba 0E       		.uleb128 0xe
 974 03bb E9190000 		.4byte	.LASF63
 975 03bf 06       		.byte	0x6
 976 03c0 CB       		.byte	0xcb
 977 03c1 31060000 		.4byte	0x631
 978 03c5 2C       		.byte	0x2c
 979 03c6 10       		.uleb128 0x10
 980 03c7 5F756200 		.ascii	"_ub\000"
 981 03cb 06       		.byte	0x6
 982 03cc CE       		.byte	0xce
 983 03cd 02030000 		.4byte	0x302
 984 03d1 30       		.byte	0x30
 985 03d2 10       		.uleb128 0x10
 986 03d3 5F757000 		.ascii	"_up\000"
 987 03d7 06       		.byte	0x6
 988 03d8 CF       		.byte	0xcf
 989 03d9 27030000 		.4byte	0x327
 990 03dd 38       		.byte	0x38
 991 03de 10       		.uleb128 0x10
 992 03df 5F757200 		.ascii	"_ur\000"
 993 03e3 06       		.byte	0x6
 994 03e4 D0       		.byte	0xd0
 995 03e5 9F000000 		.4byte	0x9f
 996 03e9 3C       		.byte	0x3c
 997 03ea 0E       		.uleb128 0xe
 998 03eb 191C0000 		.4byte	.LASF64
 999 03ef 06       		.byte	0x6
 1000 03f0 D3       		.byte	0xd3
 1001 03f1 37060000 		.4byte	0x637
 1002 03f5 40       		.byte	0x40
 1003 03f6 0E       		.uleb128 0xe
 1004 03f7 E5020000 		.4byte	.LASF65
 1005 03fb 06       		.byte	0x6
 1006 03fc D4       		.byte	0xd4
 1007 03fd 47060000 		.4byte	0x647
 1008 0401 43       		.byte	0x43
 1009 0402 10       		.uleb128 0x10
 1010 0403 5F6C6200 		.ascii	"_lb\000"
 1011 0407 06       		.byte	0x6
 1012 0408 D7       		.byte	0xd7
 1013 0409 02030000 		.4byte	0x302
 1014 040d 44       		.byte	0x44
 1015 040e 0E       		.uleb128 0xe
 1016 040f 071C0000 		.4byte	.LASF66
 1017 0413 06       		.byte	0x6
 1018 0414 DA       		.byte	0xda
 1019 0415 9F000000 		.4byte	0x9f
 1020 0419 4C       		.byte	0x4c
ARM GAS  /tmp/ccwPAVQD.s 			page 19


 1021 041a 0E       		.uleb128 0xe
 1022 041b CE150000 		.4byte	.LASF67
 1023 041f 06       		.byte	0x6
 1024 0420 DB       		.byte	0xdb
 1025 0421 E2000000 		.4byte	0xe2
 1026 0425 50       		.byte	0x50
 1027 0426 0E       		.uleb128 0xe
 1028 0427 BE040000 		.4byte	.LASF68
 1029 042b 06       		.byte	0x6
 1030 042c DE       		.byte	0xde
 1031 042d 75040000 		.4byte	0x475
 1032 0431 54       		.byte	0x54
 1033 0432 0E       		.uleb128 0xe
 1034 0433 DF020000 		.4byte	.LASF69
 1035 0437 06       		.byte	0x6
 1036 0438 E2       		.byte	0xe2
 1037 0439 5F010000 		.4byte	0x15f
 1038 043d 58       		.byte	0x58
 1039 043e 0E       		.uleb128 0xe
 1040 043f 43010000 		.4byte	.LASF70
 1041 0443 06       		.byte	0x6
 1042 0444 E4       		.byte	0xe4
 1043 0445 54010000 		.4byte	0x154
 1044 0449 5C       		.byte	0x5c
 1045 044a 0E       		.uleb128 0xe
 1046 044b DD210000 		.4byte	.LASF71
 1047 044f 06       		.byte	0x6
 1048 0450 E5       		.byte	0xe5
 1049 0451 9F000000 		.4byte	0x9f
 1050 0455 64       		.byte	0x64
 1051 0456 00       		.byte	0
 1052 0457 14       		.uleb128 0x14
 1053 0458 9F000000 		.4byte	0x9f
 1054 045c 75040000 		.4byte	0x475
 1055 0460 15       		.uleb128 0x15
 1056 0461 75040000 		.4byte	0x475
 1057 0465 15       		.uleb128 0x15
 1058 0466 CA000000 		.4byte	0xca
 1059 046a 15       		.uleb128 0x15
 1060 046b B2050000 		.4byte	0x5b2
 1061 046f 15       		.uleb128 0x15
 1062 0470 9F000000 		.4byte	0x9f
 1063 0474 00       		.byte	0
 1064 0475 06       		.uleb128 0x6
 1065 0476 04       		.byte	0x4
 1066 0477 80040000 		.4byte	0x480
 1067 047b 16       		.uleb128 0x16
 1068 047c 75040000 		.4byte	0x475
 1069 0480 17       		.uleb128 0x17
 1070 0481 75050000 		.4byte	.LASF72
 1071 0485 2804     		.2byte	0x428
 1072 0487 06       		.byte	0x6
 1073 0488 3902     		.2byte	0x239
 1074 048a B2050000 		.4byte	0x5b2
 1075 048e 18       		.uleb128 0x18
 1076 048f 3B100000 		.4byte	.LASF73
 1077 0493 06       		.byte	0x6
ARM GAS  /tmp/ccwPAVQD.s 			page 20


 1078 0494 3B02     		.2byte	0x23b
 1079 0496 9F000000 		.4byte	0x9f
 1080 049a 00       		.byte	0
 1081 049b 18       		.uleb128 0x18
 1082 049c D30B0000 		.4byte	.LASF74
 1083 04a0 06       		.byte	0x6
 1084 04a1 4002     		.2byte	0x240
 1085 04a3 9E060000 		.4byte	0x69e
 1086 04a7 04       		.byte	0x4
 1087 04a8 18       		.uleb128 0x18
 1088 04a9 3A090000 		.4byte	.LASF75
 1089 04ad 06       		.byte	0x6
 1090 04ae 4002     		.2byte	0x240
 1091 04b0 9E060000 		.4byte	0x69e
 1092 04b4 08       		.byte	0x8
 1093 04b5 18       		.uleb128 0x18
 1094 04b6 4F080000 		.4byte	.LASF76
 1095 04ba 06       		.byte	0x6
 1096 04bb 4002     		.2byte	0x240
 1097 04bd 9E060000 		.4byte	0x69e
 1098 04c1 0C       		.byte	0xc
 1099 04c2 18       		.uleb128 0x18
 1100 04c3 E4010000 		.4byte	.LASF77
 1101 04c7 06       		.byte	0x6
 1102 04c8 4202     		.2byte	0x242
 1103 04ca 9F000000 		.4byte	0x9f
 1104 04ce 10       		.byte	0x10
 1105 04cf 18       		.uleb128 0x18
 1106 04d0 69180000 		.4byte	.LASF78
 1107 04d4 06       		.byte	0x6
 1108 04d5 4302     		.2byte	0x243
 1109 04d7 80080000 		.4byte	0x880
 1110 04db 14       		.byte	0x14
 1111 04dc 18       		.uleb128 0x18
 1112 04dd 6D200000 		.4byte	.LASF79
 1113 04e1 06       		.byte	0x6
 1114 04e2 4602     		.2byte	0x246
 1115 04e4 9F000000 		.4byte	0x9f
 1116 04e8 30       		.byte	0x30
 1117 04e9 18       		.uleb128 0x18
 1118 04ea 29220000 		.4byte	.LASF80
 1119 04ee 06       		.byte	0x6
 1120 04ef 4702     		.2byte	0x247
 1121 04f1 95080000 		.4byte	0x895
 1122 04f5 34       		.byte	0x34
 1123 04f6 18       		.uleb128 0x18
 1124 04f7 CC200000 		.4byte	.LASF81
 1125 04fb 06       		.byte	0x6
 1126 04fc 4902     		.2byte	0x249
 1127 04fe 9F000000 		.4byte	0x9f
 1128 0502 38       		.byte	0x38
 1129 0503 18       		.uleb128 0x18
 1130 0504 5C1C0000 		.4byte	.LASF82
 1131 0508 06       		.byte	0x6
 1132 0509 4B02     		.2byte	0x24b
 1133 050b A6080000 		.4byte	0x8a6
 1134 050f 3C       		.byte	0x3c
ARM GAS  /tmp/ccwPAVQD.s 			page 21


 1135 0510 18       		.uleb128 0x18
 1136 0511 57080000 		.4byte	.LASF83
 1137 0515 06       		.byte	0x6
 1138 0516 4E02     		.2byte	0x24e
 1139 0518 C8010000 		.4byte	0x1c8
 1140 051c 40       		.byte	0x40
 1141 051d 18       		.uleb128 0x18
 1142 051e 40080000 		.4byte	.LASF84
 1143 0522 06       		.byte	0x6
 1144 0523 4F02     		.2byte	0x24f
 1145 0525 9F000000 		.4byte	0x9f
 1146 0529 44       		.byte	0x44
 1147 052a 18       		.uleb128 0x18
 1148 052b 371E0000 		.4byte	.LASF85
 1149 052f 06       		.byte	0x6
 1150 0530 5002     		.2byte	0x250
 1151 0532 C8010000 		.4byte	0x1c8
 1152 0536 48       		.byte	0x48
 1153 0537 18       		.uleb128 0x18
 1154 0538 83150000 		.4byte	.LASF86
 1155 053c 06       		.byte	0x6
 1156 053d 5102     		.2byte	0x251
 1157 053f AC080000 		.4byte	0x8ac
 1158 0543 4C       		.byte	0x4c
 1159 0544 18       		.uleb128 0x18
 1160 0545 79020000 		.4byte	.LASF87
 1161 0549 06       		.byte	0x6
 1162 054a 5402     		.2byte	0x254
 1163 054c 9F000000 		.4byte	0x9f
 1164 0550 50       		.byte	0x50
 1165 0551 18       		.uleb128 0x18
 1166 0552 830D0000 		.4byte	.LASF88
 1167 0556 06       		.byte	0x6
 1168 0557 5502     		.2byte	0x255
 1169 0559 B2050000 		.4byte	0x5b2
 1170 055d 54       		.byte	0x54
 1171 055e 18       		.uleb128 0x18
 1172 055f 6D0E0000 		.4byte	.LASF89
 1173 0563 06       		.byte	0x6
 1174 0564 7802     		.2byte	0x278
 1175 0566 5E080000 		.4byte	0x85e
 1176 056a 58       		.byte	0x58
 1177 056b 19       		.uleb128 0x19
 1178 056c 4C010000 		.4byte	.LASF49
 1179 0570 06       		.byte	0x6
 1180 0571 7C02     		.2byte	0x27c
 1181 0573 E5020000 		.4byte	0x2e5
 1182 0577 4801     		.2byte	0x148
 1183 0579 19       		.uleb128 0x19
 1184 057a C61A0000 		.4byte	.LASF90
 1185 057e 06       		.byte	0x6
 1186 057f 7D02     		.2byte	0x27d
 1187 0581 A7020000 		.4byte	0x2a7
 1188 0585 4C01     		.2byte	0x14c
 1189 0587 19       		.uleb128 0x19
 1190 0588 A9020000 		.4byte	.LASF91
 1191 058c 06       		.byte	0x6
ARM GAS  /tmp/ccwPAVQD.s 			page 22


 1192 058d 8102     		.2byte	0x281
 1193 058f BD080000 		.4byte	0x8bd
 1194 0593 DC02     		.2byte	0x2dc
 1195 0595 19       		.uleb128 0x19
 1196 0596 3A1C0000 		.4byte	.LASF92
 1197 059a 06       		.byte	0x6
 1198 059b 8602     		.2byte	0x286
 1199 059d 63060000 		.4byte	0x663
 1200 05a1 E002     		.2byte	0x2e0
 1201 05a3 19       		.uleb128 0x19
 1202 05a4 BC050000 		.4byte	.LASF93
 1203 05a8 06       		.byte	0x6
 1204 05a9 8802     		.2byte	0x288
 1205 05ab C9080000 		.4byte	0x8c9
 1206 05af EC02     		.2byte	0x2ec
 1207 05b1 00       		.byte	0
 1208 05b2 06       		.uleb128 0x6
 1209 05b3 04       		.byte	0x4
 1210 05b4 B8050000 		.4byte	0x5b8
 1211 05b8 02       		.uleb128 0x2
 1212 05b9 01       		.byte	0x1
 1213 05ba 08       		.byte	0x8
 1214 05bb F0190000 		.4byte	.LASF94
 1215 05bf 16       		.uleb128 0x16
 1216 05c0 B8050000 		.4byte	0x5b8
 1217 05c4 06       		.uleb128 0x6
 1218 05c5 04       		.byte	0x4
 1219 05c6 57040000 		.4byte	0x457
 1220 05ca 14       		.uleb128 0x14
 1221 05cb 9F000000 		.4byte	0x9f
 1222 05cf E8050000 		.4byte	0x5e8
 1223 05d3 15       		.uleb128 0x15
 1224 05d4 75040000 		.4byte	0x475
 1225 05d8 15       		.uleb128 0x15
 1226 05d9 CA000000 		.4byte	0xca
 1227 05dd 15       		.uleb128 0x15
 1228 05de E8050000 		.4byte	0x5e8
 1229 05e2 15       		.uleb128 0x15
 1230 05e3 9F000000 		.4byte	0x9f
 1231 05e7 00       		.byte	0
 1232 05e8 06       		.uleb128 0x6
 1233 05e9 04       		.byte	0x4
 1234 05ea BF050000 		.4byte	0x5bf
 1235 05ee 1A       		.uleb128 0x1a
 1236 05ef E8050000 		.4byte	0x5e8
 1237 05f3 06       		.uleb128 0x6
 1238 05f4 04       		.byte	0x4
 1239 05f5 CA050000 		.4byte	0x5ca
 1240 05f9 14       		.uleb128 0x14
 1241 05fa ED000000 		.4byte	0xed
 1242 05fe 17060000 		.4byte	0x617
 1243 0602 15       		.uleb128 0x15
 1244 0603 75040000 		.4byte	0x475
 1245 0607 15       		.uleb128 0x15
 1246 0608 CA000000 		.4byte	0xca
 1247 060c 15       		.uleb128 0x15
 1248 060d ED000000 		.4byte	0xed
ARM GAS  /tmp/ccwPAVQD.s 			page 23


 1249 0611 15       		.uleb128 0x15
 1250 0612 9F000000 		.4byte	0x9f
 1251 0616 00       		.byte	0
 1252 0617 06       		.uleb128 0x6
 1253 0618 04       		.byte	0x4
 1254 0619 F9050000 		.4byte	0x5f9
 1255 061d 14       		.uleb128 0x14
 1256 061e 9F000000 		.4byte	0x9f
 1257 0622 31060000 		.4byte	0x631
 1258 0626 15       		.uleb128 0x15
 1259 0627 75040000 		.4byte	0x475
 1260 062b 15       		.uleb128 0x15
 1261 062c CA000000 		.4byte	0xca
 1262 0630 00       		.byte	0
 1263 0631 06       		.uleb128 0x6
 1264 0632 04       		.byte	0x4
 1265 0633 1D060000 		.4byte	0x61d
 1266 0637 0B       		.uleb128 0xb
 1267 0638 37000000 		.4byte	0x37
 1268 063c 47060000 		.4byte	0x647
 1269 0640 0C       		.uleb128 0xc
 1270 0641 B1000000 		.4byte	0xb1
 1271 0645 02       		.byte	0x2
 1272 0646 00       		.byte	0
 1273 0647 0B       		.uleb128 0xb
 1274 0648 37000000 		.4byte	0x37
 1275 064c 57060000 		.4byte	0x657
 1276 0650 0C       		.uleb128 0xc
 1277 0651 B1000000 		.4byte	0xb1
 1278 0655 00       		.byte	0
 1279 0656 00       		.byte	0
 1280 0657 08       		.uleb128 0x8
 1281 0658 3B230000 		.4byte	.LASF95
 1282 065c 06       		.byte	0x6
 1283 065d 1F01     		.2byte	0x11f
 1284 065f 2D030000 		.4byte	0x32d
 1285 0663 1B       		.uleb128 0x1b
 1286 0664 0E1A0000 		.4byte	.LASF96
 1287 0668 0C       		.byte	0xc
 1288 0669 06       		.byte	0x6
 1289 066a 2301     		.2byte	0x123
 1290 066c 98060000 		.4byte	0x698
 1291 0670 18       		.uleb128 0x18
 1292 0671 43110000 		.4byte	.LASF29
 1293 0675 06       		.byte	0x6
 1294 0676 2501     		.2byte	0x125
 1295 0678 98060000 		.4byte	0x698
 1296 067c 00       		.byte	0
 1297 067d 18       		.uleb128 0x18
 1298 067e B00E0000 		.4byte	.LASF97
 1299 0682 06       		.byte	0x6
 1300 0683 2601     		.2byte	0x126
 1301 0685 9F000000 		.4byte	0x9f
 1302 0689 04       		.byte	0x4
 1303 068a 18       		.uleb128 0x18
 1304 068b 63180000 		.4byte	.LASF98
 1305 068f 06       		.byte	0x6
ARM GAS  /tmp/ccwPAVQD.s 			page 24


 1306 0690 2701     		.2byte	0x127
 1307 0692 9E060000 		.4byte	0x69e
 1308 0696 08       		.byte	0x8
 1309 0697 00       		.byte	0
 1310 0698 06       		.uleb128 0x6
 1311 0699 04       		.byte	0x4
 1312 069a 63060000 		.4byte	0x663
 1313 069e 06       		.uleb128 0x6
 1314 069f 04       		.byte	0x4
 1315 06a0 57060000 		.4byte	0x657
 1316 06a4 1B       		.uleb128 0x1b
 1317 06a5 45240000 		.4byte	.LASF99
 1318 06a9 0E       		.byte	0xe
 1319 06aa 06       		.byte	0x6
 1320 06ab 3F01     		.2byte	0x13f
 1321 06ad D9060000 		.4byte	0x6d9
 1322 06b1 18       		.uleb128 0x18
 1323 06b2 5F140000 		.4byte	.LASF100
 1324 06b6 06       		.byte	0x6
 1325 06b7 4001     		.2byte	0x140
 1326 06b9 D9060000 		.4byte	0x6d9
 1327 06bd 00       		.byte	0
 1328 06be 18       		.uleb128 0x18
 1329 06bf 400B0000 		.4byte	.LASF101
 1330 06c3 06       		.byte	0x6
 1331 06c4 4101     		.2byte	0x141
 1332 06c6 D9060000 		.4byte	0x6d9
 1333 06ca 06       		.byte	0x6
 1334 06cb 18       		.uleb128 0x18
 1335 06cc DB030000 		.4byte	.LASF102
 1336 06d0 06       		.byte	0x6
 1337 06d1 4201     		.2byte	0x142
 1338 06d3 5B000000 		.4byte	0x5b
 1339 06d7 0C       		.byte	0xc
 1340 06d8 00       		.byte	0
 1341 06d9 0B       		.uleb128 0xb
 1342 06da 5B000000 		.4byte	0x5b
 1343 06de E9060000 		.4byte	0x6e9
 1344 06e2 0C       		.uleb128 0xc
 1345 06e3 B1000000 		.4byte	0xb1
 1346 06e7 02       		.byte	0x2
 1347 06e8 00       		.byte	0
 1348 06e9 1C       		.uleb128 0x1c
 1349 06ea D0       		.byte	0xd0
 1350 06eb 06       		.byte	0x6
 1351 06ec 5902     		.2byte	0x259
 1352 06ee EA070000 		.4byte	0x7ea
 1353 06f2 18       		.uleb128 0x18
 1354 06f3 99070000 		.4byte	.LASF103
 1355 06f7 06       		.byte	0x6
 1356 06f8 5B02     		.2byte	0x25b
 1357 06fa B1000000 		.4byte	0xb1
 1358 06fe 00       		.byte	0
 1359 06ff 18       		.uleb128 0x18
 1360 0700 15140000 		.4byte	.LASF104
 1361 0704 06       		.byte	0x6
 1362 0705 5C02     		.2byte	0x25c
ARM GAS  /tmp/ccwPAVQD.s 			page 25


 1363 0707 B2050000 		.4byte	0x5b2
 1364 070b 04       		.byte	0x4
 1365 070c 18       		.uleb128 0x18
 1366 070d 98160000 		.4byte	.LASF105
 1367 0711 06       		.byte	0x6
 1368 0712 5D02     		.2byte	0x25d
 1369 0714 EA070000 		.4byte	0x7ea
 1370 0718 08       		.byte	0x8
 1371 0719 18       		.uleb128 0x18
 1372 071a BB0C0000 		.4byte	.LASF106
 1373 071e 06       		.byte	0x6
 1374 071f 5E02     		.2byte	0x25e
 1375 0721 DE010000 		.4byte	0x1de
 1376 0725 24       		.byte	0x24
 1377 0726 18       		.uleb128 0x18
 1378 0727 A71F0000 		.4byte	.LASF107
 1379 072b 06       		.byte	0x6
 1380 072c 5F02     		.2byte	0x25f
 1381 072e 9F000000 		.4byte	0x9f
 1382 0732 48       		.byte	0x48
 1383 0733 18       		.uleb128 0x18
 1384 0734 94180000 		.4byte	.LASF108
 1385 0738 06       		.byte	0x6
 1386 0739 6002     		.2byte	0x260
 1387 073b 98000000 		.4byte	0x98
 1388 073f 50       		.byte	0x50
 1389 0740 18       		.uleb128 0x18
 1390 0741 C5230000 		.4byte	.LASF109
 1391 0745 06       		.byte	0x6
 1392 0746 6102     		.2byte	0x261
 1393 0748 A4060000 		.4byte	0x6a4
 1394 074c 58       		.byte	0x58
 1395 074d 18       		.uleb128 0x18
 1396 074e 2D1C0000 		.4byte	.LASF110
 1397 0752 06       		.byte	0x6
 1398 0753 6202     		.2byte	0x262
 1399 0755 54010000 		.4byte	0x154
 1400 0759 68       		.byte	0x68
 1401 075a 18       		.uleb128 0x18
 1402 075b F9050000 		.4byte	.LASF111
 1403 075f 06       		.byte	0x6
 1404 0760 6302     		.2byte	0x263
 1405 0762 54010000 		.4byte	0x154
 1406 0766 70       		.byte	0x70
 1407 0767 18       		.uleb128 0x18
 1408 0768 CB170000 		.4byte	.LASF112
 1409 076c 06       		.byte	0x6
 1410 076d 6402     		.2byte	0x264
 1411 076f 54010000 		.4byte	0x154
 1412 0773 78       		.byte	0x78
 1413 0774 18       		.uleb128 0x18
 1414 0775 51160000 		.4byte	.LASF113
 1415 0779 06       		.byte	0x6
 1416 077a 6502     		.2byte	0x265
 1417 077c FA070000 		.4byte	0x7fa
 1418 0780 80       		.byte	0x80
 1419 0781 18       		.uleb128 0x18
ARM GAS  /tmp/ccwPAVQD.s 			page 26


 1420 0782 7A110000 		.4byte	.LASF114
 1421 0786 06       		.byte	0x6
 1422 0787 6602     		.2byte	0x266
 1423 0789 0A080000 		.4byte	0x80a
 1424 078d 88       		.byte	0x88
 1425 078e 18       		.uleb128 0x18
 1426 078f 191B0000 		.4byte	.LASF115
 1427 0793 06       		.byte	0x6
 1428 0794 6702     		.2byte	0x267
 1429 0796 9F000000 		.4byte	0x9f
 1430 079a A0       		.byte	0xa0
 1431 079b 18       		.uleb128 0x18
 1432 079c 780B0000 		.4byte	.LASF116
 1433 07a0 06       		.byte	0x6
 1434 07a1 6802     		.2byte	0x268
 1435 07a3 54010000 		.4byte	0x154
 1436 07a7 A4       		.byte	0xa4
 1437 07a8 18       		.uleb128 0x18
 1438 07a9 130E0000 		.4byte	.LASF117
 1439 07ad 06       		.byte	0x6
 1440 07ae 6902     		.2byte	0x269
 1441 07b0 54010000 		.4byte	0x154
 1442 07b4 AC       		.byte	0xac
 1443 07b5 18       		.uleb128 0x18
 1444 07b6 88090000 		.4byte	.LASF118
 1445 07ba 06       		.byte	0x6
 1446 07bb 6A02     		.2byte	0x26a
 1447 07bd 54010000 		.4byte	0x154
 1448 07c1 B4       		.byte	0xb4
 1449 07c2 18       		.uleb128 0x18
 1450 07c3 0A130000 		.4byte	.LASF119
 1451 07c7 06       		.byte	0x6
 1452 07c8 6B02     		.2byte	0x26b
 1453 07ca 54010000 		.4byte	0x154
 1454 07ce BC       		.byte	0xbc
 1455 07cf 18       		.uleb128 0x18
 1456 07d0 D7160000 		.4byte	.LASF120
 1457 07d4 06       		.byte	0x6
 1458 07d5 6C02     		.2byte	0x26c
 1459 07d7 54010000 		.4byte	0x154
 1460 07db C4       		.byte	0xc4
 1461 07dc 18       		.uleb128 0x18
 1462 07dd 511D0000 		.4byte	.LASF121
 1463 07e1 06       		.byte	0x6
 1464 07e2 6D02     		.2byte	0x26d
 1465 07e4 9F000000 		.4byte	0x9f
 1466 07e8 CC       		.byte	0xcc
 1467 07e9 00       		.byte	0
 1468 07ea 0B       		.uleb128 0xb
 1469 07eb B8050000 		.4byte	0x5b8
 1470 07ef FA070000 		.4byte	0x7fa
 1471 07f3 0C       		.uleb128 0xc
 1472 07f4 B1000000 		.4byte	0xb1
 1473 07f8 19       		.byte	0x19
 1474 07f9 00       		.byte	0
 1475 07fa 0B       		.uleb128 0xb
 1476 07fb B8050000 		.4byte	0x5b8
ARM GAS  /tmp/ccwPAVQD.s 			page 27


 1477 07ff 0A080000 		.4byte	0x80a
 1478 0803 0C       		.uleb128 0xc
 1479 0804 B1000000 		.4byte	0xb1
 1480 0808 07       		.byte	0x7
 1481 0809 00       		.byte	0
 1482 080a 0B       		.uleb128 0xb
 1483 080b B8050000 		.4byte	0x5b8
 1484 080f 1A080000 		.4byte	0x81a
 1485 0813 0C       		.uleb128 0xc
 1486 0814 B1000000 		.4byte	0xb1
 1487 0818 17       		.byte	0x17
 1488 0819 00       		.byte	0
 1489 081a 1C       		.uleb128 0x1c
 1490 081b F0       		.byte	0xf0
 1491 081c 06       		.byte	0x6
 1492 081d 7202     		.2byte	0x272
 1493 081f 3E080000 		.4byte	0x83e
 1494 0823 18       		.uleb128 0x18
 1495 0824 87180000 		.4byte	.LASF122
 1496 0828 06       		.byte	0x6
 1497 0829 7502     		.2byte	0x275
 1498 082b 3E080000 		.4byte	0x83e
 1499 082f 00       		.byte	0
 1500 0830 18       		.uleb128 0x18
 1501 0831 DA0B0000 		.4byte	.LASF123
 1502 0835 06       		.byte	0x6
 1503 0836 7602     		.2byte	0x276
 1504 0838 4E080000 		.4byte	0x84e
 1505 083c 78       		.byte	0x78
 1506 083d 00       		.byte	0
 1507 083e 0B       		.uleb128 0xb
 1508 083f 27030000 		.4byte	0x327
 1509 0843 4E080000 		.4byte	0x84e
 1510 0847 0C       		.uleb128 0xc
 1511 0848 B1000000 		.4byte	0xb1
 1512 084c 1D       		.byte	0x1d
 1513 084d 00       		.byte	0
 1514 084e 0B       		.uleb128 0xb
 1515 084f B1000000 		.4byte	0xb1
 1516 0853 5E080000 		.4byte	0x85e
 1517 0857 0C       		.uleb128 0xc
 1518 0858 B1000000 		.4byte	0xb1
 1519 085c 1D       		.byte	0x1d
 1520 085d 00       		.byte	0
 1521 085e 1D       		.uleb128 0x1d
 1522 085f F0       		.byte	0xf0
 1523 0860 06       		.byte	0x6
 1524 0861 5702     		.2byte	0x257
 1525 0863 80080000 		.4byte	0x880
 1526 0867 1E       		.uleb128 0x1e
 1527 0868 75050000 		.4byte	.LASF72
 1528 086c 06       		.byte	0x6
 1529 086d 6E02     		.2byte	0x26e
 1530 086f E9060000 		.4byte	0x6e9
 1531 0873 1E       		.uleb128 0x1e
 1532 0874 F4020000 		.4byte	.LASF124
 1533 0878 06       		.byte	0x6
ARM GAS  /tmp/ccwPAVQD.s 			page 28


 1534 0879 7702     		.2byte	0x277
 1535 087b 1A080000 		.4byte	0x81a
 1536 087f 00       		.byte	0
 1537 0880 0B       		.uleb128 0xb
 1538 0881 B8050000 		.4byte	0x5b8
 1539 0885 90080000 		.4byte	0x890
 1540 0889 0C       		.uleb128 0xc
 1541 088a B1000000 		.4byte	0xb1
 1542 088e 18       		.byte	0x18
 1543 088f 00       		.byte	0
 1544 0890 07       		.uleb128 0x7
 1545 0891 421C0000 		.4byte	.LASF126
 1546 0895 06       		.uleb128 0x6
 1547 0896 04       		.byte	0x4
 1548 0897 90080000 		.4byte	0x890
 1549 089b 1F       		.uleb128 0x1f
 1550 089c A6080000 		.4byte	0x8a6
 1551 08a0 15       		.uleb128 0x15
 1552 08a1 75040000 		.4byte	0x475
 1553 08a5 00       		.byte	0
 1554 08a6 06       		.uleb128 0x6
 1555 08a7 04       		.byte	0x4
 1556 08a8 9B080000 		.4byte	0x89b
 1557 08ac 06       		.uleb128 0x6
 1558 08ad 04       		.byte	0x4
 1559 08ae C8010000 		.4byte	0x1c8
 1560 08b2 1F       		.uleb128 0x1f
 1561 08b3 BD080000 		.4byte	0x8bd
 1562 08b7 15       		.uleb128 0x15
 1563 08b8 9F000000 		.4byte	0x9f
 1564 08bc 00       		.byte	0
 1565 08bd 06       		.uleb128 0x6
 1566 08be 04       		.byte	0x4
 1567 08bf C3080000 		.4byte	0x8c3
 1568 08c3 06       		.uleb128 0x6
 1569 08c4 04       		.byte	0x4
 1570 08c5 B2080000 		.4byte	0x8b2
 1571 08c9 0B       		.uleb128 0xb
 1572 08ca 57060000 		.4byte	0x657
 1573 08ce D9080000 		.4byte	0x8d9
 1574 08d2 0C       		.uleb128 0xc
 1575 08d3 B1000000 		.4byte	0xb1
 1576 08d7 02       		.byte	0x2
 1577 08d8 00       		.byte	0
 1578 08d9 20       		.uleb128 0x20
 1579 08da DF1B0000 		.4byte	.LASF127
 1580 08de 06       		.byte	0x6
 1581 08df 0703     		.2byte	0x307
 1582 08e1 75040000 		.4byte	0x475
 1583 08e5 20       		.uleb128 0x20
 1584 08e6 4A200000 		.4byte	.LASF128
 1585 08ea 06       		.byte	0x6
 1586 08eb 0803     		.2byte	0x308
 1587 08ed 7B040000 		.4byte	0x47b
 1588 08f1 03       		.uleb128 0x3
 1589 08f2 EA0C0000 		.4byte	.LASF129
 1590 08f6 07       		.byte	0x7
ARM GAS  /tmp/ccwPAVQD.s 			page 29


 1591 08f7 18       		.byte	0x18
 1592 08f8 2C000000 		.4byte	0x2c
 1593 08fc 16       		.uleb128 0x16
 1594 08fd F1080000 		.4byte	0x8f1
 1595 0901 03       		.uleb128 0x3
 1596 0902 8C140000 		.4byte	.LASF130
 1597 0906 07       		.byte	0x7
 1598 0907 20       		.byte	0x20
 1599 0908 3E000000 		.4byte	0x3e
 1600 090c 03       		.uleb128 0x3
 1601 090d 18020000 		.4byte	.LASF131
 1602 0911 07       		.byte	0x7
 1603 0912 24       		.byte	0x24
 1604 0913 50000000 		.4byte	0x50
 1605 0917 03       		.uleb128 0x3
 1606 0918 AD030000 		.4byte	.LASF132
 1607 091c 07       		.byte	0x7
 1608 091d 2C       		.byte	0x2c
 1609 091e 62000000 		.4byte	0x62
 1610 0922 1A       		.uleb128 0x1a
 1611 0923 17090000 		.4byte	0x917
 1612 0927 03       		.uleb128 0x3
 1613 0928 C8180000 		.4byte	.LASF133
 1614 092c 07       		.byte	0x7
 1615 092d 30       		.byte	0x30
 1616 092e 74000000 		.4byte	0x74
 1617 0932 1A       		.uleb128 0x1a
 1618 0933 27090000 		.4byte	0x927
 1619 0937 16       		.uleb128 0x16
 1620 0938 32090000 		.4byte	0x932
 1621 093c 03       		.uleb128 0x3
 1622 093d 980A0000 		.4byte	.LASF134
 1623 0941 07       		.byte	0x7
 1624 0942 3C       		.byte	0x3c
 1625 0943 8D000000 		.4byte	0x8d
 1626 0947 03       		.uleb128 0x3
 1627 0948 00190000 		.4byte	.LASF135
 1628 094c 07       		.byte	0x7
 1629 094d 52       		.byte	0x52
 1630 094e A6000000 		.4byte	0xa6
 1631 0952 06       		.uleb128 0x6
 1632 0953 04       		.byte	0x4
 1633 0954 58090000 		.4byte	0x958
 1634 0958 21       		.uleb128 0x21
 1635 0959 22       		.uleb128 0x22
 1636 095a 2B190000 		.4byte	.LASF136
 1637 095e 08       		.byte	0x8
 1638 095f 63       		.byte	0x63
 1639 0960 B2050000 		.4byte	0x5b2
 1640 0964 02       		.uleb128 0x2
 1641 0965 04       		.byte	0x4
 1642 0966 04       		.byte	0x4
 1643 0967 A6090000 		.4byte	.LASF137
 1644 096b 02       		.uleb128 0x2
 1645 096c 08       		.byte	0x8
 1646 096d 04       		.byte	0x4
 1647 096e 151D0000 		.4byte	.LASF138
ARM GAS  /tmp/ccwPAVQD.s 			page 30


 1648 0972 23       		.uleb128 0x23
 1649 0973 3E170000 		.4byte	.LASF914
 1650 0977 05       		.byte	0x5
 1651 0978 01       		.byte	0x1
 1652 0979 25000000 		.4byte	0x25
 1653 097d 09       		.byte	0x9
 1654 097e 8202     		.2byte	0x282
 1655 0980 9D090000 		.4byte	0x99d
 1656 0984 24       		.uleb128 0x24
 1657 0985 24150000 		.4byte	.LASF139
 1658 0989 7F       		.sleb128 -1
 1659 098a 25       		.uleb128 0x25
 1660 098b 9B020000 		.4byte	.LASF140
 1661 098f 00       		.byte	0
 1662 0990 25       		.uleb128 0x25
 1663 0991 D2000000 		.4byte	.LASF141
 1664 0995 01       		.byte	0x1
 1665 0996 25       		.uleb128 0x25
 1666 0997 E9200000 		.4byte	.LASF142
 1667 099b 02       		.byte	0x2
 1668 099c 00       		.byte	0
 1669 099d 20       		.uleb128 0x20
 1670 099e CD080000 		.4byte	.LASF143
 1671 09a2 09       		.byte	0x9
 1672 09a3 8D02     		.2byte	0x28d
 1673 09a5 72090000 		.4byte	0x972
 1674 09a9 03       		.uleb128 0x3
 1675 09aa 360C0000 		.4byte	.LASF144
 1676 09ae 0A       		.byte	0xa
 1677 09af 45       		.byte	0x45
 1678 09b0 27090000 		.4byte	0x927
 1679 09b4 03       		.uleb128 0x3
 1680 09b5 89050000 		.4byte	.LASF145
 1681 09b9 0A       		.byte	0xa
 1682 09ba 46       		.byte	0x46
 1683 09bb 3C090000 		.4byte	0x93c
 1684 09bf 03       		.uleb128 0x3
 1685 09c0 BF120000 		.4byte	.LASF146
 1686 09c4 0A       		.byte	0xa
 1687 09c5 48       		.byte	0x48
 1688 09c6 F1080000 		.4byte	0x8f1
 1689 09ca 03       		.uleb128 0x3
 1690 09cb 41200000 		.4byte	.LASF147
 1691 09cf 0A       		.byte	0xa
 1692 09d0 49       		.byte	0x49
 1693 09d1 F1080000 		.4byte	0x8f1
 1694 09d5 03       		.uleb128 0x3
 1695 09d6 59120000 		.4byte	.LASF148
 1696 09da 0A       		.byte	0xa
 1697 09db 4A       		.byte	0x4a
 1698 09dc F1080000 		.4byte	0x8f1
 1699 09e0 03       		.uleb128 0x3
 1700 09e1 0B140000 		.4byte	.LASF149
 1701 09e5 0A       		.byte	0xa
 1702 09e6 4B       		.byte	0x4b
 1703 09e7 F1080000 		.4byte	0x8f1
 1704 09eb 03       		.uleb128 0x3
ARM GAS  /tmp/ccwPAVQD.s 			page 31


 1705 09ec 56060000 		.4byte	.LASF150
 1706 09f0 0A       		.byte	0xa
 1707 09f1 4C       		.byte	0x4c
 1708 09f2 27090000 		.4byte	0x927
 1709 09f6 03       		.uleb128 0x3
 1710 09f7 75000000 		.4byte	.LASF151
 1711 09fb 0A       		.byte	0xa
 1712 09fc 4D       		.byte	0x4d
 1713 09fd 17090000 		.4byte	0x917
 1714 0a01 03       		.uleb128 0x3
 1715 0a02 1F190000 		.4byte	.LASF152
 1716 0a06 0A       		.byte	0xa
 1717 0a07 4F       		.byte	0x4f
 1718 0a08 27090000 		.4byte	0x927
 1719 0a0c 03       		.uleb128 0x3
 1720 0a0d 31220000 		.4byte	.LASF153
 1721 0a11 0A       		.byte	0xa
 1722 0a12 50       		.byte	0x50
 1723 0a13 27090000 		.4byte	0x927
 1724 0a17 03       		.uleb128 0x3
 1725 0a18 821B0000 		.4byte	.LASF154
 1726 0a1c 0A       		.byte	0xa
 1727 0a1d 51       		.byte	0x51
 1728 0a1e 17090000 		.4byte	0x917
 1729 0a22 03       		.uleb128 0x3
 1730 0a23 04150000 		.4byte	.LASF155
 1731 0a27 0A       		.byte	0xa
 1732 0a28 52       		.byte	0x52
 1733 0a29 27090000 		.4byte	0x927
 1734 0a2d 03       		.uleb128 0x3
 1735 0a2e C1030000 		.4byte	.LASF156
 1736 0a32 0B       		.byte	0xb
 1737 0a33 33       		.byte	0x33
 1738 0a34 27090000 		.4byte	0x927
 1739 0a38 1A       		.uleb128 0x1a
 1740 0a39 2D0A0000 		.4byte	0xa2d
 1741 0a3d 03       		.uleb128 0x3
 1742 0a3e 5D030000 		.4byte	.LASF157
 1743 0a42 0B       		.byte	0xb
 1744 0a43 3F       		.byte	0x3f
 1745 0a44 480A0000 		.4byte	0xa48
 1746 0a48 0F       		.uleb128 0xf
 1747 0a49 6C090000 		.4byte	.LASF158
 1748 0a4d 68       		.byte	0x68
 1749 0a4e 0C       		.byte	0xc
 1750 0a4f C2       		.byte	0xc2
 1751 0a50 660B0000 		.4byte	0xb66
 1752 0a54 0E       		.uleb128 0xe
 1753 0a55 02120000 		.4byte	.LASF159
 1754 0a59 0C       		.byte	0xc
 1755 0a5a C3       		.byte	0xc3
 1756 0a5b 710B0000 		.4byte	0xb71
 1757 0a5f 00       		.byte	0
 1758 0a60 0E       		.uleb128 0xe
 1759 0a61 150D0000 		.4byte	.LASF160
 1760 0a65 0C       		.byte	0xc
 1761 0a66 C5       		.byte	0xc5
ARM GAS  /tmp/ccwPAVQD.s 			page 32


 1762 0a67 710B0000 		.4byte	0xb71
 1763 0a6b 04       		.byte	0x4
 1764 0a6c 0E       		.uleb128 0xe
 1765 0a6d 11110000 		.4byte	.LASF161
 1766 0a71 0C       		.byte	0xc
 1767 0a72 C7       		.byte	0xc7
 1768 0a73 EB090000 		.4byte	0x9eb
 1769 0a77 08       		.byte	0x8
 1770 0a78 0E       		.uleb128 0xe
 1771 0a79 3D0A0000 		.4byte	.LASF162
 1772 0a7d 0C       		.byte	0xc
 1773 0a7e C8       		.byte	0xc8
 1774 0a7f 79150000 		.4byte	0x1579
 1775 0a83 0C       		.byte	0xc
 1776 0a84 0E       		.uleb128 0xe
 1777 0a85 B3020000 		.4byte	.LASF163
 1778 0a89 0C       		.byte	0xc
 1779 0a8a CA       		.byte	0xca
 1780 0a8b 710B0000 		.4byte	0xb71
 1781 0a8f 10       		.byte	0x10
 1782 0a90 0E       		.uleb128 0xe
 1783 0a91 9E220000 		.4byte	.LASF164
 1784 0a95 0C       		.byte	0xc
 1785 0a96 CB       		.byte	0xcb
 1786 0a97 710B0000 		.4byte	0xb71
 1787 0a9b 14       		.byte	0x14
 1788 0a9c 0E       		.uleb128 0xe
 1789 0a9d C5200000 		.4byte	.LASF165
 1790 0aa1 0C       		.byte	0xc
 1791 0aa2 D2       		.byte	0xd2
 1792 0aa3 E8050000 		.4byte	0x5e8
 1793 0aa7 18       		.byte	0x18
 1794 0aa8 0E       		.uleb128 0xe
 1795 0aa9 771B0000 		.4byte	.LASF166
 1796 0aad 0C       		.byte	0xc
 1797 0aae D8       		.byte	0xd8
 1798 0aaf EF180000 		.4byte	0x18ef
 1799 0ab3 1C       		.byte	0x1c
 1800 0ab4 0E       		.uleb128 0xe
 1801 0ab5 A5240000 		.4byte	.LASF167
 1802 0ab9 0C       		.byte	0xc
 1803 0aba DD       		.byte	0xdd
 1804 0abb CA090000 		.4byte	0x9ca
 1805 0abf 20       		.byte	0x20
 1806 0ac0 0E       		.uleb128 0xe
 1807 0ac1 07200000 		.4byte	.LASF168
 1808 0ac5 0C       		.byte	0xc
 1809 0ac6 E1       		.byte	0xe1
 1810 0ac7 BF090000 		.4byte	0x9bf
 1811 0acb 21       		.byte	0x21
 1812 0acc 0E       		.uleb128 0xe
 1813 0acd 56170000 		.4byte	.LASF169
 1814 0ad1 0C       		.byte	0xc
 1815 0ad2 E6       		.byte	0xe6
 1816 0ad3 D5090000 		.4byte	0x9d5
 1817 0ad7 22       		.byte	0x22
 1818 0ad8 0E       		.uleb128 0xe
ARM GAS  /tmp/ccwPAVQD.s 			page 33


 1819 0ad9 F0140000 		.4byte	.LASF170
 1820 0add 0C       		.byte	0xc
 1821 0ade EC       		.byte	0xec
 1822 0adf E0090000 		.4byte	0x9e0
 1823 0ae3 23       		.byte	0x23
 1824 0ae4 0E       		.uleb128 0xe
 1825 0ae5 4F170000 		.4byte	.LASF171
 1826 0ae9 0C       		.byte	0xc
 1827 0aea F3       		.byte	0xf3
 1828 0aeb 380A0000 		.4byte	0xa38
 1829 0aef 24       		.byte	0x24
 1830 0af0 26       		.uleb128 0x26
 1831 0af1 705F7500 		.ascii	"p_u\000"
 1832 0af5 0C       		.byte	0xc
 1833 0af6 3101     		.2byte	0x131
 1834 0af8 1E180000 		.4byte	0x181e
 1835 0afc 28       		.byte	0x28
 1836 0afd 18       		.uleb128 0x18
 1837 0afe DA040000 		.4byte	.LASF172
 1838 0b02 0C       		.byte	0xc
 1839 0b03 3601     		.2byte	0x136
 1840 0b05 770B0000 		.4byte	0xb77
 1841 0b09 2C       		.byte	0x2c
 1842 0b0a 18       		.uleb128 0x18
 1843 0b0b 95150000 		.4byte	.LASF173
 1844 0b0f 0C       		.byte	0xc
 1845 0b10 3C01     		.2byte	0x13c
 1846 0b12 9B0B0000 		.4byte	0xb9b
 1847 0b16 30       		.byte	0x30
 1848 0b17 18       		.uleb128 0x18
 1849 0b18 93070000 		.4byte	.LASF174
 1850 0b1c 0C       		.byte	0xc
 1851 0b1d 4001     		.2byte	0x140
 1852 0b1f F6090000 		.4byte	0x9f6
 1853 0b23 38       		.byte	0x38
 1854 0b24 18       		.uleb128 0x18
 1855 0b25 3C1E0000 		.4byte	.LASF175
 1856 0b29 0C       		.byte	0xc
 1857 0b2a 4601     		.2byte	0x146
 1858 0b2c 010A0000 		.4byte	0xa01
 1859 0b30 3C       		.byte	0x3c
 1860 0b31 18       		.uleb128 0x18
 1861 0b32 2C200000 		.4byte	.LASF176
 1862 0b36 0C       		.byte	0xc
 1863 0b37 4D01     		.2byte	0x14d
 1864 0b39 E9180000 		.4byte	0x18e9
 1865 0b3d 40       		.byte	0x40
 1866 0b3e 18       		.uleb128 0x18
 1867 0b3f E91C0000 		.4byte	.LASF177
 1868 0b43 0C       		.byte	0xc
 1869 0b44 5101     		.2byte	0x151
 1870 0b46 EB090000 		.4byte	0x9eb
 1871 0b4a 44       		.byte	0x44
 1872 0b4b 18       		.uleb128 0x18
 1873 0b4c 61120000 		.4byte	.LASF178
 1874 0b50 0C       		.byte	0xc
 1875 0b51 5801     		.2byte	0x158
ARM GAS  /tmp/ccwPAVQD.s 			page 34


 1876 0b53 CA000000 		.4byte	0xca
 1877 0b57 48       		.byte	0x48
 1878 0b58 18       		.uleb128 0x18
 1879 0b59 E0240000 		.4byte	.LASF179
 1880 0b5d 0C       		.byte	0xc
 1881 0b5e 5E01     		.2byte	0x15e
 1882 0b60 CF170000 		.4byte	0x17cf
 1883 0b64 50       		.byte	0x50
 1884 0b65 00       		.byte	0
 1885 0b66 03       		.uleb128 0x3
 1886 0b67 02230000 		.4byte	.LASF180
 1887 0b6b 0B       		.byte	0xb
 1888 0b6c 44       		.byte	0x44
 1889 0b6d 710B0000 		.4byte	0xb71
 1890 0b71 06       		.uleb128 0x6
 1891 0b72 04       		.byte	0x4
 1892 0b73 3D0A0000 		.4byte	0xa3d
 1893 0b77 03       		.uleb128 0x3
 1894 0b78 19050000 		.4byte	.LASF181
 1895 0b7c 0B       		.byte	0xb
 1896 0b7d 49       		.byte	0x49
 1897 0b7e 820B0000 		.4byte	0xb82
 1898 0b82 0F       		.uleb128 0xf
 1899 0b83 BF240000 		.4byte	.LASF182
 1900 0b87 04       		.byte	0x4
 1901 0b88 0C       		.byte	0xc
 1902 0b89 B0       		.byte	0xb0
 1903 0b8a 9B0B0000 		.4byte	0xb9b
 1904 0b8e 0E       		.uleb128 0xe
 1905 0b8f 02120000 		.4byte	.LASF159
 1906 0b93 0C       		.byte	0xc
 1907 0b94 B1       		.byte	0xb1
 1908 0b95 710B0000 		.4byte	0xb71
 1909 0b99 00       		.byte	0
 1910 0b9a 00       		.byte	0
 1911 0b9b 03       		.uleb128 0x3
 1912 0b9c 23170000 		.4byte	.LASF183
 1913 0ba0 0B       		.byte	0xb
 1914 0ba1 50       		.byte	0x50
 1915 0ba2 A60B0000 		.4byte	0xba6
 1916 0ba6 0F       		.uleb128 0xf
 1917 0ba7 8A020000 		.4byte	.LASF184
 1918 0bab 08       		.byte	0x8
 1919 0bac 0C       		.byte	0xc
 1920 0bad B7       		.byte	0xb7
 1921 0bae CB0B0000 		.4byte	0xbcb
 1922 0bb2 0E       		.uleb128 0xe
 1923 0bb3 02120000 		.4byte	.LASF159
 1924 0bb7 0C       		.byte	0xc
 1925 0bb8 B8       		.byte	0xb8
 1926 0bb9 710B0000 		.4byte	0xb71
 1927 0bbd 00       		.byte	0
 1928 0bbe 0E       		.uleb128 0xe
 1929 0bbf 150D0000 		.4byte	.LASF160
 1930 0bc3 0C       		.byte	0xc
 1931 0bc4 B9       		.byte	0xb9
 1932 0bc5 710B0000 		.4byte	0xb71
ARM GAS  /tmp/ccwPAVQD.s 			page 35


 1933 0bc9 04       		.byte	0x4
 1934 0bca 00       		.byte	0
 1935 0bcb 03       		.uleb128 0x3
 1936 0bcc 5F090000 		.4byte	.LASF185
 1937 0bd0 0B       		.byte	0xb
 1938 0bd1 57       		.byte	0x57
 1939 0bd2 D60B0000 		.4byte	0xbd6
 1940 0bd6 1B       		.uleb128 0x1b
 1941 0bd7 771D0000 		.4byte	.LASF186
 1942 0bdb 1C       		.byte	0x1c
 1943 0bdc 0C       		.byte	0xc
 1944 0bdd 9001     		.2byte	0x190
 1945 0bdf 320C0000 		.4byte	0xc32
 1946 0be3 18       		.uleb128 0x18
 1947 0be4 061A0000 		.4byte	.LASF187
 1948 0be8 0C       		.byte	0xc
 1949 0be9 9101     		.2byte	0x191
 1950 0beb 9B0B0000 		.4byte	0xb9b
 1951 0bef 00       		.byte	0
 1952 0bf0 18       		.uleb128 0x18
 1953 0bf1 271F0000 		.4byte	.LASF188
 1954 0bf5 0C       		.byte	0xc
 1955 0bf6 9201     		.2byte	0x192
 1956 0bf8 EB090000 		.4byte	0x9eb
 1957 0bfc 08       		.byte	0x8
 1958 0bfd 18       		.uleb128 0x18
 1959 0bfe 110C0000 		.4byte	.LASF189
 1960 0c02 0C       		.byte	0xc
 1961 0c03 9401     		.2byte	0x194
 1962 0c05 79150000 		.4byte	0x1579
 1963 0c09 0C       		.byte	0xc
 1964 0c0a 18       		.uleb128 0x18
 1965 0c0b AD130000 		.4byte	.LASF190
 1966 0c0f 0C       		.byte	0xc
 1967 0c10 9701     		.2byte	0x197
 1968 0c12 710B0000 		.4byte	0xb71
 1969 0c16 10       		.byte	0x10
 1970 0c17 18       		.uleb128 0x18
 1971 0c18 0D0D0000 		.4byte	.LASF191
 1972 0c1c 0C       		.byte	0xc
 1973 0c1d 9801     		.2byte	0x198
 1974 0c1f 710B0000 		.4byte	0xb71
 1975 0c23 14       		.byte	0x14
 1976 0c24 18       		.uleb128 0x18
 1977 0c25 31100000 		.4byte	.LASF192
 1978 0c29 0C       		.byte	0xc
 1979 0c2a 9B01     		.2byte	0x19b
 1980 0c2c 710B0000 		.4byte	0xb71
 1981 0c30 18       		.byte	0x18
 1982 0c31 00       		.byte	0
 1983 0c32 03       		.uleb128 0x3
 1984 0c33 921C0000 		.4byte	.LASF193
 1985 0c37 0B       		.byte	0xb
 1986 0c38 5C       		.byte	0x5c
 1987 0c39 3D0C0000 		.4byte	0xc3d
 1988 0c3d 06       		.uleb128 0x6
 1989 0c3e 04       		.byte	0x4
ARM GAS  /tmp/ccwPAVQD.s 			page 36


 1990 0c3f 430C0000 		.4byte	0xc43
 1991 0c43 1F       		.uleb128 0x1f
 1992 0c44 4E0C0000 		.4byte	0xc4e
 1993 0c48 15       		.uleb128 0x15
 1994 0c49 CA000000 		.4byte	0xca
 1995 0c4d 00       		.byte	0
 1996 0c4e 03       		.uleb128 0x3
 1997 0c4f F50B0000 		.4byte	.LASF194
 1998 0c53 0B       		.byte	0xb
 1999 0c54 61       		.byte	0x61
 2000 0c55 590C0000 		.4byte	0xc59
 2001 0c59 1B       		.uleb128 0x1b
 2002 0c5a F61F0000 		.4byte	.LASF195
 2003 0c5e 14       		.byte	0x14
 2004 0c5f 0C       		.byte	0xc
 2005 0c60 6B01     		.2byte	0x16b
 2006 0c62 A80C0000 		.4byte	0xca8
 2007 0c66 18       		.uleb128 0x18
 2008 0c67 170C0000 		.4byte	.LASF196
 2009 0c6b 0C       		.byte	0xc
 2010 0c6c 6C01     		.2byte	0x16c
 2011 0c6e F5180000 		.4byte	0x18f5
 2012 0c72 00       		.byte	0
 2013 0c73 18       		.uleb128 0x18
 2014 0c74 14090000 		.4byte	.LASF197
 2015 0c78 0C       		.byte	0xc
 2016 0c79 6D01     		.2byte	0x16d
 2017 0c7b F5180000 		.4byte	0x18f5
 2018 0c7f 04       		.byte	0x4
 2019 0c80 18       		.uleb128 0x18
 2020 0c81 56140000 		.4byte	.LASF198
 2021 0c85 0C       		.byte	0xc
 2022 0c86 6E01     		.2byte	0x16e
 2023 0c88 2D0A0000 		.4byte	0xa2d
 2024 0c8c 08       		.byte	0x8
 2025 0c8d 18       		.uleb128 0x18
 2026 0c8e E11F0000 		.4byte	.LASF199
 2027 0c92 0C       		.byte	0xc
 2028 0c93 6F01     		.2byte	0x16f
 2029 0c95 320C0000 		.4byte	0xc32
 2030 0c99 0C       		.byte	0xc
 2031 0c9a 18       		.uleb128 0x18
 2032 0c9b 430A0000 		.4byte	.LASF200
 2033 0c9f 0C       		.byte	0xc
 2034 0ca0 7101     		.2byte	0x171
 2035 0ca2 CA000000 		.4byte	0xca
 2036 0ca6 10       		.byte	0x10
 2037 0ca7 00       		.byte	0
 2038 0ca8 03       		.uleb128 0x3
 2039 0ca9 2E210000 		.4byte	.LASF201
 2040 0cad 0B       		.byte	0xb
 2041 0cae 66       		.byte	0x66
 2042 0caf B30C0000 		.4byte	0xcb3
 2043 0cb3 1B       		.uleb128 0x1b
 2044 0cb4 87030000 		.4byte	.LASF202
 2045 0cb8 10       		.byte	0x10
 2046 0cb9 0C       		.byte	0xc
ARM GAS  /tmp/ccwPAVQD.s 			page 37


 2047 0cba 7B01     		.2byte	0x17b
 2048 0cbc F50C0000 		.4byte	0xcf5
 2049 0cc0 18       		.uleb128 0x18
 2050 0cc1 170C0000 		.4byte	.LASF196
 2051 0cc5 0C       		.byte	0xc
 2052 0cc6 7C01     		.2byte	0x17c
 2053 0cc8 F5180000 		.4byte	0x18f5
 2054 0ccc 00       		.byte	0
 2055 0ccd 18       		.uleb128 0x18
 2056 0cce 14090000 		.4byte	.LASF197
 2057 0cd2 0C       		.byte	0xc
 2058 0cd3 7E01     		.2byte	0x17e
 2059 0cd5 F5180000 		.4byte	0x18f5
 2060 0cd9 04       		.byte	0x4
 2061 0cda 18       		.uleb128 0x18
 2062 0cdb 56140000 		.4byte	.LASF198
 2063 0cdf 0C       		.byte	0xc
 2064 0ce0 8001     		.2byte	0x180
 2065 0ce2 2D0A0000 		.4byte	0xa2d
 2066 0ce6 08       		.byte	0x8
 2067 0ce7 18       		.uleb128 0x18
 2068 0ce8 91010000 		.4byte	.LASF203
 2069 0cec 0C       		.byte	0xc
 2070 0ced 8201     		.2byte	0x182
 2071 0cef 380A0000 		.4byte	0xa38
 2072 0cf3 0C       		.byte	0xc
 2073 0cf4 00       		.byte	0
 2074 0cf5 03       		.uleb128 0x3
 2075 0cf6 160A0000 		.4byte	.LASF204
 2076 0cfa 0B       		.byte	0xb
 2077 0cfb 6B       		.byte	0x6b
 2078 0cfc 000D0000 		.4byte	0xd00
 2079 0d00 17       		.uleb128 0x17
 2080 0d01 A61D0000 		.4byte	.LASF205
 2081 0d05 1404     		.2byte	0x414
 2082 0d07 0C       		.byte	0xc
 2083 0d08 A201     		.2byte	0x1a2
 2084 0d0a 430D0000 		.4byte	0xd43
 2085 0d0e 18       		.uleb128 0x18
 2086 0d0f 8F130000 		.4byte	.LASF206
 2087 0d13 0C       		.byte	0xc
 2088 0d14 AA01     		.2byte	0x1aa
 2089 0d16 EE050000 		.4byte	0x5ee
 2090 0d1a 00       		.byte	0
 2091 0d1b 18       		.uleb128 0x18
 2092 0d1c 5C130000 		.4byte	.LASF207
 2093 0d20 0C       		.byte	0xc
 2094 0d21 AF01     		.2byte	0x1af
 2095 0d23 170A0000 		.4byte	0xa17
 2096 0d27 04       		.byte	0x4
 2097 0d28 18       		.uleb128 0x18
 2098 0d29 81020000 		.4byte	.LASF208
 2099 0d2d 0C       		.byte	0xc
 2100 0d2e B301     		.2byte	0x1b3
 2101 0d30 170A0000 		.4byte	0xa17
 2102 0d34 08       		.byte	0x8
 2103 0d35 18       		.uleb128 0x18
ARM GAS  /tmp/ccwPAVQD.s 			page 38


 2104 0d36 85160000 		.4byte	.LASF209
 2105 0d3a 0C       		.byte	0xc
 2106 0d3b B901     		.2byte	0x1b9
 2107 0d3d 61170000 		.4byte	0x1761
 2108 0d41 0C       		.byte	0xc
 2109 0d42 00       		.byte	0
 2110 0d43 03       		.uleb128 0x3
 2111 0d44 0B010000 		.4byte	.LASF210
 2112 0d48 0B       		.byte	0xb
 2113 0d49 70       		.byte	0x70
 2114 0d4a 4E0D0000 		.4byte	0xd4e
 2115 0d4e 17       		.uleb128 0x17
 2116 0d4f 75160000 		.4byte	.LASF211
 2117 0d53 7006     		.2byte	0x670
 2118 0d55 0C       		.byte	0xc
 2119 0d56 C201     		.2byte	0x1c2
 2120 0d58 BB0D0000 		.4byte	0xdbb
 2121 0d5c 18       		.uleb128 0x18
 2122 0d5d 13050000 		.4byte	.LASF212
 2123 0d61 0C       		.byte	0xc
 2124 0d62 C601     		.2byte	0x1c6
 2125 0d64 CB0B0000 		.4byte	0xbcb
 2126 0d68 00       		.byte	0
 2127 0d69 18       		.uleb128 0x18
 2128 0d6a C4040000 		.4byte	.LASF213
 2129 0d6e 0C       		.byte	0xc
 2130 0d6f CA01     		.2byte	0x1ca
 2131 0d71 A80C0000 		.4byte	0xca8
 2132 0d75 1C       		.byte	0x1c
 2133 0d76 26       		.uleb128 0x26
 2134 0d77 64626700 		.ascii	"dbg\000"
 2135 0d7b 0C       		.byte	0xc
 2136 0d7c CE01     		.2byte	0x1ce
 2137 0d7e F50C0000 		.4byte	0xcf5
 2138 0d82 2C       		.byte	0x2c
 2139 0d83 19       		.uleb128 0x19
 2140 0d84 92170000 		.4byte	.LASF214
 2141 0d88 0C       		.byte	0xc
 2142 0d89 D201     		.2byte	0x1d2
 2143 0d8b 3D0A0000 		.4byte	0xa3d
 2144 0d8f 4004     		.2byte	0x440
 2145 0d91 27       		.uleb128 0x27
 2146 0d92 746D00   		.ascii	"tm\000"
 2147 0d95 0C       		.byte	0xc
 2148 0d96 D701     		.2byte	0x1d7
 2149 0d98 81170000 		.4byte	0x1781
 2150 0d9c A804     		.2byte	0x4a8
 2151 0d9e 19       		.uleb128 0x19
 2152 0d9f 441B0000 		.4byte	.LASF215
 2153 0da3 0C       		.byte	0xc
 2154 0da4 DD01     		.2byte	0x1dd
 2155 0da6 13180000 		.4byte	0x1813
 2156 0daa B004     		.2byte	0x4b0
 2157 0dac 19       		.uleb128 0x19
 2158 0dad BE1F0000 		.4byte	.LASF216
 2159 0db1 0C       		.byte	0xc
 2160 0db2 E301     		.2byte	0x1e3
ARM GAS  /tmp/ccwPAVQD.s 			page 39


 2161 0db4 FB180000 		.4byte	0x18fb
 2162 0db8 E804     		.2byte	0x4e8
 2163 0dba 00       		.byte	0
 2164 0dbb 0B       		.uleb128 0xb
 2165 0dbc 27090000 		.4byte	0x927
 2166 0dc0 CB0D0000 		.4byte	0xdcb
 2167 0dc4 0C       		.uleb128 0xc
 2168 0dc5 B1000000 		.4byte	0xb1
 2169 0dc9 01       		.byte	0x1
 2170 0dca 00       		.byte	0
 2171 0dcb 0B       		.uleb128 0xb
 2172 0dcc 27090000 		.4byte	0x927
 2173 0dd0 DB0D0000 		.4byte	0xddb
 2174 0dd4 0C       		.uleb128 0xc
 2175 0dd5 B1000000 		.4byte	0xb1
 2176 0dd9 07       		.byte	0x7
 2177 0dda 00       		.byte	0
 2178 0ddb 20       		.uleb128 0x20
 2179 0ddc 351F0000 		.4byte	.LASF217
 2180 0de0 0D       		.byte	0xd
 2181 0de1 A706     		.2byte	0x6a7
 2182 0de3 22090000 		.4byte	0x922
 2183 0de7 22       		.uleb128 0x22
 2184 0de8 EA150000 		.4byte	.LASF218
 2185 0dec 0E       		.byte	0xe
 2186 0ded 4C       		.byte	0x4c
 2187 0dee 27090000 		.4byte	0x927
 2188 0df2 0D       		.uleb128 0xd
 2189 0df3 50       		.byte	0x50
 2190 0df4 0F       		.byte	0xf
 2191 0df5 C4       		.byte	0xc4
 2192 0df6 E90E0000 		.4byte	0xee9
 2193 0dfa 10       		.uleb128 0x10
 2194 0dfb 535200   		.ascii	"SR\000"
 2195 0dfe 0F       		.byte	0xf
 2196 0dff C6       		.byte	0xc6
 2197 0e00 32090000 		.4byte	0x932
 2198 0e04 00       		.byte	0
 2199 0e05 10       		.uleb128 0x10
 2200 0e06 43523100 		.ascii	"CR1\000"
 2201 0e0a 0F       		.byte	0xf
 2202 0e0b C7       		.byte	0xc7
 2203 0e0c 32090000 		.4byte	0x932
 2204 0e10 04       		.byte	0x4
 2205 0e11 10       		.uleb128 0x10
 2206 0e12 43523200 		.ascii	"CR2\000"
 2207 0e16 0F       		.byte	0xf
 2208 0e17 C8       		.byte	0xc8
 2209 0e18 32090000 		.4byte	0x932
 2210 0e1c 08       		.byte	0x8
 2211 0e1d 0E       		.uleb128 0xe
 2212 0e1e C6020000 		.4byte	.LASF219
 2213 0e22 0F       		.byte	0xf
 2214 0e23 C9       		.byte	0xc9
 2215 0e24 32090000 		.4byte	0x932
 2216 0e28 0C       		.byte	0xc
 2217 0e29 0E       		.uleb128 0xe
ARM GAS  /tmp/ccwPAVQD.s 			page 40


 2218 0e2a CC020000 		.4byte	.LASF220
 2219 0e2e 0F       		.byte	0xf
 2220 0e2f CA       		.byte	0xca
 2221 0e30 32090000 		.4byte	0x932
 2222 0e34 10       		.byte	0x10
 2223 0e35 0E       		.uleb128 0xe
 2224 0e36 4A0A0000 		.4byte	.LASF221
 2225 0e3a 0F       		.byte	0xf
 2226 0e3b CB       		.byte	0xcb
 2227 0e3c 32090000 		.4byte	0x932
 2228 0e40 14       		.byte	0x14
 2229 0e41 0E       		.uleb128 0xe
 2230 0e42 500A0000 		.4byte	.LASF222
 2231 0e46 0F       		.byte	0xf
 2232 0e47 CC       		.byte	0xcc
 2233 0e48 32090000 		.4byte	0x932
 2234 0e4c 18       		.byte	0x18
 2235 0e4d 0E       		.uleb128 0xe
 2236 0e4e F0100000 		.4byte	.LASF223
 2237 0e52 0F       		.byte	0xf
 2238 0e53 CD       		.byte	0xcd
 2239 0e54 32090000 		.4byte	0x932
 2240 0e58 1C       		.byte	0x1c
 2241 0e59 0E       		.uleb128 0xe
 2242 0e5a 560A0000 		.4byte	.LASF224
 2243 0e5e 0F       		.byte	0xf
 2244 0e5f CE       		.byte	0xce
 2245 0e60 32090000 		.4byte	0x932
 2246 0e64 20       		.byte	0x20
 2247 0e65 10       		.uleb128 0x10
 2248 0e66 48545200 		.ascii	"HTR\000"
 2249 0e6a 0F       		.byte	0xf
 2250 0e6b CF       		.byte	0xcf
 2251 0e6c 32090000 		.4byte	0x932
 2252 0e70 24       		.byte	0x24
 2253 0e71 10       		.uleb128 0x10
 2254 0e72 4C545200 		.ascii	"LTR\000"
 2255 0e76 0F       		.byte	0xf
 2256 0e77 D0       		.byte	0xd0
 2257 0e78 32090000 		.4byte	0x932
 2258 0e7c 28       		.byte	0x28
 2259 0e7d 0E       		.uleb128 0xe
 2260 0e7e D2120000 		.4byte	.LASF225
 2261 0e82 0F       		.byte	0xf
 2262 0e83 D1       		.byte	0xd1
 2263 0e84 32090000 		.4byte	0x932
 2264 0e88 2C       		.byte	0x2c
 2265 0e89 0E       		.uleb128 0xe
 2266 0e8a D7120000 		.4byte	.LASF226
 2267 0e8e 0F       		.byte	0xf
 2268 0e8f D2       		.byte	0xd2
 2269 0e90 32090000 		.4byte	0x932
 2270 0e94 30       		.byte	0x30
 2271 0e95 0E       		.uleb128 0xe
 2272 0e96 DC120000 		.4byte	.LASF227
 2273 0e9a 0F       		.byte	0xf
 2274 0e9b D3       		.byte	0xd3
ARM GAS  /tmp/ccwPAVQD.s 			page 41


 2275 0e9c 32090000 		.4byte	0x932
 2276 0ea0 34       		.byte	0x34
 2277 0ea1 0E       		.uleb128 0xe
 2278 0ea2 CE0B0000 		.4byte	.LASF228
 2279 0ea6 0F       		.byte	0xf
 2280 0ea7 D4       		.byte	0xd4
 2281 0ea8 32090000 		.4byte	0x932
 2282 0eac 38       		.byte	0x38
 2283 0ead 0E       		.uleb128 0xe
 2284 0eae E4200000 		.4byte	.LASF229
 2285 0eb2 0F       		.byte	0xf
 2286 0eb3 D5       		.byte	0xd5
 2287 0eb4 32090000 		.4byte	0x932
 2288 0eb8 3C       		.byte	0x3c
 2289 0eb9 0E       		.uleb128 0xe
 2290 0eba 280C0000 		.4byte	.LASF230
 2291 0ebe 0F       		.byte	0xf
 2292 0ebf D6       		.byte	0xd6
 2293 0ec0 32090000 		.4byte	0x932
 2294 0ec4 40       		.byte	0x40
 2295 0ec5 0E       		.uleb128 0xe
 2296 0ec6 F8200000 		.4byte	.LASF231
 2297 0eca 0F       		.byte	0xf
 2298 0ecb D7       		.byte	0xd7
 2299 0ecc 32090000 		.4byte	0x932
 2300 0ed0 44       		.byte	0x44
 2301 0ed1 0E       		.uleb128 0xe
 2302 0ed2 FD200000 		.4byte	.LASF232
 2303 0ed6 0F       		.byte	0xf
 2304 0ed7 D8       		.byte	0xd8
 2305 0ed8 32090000 		.4byte	0x932
 2306 0edc 48       		.byte	0x48
 2307 0edd 10       		.uleb128 0x10
 2308 0ede 445200   		.ascii	"DR\000"
 2309 0ee1 0F       		.byte	0xf
 2310 0ee2 D9       		.byte	0xd9
 2311 0ee3 32090000 		.4byte	0x932
 2312 0ee7 4C       		.byte	0x4c
 2313 0ee8 00       		.byte	0
 2314 0ee9 03       		.uleb128 0x3
 2315 0eea 9D140000 		.4byte	.LASF233
 2316 0eee 0F       		.byte	0xf
 2317 0eef DA       		.byte	0xda
 2318 0ef0 F20D0000 		.4byte	0xdf2
 2319 0ef4 0D       		.uleb128 0xd
 2320 0ef5 10       		.byte	0x10
 2321 0ef6 0F       		.byte	0xf
 2322 0ef7 E9       		.byte	0xe9
 2323 0ef8 2D0F0000 		.4byte	0xf2d
 2324 0efc 10       		.uleb128 0x10
 2325 0efd 54495200 		.ascii	"TIR\000"
 2326 0f01 0F       		.byte	0xf
 2327 0f02 EB       		.byte	0xeb
 2328 0f03 32090000 		.4byte	0x932
 2329 0f07 00       		.byte	0
 2330 0f08 0E       		.uleb128 0xe
 2331 0f09 B7100000 		.4byte	.LASF234
ARM GAS  /tmp/ccwPAVQD.s 			page 42


 2332 0f0d 0F       		.byte	0xf
 2333 0f0e EC       		.byte	0xec
 2334 0f0f 32090000 		.4byte	0x932
 2335 0f13 04       		.byte	0x4
 2336 0f14 0E       		.uleb128 0xe
 2337 0f15 72170000 		.4byte	.LASF235
 2338 0f19 0F       		.byte	0xf
 2339 0f1a ED       		.byte	0xed
 2340 0f1b 32090000 		.4byte	0x932
 2341 0f1f 08       		.byte	0x8
 2342 0f20 0E       		.uleb128 0xe
 2343 0f21 0B150000 		.4byte	.LASF236
 2344 0f25 0F       		.byte	0xf
 2345 0f26 EE       		.byte	0xee
 2346 0f27 32090000 		.4byte	0x932
 2347 0f2b 0C       		.byte	0xc
 2348 0f2c 00       		.byte	0
 2349 0f2d 03       		.uleb128 0x3
 2350 0f2e FD040000 		.4byte	.LASF237
 2351 0f32 0F       		.byte	0xf
 2352 0f33 EF       		.byte	0xef
 2353 0f34 F40E0000 		.4byte	0xef4
 2354 0f38 0D       		.uleb128 0xd
 2355 0f39 10       		.byte	0x10
 2356 0f3a 0F       		.byte	0xf
 2357 0f3b F5       		.byte	0xf5
 2358 0f3c 710F0000 		.4byte	0xf71
 2359 0f40 10       		.uleb128 0x10
 2360 0f41 52495200 		.ascii	"RIR\000"
 2361 0f45 0F       		.byte	0xf
 2362 0f46 F7       		.byte	0xf7
 2363 0f47 32090000 		.4byte	0x932
 2364 0f4b 00       		.byte	0
 2365 0f4c 0E       		.uleb128 0xe
 2366 0f4d 5A1D0000 		.4byte	.LASF238
 2367 0f51 0F       		.byte	0xf
 2368 0f52 F8       		.byte	0xf8
 2369 0f53 32090000 		.4byte	0x932
 2370 0f57 04       		.byte	0x4
 2371 0f58 0E       		.uleb128 0xe
 2372 0f59 F0180000 		.4byte	.LASF239
 2373 0f5d 0F       		.byte	0xf
 2374 0f5e F9       		.byte	0xf9
 2375 0f5f 32090000 		.4byte	0x932
 2376 0f63 08       		.byte	0x8
 2377 0f64 0E       		.uleb128 0xe
 2378 0f65 5B160000 		.4byte	.LASF240
 2379 0f69 0F       		.byte	0xf
 2380 0f6a FA       		.byte	0xfa
 2381 0f6b 32090000 		.4byte	0x932
 2382 0f6f 0C       		.byte	0xc
 2383 0f70 00       		.byte	0
 2384 0f71 03       		.uleb128 0x3
 2385 0f72 9B1C0000 		.4byte	.LASF241
 2386 0f76 0F       		.byte	0xf
 2387 0f77 FB       		.byte	0xfb
 2388 0f78 380F0000 		.4byte	0xf38
ARM GAS  /tmp/ccwPAVQD.s 			page 43


 2389 0f7c 1C       		.uleb128 0x1c
 2390 0f7d 08       		.byte	0x8
 2391 0f7e 0F       		.byte	0xf
 2392 0f7f 0101     		.2byte	0x101
 2393 0f81 A00F0000 		.4byte	0xfa0
 2394 0f85 26       		.uleb128 0x26
 2395 0f86 46523100 		.ascii	"FR1\000"
 2396 0f8a 0F       		.byte	0xf
 2397 0f8b 0301     		.2byte	0x103
 2398 0f8d 32090000 		.4byte	0x932
 2399 0f91 00       		.byte	0
 2400 0f92 26       		.uleb128 0x26
 2401 0f93 46523200 		.ascii	"FR2\000"
 2402 0f97 0F       		.byte	0xf
 2403 0f98 0401     		.2byte	0x104
 2404 0f9a 32090000 		.4byte	0x932
 2405 0f9e 04       		.byte	0x4
 2406 0f9f 00       		.byte	0
 2407 0fa0 08       		.uleb128 0x8
 2408 0fa1 BC100000 		.4byte	.LASF242
 2409 0fa5 0F       		.byte	0xf
 2410 0fa6 0501     		.2byte	0x105
 2411 0fa8 7C0F0000 		.4byte	0xf7c
 2412 0fac 28       		.uleb128 0x28
 2413 0fad 2003     		.2byte	0x320
 2414 0faf 0F       		.byte	0xf
 2415 0fb0 0B01     		.2byte	0x10b
 2416 0fb2 E2100000 		.4byte	0x10e2
 2417 0fb6 26       		.uleb128 0x26
 2418 0fb7 4D435200 		.ascii	"MCR\000"
 2419 0fbb 0F       		.byte	0xf
 2420 0fbc 0D01     		.2byte	0x10d
 2421 0fbe 32090000 		.4byte	0x932
 2422 0fc2 00       		.byte	0
 2423 0fc3 26       		.uleb128 0x26
 2424 0fc4 4D535200 		.ascii	"MSR\000"
 2425 0fc8 0F       		.byte	0xf
 2426 0fc9 0E01     		.2byte	0x10e
 2427 0fcb 32090000 		.4byte	0x932
 2428 0fcf 04       		.byte	0x4
 2429 0fd0 26       		.uleb128 0x26
 2430 0fd1 54535200 		.ascii	"TSR\000"
 2431 0fd5 0F       		.byte	0xf
 2432 0fd6 0F01     		.2byte	0x10f
 2433 0fd8 32090000 		.4byte	0x932
 2434 0fdc 08       		.byte	0x8
 2435 0fdd 18       		.uleb128 0x18
 2436 0fde B90D0000 		.4byte	.LASF243
 2437 0fe2 0F       		.byte	0xf
 2438 0fe3 1001     		.2byte	0x110
 2439 0fe5 32090000 		.4byte	0x932
 2440 0fe9 0C       		.byte	0xc
 2441 0fea 18       		.uleb128 0x18
 2442 0feb 3B190000 		.4byte	.LASF244
 2443 0fef 0F       		.byte	0xf
 2444 0ff0 1101     		.2byte	0x111
 2445 0ff2 32090000 		.4byte	0x932
ARM GAS  /tmp/ccwPAVQD.s 			page 44


 2446 0ff6 10       		.byte	0x10
 2447 0ff7 26       		.uleb128 0x26
 2448 0ff8 49455200 		.ascii	"IER\000"
 2449 0ffc 0F       		.byte	0xf
 2450 0ffd 1201     		.2byte	0x112
 2451 0fff 32090000 		.4byte	0x932
 2452 1003 14       		.byte	0x14
 2453 1004 26       		.uleb128 0x26
 2454 1005 45535200 		.ascii	"ESR\000"
 2455 1009 0F       		.byte	0xf
 2456 100a 1301     		.2byte	0x113
 2457 100c 32090000 		.4byte	0x932
 2458 1010 18       		.byte	0x18
 2459 1011 26       		.uleb128 0x26
 2460 1012 42545200 		.ascii	"BTR\000"
 2461 1016 0F       		.byte	0xf
 2462 1017 1401     		.2byte	0x114
 2463 1019 32090000 		.4byte	0x932
 2464 101d 1C       		.byte	0x1c
 2465 101e 18       		.uleb128 0x18
 2466 101f 631E0000 		.4byte	.LASF245
 2467 1023 0F       		.byte	0xf
 2468 1024 1501     		.2byte	0x115
 2469 1026 E2100000 		.4byte	0x10e2
 2470 102a 20       		.byte	0x20
 2471 102b 19       		.uleb128 0x19
 2472 102c D4110000 		.4byte	.LASF246
 2473 1030 0F       		.byte	0xf
 2474 1031 1601     		.2byte	0x116
 2475 1033 F2100000 		.4byte	0x10f2
 2476 1037 8001     		.2byte	0x180
 2477 1039 19       		.uleb128 0x19
 2478 103a 48220000 		.4byte	.LASF247
 2479 103e 0F       		.byte	0xf
 2480 103f 1701     		.2byte	0x117
 2481 1041 02110000 		.4byte	0x1102
 2482 1045 B001     		.2byte	0x1b0
 2483 1047 19       		.uleb128 0x19
 2484 1048 6D1E0000 		.4byte	.LASF248
 2485 104c 0F       		.byte	0xf
 2486 104d 1801     		.2byte	0x118
 2487 104f 12110000 		.4byte	0x1112
 2488 1053 D001     		.2byte	0x1d0
 2489 1055 27       		.uleb128 0x27
 2490 1056 464D5200 		.ascii	"FMR\000"
 2491 105a 0F       		.byte	0xf
 2492 105b 1901     		.2byte	0x119
 2493 105d 32090000 		.4byte	0x932
 2494 1061 0002     		.2byte	0x200
 2495 1063 19       		.uleb128 0x19
 2496 1064 B80A0000 		.4byte	.LASF249
 2497 1068 0F       		.byte	0xf
 2498 1069 1A01     		.2byte	0x11a
 2499 106b 32090000 		.4byte	0x932
 2500 106f 0402     		.2byte	0x204
 2501 1071 19       		.uleb128 0x19
 2502 1072 771E0000 		.4byte	.LASF250
ARM GAS  /tmp/ccwPAVQD.s 			page 45


 2503 1076 0F       		.byte	0xf
 2504 1077 1B01     		.2byte	0x11b
 2505 1079 27090000 		.4byte	0x927
 2506 107d 0802     		.2byte	0x208
 2507 107f 19       		.uleb128 0x19
 2508 1080 3C200000 		.4byte	.LASF251
 2509 1084 0F       		.byte	0xf
 2510 1085 1C01     		.2byte	0x11c
 2511 1087 32090000 		.4byte	0x932
 2512 108b 0C02     		.2byte	0x20c
 2513 108d 19       		.uleb128 0x19
 2514 108e 811E0000 		.4byte	.LASF252
 2515 1092 0F       		.byte	0xf
 2516 1093 1D01     		.2byte	0x11d
 2517 1095 27090000 		.4byte	0x927
 2518 1099 1002     		.2byte	0x210
 2519 109b 19       		.uleb128 0x19
 2520 109c 35190000 		.4byte	.LASF253
 2521 10a0 0F       		.byte	0xf
 2522 10a1 1E01     		.2byte	0x11e
 2523 10a3 32090000 		.4byte	0x932
 2524 10a7 1402     		.2byte	0x214
 2525 10a9 19       		.uleb128 0x19
 2526 10aa 8B1E0000 		.4byte	.LASF254
 2527 10ae 0F       		.byte	0xf
 2528 10af 1F01     		.2byte	0x11f
 2529 10b1 27090000 		.4byte	0x927
 2530 10b5 1802     		.2byte	0x218
 2531 10b7 19       		.uleb128 0x19
 2532 10b8 FE030000 		.4byte	.LASF255
 2533 10bc 0F       		.byte	0xf
 2534 10bd 2001     		.2byte	0x120
 2535 10bf 32090000 		.4byte	0x932
 2536 10c3 1C02     		.2byte	0x21c
 2537 10c5 19       		.uleb128 0x19
 2538 10c6 951E0000 		.4byte	.LASF256
 2539 10ca 0F       		.byte	0xf
 2540 10cb 2101     		.2byte	0x121
 2541 10cd CB0D0000 		.4byte	0xdcb
 2542 10d1 2002     		.2byte	0x220
 2543 10d3 19       		.uleb128 0x19
 2544 10d4 AC050000 		.4byte	.LASF257
 2545 10d8 0F       		.byte	0xf
 2546 10d9 2201     		.2byte	0x122
 2547 10db 22110000 		.4byte	0x1122
 2548 10df 4002     		.2byte	0x240
 2549 10e1 00       		.byte	0
 2550 10e2 0B       		.uleb128 0xb
 2551 10e3 27090000 		.4byte	0x927
 2552 10e7 F2100000 		.4byte	0x10f2
 2553 10eb 0C       		.uleb128 0xc
 2554 10ec B1000000 		.4byte	0xb1
 2555 10f0 57       		.byte	0x57
 2556 10f1 00       		.byte	0
 2557 10f2 0B       		.uleb128 0xb
 2558 10f3 2D0F0000 		.4byte	0xf2d
 2559 10f7 02110000 		.4byte	0x1102
ARM GAS  /tmp/ccwPAVQD.s 			page 46


 2560 10fb 0C       		.uleb128 0xc
 2561 10fc B1000000 		.4byte	0xb1
 2562 1100 02       		.byte	0x2
 2563 1101 00       		.byte	0
 2564 1102 0B       		.uleb128 0xb
 2565 1103 710F0000 		.4byte	0xf71
 2566 1107 12110000 		.4byte	0x1112
 2567 110b 0C       		.uleb128 0xc
 2568 110c B1000000 		.4byte	0xb1
 2569 1110 01       		.byte	0x1
 2570 1111 00       		.byte	0
 2571 1112 0B       		.uleb128 0xb
 2572 1113 27090000 		.4byte	0x927
 2573 1117 22110000 		.4byte	0x1122
 2574 111b 0C       		.uleb128 0xc
 2575 111c B1000000 		.4byte	0xb1
 2576 1120 0B       		.byte	0xb
 2577 1121 00       		.byte	0
 2578 1122 0B       		.uleb128 0xb
 2579 1123 A00F0000 		.4byte	0xfa0
 2580 1127 32110000 		.4byte	0x1132
 2581 112b 0C       		.uleb128 0xc
 2582 112c B1000000 		.4byte	0xb1
 2583 1130 1B       		.byte	0x1b
 2584 1131 00       		.byte	0
 2585 1132 08       		.uleb128 0x8
 2586 1133 780C0000 		.4byte	.LASF258
 2587 1137 0F       		.byte	0xf
 2588 1138 2301     		.2byte	0x123
 2589 113a AC0F0000 		.4byte	0xfac
 2590 113e 1C       		.uleb128 0x1c
 2591 113f 38       		.byte	0x38
 2592 1140 0F       		.byte	0xf
 2593 1141 3601     		.2byte	0x136
 2594 1143 FC110000 		.4byte	0x11fc
 2595 1147 26       		.uleb128 0x26
 2596 1148 435200   		.ascii	"CR\000"
 2597 114b 0F       		.byte	0xf
 2598 114c 3801     		.2byte	0x138
 2599 114e 32090000 		.4byte	0x932
 2600 1152 00       		.byte	0
 2601 1153 18       		.uleb128 0x18
 2602 1154 35160000 		.4byte	.LASF259
 2603 1158 0F       		.byte	0xf
 2604 1159 3901     		.2byte	0x139
 2605 115b 32090000 		.4byte	0x932
 2606 115f 04       		.byte	0x4
 2607 1160 18       		.uleb128 0x18
 2608 1161 B11E0000 		.4byte	.LASF260
 2609 1165 0F       		.byte	0xf
 2610 1166 3A01     		.2byte	0x13a
 2611 1168 32090000 		.4byte	0x932
 2612 116c 08       		.byte	0x8
 2613 116d 18       		.uleb128 0x18
 2614 116e 091B0000 		.4byte	.LASF261
 2615 1172 0F       		.byte	0xf
 2616 1173 3B01     		.2byte	0x13b
ARM GAS  /tmp/ccwPAVQD.s 			page 47


 2617 1175 32090000 		.4byte	0x932
 2618 1179 0C       		.byte	0xc
 2619 117a 18       		.uleb128 0x18
 2620 117b 250A0000 		.4byte	.LASF262
 2621 117f 0F       		.byte	0xf
 2622 1180 3C01     		.2byte	0x13c
 2623 1182 32090000 		.4byte	0x932
 2624 1186 10       		.byte	0x10
 2625 1187 18       		.uleb128 0x18
 2626 1188 B91E0000 		.4byte	.LASF263
 2627 118c 0F       		.byte	0xf
 2628 118d 3D01     		.2byte	0x13d
 2629 118f 32090000 		.4byte	0x932
 2630 1193 14       		.byte	0x14
 2631 1194 18       		.uleb128 0x18
 2632 1195 111B0000 		.4byte	.LASF264
 2633 1199 0F       		.byte	0xf
 2634 119a 3E01     		.2byte	0x13e
 2635 119c 32090000 		.4byte	0x932
 2636 11a0 18       		.byte	0x18
 2637 11a1 18       		.uleb128 0x18
 2638 11a2 2C0A0000 		.4byte	.LASF265
 2639 11a6 0F       		.byte	0xf
 2640 11a7 3F01     		.2byte	0x13f
 2641 11a9 32090000 		.4byte	0x932
 2642 11ad 1C       		.byte	0x1c
 2643 11ae 18       		.uleb128 0x18
 2644 11af 001F0000 		.4byte	.LASF266
 2645 11b3 0F       		.byte	0xf
 2646 11b4 4001     		.2byte	0x140
 2647 11b6 32090000 		.4byte	0x932
 2648 11ba 20       		.byte	0x20
 2649 11bb 18       		.uleb128 0x18
 2650 11bc 331B0000 		.4byte	.LASF267
 2651 11c0 0F       		.byte	0xf
 2652 11c1 4101     		.2byte	0x141
 2653 11c3 32090000 		.4byte	0x932
 2654 11c7 24       		.byte	0x24
 2655 11c8 18       		.uleb128 0x18
 2656 11c9 66220000 		.4byte	.LASF268
 2657 11cd 0F       		.byte	0xf
 2658 11ce 4201     		.2byte	0x142
 2659 11d0 32090000 		.4byte	0x932
 2660 11d4 28       		.byte	0x28
 2661 11d5 18       		.uleb128 0x18
 2662 11d6 9C010000 		.4byte	.LASF269
 2663 11da 0F       		.byte	0xf
 2664 11db 4301     		.2byte	0x143
 2665 11dd 32090000 		.4byte	0x932
 2666 11e1 2C       		.byte	0x2c
 2667 11e2 18       		.uleb128 0x18
 2668 11e3 A1010000 		.4byte	.LASF270
 2669 11e7 0F       		.byte	0xf
 2670 11e8 4401     		.2byte	0x144
 2671 11ea 32090000 		.4byte	0x932
 2672 11ee 30       		.byte	0x30
 2673 11ef 26       		.uleb128 0x26
ARM GAS  /tmp/ccwPAVQD.s 			page 48


 2674 11f0 535200   		.ascii	"SR\000"
 2675 11f3 0F       		.byte	0xf
 2676 11f4 4501     		.2byte	0x145
 2677 11f6 32090000 		.4byte	0x932
 2678 11fa 34       		.byte	0x34
 2679 11fb 00       		.byte	0
 2680 11fc 08       		.uleb128 0x8
 2681 11fd B31C0000 		.4byte	.LASF271
 2682 1201 0F       		.byte	0xf
 2683 1202 4601     		.2byte	0x146
 2684 1204 3E110000 		.4byte	0x113e
 2685 1208 1C       		.uleb128 0x1c
 2686 1209 18       		.byte	0x18
 2687 120a 0F       		.byte	0xf
 2688 120b 6B01     		.2byte	0x16b
 2689 120d 5F120000 		.4byte	0x125f
 2690 1211 26       		.uleb128 0x26
 2691 1212 435200   		.ascii	"CR\000"
 2692 1215 0F       		.byte	0xf
 2693 1216 6D01     		.2byte	0x16d
 2694 1218 32090000 		.4byte	0x932
 2695 121c 00       		.byte	0
 2696 121d 18       		.uleb128 0x18
 2697 121e 9A1F0000 		.4byte	.LASF272
 2698 1222 0F       		.byte	0xf
 2699 1223 6E01     		.2byte	0x16e
 2700 1225 32090000 		.4byte	0x932
 2701 1229 04       		.byte	0x4
 2702 122a 26       		.uleb128 0x26
 2703 122b 50415200 		.ascii	"PAR\000"
 2704 122f 0F       		.byte	0xf
 2705 1230 6F01     		.2byte	0x16f
 2706 1232 32090000 		.4byte	0x932
 2707 1236 08       		.byte	0x8
 2708 1237 18       		.uleb128 0x18
 2709 1238 E0030000 		.4byte	.LASF273
 2710 123c 0F       		.byte	0xf
 2711 123d 7001     		.2byte	0x170
 2712 123f 32090000 		.4byte	0x932
 2713 1243 0C       		.byte	0xc
 2714 1244 18       		.uleb128 0x18
 2715 1245 D2070000 		.4byte	.LASF274
 2716 1249 0F       		.byte	0xf
 2717 124a 7101     		.2byte	0x171
 2718 124c 32090000 		.4byte	0x932
 2719 1250 10       		.byte	0x10
 2720 1251 26       		.uleb128 0x26
 2721 1252 46435200 		.ascii	"FCR\000"
 2722 1256 0F       		.byte	0xf
 2723 1257 7201     		.2byte	0x172
 2724 1259 32090000 		.4byte	0x932
 2725 125d 14       		.byte	0x14
 2726 125e 00       		.byte	0
 2727 125f 08       		.uleb128 0x8
 2728 1260 DC070000 		.4byte	.LASF275
 2729 1264 0F       		.byte	0xf
 2730 1265 7301     		.2byte	0x173
ARM GAS  /tmp/ccwPAVQD.s 			page 49


 2731 1267 08120000 		.4byte	0x1208
 2732 126b 0B       		.uleb128 0xb
 2733 126c 32090000 		.4byte	0x932
 2734 1270 7B120000 		.4byte	0x127b
 2735 1274 0C       		.uleb128 0xc
 2736 1275 B1000000 		.4byte	0xb1
 2737 1279 01       		.byte	0x1
 2738 127a 00       		.byte	0
 2739 127b 1A       		.uleb128 0x1a
 2740 127c 6B120000 		.4byte	0x126b
 2741 1280 0B       		.uleb128 0xb
 2742 1281 32090000 		.4byte	0x932
 2743 1285 90120000 		.4byte	0x1290
 2744 1289 0C       		.uleb128 0xc
 2745 128a B1000000 		.4byte	0xb1
 2746 128e 03       		.byte	0x3
 2747 128f 00       		.byte	0
 2748 1290 1A       		.uleb128 0x1a
 2749 1291 80120000 		.4byte	0x1280
 2750 1295 1C       		.uleb128 0x1c
 2751 1296 28       		.byte	0x28
 2752 1297 0F       		.byte	0xf
 2753 1298 3F02     		.2byte	0x23f
 2754 129a 20130000 		.4byte	0x1320
 2755 129e 26       		.uleb128 0x26
 2756 129f 43523100 		.ascii	"CR1\000"
 2757 12a3 0F       		.byte	0xf
 2758 12a4 4102     		.2byte	0x241
 2759 12a6 32090000 		.4byte	0x932
 2760 12aa 00       		.byte	0
 2761 12ab 26       		.uleb128 0x26
 2762 12ac 43523200 		.ascii	"CR2\000"
 2763 12b0 0F       		.byte	0xf
 2764 12b1 4202     		.2byte	0x242
 2765 12b3 32090000 		.4byte	0x932
 2766 12b7 04       		.byte	0x4
 2767 12b8 18       		.uleb128 0x18
 2768 12b9 D6240000 		.4byte	.LASF276
 2769 12bd 0F       		.byte	0xf
 2770 12be 4302     		.2byte	0x243
 2771 12c0 32090000 		.4byte	0x932
 2772 12c4 08       		.byte	0x8
 2773 12c5 18       		.uleb128 0x18
 2774 12c6 DB240000 		.4byte	.LASF277
 2775 12ca 0F       		.byte	0xf
 2776 12cb 4402     		.2byte	0x244
 2777 12cd 32090000 		.4byte	0x932
 2778 12d1 0C       		.byte	0xc
 2779 12d2 26       		.uleb128 0x26
 2780 12d3 445200   		.ascii	"DR\000"
 2781 12d6 0F       		.byte	0xf
 2782 12d7 4502     		.2byte	0x245
 2783 12d9 32090000 		.4byte	0x932
 2784 12dd 10       		.byte	0x10
 2785 12de 26       		.uleb128 0x26
 2786 12df 53523100 		.ascii	"SR1\000"
 2787 12e3 0F       		.byte	0xf
ARM GAS  /tmp/ccwPAVQD.s 			page 50


 2788 12e4 4602     		.2byte	0x246
 2789 12e6 32090000 		.4byte	0x932
 2790 12ea 14       		.byte	0x14
 2791 12eb 26       		.uleb128 0x26
 2792 12ec 53523200 		.ascii	"SR2\000"
 2793 12f0 0F       		.byte	0xf
 2794 12f1 4702     		.2byte	0x247
 2795 12f3 32090000 		.4byte	0x932
 2796 12f7 18       		.byte	0x18
 2797 12f8 26       		.uleb128 0x26
 2798 12f9 43435200 		.ascii	"CCR\000"
 2799 12fd 0F       		.byte	0xf
 2800 12fe 4802     		.2byte	0x248
 2801 1300 32090000 		.4byte	0x932
 2802 1304 1C       		.byte	0x1c
 2803 1305 18       		.uleb128 0x18
 2804 1306 CB040000 		.4byte	.LASF278
 2805 130a 0F       		.byte	0xf
 2806 130b 4902     		.2byte	0x249
 2807 130d 32090000 		.4byte	0x932
 2808 1311 20       		.byte	0x20
 2809 1312 18       		.uleb128 0x18
 2810 1313 97230000 		.4byte	.LASF279
 2811 1317 0F       		.byte	0xf
 2812 1318 4A02     		.2byte	0x24a
 2813 131a 32090000 		.4byte	0x932
 2814 131e 24       		.byte	0x24
 2815 131f 00       		.byte	0
 2816 1320 08       		.uleb128 0x8
 2817 1321 69120000 		.4byte	.LASF280
 2818 1325 0F       		.byte	0xf
 2819 1326 4B02     		.2byte	0x24b
 2820 1328 95120000 		.4byte	0x1295
 2821 132c 1C       		.uleb128 0x1c
 2822 132d 84       		.byte	0x84
 2823 132e 0F       		.byte	0xf
 2824 132f BF02     		.2byte	0x2bf
 2825 1331 3A140000 		.4byte	0x143a
 2826 1335 18       		.uleb128 0x18
 2827 1336 7F160000 		.4byte	.LASF281
 2828 133a 0F       		.byte	0xf
 2829 133b C102     		.2byte	0x2c1
 2830 133d 32090000 		.4byte	0x932
 2831 1341 00       		.byte	0
 2832 1342 18       		.uleb128 0x18
 2833 1343 B5200000 		.4byte	.LASF282
 2834 1347 0F       		.byte	0xf
 2835 1348 C202     		.2byte	0x2c2
 2836 134a 32090000 		.4byte	0x932
 2837 134e 04       		.byte	0x4
 2838 134f 26       		.uleb128 0x26
 2839 1350 41524700 		.ascii	"ARG\000"
 2840 1354 0F       		.byte	0xf
 2841 1355 C302     		.2byte	0x2c3
 2842 1357 32090000 		.4byte	0x932
 2843 135b 08       		.byte	0x8
 2844 135c 26       		.uleb128 0x26
ARM GAS  /tmp/ccwPAVQD.s 			page 51


 2845 135d 434D4400 		.ascii	"CMD\000"
 2846 1361 0F       		.byte	0xf
 2847 1362 C402     		.2byte	0x2c4
 2848 1364 32090000 		.4byte	0x932
 2849 1368 0C       		.byte	0xc
 2850 1369 18       		.uleb128 0x18
 2851 136a C9190000 		.4byte	.LASF283
 2852 136e 0F       		.byte	0xf
 2853 136f C502     		.2byte	0x2c5
 2854 1371 37090000 		.4byte	0x937
 2855 1375 10       		.byte	0x10
 2856 1376 18       		.uleb128 0x18
 2857 1377 E1050000 		.4byte	.LASF284
 2858 137b 0F       		.byte	0xf
 2859 137c C602     		.2byte	0x2c6
 2860 137e 37090000 		.4byte	0x937
 2861 1382 14       		.byte	0x14
 2862 1383 18       		.uleb128 0x18
 2863 1384 E7050000 		.4byte	.LASF285
 2864 1388 0F       		.byte	0xf
 2865 1389 C702     		.2byte	0x2c7
 2866 138b 37090000 		.4byte	0x937
 2867 138f 18       		.byte	0x18
 2868 1390 18       		.uleb128 0x18
 2869 1391 ED050000 		.4byte	.LASF286
 2870 1395 0F       		.byte	0xf
 2871 1396 C802     		.2byte	0x2c8
 2872 1398 37090000 		.4byte	0x937
 2873 139c 1C       		.byte	0x1c
 2874 139d 18       		.uleb128 0x18
 2875 139e F3050000 		.4byte	.LASF287
 2876 13a2 0F       		.byte	0xf
 2877 13a3 C902     		.2byte	0x2c9
 2878 13a5 37090000 		.4byte	0x937
 2879 13a9 20       		.byte	0x20
 2880 13aa 18       		.uleb128 0x18
 2881 13ab A6130000 		.4byte	.LASF288
 2882 13af 0F       		.byte	0xf
 2883 13b0 CA02     		.2byte	0x2ca
 2884 13b2 32090000 		.4byte	0x932
 2885 13b6 24       		.byte	0x24
 2886 13b7 18       		.uleb128 0x18
 2887 13b8 4E150000 		.4byte	.LASF289
 2888 13bc 0F       		.byte	0xf
 2889 13bd CB02     		.2byte	0x2cb
 2890 13bf 32090000 		.4byte	0x932
 2891 13c3 28       		.byte	0x28
 2892 13c4 18       		.uleb128 0x18
 2893 13c5 83230000 		.4byte	.LASF290
 2894 13c9 0F       		.byte	0xf
 2895 13ca CC02     		.2byte	0x2cc
 2896 13cc 32090000 		.4byte	0x932
 2897 13d0 2C       		.byte	0x2c
 2898 13d1 18       		.uleb128 0x18
 2899 13d2 CF240000 		.4byte	.LASF291
 2900 13d6 0F       		.byte	0xf
 2901 13d7 CD02     		.2byte	0x2cd
ARM GAS  /tmp/ccwPAVQD.s 			page 52


 2902 13d9 37090000 		.4byte	0x937
 2903 13dd 30       		.byte	0x30
 2904 13de 26       		.uleb128 0x26
 2905 13df 53544100 		.ascii	"STA\000"
 2906 13e3 0F       		.byte	0xf
 2907 13e4 CE02     		.2byte	0x2ce
 2908 13e6 37090000 		.4byte	0x937
 2909 13ea 34       		.byte	0x34
 2910 13eb 26       		.uleb128 0x26
 2911 13ec 49435200 		.ascii	"ICR\000"
 2912 13f0 0F       		.byte	0xf
 2913 13f1 CF02     		.2byte	0x2cf
 2914 13f3 32090000 		.4byte	0x932
 2915 13f7 38       		.byte	0x38
 2916 13f8 18       		.uleb128 0x18
 2917 13f9 EE010000 		.4byte	.LASF292
 2918 13fd 0F       		.byte	0xf
 2919 13fe D002     		.2byte	0x2d0
 2920 1400 32090000 		.4byte	0x932
 2921 1404 3C       		.byte	0x3c
 2922 1405 18       		.uleb128 0x18
 2923 1406 631E0000 		.4byte	.LASF245
 2924 140a 0F       		.byte	0xf
 2925 140b D102     		.2byte	0x2d1
 2926 140d BB0D0000 		.4byte	0xdbb
 2927 1411 40       		.byte	0x40
 2928 1412 18       		.uleb128 0x18
 2929 1413 36140000 		.4byte	.LASF293
 2930 1417 0F       		.byte	0xf
 2931 1418 D202     		.2byte	0x2d2
 2932 141a 37090000 		.4byte	0x937
 2933 141e 48       		.byte	0x48
 2934 141f 18       		.uleb128 0x18
 2935 1420 6D1E0000 		.4byte	.LASF248
 2936 1424 0F       		.byte	0xf
 2937 1425 D302     		.2byte	0x2d3
 2938 1427 3A140000 		.4byte	0x143a
 2939 142b 4C       		.byte	0x4c
 2940 142c 18       		.uleb128 0x18
 2941 142d 42090000 		.4byte	.LASF294
 2942 1431 0F       		.byte	0xf
 2943 1432 D402     		.2byte	0x2d4
 2944 1434 32090000 		.4byte	0x932
 2945 1438 80       		.byte	0x80
 2946 1439 00       		.byte	0
 2947 143a 0B       		.uleb128 0xb
 2948 143b 27090000 		.4byte	0x927
 2949 143f 4A140000 		.4byte	0x144a
 2950 1443 0C       		.uleb128 0xc
 2951 1444 B1000000 		.4byte	0xb1
 2952 1448 0C       		.byte	0xc
 2953 1449 00       		.byte	0
 2954 144a 08       		.uleb128 0x8
 2955 144b 711F0000 		.4byte	.LASF295
 2956 144f 0F       		.byte	0xf
 2957 1450 D502     		.2byte	0x2d5
 2958 1452 2C130000 		.4byte	0x132c
ARM GAS  /tmp/ccwPAVQD.s 			page 53


 2959 1456 1C       		.uleb128 0x1c
 2960 1457 24       		.byte	0x24
 2961 1458 0F       		.byte	0xf
 2962 1459 DB02     		.2byte	0x2db
 2963 145b D3140000 		.4byte	0x14d3
 2964 145f 26       		.uleb128 0x26
 2965 1460 43523100 		.ascii	"CR1\000"
 2966 1464 0F       		.byte	0xf
 2967 1465 DD02     		.2byte	0x2dd
 2968 1467 32090000 		.4byte	0x932
 2969 146b 00       		.byte	0
 2970 146c 26       		.uleb128 0x26
 2971 146d 43523200 		.ascii	"CR2\000"
 2972 1471 0F       		.byte	0xf
 2973 1472 DE02     		.2byte	0x2de
 2974 1474 32090000 		.4byte	0x932
 2975 1478 04       		.byte	0x4
 2976 1479 26       		.uleb128 0x26
 2977 147a 535200   		.ascii	"SR\000"
 2978 147d 0F       		.byte	0xf
 2979 147e DF02     		.2byte	0x2df
 2980 1480 32090000 		.4byte	0x932
 2981 1484 08       		.byte	0x8
 2982 1485 26       		.uleb128 0x26
 2983 1486 445200   		.ascii	"DR\000"
 2984 1489 0F       		.byte	0xf
 2985 148a E002     		.2byte	0x2e0
 2986 148c 32090000 		.4byte	0x932
 2987 1490 0C       		.byte	0xc
 2988 1491 18       		.uleb128 0x18
 2989 1492 56070000 		.4byte	.LASF296
 2990 1496 0F       		.byte	0xf
 2991 1497 E102     		.2byte	0x2e1
 2992 1499 32090000 		.4byte	0x932
 2993 149d 10       		.byte	0x10
 2994 149e 18       		.uleb128 0x18
 2995 149f 330B0000 		.4byte	.LASF297
 2996 14a3 0F       		.byte	0xf
 2997 14a4 E202     		.2byte	0x2e2
 2998 14a6 32090000 		.4byte	0x932
 2999 14aa 14       		.byte	0x14
 3000 14ab 18       		.uleb128 0x18
 3001 14ac 630A0000 		.4byte	.LASF298
 3002 14b0 0F       		.byte	0xf
 3003 14b1 E302     		.2byte	0x2e3
 3004 14b3 32090000 		.4byte	0x932
 3005 14b7 18       		.byte	0x18
 3006 14b8 18       		.uleb128 0x18
 3007 14b9 96210000 		.4byte	.LASF299
 3008 14bd 0F       		.byte	0xf
 3009 14be E402     		.2byte	0x2e4
 3010 14c0 32090000 		.4byte	0x932
 3011 14c4 1C       		.byte	0x1c
 3012 14c5 18       		.uleb128 0x18
 3013 14c6 14070000 		.4byte	.LASF300
 3014 14ca 0F       		.byte	0xf
 3015 14cb E502     		.2byte	0x2e5
ARM GAS  /tmp/ccwPAVQD.s 			page 54


 3016 14cd 32090000 		.4byte	0x932
 3017 14d1 20       		.byte	0x20
 3018 14d2 00       		.byte	0
 3019 14d3 08       		.uleb128 0x8
 3020 14d4 D51F0000 		.4byte	.LASF301
 3021 14d8 0F       		.byte	0xf
 3022 14d9 E602     		.2byte	0x2e6
 3023 14db 56140000 		.4byte	0x1456
 3024 14df 1C       		.uleb128 0x1c
 3025 14e0 1C       		.byte	0x1c
 3026 14e1 0F       		.byte	0xf
 3027 14e2 0903     		.2byte	0x309
 3028 14e4 42150000 		.4byte	0x1542
 3029 14e8 26       		.uleb128 0x26
 3030 14e9 535200   		.ascii	"SR\000"
 3031 14ec 0F       		.byte	0xf
 3032 14ed 0B03     		.2byte	0x30b
 3033 14ef 32090000 		.4byte	0x932
 3034 14f3 00       		.byte	0
 3035 14f4 26       		.uleb128 0x26
 3036 14f5 445200   		.ascii	"DR\000"
 3037 14f8 0F       		.byte	0xf
 3038 14f9 0C03     		.2byte	0x30c
 3039 14fb 32090000 		.4byte	0x932
 3040 14ff 04       		.byte	0x4
 3041 1500 26       		.uleb128 0x26
 3042 1501 42525200 		.ascii	"BRR\000"
 3043 1505 0F       		.byte	0xf
 3044 1506 0D03     		.2byte	0x30d
 3045 1508 32090000 		.4byte	0x932
 3046 150c 08       		.byte	0x8
 3047 150d 26       		.uleb128 0x26
 3048 150e 43523100 		.ascii	"CR1\000"
 3049 1512 0F       		.byte	0xf
 3050 1513 0E03     		.2byte	0x30e
 3051 1515 32090000 		.4byte	0x932
 3052 1519 0C       		.byte	0xc
 3053 151a 26       		.uleb128 0x26
 3054 151b 43523200 		.ascii	"CR2\000"
 3055 151f 0F       		.byte	0xf
 3056 1520 0F03     		.2byte	0x30f
 3057 1522 32090000 		.4byte	0x932
 3058 1526 10       		.byte	0x10
 3059 1527 26       		.uleb128 0x26
 3060 1528 43523300 		.ascii	"CR3\000"
 3061 152c 0F       		.byte	0xf
 3062 152d 1003     		.2byte	0x310
 3063 152f 32090000 		.4byte	0x932
 3064 1533 14       		.byte	0x14
 3065 1534 18       		.uleb128 0x18
 3066 1535 DC0D0000 		.4byte	.LASF302
 3067 1539 0F       		.byte	0xf
 3068 153a 1103     		.2byte	0x311
 3069 153c 32090000 		.4byte	0x932
 3070 1540 18       		.byte	0x18
 3071 1541 00       		.byte	0
 3072 1542 08       		.uleb128 0x8
ARM GAS  /tmp/ccwPAVQD.s 			page 55


 3073 1543 28240000 		.4byte	.LASF303
 3074 1547 0F       		.byte	0xf
 3075 1548 1203     		.2byte	0x312
 3076 154a DF140000 		.4byte	0x14df
 3077 154e 0B       		.uleb128 0xb
 3078 154f 32090000 		.4byte	0x932
 3079 1553 5E150000 		.4byte	0x155e
 3080 1557 0C       		.uleb128 0xc
 3081 1558 B1000000 		.4byte	0xb1
 3082 155c 0E       		.byte	0xe
 3083 155d 00       		.byte	0
 3084 155e 1A       		.uleb128 0x1a
 3085 155f 4E150000 		.4byte	0x154e
 3086 1563 03       		.uleb128 0x3
 3087 1564 16190000 		.4byte	.LASF304
 3088 1568 10       		.byte	0x10
 3089 1569 65       		.byte	0x65
 3090 156a CA000000 		.4byte	0xca
 3091 156e 03       		.uleb128 0x3
 3092 156f 8B0C0000 		.4byte	.LASF305
 3093 1573 10       		.byte	0x10
 3094 1574 6D       		.byte	0x6d
 3095 1575 3C090000 		.4byte	0x93c
 3096 1579 0F       		.uleb128 0xf
 3097 157a B7120000 		.4byte	.LASF306
 3098 157e 04       		.byte	0x4
 3099 157f 10       		.byte	0x10
 3100 1580 89       		.byte	0x89
 3101 1581 92150000 		.4byte	0x1592
 3102 1585 10       		.uleb128 0x10
 3103 1586 72313300 		.ascii	"r13\000"
 3104 158a 10       		.byte	0x10
 3105 158b 8A       		.byte	0x8a
 3106 158c D3160000 		.4byte	0x16d3
 3107 1590 00       		.byte	0
 3108 1591 00       		.byte	0
 3109 1592 0F       		.uleb128 0xf
 3110 1593 09000000 		.4byte	.LASF307
 3111 1597 64       		.byte	0x64
 3112 1598 11       		.byte	0x11
 3113 1599 F4       		.byte	0xf4
 3114 159a D3160000 		.4byte	0x16d3
 3115 159e 10       		.uleb128 0x10
 3116 159f 73313600 		.ascii	"s16\000"
 3117 15a3 11       		.byte	0x11
 3118 15a4 F6       		.byte	0xf6
 3119 15a5 63150000 		.4byte	0x1563
 3120 15a9 00       		.byte	0
 3121 15aa 10       		.uleb128 0x10
 3122 15ab 73313700 		.ascii	"s17\000"
 3123 15af 11       		.byte	0x11
 3124 15b0 F7       		.byte	0xf7
 3125 15b1 63150000 		.4byte	0x1563
 3126 15b5 04       		.byte	0x4
 3127 15b6 10       		.uleb128 0x10
 3128 15b7 73313800 		.ascii	"s18\000"
 3129 15bb 11       		.byte	0x11
ARM GAS  /tmp/ccwPAVQD.s 			page 56


 3130 15bc F8       		.byte	0xf8
 3131 15bd 63150000 		.4byte	0x1563
 3132 15c1 08       		.byte	0x8
 3133 15c2 10       		.uleb128 0x10
 3134 15c3 73313900 		.ascii	"s19\000"
 3135 15c7 11       		.byte	0x11
 3136 15c8 F9       		.byte	0xf9
 3137 15c9 63150000 		.4byte	0x1563
 3138 15cd 0C       		.byte	0xc
 3139 15ce 10       		.uleb128 0x10
 3140 15cf 73323000 		.ascii	"s20\000"
 3141 15d3 11       		.byte	0x11
 3142 15d4 FA       		.byte	0xfa
 3143 15d5 63150000 		.4byte	0x1563
 3144 15d9 10       		.byte	0x10
 3145 15da 10       		.uleb128 0x10
 3146 15db 73323100 		.ascii	"s21\000"
 3147 15df 11       		.byte	0x11
 3148 15e0 FB       		.byte	0xfb
 3149 15e1 63150000 		.4byte	0x1563
 3150 15e5 14       		.byte	0x14
 3151 15e6 10       		.uleb128 0x10
 3152 15e7 73323200 		.ascii	"s22\000"
 3153 15eb 11       		.byte	0x11
 3154 15ec FC       		.byte	0xfc
 3155 15ed 63150000 		.4byte	0x1563
 3156 15f1 18       		.byte	0x18
 3157 15f2 10       		.uleb128 0x10
 3158 15f3 73323300 		.ascii	"s23\000"
 3159 15f7 11       		.byte	0x11
 3160 15f8 FD       		.byte	0xfd
 3161 15f9 63150000 		.4byte	0x1563
 3162 15fd 1C       		.byte	0x1c
 3163 15fe 10       		.uleb128 0x10
 3164 15ff 73323400 		.ascii	"s24\000"
 3165 1603 11       		.byte	0x11
 3166 1604 FE       		.byte	0xfe
 3167 1605 63150000 		.4byte	0x1563
 3168 1609 20       		.byte	0x20
 3169 160a 10       		.uleb128 0x10
 3170 160b 73323500 		.ascii	"s25\000"
 3171 160f 11       		.byte	0x11
 3172 1610 FF       		.byte	0xff
 3173 1611 63150000 		.4byte	0x1563
 3174 1615 24       		.byte	0x24
 3175 1616 26       		.uleb128 0x26
 3176 1617 73323600 		.ascii	"s26\000"
 3177 161b 11       		.byte	0x11
 3178 161c 0001     		.2byte	0x100
 3179 161e 63150000 		.4byte	0x1563
 3180 1622 28       		.byte	0x28
 3181 1623 26       		.uleb128 0x26
 3182 1624 73323700 		.ascii	"s27\000"
 3183 1628 11       		.byte	0x11
 3184 1629 0101     		.2byte	0x101
 3185 162b 63150000 		.4byte	0x1563
 3186 162f 2C       		.byte	0x2c
ARM GAS  /tmp/ccwPAVQD.s 			page 57


 3187 1630 26       		.uleb128 0x26
 3188 1631 73323800 		.ascii	"s28\000"
 3189 1635 11       		.byte	0x11
 3190 1636 0201     		.2byte	0x102
 3191 1638 63150000 		.4byte	0x1563
 3192 163c 30       		.byte	0x30
 3193 163d 26       		.uleb128 0x26
 3194 163e 73323900 		.ascii	"s29\000"
 3195 1642 11       		.byte	0x11
 3196 1643 0301     		.2byte	0x103
 3197 1645 63150000 		.4byte	0x1563
 3198 1649 34       		.byte	0x34
 3199 164a 26       		.uleb128 0x26
 3200 164b 73333000 		.ascii	"s30\000"
 3201 164f 11       		.byte	0x11
 3202 1650 0401     		.2byte	0x104
 3203 1652 63150000 		.4byte	0x1563
 3204 1656 38       		.byte	0x38
 3205 1657 26       		.uleb128 0x26
 3206 1658 73333100 		.ascii	"s31\000"
 3207 165c 11       		.byte	0x11
 3208 165d 0501     		.2byte	0x105
 3209 165f 63150000 		.4byte	0x1563
 3210 1663 3C       		.byte	0x3c
 3211 1664 26       		.uleb128 0x26
 3212 1665 723400   		.ascii	"r4\000"
 3213 1668 11       		.byte	0x11
 3214 1669 0701     		.2byte	0x107
 3215 166b 63150000 		.4byte	0x1563
 3216 166f 40       		.byte	0x40
 3217 1670 26       		.uleb128 0x26
 3218 1671 723500   		.ascii	"r5\000"
 3219 1674 11       		.byte	0x11
 3220 1675 0801     		.2byte	0x108
 3221 1677 63150000 		.4byte	0x1563
 3222 167b 44       		.byte	0x44
 3223 167c 26       		.uleb128 0x26
 3224 167d 723600   		.ascii	"r6\000"
 3225 1680 11       		.byte	0x11
 3226 1681 0901     		.2byte	0x109
 3227 1683 63150000 		.4byte	0x1563
 3228 1687 48       		.byte	0x48
 3229 1688 26       		.uleb128 0x26
 3230 1689 723700   		.ascii	"r7\000"
 3231 168c 11       		.byte	0x11
 3232 168d 0A01     		.2byte	0x10a
 3233 168f 63150000 		.4byte	0x1563
 3234 1693 4C       		.byte	0x4c
 3235 1694 26       		.uleb128 0x26
 3236 1695 723800   		.ascii	"r8\000"
 3237 1698 11       		.byte	0x11
 3238 1699 0B01     		.2byte	0x10b
 3239 169b 63150000 		.4byte	0x1563
 3240 169f 50       		.byte	0x50
 3241 16a0 26       		.uleb128 0x26
 3242 16a1 723900   		.ascii	"r9\000"
 3243 16a4 11       		.byte	0x11
ARM GAS  /tmp/ccwPAVQD.s 			page 58


 3244 16a5 0C01     		.2byte	0x10c
 3245 16a7 63150000 		.4byte	0x1563
 3246 16ab 54       		.byte	0x54
 3247 16ac 26       		.uleb128 0x26
 3248 16ad 72313000 		.ascii	"r10\000"
 3249 16b1 11       		.byte	0x11
 3250 16b2 0D01     		.2byte	0x10d
 3251 16b4 63150000 		.4byte	0x1563
 3252 16b8 58       		.byte	0x58
 3253 16b9 26       		.uleb128 0x26
 3254 16ba 72313100 		.ascii	"r11\000"
 3255 16be 11       		.byte	0x11
 3256 16bf 0E01     		.2byte	0x10e
 3257 16c1 63150000 		.4byte	0x1563
 3258 16c5 5C       		.byte	0x5c
 3259 16c6 26       		.uleb128 0x26
 3260 16c7 6C7200   		.ascii	"lr\000"
 3261 16ca 11       		.byte	0x11
 3262 16cb 0F01     		.2byte	0x10f
 3263 16cd 63150000 		.4byte	0x1563
 3264 16d1 60       		.byte	0x60
 3265 16d2 00       		.byte	0
 3266 16d3 06       		.uleb128 0x6
 3267 16d4 04       		.byte	0x4
 3268 16d5 92150000 		.4byte	0x1592
 3269 16d9 0D       		.uleb128 0xd
 3270 16da 10       		.byte	0x10
 3271 16db 12       		.byte	0x12
 3272 16dc 51       		.byte	0x51
 3273 16dd 12170000 		.4byte	0x1712
 3274 16e1 0E       		.uleb128 0xe
 3275 16e2 D71E0000 		.4byte	.LASF308
 3276 16e6 12       		.byte	0x12
 3277 16e7 55       		.byte	0x55
 3278 16e8 2D0A0000 		.4byte	0xa2d
 3279 16ec 00       		.byte	0
 3280 16ed 0E       		.uleb128 0xe
 3281 16ee 89190000 		.4byte	.LASF309
 3282 16f2 12       		.byte	0x12
 3283 16f3 59       		.byte	0x59
 3284 16f4 710B0000 		.4byte	0xb71
 3285 16f8 04       		.byte	0x4
 3286 16f9 0E       		.uleb128 0xe
 3287 16fa C40B0000 		.4byte	.LASF310
 3288 16fe 12       		.byte	0x12
 3289 16ff 5D       		.byte	0x5d
 3290 1700 CA000000 		.4byte	0xca
 3291 1704 08       		.byte	0x8
 3292 1705 0E       		.uleb128 0xe
 3293 1706 010A0000 		.4byte	.LASF311
 3294 170a 12       		.byte	0x12
 3295 170b 61       		.byte	0x61
 3296 170c F1080000 		.4byte	0x8f1
 3297 1710 0C       		.byte	0xc
 3298 1711 00       		.byte	0
 3299 1712 03       		.uleb128 0x3
 3300 1713 960C0000 		.4byte	.LASF312
ARM GAS  /tmp/ccwPAVQD.s 			page 59


 3301 1717 12       		.byte	0x12
 3302 1718 62       		.byte	0x62
 3303 1719 D9160000 		.4byte	0x16d9
 3304 171d 29       		.uleb128 0x29
 3305 171e 0804     		.2byte	0x408
 3306 1720 12       		.byte	0x12
 3307 1721 67       		.byte	0x67
 3308 1722 4B170000 		.4byte	0x174b
 3309 1726 0E       		.uleb128 0xe
 3310 1727 690D0000 		.4byte	.LASF313
 3311 172b 12       		.byte	0x12
 3312 172c 6B       		.byte	0x6b
 3313 172d B1000000 		.4byte	0xb1
 3314 1731 00       		.byte	0
 3315 1732 0E       		.uleb128 0xe
 3316 1733 65140000 		.4byte	.LASF314
 3317 1737 12       		.byte	0x12
 3318 1738 6F       		.byte	0x6f
 3319 1739 4B170000 		.4byte	0x174b
 3320 173d 04       		.byte	0x4
 3321 173e 0E       		.uleb128 0xe
 3322 173f 47090000 		.4byte	.LASF315
 3323 1743 12       		.byte	0x12
 3324 1744 73       		.byte	0x73
 3325 1745 51170000 		.4byte	0x1751
 3326 1749 08       		.byte	0x8
 3327 174a 00       		.byte	0
 3328 174b 06       		.uleb128 0x6
 3329 174c 04       		.byte	0x4
 3330 174d 12170000 		.4byte	0x1712
 3331 1751 0B       		.uleb128 0xb
 3332 1752 12170000 		.4byte	0x1712
 3333 1756 61170000 		.4byte	0x1761
 3334 175a 0C       		.uleb128 0xc
 3335 175b B1000000 		.4byte	0xb1
 3336 175f 3F       		.byte	0x3f
 3337 1760 00       		.byte	0
 3338 1761 03       		.uleb128 0x3
 3339 1762 15000000 		.4byte	.LASF316
 3340 1766 12       		.byte	0x12
 3341 1767 74       		.byte	0x74
 3342 1768 1D170000 		.4byte	0x171d
 3343 176c 0D       		.uleb128 0xd
 3344 176d 04       		.byte	0x4
 3345 176e 13       		.byte	0x13
 3346 176f 38       		.byte	0x38
 3347 1770 81170000 		.4byte	0x1781
 3348 1774 0E       		.uleb128 0xe
 3349 1775 7E1F0000 		.4byte	.LASF317
 3350 1779 13       		.byte	0x13
 3351 177a 3C       		.byte	0x3c
 3352 177b A9090000 		.4byte	0x9a9
 3353 177f 00       		.byte	0
 3354 1780 00       		.byte	0
 3355 1781 03       		.uleb128 0x3
 3356 1782 28050000 		.4byte	.LASF318
 3357 1786 13       		.byte	0x13
ARM GAS  /tmp/ccwPAVQD.s 			page 60


 3358 1787 3D       		.byte	0x3d
 3359 1788 6C170000 		.4byte	0x176c
 3360 178c 0D       		.uleb128 0xd
 3361 178d 18       		.byte	0x18
 3362 178e 13       		.byte	0x13
 3363 178f 48       		.byte	0x48
 3364 1790 CF170000 		.4byte	0x17cf
 3365 1794 0E       		.uleb128 0xe
 3366 1795 25070000 		.4byte	.LASF319
 3367 1799 13       		.byte	0x13
 3368 179a 49       		.byte	0x49
 3369 179b A9090000 		.4byte	0x9a9
 3370 179f 00       		.byte	0
 3371 17a0 0E       		.uleb128 0xe
 3372 17a1 8B010000 		.4byte	.LASF320
 3373 17a5 13       		.byte	0x13
 3374 17a6 4A       		.byte	0x4a
 3375 17a7 A9090000 		.4byte	0x9a9
 3376 17ab 04       		.byte	0x4
 3377 17ac 0E       		.uleb128 0xe
 3378 17ad B4180000 		.4byte	.LASF321
 3379 17b1 13       		.byte	0x13
 3380 17b2 4B       		.byte	0x4b
 3381 17b3 A9090000 		.4byte	0x9a9
 3382 17b7 08       		.byte	0x8
 3383 17b8 10       		.uleb128 0x10
 3384 17b9 6E00     		.ascii	"n\000"
 3385 17bb 13       		.byte	0x13
 3386 17bc 4C       		.byte	0x4c
 3387 17bd 220A0000 		.4byte	0xa22
 3388 17c1 0C       		.byte	0xc
 3389 17c2 0E       		.uleb128 0xe
 3390 17c3 58180000 		.4byte	.LASF322
 3391 17c7 13       		.byte	0x13
 3392 17c8 4D       		.byte	0x4d
 3393 17c9 B4090000 		.4byte	0x9b4
 3394 17cd 10       		.byte	0x10
 3395 17ce 00       		.byte	0
 3396 17cf 03       		.uleb128 0x3
 3397 17d0 E5210000 		.4byte	.LASF323
 3398 17d4 13       		.byte	0x13
 3399 17d5 4E       		.byte	0x4e
 3400 17d6 8C170000 		.4byte	0x178c
 3401 17da 0D       		.uleb128 0xd
 3402 17db 38       		.byte	0x38
 3403 17dc 14       		.byte	0x14
 3404 17dd 38       		.byte	0x38
 3405 17de 13180000 		.4byte	0x1813
 3406 17e2 0E       		.uleb128 0xe
 3407 17e3 5E060000 		.4byte	.LASF324
 3408 17e7 14       		.byte	0x14
 3409 17e8 39       		.byte	0x39
 3410 17e9 220A0000 		.4byte	0xa22
 3411 17ed 00       		.byte	0
 3412 17ee 0E       		.uleb128 0xe
 3413 17ef A10A0000 		.4byte	.LASF325
 3414 17f3 14       		.byte	0x14
ARM GAS  /tmp/ccwPAVQD.s 			page 61


 3415 17f4 3A       		.byte	0x3a
 3416 17f5 220A0000 		.4byte	0xa22
 3417 17f9 04       		.byte	0x4
 3418 17fa 0E       		.uleb128 0xe
 3419 17fb 79210000 		.4byte	.LASF326
 3420 17ff 14       		.byte	0x14
 3421 1800 3B       		.byte	0x3b
 3422 1801 CF170000 		.4byte	0x17cf
 3423 1805 08       		.byte	0x8
 3424 1806 0E       		.uleb128 0xe
 3425 1807 9E000000 		.4byte	.LASF327
 3426 180b 14       		.byte	0x14
 3427 180c 3D       		.byte	0x3d
 3428 180d CF170000 		.4byte	0x17cf
 3429 1811 20       		.byte	0x20
 3430 1812 00       		.byte	0
 3431 1813 03       		.uleb128 0x3
 3432 1814 E4040000 		.4byte	.LASF328
 3433 1818 14       		.byte	0x14
 3434 1819 3F       		.byte	0x3f
 3435 181a DA170000 		.4byte	0x17da
 3436 181e 09       		.uleb128 0x9
 3437 181f 04       		.byte	0x4
 3438 1820 0C       		.byte	0xc
 3439 1821 FA       		.byte	0xfa
 3440 1822 7B180000 		.4byte	0x187b
 3441 1826 1E       		.uleb128 0x1e
 3442 1827 9E100000 		.4byte	.LASF329
 3443 182b 0C       		.byte	0xc
 3444 182c 0101     		.2byte	0x101
 3445 182e F6090000 		.4byte	0x9f6
 3446 1832 1E       		.uleb128 0x1e
 3447 1833 C9070000 		.4byte	.LASF330
 3448 1837 0C       		.byte	0xc
 3449 1838 0801     		.2byte	0x108
 3450 183a F6090000 		.4byte	0x9f6
 3451 183e 1E       		.uleb128 0x1e
 3452 183f BF1C0000 		.4byte	.LASF331
 3453 1843 0C       		.byte	0xc
 3454 1844 0F01     		.2byte	0x10f
 3455 1846 CA000000 		.4byte	0xca
 3456 184a 1E       		.uleb128 0x1e
 3457 184b 79180000 		.4byte	.LASF332
 3458 184f 0C       		.byte	0xc
 3459 1850 1601     		.2byte	0x116
 3460 1852 7B180000 		.4byte	0x187b
 3461 1856 1E       		.uleb128 0x1e
 3462 1857 21010000 		.4byte	.LASF333
 3463 185b 0C       		.byte	0xc
 3464 185c 1E01     		.2byte	0x11e
 3465 185e A6180000 		.4byte	0x18a6
 3466 1862 1E       		.uleb128 0x1e
 3467 1863 061D0000 		.4byte	.LASF334
 3468 1867 0C       		.byte	0xc
 3469 1868 2701     		.2byte	0x127
 3470 186a E9180000 		.4byte	0x18e9
 3471 186e 1E       		.uleb128 0x1e
ARM GAS  /tmp/ccwPAVQD.s 			page 62


 3472 186f 0F200000 		.4byte	.LASF335
 3473 1873 0C       		.byte	0xc
 3474 1874 2F01     		.2byte	0x12f
 3475 1876 010A0000 		.4byte	0xa01
 3476 187a 00       		.byte	0
 3477 187b 06       		.uleb128 0x6
 3478 187c 04       		.byte	0x4
 3479 187d 660B0000 		.4byte	0xb66
 3480 1881 0F       		.uleb128 0xf
 3481 1882 CA160000 		.4byte	.LASF336
 3482 1886 0C       		.byte	0xc
 3483 1887 15       		.byte	0x15
 3484 1888 34       		.byte	0x34
 3485 1889 A6180000 		.4byte	0x18a6
 3486 188d 0E       		.uleb128 0xe
 3487 188e 71210000 		.4byte	.LASF337
 3488 1892 15       		.byte	0x15
 3489 1893 35       		.byte	0x35
 3490 1894 9B0B0000 		.4byte	0xb9b
 3491 1898 00       		.byte	0
 3492 1899 0E       		.uleb128 0xe
 3493 189a 59090000 		.4byte	.LASF338
 3494 189e 15       		.byte	0x15
 3495 189f 37       		.byte	0x37
 3496 18a0 170A0000 		.4byte	0xa17
 3497 18a4 08       		.byte	0x8
 3498 18a5 00       		.byte	0
 3499 18a6 06       		.uleb128 0x6
 3500 18a7 04       		.byte	0x4
 3501 18a8 81180000 		.4byte	0x1881
 3502 18ac 0F       		.uleb128 0xf
 3503 18ad 460B0000 		.4byte	.LASF339
 3504 18b1 14       		.byte	0x14
 3505 18b2 16       		.byte	0x16
 3506 18b3 39       		.byte	0x39
 3507 18b4 E9180000 		.4byte	0x18e9
 3508 18b8 0E       		.uleb128 0xe
 3509 18b9 49130000 		.4byte	.LASF340
 3510 18bd 16       		.byte	0x16
 3511 18be 3A       		.byte	0x3a
 3512 18bf 9B0B0000 		.4byte	0xb9b
 3513 18c3 00       		.byte	0
 3514 18c4 0E       		.uleb128 0xe
 3515 18c5 B9150000 		.4byte	.LASF341
 3516 18c9 16       		.byte	0x16
 3517 18ca 3C       		.byte	0x3c
 3518 18cb 710B0000 		.4byte	0xb71
 3519 18cf 08       		.byte	0x8
 3520 18d0 0E       		.uleb128 0xe
 3521 18d1 D6010000 		.4byte	.LASF342
 3522 18d5 16       		.byte	0x16
 3523 18d6 3E       		.byte	0x3e
 3524 18d7 2D1A0000 		.4byte	0x1a2d
 3525 18db 0C       		.byte	0xc
 3526 18dc 0E       		.uleb128 0xe
 3527 18dd 5F080000 		.4byte	.LASF343
 3528 18e1 16       		.byte	0x16
ARM GAS  /tmp/ccwPAVQD.s 			page 63


 3529 18e2 41       		.byte	0x41
 3530 18e3 170A0000 		.4byte	0xa17
 3531 18e7 10       		.byte	0x10
 3532 18e8 00       		.byte	0
 3533 18e9 06       		.uleb128 0x6
 3534 18ea 04       		.byte	0x4
 3535 18eb AC180000 		.4byte	0x18ac
 3536 18ef 06       		.uleb128 0x6
 3537 18f0 04       		.byte	0x4
 3538 18f1 6E150000 		.4byte	0x156e
 3539 18f5 06       		.uleb128 0x6
 3540 18f6 04       		.byte	0x4
 3541 18f7 4E0C0000 		.4byte	0xc4e
 3542 18fb 0B       		.uleb128 0xb
 3543 18fc 6E150000 		.4byte	0x156e
 3544 1900 0B190000 		.4byte	0x190b
 3545 1904 0C       		.uleb128 0xc
 3546 1905 B1000000 		.4byte	0xb1
 3547 1909 30       		.byte	0x30
 3548 190a 00       		.byte	0
 3549 190b 2A       		.uleb128 0x2a
 3550 190c 636800   		.ascii	"ch\000"
 3551 190f 0C       		.byte	0xc
 3552 1910 0902     		.2byte	0x209
 3553 1912 430D0000 		.4byte	0xd43
 3554 1916 0D       		.uleb128 0xd
 3555 1917 16       		.byte	0x16
 3556 1918 17       		.byte	0x17
 3557 1919 34       		.byte	0x34
 3558 191a F7190000 		.4byte	0x19f7
 3559 191e 0E       		.uleb128 0xe
 3560 191f A5210000 		.4byte	.LASF344
 3561 1923 17       		.byte	0x17
 3562 1924 35       		.byte	0x35
 3563 1925 F7190000 		.4byte	0x19f7
 3564 1929 00       		.byte	0
 3565 192a 0E       		.uleb128 0xe
 3566 192b 69230000 		.4byte	.LASF345
 3567 192f 17       		.byte	0x17
 3568 1930 36       		.byte	0x36
 3569 1931 F1080000 		.4byte	0x8f1
 3570 1935 04       		.byte	0x4
 3571 1936 0E       		.uleb128 0xe
 3572 1937 03030000 		.4byte	.LASF346
 3573 193b 17       		.byte	0x17
 3574 193c 37       		.byte	0x37
 3575 193d F1080000 		.4byte	0x8f1
 3576 1941 05       		.byte	0x5
 3577 1942 0E       		.uleb128 0xe
 3578 1943 1E160000 		.4byte	.LASF347
 3579 1947 17       		.byte	0x17
 3580 1948 38       		.byte	0x38
 3581 1949 0C090000 		.4byte	0x90c
 3582 194d 06       		.byte	0x6
 3583 194e 0E       		.uleb128 0xe
 3584 194f 27000000 		.4byte	.LASF348
 3585 1953 17       		.byte	0x17
ARM GAS  /tmp/ccwPAVQD.s 			page 64


 3586 1954 39       		.byte	0x39
 3587 1955 F1080000 		.4byte	0x8f1
 3588 1959 08       		.byte	0x8
 3589 195a 0E       		.uleb128 0xe
 3590 195b 22140000 		.4byte	.LASF349
 3591 195f 17       		.byte	0x17
 3592 1960 3A       		.byte	0x3a
 3593 1961 F1080000 		.4byte	0x8f1
 3594 1965 09       		.byte	0x9
 3595 1966 0E       		.uleb128 0xe
 3596 1967 89230000 		.4byte	.LASF350
 3597 196b 17       		.byte	0x17
 3598 196c 3B       		.byte	0x3b
 3599 196d F1080000 		.4byte	0x8f1
 3600 1971 0A       		.byte	0xa
 3601 1972 0E       		.uleb128 0xe
 3602 1973 D1210000 		.4byte	.LASF351
 3603 1977 17       		.byte	0x17
 3604 1978 3C       		.byte	0x3c
 3605 1979 F1080000 		.4byte	0x8f1
 3606 197d 0B       		.byte	0xb
 3607 197e 0E       		.uleb128 0xe
 3608 197f 15210000 		.4byte	.LASF352
 3609 1983 17       		.byte	0x17
 3610 1984 3D       		.byte	0x3d
 3611 1985 F1080000 		.4byte	0x8f1
 3612 1989 0C       		.byte	0xc
 3613 198a 0E       		.uleb128 0xe
 3614 198b 8C0B0000 		.4byte	.LASF353
 3615 198f 17       		.byte	0x17
 3616 1990 3E       		.byte	0x3e
 3617 1991 F1080000 		.4byte	0x8f1
 3618 1995 0D       		.byte	0xd
 3619 1996 0E       		.uleb128 0xe
 3620 1997 7C050000 		.4byte	.LASF354
 3621 199b 17       		.byte	0x17
 3622 199c 3F       		.byte	0x3f
 3623 199d F1080000 		.4byte	0x8f1
 3624 19a1 0E       		.byte	0xe
 3625 19a2 0E       		.uleb128 0xe
 3626 19a3 1C0D0000 		.4byte	.LASF355
 3627 19a7 17       		.byte	0x17
 3628 19a8 40       		.byte	0x40
 3629 19a9 F1080000 		.4byte	0x8f1
 3630 19ad 0F       		.byte	0xf
 3631 19ae 0E       		.uleb128 0xe
 3632 19af B70E0000 		.4byte	.LASF356
 3633 19b3 17       		.byte	0x17
 3634 19b4 41       		.byte	0x41
 3635 19b5 F1080000 		.4byte	0x8f1
 3636 19b9 10       		.byte	0x10
 3637 19ba 0E       		.uleb128 0xe
 3638 19bb AC150000 		.4byte	.LASF357
 3639 19bf 17       		.byte	0x17
 3640 19c0 43       		.byte	0x43
 3641 19c1 F1080000 		.4byte	0x8f1
 3642 19c5 11       		.byte	0x11
ARM GAS  /tmp/ccwPAVQD.s 			page 65


 3643 19c6 0E       		.uleb128 0xe
 3644 19c7 D2020000 		.4byte	.LASF358
 3645 19cb 17       		.byte	0x17
 3646 19cc 44       		.byte	0x44
 3647 19cd F1080000 		.4byte	0x8f1
 3648 19d1 12       		.byte	0x12
 3649 19d2 0E       		.uleb128 0xe
 3650 19d3 A0150000 		.4byte	.LASF359
 3651 19d7 17       		.byte	0x17
 3652 19d8 45       		.byte	0x45
 3653 19d9 F1080000 		.4byte	0x8f1
 3654 19dd 13       		.byte	0x13
 3655 19de 0E       		.uleb128 0xe
 3656 19df EB1B0000 		.4byte	.LASF360
 3657 19e3 17       		.byte	0x17
 3658 19e4 46       		.byte	0x46
 3659 19e5 F1080000 		.4byte	0x8f1
 3660 19e9 14       		.byte	0x14
 3661 19ea 0E       		.uleb128 0xe
 3662 19eb FF000000 		.4byte	.LASF361
 3663 19ef 17       		.byte	0x17
 3664 19f0 48       		.byte	0x48
 3665 19f1 F1080000 		.4byte	0x8f1
 3666 19f5 15       		.byte	0x15
 3667 19f6 00       		.byte	0
 3668 19f7 0B       		.uleb128 0xb
 3669 19f8 B8050000 		.4byte	0x5b8
 3670 19fc 071A0000 		.4byte	0x1a07
 3671 1a00 0C       		.uleb128 0xc
 3672 1a01 B1000000 		.4byte	0xb1
 3673 1a05 03       		.byte	0x3
 3674 1a06 00       		.byte	0
 3675 1a07 03       		.uleb128 0x3
 3676 1a08 C7130000 		.4byte	.LASF362
 3677 1a0c 17       		.byte	0x17
 3678 1a0d 49       		.byte	0x49
 3679 1a0e 16190000 		.4byte	0x1916
 3680 1a12 16       		.uleb128 0x16
 3681 1a13 071A0000 		.4byte	0x1a07
 3682 1a17 22       		.uleb128 0x22
 3683 1a18 AA0A0000 		.4byte	.LASF363
 3684 1a1c 17       		.byte	0x17
 3685 1a1d 6E       		.byte	0x6e
 3686 1a1e 121A0000 		.4byte	0x1a12
 3687 1a22 03       		.uleb128 0x3
 3688 1a23 2F1E0000 		.4byte	.LASF364
 3689 1a27 16       		.byte	0x16
 3690 1a28 34       		.byte	0x34
 3691 1a29 AC180000 		.4byte	0x18ac
 3692 1a2d 06       		.uleb128 0x6
 3693 1a2e 04       		.byte	0x4
 3694 1a2f 221A0000 		.4byte	0x1a22
 3695 1a33 0F       		.uleb128 0xf
 3696 1a34 12060000 		.4byte	.LASF365
 3697 1a38 08       		.byte	0x8
 3698 1a39 18       		.byte	0x18
 3699 1a3a 3B       		.byte	0x3b
ARM GAS  /tmp/ccwPAVQD.s 			page 66


 3700 1a3b 4C1A0000 		.4byte	0x1a4c
 3701 1a3f 0E       		.uleb128 0xe
 3702 1a40 A6010000 		.4byte	.LASF366
 3703 1a44 18       		.byte	0x18
 3704 1a45 3C       		.byte	0x3c
 3705 1a46 9B0B0000 		.4byte	0xb9b
 3706 1a4a 00       		.byte	0
 3707 1a4b 00       		.byte	0
 3708 1a4c 03       		.uleb128 0x3
 3709 1a4d EA000000 		.4byte	.LASF367
 3710 1a51 18       		.byte	0x18
 3711 1a52 3E       		.byte	0x3e
 3712 1a53 331A0000 		.4byte	0x1a33
 3713 1a57 03       		.uleb128 0x3
 3714 1a58 F90A0000 		.4byte	.LASF368
 3715 1a5c 19       		.byte	0x19
 3716 1a5d 34       		.byte	0x34
 3717 1a5e 621A0000 		.4byte	0x1a62
 3718 1a62 0F       		.uleb128 0xf
 3719 1a63 F3230000 		.4byte	.LASF369
 3720 1a67 14       		.byte	0x14
 3721 1a68 19       		.byte	0x19
 3722 1a69 39       		.byte	0x39
 3723 1a6a AB1A0000 		.4byte	0x1aab
 3724 1a6e 0E       		.uleb128 0xe
 3725 1a6f 60020000 		.4byte	.LASF370
 3726 1a73 19       		.byte	0x19
 3727 1a74 3A       		.byte	0x3a
 3728 1a75 AB1A0000 		.4byte	0x1aab
 3729 1a79 00       		.byte	0
 3730 1a7a 0E       		.uleb128 0xe
 3731 1a7b 081F0000 		.4byte	.LASF371
 3732 1a7f 19       		.byte	0x19
 3733 1a80 3D       		.byte	0x3d
 3734 1a81 710B0000 		.4byte	0xb71
 3735 1a85 04       		.byte	0x4
 3736 1a86 0E       		.uleb128 0xe
 3737 1a87 66030000 		.4byte	.LASF372
 3738 1a8b 19       		.byte	0x19
 3739 1a8c 3F       		.byte	0x3f
 3740 1a8d 010A0000 		.4byte	0xa01
 3741 1a91 08       		.byte	0x8
 3742 1a92 0E       		.uleb128 0xe
 3743 1a93 16200000 		.4byte	.LASF373
 3744 1a97 19       		.byte	0x19
 3745 1a98 41       		.byte	0x41
 3746 1a99 0C0A0000 		.4byte	0xa0c
 3747 1a9d 0C       		.byte	0xc
 3748 1a9e 0E       		.uleb128 0xe
 3749 1a9f 550D0000 		.4byte	.LASF374
 3750 1aa3 19       		.byte	0x19
 3751 1aa4 43       		.byte	0x43
 3752 1aa5 0C0A0000 		.4byte	0xa0c
 3753 1aa9 10       		.byte	0x10
 3754 1aaa 00       		.byte	0
 3755 1aab 06       		.uleb128 0x6
 3756 1aac 04       		.byte	0x4
ARM GAS  /tmp/ccwPAVQD.s 			page 67


 3757 1aad 571A0000 		.4byte	0x1a57
 3758 1ab1 0F       		.uleb128 0xf
 3759 1ab2 1F200000 		.4byte	.LASF375
 3760 1ab6 04       		.byte	0x4
 3761 1ab7 19       		.byte	0x19
 3762 1ab8 4A       		.byte	0x4a
 3763 1ab9 CA1A0000 		.4byte	0x1aca
 3764 1abd 0E       		.uleb128 0xe
 3765 1abe 9F1F0000 		.4byte	.LASF376
 3766 1ac2 19       		.byte	0x19
 3767 1ac3 4B       		.byte	0x4b
 3768 1ac4 AB1A0000 		.4byte	0x1aab
 3769 1ac8 00       		.byte	0
 3770 1ac9 00       		.byte	0
 3771 1aca 03       		.uleb128 0x3
 3772 1acb 3E140000 		.4byte	.LASF377
 3773 1acf 19       		.byte	0x19
 3774 1ad0 4E       		.byte	0x4e
 3775 1ad1 B11A0000 		.4byte	0x1ab1
 3776 1ad5 03       		.uleb128 0x3
 3777 1ad6 950D0000 		.4byte	.LASF378
 3778 1ada 1A       		.byte	0x1a
 3779 1adb 3F       		.byte	0x3f
 3780 1adc E01A0000 		.4byte	0x1ae0
 3781 1ae0 0F       		.uleb128 0xf
 3782 1ae1 20110000 		.4byte	.LASF379
 3783 1ae5 24       		.byte	0x24
 3784 1ae6 1A       		.byte	0x1a
 3785 1ae7 4D       		.byte	0x4d
 3786 1ae8 4D1B0000 		.4byte	0x1b4d
 3787 1aec 0E       		.uleb128 0xe
 3788 1aed F3040000 		.4byte	.LASF380
 3789 1af1 1A       		.byte	0x1a
 3790 1af2 4E       		.byte	0x4e
 3791 1af3 9B0B0000 		.4byte	0xb9b
 3792 1af7 00       		.byte	0
 3793 1af8 0E       		.uleb128 0xe
 3794 1af9 FB170000 		.4byte	.LASF381
 3795 1afd 1A       		.byte	0x1a
 3796 1afe 4F       		.byte	0x4f
 3797 1aff B8000000 		.4byte	0xb8
 3798 1b03 08       		.byte	0x8
 3799 1b04 0E       		.uleb128 0xe
 3800 1b05 F9110000 		.4byte	.LASF382
 3801 1b09 1A       		.byte	0x1a
 3802 1b0a 50       		.byte	0x50
 3803 1b0b 6F1B0000 		.4byte	0x1b6f
 3804 1b0f 0C       		.byte	0xc
 3805 1b10 0E       		.uleb128 0xe
 3806 1b11 53040000 		.4byte	.LASF383
 3807 1b15 1A       		.byte	0x1a
 3808 1b16 51       		.byte	0x51
 3809 1b17 6F1B0000 		.4byte	0x1b6f
 3810 1b1b 10       		.byte	0x10
 3811 1b1c 0E       		.uleb128 0xe
 3812 1b1d 9B190000 		.4byte	.LASF384
 3813 1b21 1A       		.byte	0x1a
ARM GAS  /tmp/ccwPAVQD.s 			page 68


 3814 1b22 53       		.byte	0x53
 3815 1b23 6F1B0000 		.4byte	0x1b6f
 3816 1b27 14       		.byte	0x14
 3817 1b28 0E       		.uleb128 0xe
 3818 1b29 7F180000 		.4byte	.LASF385
 3819 1b2d 1A       		.byte	0x1a
 3820 1b2e 54       		.byte	0x54
 3821 1b2f 6F1B0000 		.4byte	0x1b6f
 3822 1b33 18       		.byte	0x18
 3823 1b34 0E       		.uleb128 0xe
 3824 1b35 FD1C0000 		.4byte	.LASF386
 3825 1b39 1A       		.byte	0x1a
 3826 1b3a 55       		.byte	0x55
 3827 1b3b 4D1B0000 		.4byte	0x1b4d
 3828 1b3f 1C       		.byte	0x1c
 3829 1b40 0E       		.uleb128 0xe
 3830 1b41 6E1A0000 		.4byte	.LASF387
 3831 1b45 1A       		.byte	0x1a
 3832 1b46 56       		.byte	0x56
 3833 1b47 CA000000 		.4byte	0xca
 3834 1b4b 20       		.byte	0x20
 3835 1b4c 00       		.byte	0
 3836 1b4d 03       		.uleb128 0x3
 3837 1b4e 09040000 		.4byte	.LASF388
 3838 1b52 1A       		.byte	0x1a
 3839 1b53 42       		.byte	0x42
 3840 1b54 581B0000 		.4byte	0x1b58
 3841 1b58 06       		.uleb128 0x6
 3842 1b59 04       		.byte	0x4
 3843 1b5a 5E1B0000 		.4byte	0x1b5e
 3844 1b5e 1F       		.uleb128 0x1f
 3845 1b5f 691B0000 		.4byte	0x1b69
 3846 1b63 15       		.uleb128 0x15
 3847 1b64 691B0000 		.4byte	0x1b69
 3848 1b68 00       		.byte	0
 3849 1b69 06       		.uleb128 0x6
 3850 1b6a 04       		.byte	0x4
 3851 1b6b D51A0000 		.4byte	0x1ad5
 3852 1b6f 06       		.uleb128 0x6
 3853 1b70 04       		.byte	0x4
 3854 1b71 F1080000 		.4byte	0x8f1
 3855 1b75 03       		.uleb128 0x3
 3856 1b76 39050000 		.4byte	.LASF389
 3857 1b7a 1A       		.byte	0x1a
 3858 1b7b 64       		.byte	0x64
 3859 1b7c D51A0000 		.4byte	0x1ad5
 3860 1b80 03       		.uleb128 0x3
 3861 1b81 36240000 		.4byte	.LASF390
 3862 1b85 1A       		.byte	0x1a
 3863 1b86 71       		.byte	0x71
 3864 1b87 D51A0000 		.4byte	0x1ad5
 3865 1b8b 14       		.uleb128 0x14
 3866 1b8c B8000000 		.4byte	0xb8
 3867 1b90 A41B0000 		.4byte	0x1ba4
 3868 1b94 15       		.uleb128 0x15
 3869 1b95 CA000000 		.4byte	0xca
 3870 1b99 15       		.uleb128 0x15
ARM GAS  /tmp/ccwPAVQD.s 			page 69


 3871 1b9a A41B0000 		.4byte	0x1ba4
 3872 1b9e 15       		.uleb128 0x15
 3873 1b9f B8000000 		.4byte	0xb8
 3874 1ba3 00       		.byte	0
 3875 1ba4 06       		.uleb128 0x6
 3876 1ba5 04       		.byte	0x4
 3877 1ba6 FC080000 		.4byte	0x8fc
 3878 1baa 06       		.uleb128 0x6
 3879 1bab 04       		.byte	0x4
 3880 1bac 8B1B0000 		.4byte	0x1b8b
 3881 1bb0 14       		.uleb128 0x14
 3882 1bb1 B8000000 		.4byte	0xb8
 3883 1bb5 C91B0000 		.4byte	0x1bc9
 3884 1bb9 15       		.uleb128 0x15
 3885 1bba CA000000 		.4byte	0xca
 3886 1bbe 15       		.uleb128 0x15
 3887 1bbf 6F1B0000 		.4byte	0x1b6f
 3888 1bc3 15       		.uleb128 0x15
 3889 1bc4 B8000000 		.4byte	0xb8
 3890 1bc8 00       		.byte	0
 3891 1bc9 06       		.uleb128 0x6
 3892 1bca 04       		.byte	0x4
 3893 1bcb B01B0000 		.4byte	0x1bb0
 3894 1bcf 14       		.uleb128 0x14
 3895 1bd0 F6090000 		.4byte	0x9f6
 3896 1bd4 E31B0000 		.4byte	0x1be3
 3897 1bd8 15       		.uleb128 0x15
 3898 1bd9 CA000000 		.4byte	0xca
 3899 1bdd 15       		.uleb128 0x15
 3900 1bde F1080000 		.4byte	0x8f1
 3901 1be2 00       		.byte	0
 3902 1be3 06       		.uleb128 0x6
 3903 1be4 04       		.byte	0x4
 3904 1be5 CF1B0000 		.4byte	0x1bcf
 3905 1be9 14       		.uleb128 0x14
 3906 1bea F6090000 		.4byte	0x9f6
 3907 1bee F81B0000 		.4byte	0x1bf8
 3908 1bf2 15       		.uleb128 0x15
 3909 1bf3 CA000000 		.4byte	0xca
 3910 1bf7 00       		.byte	0
 3911 1bf8 06       		.uleb128 0x6
 3912 1bf9 04       		.byte	0x4
 3913 1bfa E91B0000 		.4byte	0x1be9
 3914 1bfe 0D       		.uleb128 0xd
 3915 1bff 0C       		.byte	0xc
 3916 1c00 1B       		.byte	0x1b
 3917 1c01 DA       		.byte	0xda
 3918 1c02 431C0000 		.4byte	0x1c43
 3919 1c06 0E       		.uleb128 0xe
 3920 1c07 DA230000 		.4byte	.LASF391
 3921 1c0b 1B       		.byte	0x1b
 3922 1c0c DB       		.byte	0xdb
 3923 1c0d 431C0000 		.4byte	0x1c43
 3924 1c11 00       		.byte	0
 3925 1c12 0E       		.uleb128 0xe
 3926 1c13 79100000 		.4byte	.LASF392
 3927 1c17 1B       		.byte	0x1b
ARM GAS  /tmp/ccwPAVQD.s 			page 70


 3928 1c18 DC       		.byte	0xdc
 3929 1c19 491C0000 		.4byte	0x1c49
 3930 1c1d 04       		.byte	0x4
 3931 1c1e 0E       		.uleb128 0xe
 3932 1c1f 37040000 		.4byte	.LASF393
 3933 1c23 1B       		.byte	0x1b
 3934 1c24 DD       		.byte	0xdd
 3935 1c25 F1080000 		.4byte	0x8f1
 3936 1c29 08       		.byte	0x8
 3937 1c2a 0E       		.uleb128 0xe
 3938 1c2b 251E0000 		.4byte	.LASF394
 3939 1c2f 1B       		.byte	0x1b
 3940 1c30 DF       		.byte	0xdf
 3941 1c31 F1080000 		.4byte	0x8f1
 3942 1c35 09       		.byte	0x9
 3943 1c36 0E       		.uleb128 0xe
 3944 1c37 9E030000 		.4byte	.LASF395
 3945 1c3b 1B       		.byte	0x1b
 3946 1c3c E0       		.byte	0xe0
 3947 1c3d F1080000 		.4byte	0x8f1
 3948 1c41 0A       		.byte	0xa
 3949 1c42 00       		.byte	0
 3950 1c43 06       		.uleb128 0x6
 3951 1c44 04       		.byte	0x4
 3952 1c45 5F120000 		.4byte	0x125f
 3953 1c49 06       		.uleb128 0x6
 3954 1c4a 04       		.byte	0x4
 3955 1c4b 32090000 		.4byte	0x932
 3956 1c4f 03       		.uleb128 0x3
 3957 1c50 E6120000 		.4byte	.LASF396
 3958 1c54 1B       		.byte	0x1b
 3959 1c55 E1       		.byte	0xe1
 3960 1c56 FE1B0000 		.4byte	0x1bfe
 3961 1c5a 16       		.uleb128 0x16
 3962 1c5b 4F1C0000 		.4byte	0x1c4f
 3963 1c5f 0B       		.uleb128 0xb
 3964 1c60 5A1C0000 		.4byte	0x1c5a
 3965 1c64 6F1C0000 		.4byte	0x1c6f
 3966 1c68 0C       		.uleb128 0xc
 3967 1c69 B1000000 		.4byte	0xb1
 3968 1c6d 0F       		.byte	0xf
 3969 1c6e 00       		.byte	0
 3970 1c6f 16       		.uleb128 0x16
 3971 1c70 5F1C0000 		.4byte	0x1c5f
 3972 1c74 20       		.uleb128 0x20
 3973 1c75 F61A0000 		.4byte	.LASF397
 3974 1c79 1B       		.byte	0x1b
 3975 1c7a BB01     		.2byte	0x1bb
 3976 1c7c 6F1C0000 		.4byte	0x1c6f
 3977 1c80 14       		.uleb128 0x14
 3978 1c81 F6090000 		.4byte	0x9f6
 3979 1c85 991C0000 		.4byte	0x1c99
 3980 1c89 15       		.uleb128 0x15
 3981 1c8a CA000000 		.4byte	0xca
 3982 1c8e 15       		.uleb128 0x15
 3983 1c8f F1080000 		.4byte	0x8f1
 3984 1c93 15       		.uleb128 0x15
ARM GAS  /tmp/ccwPAVQD.s 			page 71


 3985 1c94 2D0A0000 		.4byte	0xa2d
 3986 1c98 00       		.byte	0
 3987 1c99 06       		.uleb128 0x6
 3988 1c9a 04       		.byte	0x4
 3989 1c9b 801C0000 		.4byte	0x1c80
 3990 1c9f 14       		.uleb128 0x14
 3991 1ca0 F6090000 		.4byte	0x9f6
 3992 1ca4 B31C0000 		.4byte	0x1cb3
 3993 1ca8 15       		.uleb128 0x15
 3994 1ca9 CA000000 		.4byte	0xca
 3995 1cad 15       		.uleb128 0x15
 3996 1cae 2D0A0000 		.4byte	0xa2d
 3997 1cb2 00       		.byte	0
 3998 1cb3 06       		.uleb128 0x6
 3999 1cb4 04       		.byte	0x4
 4000 1cb5 9F1C0000 		.4byte	0x1c9f
 4001 1cb9 14       		.uleb128 0x14
 4002 1cba B8000000 		.4byte	0xb8
 4003 1cbe D71C0000 		.4byte	0x1cd7
 4004 1cc2 15       		.uleb128 0x15
 4005 1cc3 CA000000 		.4byte	0xca
 4006 1cc7 15       		.uleb128 0x15
 4007 1cc8 A41B0000 		.4byte	0x1ba4
 4008 1ccc 15       		.uleb128 0x15
 4009 1ccd B8000000 		.4byte	0xb8
 4010 1cd1 15       		.uleb128 0x15
 4011 1cd2 2D0A0000 		.4byte	0xa2d
 4012 1cd6 00       		.byte	0
 4013 1cd7 06       		.uleb128 0x6
 4014 1cd8 04       		.byte	0x4
 4015 1cd9 B91C0000 		.4byte	0x1cb9
 4016 1cdd 14       		.uleb128 0x14
 4017 1cde B8000000 		.4byte	0xb8
 4018 1ce2 FB1C0000 		.4byte	0x1cfb
 4019 1ce6 15       		.uleb128 0x15
 4020 1ce7 CA000000 		.4byte	0xca
 4021 1ceb 15       		.uleb128 0x15
 4022 1cec 6F1B0000 		.4byte	0x1b6f
 4023 1cf0 15       		.uleb128 0x15
 4024 1cf1 B8000000 		.4byte	0xb8
 4025 1cf5 15       		.uleb128 0x15
 4026 1cf6 2D0A0000 		.4byte	0xa2d
 4027 1cfa 00       		.byte	0
 4028 1cfb 06       		.uleb128 0x6
 4029 1cfc 04       		.byte	0x4
 4030 1cfd DD1C0000 		.4byte	0x1cdd
 4031 1d01 2B       		.uleb128 0x2b
 4032 1d02 07       		.byte	0x7
 4033 1d03 01       		.byte	0x1
 4034 1d04 37000000 		.4byte	0x37
 4035 1d08 1C       		.byte	0x1c
 4036 1d09 28       		.byte	0x28
 4037 1d0a 451D0000 		.4byte	0x1d45
 4038 1d0e 25       		.uleb128 0x25
 4039 1d0f 6F010000 		.4byte	.LASF398
 4040 1d13 00       		.byte	0
 4041 1d14 25       		.uleb128 0x25
ARM GAS  /tmp/ccwPAVQD.s 			page 72


 4042 1d15 370E0000 		.4byte	.LASF399
 4043 1d19 01       		.byte	0x1
 4044 1d1a 25       		.uleb128 0x25
 4045 1d1b E40A0000 		.4byte	.LASF400
 4046 1d1f 02       		.byte	0x2
 4047 1d20 25       		.uleb128 0x25
 4048 1d21 4D1C0000 		.4byte	.LASF401
 4049 1d25 03       		.byte	0x3
 4050 1d26 25       		.uleb128 0x25
 4051 1d27 E1220000 		.4byte	.LASF402
 4052 1d2b 04       		.byte	0x4
 4053 1d2c 25       		.uleb128 0x25
 4054 1d2d 5C070000 		.4byte	.LASF403
 4055 1d31 05       		.byte	0x5
 4056 1d32 25       		.uleb128 0x25
 4057 1d33 051E0000 		.4byte	.LASF404
 4058 1d37 06       		.byte	0x6
 4059 1d38 25       		.uleb128 0x25
 4060 1d39 E4180000 		.4byte	.LASF405
 4061 1d3d 07       		.byte	0x7
 4062 1d3e 25       		.uleb128 0x25
 4063 1d3f A6220000 		.4byte	.LASF406
 4064 1d43 08       		.byte	0x8
 4065 1d44 00       		.byte	0
 4066 1d45 03       		.uleb128 0x3
 4067 1d46 33170000 		.4byte	.LASF407
 4068 1d4a 1C       		.byte	0x1c
 4069 1d4b 32       		.byte	0x32
 4070 1d4c 011D0000 		.4byte	0x1d01
 4071 1d50 0D       		.uleb128 0xd
 4072 1d51 08       		.byte	0x8
 4073 1d52 1C       		.byte	0x1c
 4074 1d53 37       		.byte	0x37
 4075 1d54 711D0000 		.4byte	0x1d71
 4076 1d58 0E       		.uleb128 0xe
 4077 1d59 E8060000 		.4byte	.LASF408
 4078 1d5d 1C       		.byte	0x1c
 4079 1d5e 38       		.byte	0x38
 4080 1d5f 27090000 		.4byte	0x927
 4081 1d63 00       		.byte	0
 4082 1d64 0E       		.uleb128 0xe
 4083 1d65 5F1D0000 		.4byte	.LASF409
 4084 1d69 1C       		.byte	0x1c
 4085 1d6a 39       		.byte	0x39
 4086 1d6b 27090000 		.4byte	0x927
 4087 1d6f 04       		.byte	0x4
 4088 1d70 00       		.byte	0
 4089 1d71 03       		.uleb128 0x3
 4090 1d72 4A1F0000 		.4byte	.LASF410
 4091 1d76 1C       		.byte	0x1c
 4092 1d77 3A       		.byte	0x3a
 4093 1d78 501D0000 		.4byte	0x1d50
 4094 1d7c 14       		.uleb128 0x14
 4095 1d7d 8B1D0000 		.4byte	0x1d8b
 4096 1d81 8B1D0000 		.4byte	0x1d8b
 4097 1d85 15       		.uleb128 0x15
 4098 1d86 CA000000 		.4byte	0xca
ARM GAS  /tmp/ccwPAVQD.s 			page 73


 4099 1d8a 00       		.byte	0
 4100 1d8b 02       		.uleb128 0x2
 4101 1d8c 01       		.byte	0x1
 4102 1d8d 02       		.byte	0x2
 4103 1d8e 28010000 		.4byte	.LASF411
 4104 1d92 06       		.uleb128 0x6
 4105 1d93 04       		.byte	0x4
 4106 1d94 7C1D0000 		.4byte	0x1d7c
 4107 1d98 14       		.uleb128 0x14
 4108 1d99 8B1D0000 		.4byte	0x1d8b
 4109 1d9d B61D0000 		.4byte	0x1db6
 4110 1da1 15       		.uleb128 0x15
 4111 1da2 CA000000 		.4byte	0xca
 4112 1da6 15       		.uleb128 0x15
 4113 1da7 27090000 		.4byte	0x927
 4114 1dab 15       		.uleb128 0x15
 4115 1dac 6F1B0000 		.4byte	0x1b6f
 4116 1db0 15       		.uleb128 0x15
 4117 1db1 27090000 		.4byte	0x927
 4118 1db5 00       		.byte	0
 4119 1db6 06       		.uleb128 0x6
 4120 1db7 04       		.byte	0x4
 4121 1db8 981D0000 		.4byte	0x1d98
 4122 1dbc 14       		.uleb128 0x14
 4123 1dbd 8B1D0000 		.4byte	0x1d8b
 4124 1dc1 DA1D0000 		.4byte	0x1dda
 4125 1dc5 15       		.uleb128 0x15
 4126 1dc6 CA000000 		.4byte	0xca
 4127 1dca 15       		.uleb128 0x15
 4128 1dcb 27090000 		.4byte	0x927
 4129 1dcf 15       		.uleb128 0x15
 4130 1dd0 A41B0000 		.4byte	0x1ba4
 4131 1dd4 15       		.uleb128 0x15
 4132 1dd5 27090000 		.4byte	0x927
 4133 1dd9 00       		.byte	0
 4134 1dda 06       		.uleb128 0x6
 4135 1ddb 04       		.byte	0x4
 4136 1ddc BC1D0000 		.4byte	0x1dbc
 4137 1de0 14       		.uleb128 0x14
 4138 1de1 8B1D0000 		.4byte	0x1d8b
 4139 1de5 F41D0000 		.4byte	0x1df4
 4140 1de9 15       		.uleb128 0x15
 4141 1dea CA000000 		.4byte	0xca
 4142 1dee 15       		.uleb128 0x15
 4143 1def F41D0000 		.4byte	0x1df4
 4144 1df3 00       		.byte	0
 4145 1df4 06       		.uleb128 0x6
 4146 1df5 04       		.byte	0x4
 4147 1df6 711D0000 		.4byte	0x1d71
 4148 1dfa 06       		.uleb128 0x6
 4149 1dfb 04       		.byte	0x4
 4150 1dfc E01D0000 		.4byte	0x1de0
 4151 1e00 0B       		.uleb128 0xb
 4152 1e01 27090000 		.4byte	0x927
 4153 1e05 101E0000 		.4byte	0x1e10
 4154 1e09 0C       		.uleb128 0xc
 4155 1e0a B1000000 		.4byte	0xb1
ARM GAS  /tmp/ccwPAVQD.s 			page 74


 4156 1e0e 03       		.byte	0x3
 4157 1e0f 00       		.byte	0
 4158 1e10 0D       		.uleb128 0xd
 4159 1e11 04       		.byte	0x4
 4160 1e12 1D       		.byte	0x1d
 4161 1e13 B3       		.byte	0xb3
 4162 1e14 311E0000 		.4byte	0x1e31
 4163 1e18 10       		.uleb128 0x10
 4164 1e19 73657400 		.ascii	"set\000"
 4165 1e1d 1D       		.byte	0x1d
 4166 1e1e B4       		.byte	0xb4
 4167 1e1f 0C090000 		.4byte	0x90c
 4168 1e23 00       		.byte	0
 4169 1e24 0E       		.uleb128 0xe
 4170 1e25 6D0C0000 		.4byte	.LASF412
 4171 1e29 1D       		.byte	0x1d
 4172 1e2a B5       		.byte	0xb5
 4173 1e2b 0C090000 		.4byte	0x90c
 4174 1e2f 02       		.byte	0x2
 4175 1e30 00       		.byte	0
 4176 1e31 09       		.uleb128 0x9
 4177 1e32 04       		.byte	0x4
 4178 1e33 1D       		.byte	0x1d
 4179 1e34 B1       		.byte	0xb1
 4180 1e35 4C1E0000 		.4byte	0x1e4c
 4181 1e39 2C       		.uleb128 0x2c
 4182 1e3a 5700     		.ascii	"W\000"
 4183 1e3c 1D       		.byte	0x1d
 4184 1e3d B2       		.byte	0xb2
 4185 1e3e 27090000 		.4byte	0x927
 4186 1e42 2C       		.uleb128 0x2c
 4187 1e43 4800     		.ascii	"H\000"
 4188 1e45 1D       		.byte	0x1d
 4189 1e46 B6       		.byte	0xb6
 4190 1e47 101E0000 		.4byte	0x1e10
 4191 1e4b 00       		.byte	0
 4192 1e4c 1A       		.uleb128 0x1a
 4193 1e4d 311E0000 		.4byte	0x1e31
 4194 1e51 0D       		.uleb128 0xd
 4195 1e52 2C       		.byte	0x2c
 4196 1e53 1D       		.byte	0x1d
 4197 1e54 A9       		.byte	0xa9
 4198 1e55 DE1E0000 		.4byte	0x1ede
 4199 1e59 0E       		.uleb128 0xe
 4200 1e5a 471E0000 		.4byte	.LASF413
 4201 1e5e 1D       		.byte	0x1d
 4202 1e5f AB       		.byte	0xab
 4203 1e60 32090000 		.4byte	0x932
 4204 1e64 00       		.byte	0
 4205 1e65 0E       		.uleb128 0xe
 4206 1e66 27030000 		.4byte	.LASF414
 4207 1e6a 1D       		.byte	0x1d
 4208 1e6b AC       		.byte	0xac
 4209 1e6c 32090000 		.4byte	0x932
 4210 1e70 04       		.byte	0x4
 4211 1e71 0E       		.uleb128 0xe
 4212 1e72 F20D0000 		.4byte	.LASF415
ARM GAS  /tmp/ccwPAVQD.s 			page 75


 4213 1e76 1D       		.byte	0x1d
 4214 1e77 AD       		.byte	0xad
 4215 1e78 32090000 		.4byte	0x932
 4216 1e7c 08       		.byte	0x8
 4217 1e7d 0E       		.uleb128 0xe
 4218 1e7e 8B1D0000 		.4byte	.LASF416
 4219 1e82 1D       		.byte	0x1d
 4220 1e83 AE       		.byte	0xae
 4221 1e84 32090000 		.4byte	0x932
 4222 1e88 0C       		.byte	0xc
 4223 1e89 10       		.uleb128 0x10
 4224 1e8a 49445200 		.ascii	"IDR\000"
 4225 1e8e 1D       		.byte	0x1d
 4226 1e8f AF       		.byte	0xaf
 4227 1e90 32090000 		.4byte	0x932
 4228 1e94 10       		.byte	0x10
 4229 1e95 10       		.uleb128 0x10
 4230 1e96 4F445200 		.ascii	"ODR\000"
 4231 1e9a 1D       		.byte	0x1d
 4232 1e9b B0       		.byte	0xb0
 4233 1e9c 32090000 		.4byte	0x932
 4234 1ea0 14       		.byte	0x14
 4235 1ea1 0E       		.uleb128 0xe
 4236 1ea2 E1120000 		.4byte	.LASF417
 4237 1ea6 1D       		.byte	0x1d
 4238 1ea7 B7       		.byte	0xb7
 4239 1ea8 4C1E0000 		.4byte	0x1e4c
 4240 1eac 18       		.byte	0x18
 4241 1ead 0E       		.uleb128 0xe
 4242 1eae B9180000 		.4byte	.LASF418
 4243 1eb2 1D       		.byte	0x1d
 4244 1eb3 B8       		.byte	0xb8
 4245 1eb4 32090000 		.4byte	0x932
 4246 1eb8 1C       		.byte	0x1c
 4247 1eb9 0E       		.uleb128 0xe
 4248 1eba DA1B0000 		.4byte	.LASF419
 4249 1ebe 1D       		.byte	0x1d
 4250 1ebf B9       		.byte	0xb9
 4251 1ec0 32090000 		.4byte	0x932
 4252 1ec4 20       		.byte	0x20
 4253 1ec5 0E       		.uleb128 0xe
 4254 1ec6 CE1B0000 		.4byte	.LASF420
 4255 1eca 1D       		.byte	0x1d
 4256 1ecb BA       		.byte	0xba
 4257 1ecc 32090000 		.4byte	0x932
 4258 1ed0 24       		.byte	0x24
 4259 1ed1 10       		.uleb128 0x10
 4260 1ed2 42525200 		.ascii	"BRR\000"
 4261 1ed6 1D       		.byte	0x1d
 4262 1ed7 BB       		.byte	0xbb
 4263 1ed8 32090000 		.4byte	0x932
 4264 1edc 28       		.byte	0x28
 4265 1edd 00       		.byte	0
 4266 1ede 03       		.uleb128 0x3
 4267 1edf 91100000 		.4byte	.LASF421
 4268 1ee3 1D       		.byte	0x1d
 4269 1ee4 BC       		.byte	0xbc
ARM GAS  /tmp/ccwPAVQD.s 			page 76


 4270 1ee5 511E0000 		.4byte	0x1e51
 4271 1ee9 0D       		.uleb128 0xd
 4272 1eea 1C       		.byte	0x1c
 4273 1eeb 1D       		.byte	0x1d
 4274 1eec C1       		.byte	0xc1
 4275 1eed 461F0000 		.4byte	0x1f46
 4276 1ef1 0E       		.uleb128 0xe
 4277 1ef2 61210000 		.4byte	.LASF422
 4278 1ef6 1D       		.byte	0x1d
 4279 1ef7 C3       		.byte	0xc3
 4280 1ef8 27090000 		.4byte	0x927
 4281 1efc 00       		.byte	0
 4282 1efd 0E       		.uleb128 0xe
 4283 1efe 13030000 		.4byte	.LASF423
 4284 1f02 1D       		.byte	0x1d
 4285 1f03 C5       		.byte	0xc5
 4286 1f04 27090000 		.4byte	0x927
 4287 1f08 04       		.byte	0x4
 4288 1f09 0E       		.uleb128 0xe
 4289 1f0a 50020000 		.4byte	.LASF424
 4290 1f0e 1D       		.byte	0x1d
 4291 1f0f C7       		.byte	0xc7
 4292 1f10 27090000 		.4byte	0x927
 4293 1f14 08       		.byte	0x8
 4294 1f15 0E       		.uleb128 0xe
 4295 1f16 86200000 		.4byte	.LASF425
 4296 1f1a 1D       		.byte	0x1d
 4297 1f1b C9       		.byte	0xc9
 4298 1f1c 27090000 		.4byte	0x927
 4299 1f20 0C       		.byte	0xc
 4300 1f21 10       		.uleb128 0x10
 4301 1f22 6F647200 		.ascii	"odr\000"
 4302 1f26 1D       		.byte	0x1d
 4303 1f27 CB       		.byte	0xcb
 4304 1f28 27090000 		.4byte	0x927
 4305 1f2c 10       		.byte	0x10
 4306 1f2d 0E       		.uleb128 0xe
 4307 1f2e 111E0000 		.4byte	.LASF426
 4308 1f32 1D       		.byte	0x1d
 4309 1f33 CD       		.byte	0xcd
 4310 1f34 27090000 		.4byte	0x927
 4311 1f38 14       		.byte	0x14
 4312 1f39 0E       		.uleb128 0xe
 4313 1f3a 7B000000 		.4byte	.LASF427
 4314 1f3e 1D       		.byte	0x1d
 4315 1f3f CF       		.byte	0xcf
 4316 1f40 27090000 		.4byte	0x927
 4317 1f44 18       		.byte	0x18
 4318 1f45 00       		.byte	0
 4319 1f46 03       		.uleb128 0x3
 4320 1f47 E31A0000 		.4byte	.LASF428
 4321 1f4b 1D       		.byte	0x1d
 4322 1f4c D0       		.byte	0xd0
 4323 1f4d E91E0000 		.4byte	0x1ee9
 4324 1f51 0D       		.uleb128 0xd
 4325 1f52 FC       		.byte	0xfc
 4326 1f53 1D       		.byte	0x1d
ARM GAS  /tmp/ccwPAVQD.s 			page 77


 4327 1f54 D9       		.byte	0xd9
 4328 1f55 C61F0000 		.4byte	0x1fc6
 4329 1f59 0E       		.uleb128 0xe
 4330 1f5a 31110000 		.4byte	.LASF429
 4331 1f5e 1D       		.byte	0x1d
 4332 1f5f DC       		.byte	0xdc
 4333 1f60 461F0000 		.4byte	0x1f46
 4334 1f64 00       		.byte	0
 4335 1f65 0E       		.uleb128 0xe
 4336 1f66 FC020000 		.4byte	.LASF430
 4337 1f6a 1D       		.byte	0x1d
 4338 1f6b E0       		.byte	0xe0
 4339 1f6c 461F0000 		.4byte	0x1f46
 4340 1f70 1C       		.byte	0x1c
 4341 1f71 0E       		.uleb128 0xe
 4342 1f72 DD010000 		.4byte	.LASF431
 4343 1f76 1D       		.byte	0x1d
 4344 1f77 E4       		.byte	0xe4
 4345 1f78 461F0000 		.4byte	0x1f46
 4346 1f7c 38       		.byte	0x38
 4347 1f7d 0E       		.uleb128 0xe
 4348 1f7e 710D0000 		.4byte	.LASF432
 4349 1f82 1D       		.byte	0x1d
 4350 1f83 E8       		.byte	0xe8
 4351 1f84 461F0000 		.4byte	0x1f46
 4352 1f88 54       		.byte	0x54
 4353 1f89 0E       		.uleb128 0xe
 4354 1f8a FF190000 		.4byte	.LASF433
 4355 1f8e 1D       		.byte	0x1d
 4356 1f8f EC       		.byte	0xec
 4357 1f90 461F0000 		.4byte	0x1f46
 4358 1f94 70       		.byte	0x70
 4359 1f95 0E       		.uleb128 0xe
 4360 1f96 95240000 		.4byte	.LASF434
 4361 1f9a 1D       		.byte	0x1d
 4362 1f9b F0       		.byte	0xf0
 4363 1f9c 461F0000 		.4byte	0x1f46
 4364 1fa0 8C       		.byte	0x8c
 4365 1fa1 0E       		.uleb128 0xe
 4366 1fa2 670B0000 		.4byte	.LASF435
 4367 1fa6 1D       		.byte	0x1d
 4368 1fa7 F4       		.byte	0xf4
 4369 1fa8 461F0000 		.4byte	0x1f46
 4370 1fac A8       		.byte	0xa8
 4371 1fad 0E       		.uleb128 0xe
 4372 1fae 05180000 		.4byte	.LASF436
 4373 1fb2 1D       		.byte	0x1d
 4374 1fb3 F8       		.byte	0xf8
 4375 1fb4 461F0000 		.4byte	0x1f46
 4376 1fb8 C4       		.byte	0xc4
 4377 1fb9 0E       		.uleb128 0xe
 4378 1fba B2220000 		.4byte	.LASF437
 4379 1fbe 1D       		.byte	0x1d
 4380 1fbf FC       		.byte	0xfc
 4381 1fc0 461F0000 		.4byte	0x1f46
 4382 1fc4 E0       		.byte	0xe0
 4383 1fc5 00       		.byte	0
ARM GAS  /tmp/ccwPAVQD.s 			page 78


 4384 1fc6 03       		.uleb128 0x3
 4385 1fc7 BD0A0000 		.4byte	.LASF438
 4386 1fcb 1D       		.byte	0x1d
 4387 1fcc FE       		.byte	0xfe
 4388 1fcd 511F0000 		.4byte	0x1f51
 4389 1fd1 16       		.uleb128 0x16
 4390 1fd2 C61F0000 		.4byte	0x1fc6
 4391 1fd6 08       		.uleb128 0x8
 4392 1fd7 0C180000 		.4byte	.LASF439
 4393 1fdb 1D       		.byte	0x1d
 4394 1fdc 1B01     		.2byte	0x11b
 4395 1fde E21F0000 		.4byte	0x1fe2
 4396 1fe2 06       		.uleb128 0x6
 4397 1fe3 04       		.byte	0x4
 4398 1fe4 DE1E0000 		.4byte	0x1ede
 4399 1fe8 20       		.uleb128 0x20
 4400 1fe9 E81E0000 		.4byte	.LASF440
 4401 1fed 1D       		.byte	0x1d
 4402 1fee DA01     		.2byte	0x1da
 4403 1ff0 D11F0000 		.4byte	0x1fd1
 4404 1ff4 2B       		.uleb128 0x2b
 4405 1ff5 07       		.byte	0x7
 4406 1ff6 01       		.byte	0x1
 4407 1ff7 37000000 		.4byte	0x37
 4408 1ffb 1E       		.byte	0x1e
 4409 1ffc 46       		.byte	0x46
 4410 1ffd 26200000 		.4byte	0x2026
 4411 2001 25       		.uleb128 0x25
 4412 2002 2B080000 		.4byte	.LASF441
 4413 2006 00       		.byte	0
 4414 2007 25       		.uleb128 0x25
 4415 2008 10150000 		.4byte	.LASF442
 4416 200c 01       		.byte	0x1
 4417 200d 25       		.uleb128 0x25
 4418 200e 0B210000 		.4byte	.LASF443
 4419 2012 02       		.byte	0x2
 4420 2013 25       		.uleb128 0x25
 4421 2014 C7120000 		.4byte	.LASF444
 4422 2018 03       		.byte	0x3
 4423 2019 25       		.uleb128 0x25
 4424 201a 35060000 		.4byte	.LASF445
 4425 201e 04       		.byte	0x4
 4426 201f 25       		.uleb128 0x25
 4427 2020 9F120000 		.4byte	.LASF446
 4428 2024 05       		.byte	0x5
 4429 2025 00       		.byte	0
 4430 2026 03       		.uleb128 0x3
 4431 2027 13040000 		.4byte	.LASF447
 4432 202b 1E       		.byte	0x1e
 4433 202c 4D       		.byte	0x4d
 4434 202d F41F0000 		.4byte	0x1ff4
 4435 2031 08       		.uleb128 0x8
 4436 2032 DF110000 		.4byte	.LASF448
 4437 2036 1F       		.byte	0x1f
 4438 2037 2701     		.2byte	0x127
 4439 2039 0C090000 		.4byte	0x90c
 4440 203d 08       		.uleb128 0x8
ARM GAS  /tmp/ccwPAVQD.s 			page 79


 4441 203e 7F1C0000 		.4byte	.LASF449
 4442 2042 1F       		.byte	0x1f
 4443 2043 2C01     		.2byte	0x12c
 4444 2045 0C090000 		.4byte	0x90c
 4445 2049 2D       		.uleb128 0x2d
 4446 204a 07       		.byte	0x7
 4447 204b 01       		.byte	0x1
 4448 204c 37000000 		.4byte	0x37
 4449 2050 1F       		.byte	0x1f
 4450 2051 3301     		.2byte	0x133
 4451 2053 64200000 		.4byte	0x2064
 4452 2057 25       		.uleb128 0x25
 4453 2058 BE0D0000 		.4byte	.LASF450
 4454 205c 00       		.byte	0
 4455 205d 25       		.uleb128 0x25
 4456 205e 68020000 		.4byte	.LASF451
 4457 2062 01       		.byte	0x1
 4458 2063 00       		.byte	0
 4459 2064 08       		.uleb128 0x8
 4460 2065 01220000 		.4byte	.LASF452
 4461 2069 1F       		.byte	0x1f
 4462 206a 3601     		.2byte	0x136
 4463 206c 49200000 		.4byte	0x2049
 4464 2070 08       		.uleb128 0x8
 4465 2071 720E0000 		.4byte	.LASF453
 4466 2075 1F       		.byte	0x1f
 4467 2076 3B01     		.2byte	0x13b
 4468 2078 7C200000 		.4byte	0x207c
 4469 207c 1B       		.uleb128 0x1b
 4470 207d 720E0000 		.4byte	.LASF453
 4471 2081 38       		.byte	0x38
 4472 2082 1F       		.byte	0x1f
 4473 2083 9F01     		.2byte	0x19f
 4474 2085 0C210000 		.4byte	0x210c
 4475 2089 18       		.uleb128 0x18
 4476 208a 18160000 		.4byte	.LASF454
 4477 208e 1F       		.byte	0x1f
 4478 208f A301     		.2byte	0x1a3
 4479 2091 26200000 		.4byte	0x2026
 4480 2095 00       		.byte	0
 4481 2096 18       		.uleb128 0x18
 4482 2097 1F1C0000 		.4byte	.LASF455
 4483 209b 1F       		.byte	0x1f
 4484 209c A701     		.2byte	0x1a7
 4485 209e 33220000 		.4byte	0x2233
 4486 20a2 04       		.byte	0x4
 4487 20a3 18       		.uleb128 0x18
 4488 20a4 F3010000 		.4byte	.LASF456
 4489 20a8 1F       		.byte	0x1f
 4490 20a9 AB01     		.2byte	0x1ab
 4491 20ab 39210000 		.4byte	0x2139
 4492 20af 08       		.byte	0x8
 4493 20b0 18       		.uleb128 0x18
 4494 20b1 92160000 		.4byte	.LASF457
 4495 20b5 1F       		.byte	0x1f
 4496 20b6 AF01     		.2byte	0x1af
 4497 20b8 B8000000 		.4byte	0xb8
ARM GAS  /tmp/ccwPAVQD.s 			page 80


 4498 20bc 0C       		.byte	0xc
 4499 20bd 18       		.uleb128 0x18
 4500 20be FB1E0000 		.4byte	.LASF458
 4501 20c2 1F       		.byte	0x1f
 4502 20c3 B301     		.2byte	0x1b3
 4503 20c5 39220000 		.4byte	0x2239
 4504 20c9 10       		.byte	0x10
 4505 20ca 18       		.uleb128 0x18
 4506 20cb BF060000 		.4byte	.LASF459
 4507 20cf 1F       		.byte	0x1f
 4508 20d0 B801     		.2byte	0x1b8
 4509 20d2 660B0000 		.4byte	0xb66
 4510 20d6 14       		.byte	0x14
 4511 20d7 18       		.uleb128 0x18
 4512 20d8 3E0C0000 		.4byte	.LASF460
 4513 20dc 1F       		.byte	0x1f
 4514 20dd BE01     		.2byte	0x1be
 4515 20df 221A0000 		.4byte	0x1a22
 4516 20e3 18       		.byte	0x18
 4517 20e4 26       		.uleb128 0x26
 4518 20e5 61646300 		.ascii	"adc\000"
 4519 20e9 1F       		.byte	0x1f
 4520 20ea C701     		.2byte	0x1c7
 4521 20ec 3F220000 		.4byte	0x223f
 4522 20f0 2C       		.byte	0x2c
 4523 20f1 18       		.uleb128 0x18
 4524 20f2 770A0000 		.4byte	.LASF461
 4525 20f6 1F       		.byte	0x1f
 4526 20f7 CB01     		.2byte	0x1cb
 4527 20f9 45220000 		.4byte	0x2245
 4528 20fd 30       		.byte	0x30
 4529 20fe 18       		.uleb128 0x18
 4530 20ff 50180000 		.4byte	.LASF462
 4531 2103 1F       		.byte	0x1f
 4532 2104 CF01     		.2byte	0x1cf
 4533 2106 27090000 		.4byte	0x927
 4534 210a 34       		.byte	0x34
 4535 210b 00       		.byte	0
 4536 210c 08       		.uleb128 0x8
 4537 210d 511B0000 		.4byte	.LASF463
 4538 2111 1F       		.byte	0x1f
 4539 2112 4501     		.2byte	0x145
 4540 2114 18210000 		.4byte	0x2118
 4541 2118 06       		.uleb128 0x6
 4542 2119 04       		.byte	0x4
 4543 211a 1E210000 		.4byte	0x211e
 4544 211e 1F       		.uleb128 0x1f
 4545 211f 33210000 		.4byte	0x2133
 4546 2123 15       		.uleb128 0x15
 4547 2124 33210000 		.4byte	0x2133
 4548 2128 15       		.uleb128 0x15
 4549 2129 39210000 		.4byte	0x2139
 4550 212d 15       		.uleb128 0x15
 4551 212e B8000000 		.4byte	0xb8
 4552 2132 00       		.byte	0
 4553 2133 06       		.uleb128 0x6
 4554 2134 04       		.byte	0x4
ARM GAS  /tmp/ccwPAVQD.s 			page 81


 4555 2135 70200000 		.4byte	0x2070
 4556 2139 06       		.uleb128 0x6
 4557 213a 04       		.byte	0x4
 4558 213b 31200000 		.4byte	0x2031
 4559 213f 08       		.uleb128 0x8
 4560 2140 FA150000 		.4byte	.LASF464
 4561 2144 1F       		.byte	0x1f
 4562 2145 4E01     		.2byte	0x14e
 4563 2147 4B210000 		.4byte	0x214b
 4564 214b 06       		.uleb128 0x6
 4565 214c 04       		.byte	0x4
 4566 214d 51210000 		.4byte	0x2151
 4567 2151 1F       		.uleb128 0x1f
 4568 2152 61210000 		.4byte	0x2161
 4569 2156 15       		.uleb128 0x15
 4570 2157 33210000 		.4byte	0x2133
 4571 215b 15       		.uleb128 0x15
 4572 215c 64200000 		.4byte	0x2064
 4573 2160 00       		.byte	0
 4574 2161 1C       		.uleb128 0x1c
 4575 2162 28       		.byte	0x28
 4576 2163 1F       		.byte	0x1f
 4577 2164 5801     		.2byte	0x158
 4578 2166 FA210000 		.4byte	0x21fa
 4579 216a 18       		.uleb128 0x18
 4580 216b 4D210000 		.4byte	.LASF465
 4581 216f 1F       		.byte	0x1f
 4582 2170 5C01     		.2byte	0x15c
 4583 2172 8B1D0000 		.4byte	0x1d8b
 4584 2176 00       		.byte	0
 4585 2177 18       		.uleb128 0x18
 4586 2178 E3100000 		.4byte	.LASF466
 4587 217c 1F       		.byte	0x1f
 4588 217d 6001     		.2byte	0x160
 4589 217f 3D200000 		.4byte	0x203d
 4590 2183 02       		.byte	0x2
 4591 2184 18       		.uleb128 0x18
 4592 2185 1C090000 		.4byte	.LASF467
 4593 2189 1F       		.byte	0x1f
 4594 218a 6401     		.2byte	0x164
 4595 218c 0C210000 		.4byte	0x210c
 4596 2190 04       		.byte	0x4
 4597 2191 18       		.uleb128 0x18
 4598 2192 D8220000 		.4byte	.LASF468
 4599 2196 1F       		.byte	0x1f
 4600 2197 6801     		.2byte	0x168
 4601 2199 3F210000 		.4byte	0x213f
 4602 219d 08       		.byte	0x8
 4603 219e 26       		.uleb128 0x26
 4604 219f 63723100 		.ascii	"cr1\000"
 4605 21a3 1F       		.byte	0x1f
 4606 21a4 6F01     		.2byte	0x16f
 4607 21a6 27090000 		.4byte	0x927
 4608 21aa 0C       		.byte	0xc
 4609 21ab 26       		.uleb128 0x26
 4610 21ac 63723200 		.ascii	"cr2\000"
 4611 21b0 1F       		.byte	0x1f
ARM GAS  /tmp/ccwPAVQD.s 			page 82


 4612 21b1 7601     		.2byte	0x176
 4613 21b3 27090000 		.4byte	0x927
 4614 21b7 10       		.byte	0x10
 4615 21b8 18       		.uleb128 0x18
 4616 21b9 02170000 		.4byte	.LASF469
 4617 21bd 1F       		.byte	0x1f
 4618 21be 7C01     		.2byte	0x17c
 4619 21c0 27090000 		.4byte	0x927
 4620 21c4 14       		.byte	0x14
 4621 21c5 18       		.uleb128 0x18
 4622 21c6 08170000 		.4byte	.LASF470
 4623 21ca 1F       		.byte	0x1f
 4624 21cb 8201     		.2byte	0x182
 4625 21cd 27090000 		.4byte	0x927
 4626 21d1 18       		.byte	0x18
 4627 21d2 18       		.uleb128 0x18
 4628 21d3 60010000 		.4byte	.LASF471
 4629 21d7 1F       		.byte	0x1f
 4630 21d8 8701     		.2byte	0x187
 4631 21da 27090000 		.4byte	0x927
 4632 21de 1C       		.byte	0x1c
 4633 21df 18       		.uleb128 0x18
 4634 21e0 BB230000 		.4byte	.LASF472
 4635 21e4 1F       		.byte	0x1f
 4636 21e5 8C01     		.2byte	0x18c
 4637 21e7 27090000 		.4byte	0x927
 4638 21eb 20       		.byte	0x20
 4639 21ec 18       		.uleb128 0x18
 4640 21ed C0230000 		.4byte	.LASF473
 4641 21f1 1F       		.byte	0x1f
 4642 21f2 9101     		.2byte	0x191
 4643 21f4 27090000 		.4byte	0x927
 4644 21f8 24       		.byte	0x24
 4645 21f9 00       		.byte	0
 4646 21fa 08       		.uleb128 0x8
 4647 21fb 47050000 		.4byte	.LASF474
 4648 21ff 1F       		.byte	0x1f
 4649 2200 9201     		.2byte	0x192
 4650 2202 61210000 		.4byte	0x2161
 4651 2206 16       		.uleb128 0x16
 4652 2207 FA210000 		.4byte	0x21fa
 4653 220b 1C       		.uleb128 0x1c
 4654 220c 04       		.byte	0x4
 4655 220d 1F       		.byte	0x1f
 4656 220e 9801     		.2byte	0x198
 4657 2210 22220000 		.4byte	0x2222
 4658 2214 18       		.uleb128 0x18
 4659 2215 E1230000 		.4byte	.LASF475
 4660 2219 1F       		.byte	0x1f
 4661 221a 9901     		.2byte	0x199
 4662 221c 27090000 		.4byte	0x927
 4663 2220 00       		.byte	0
 4664 2221 00       		.byte	0
 4665 2222 08       		.uleb128 0x8
 4666 2223 8A0E0000 		.4byte	.LASF476
 4667 2227 1F       		.byte	0x1f
 4668 2228 9A01     		.2byte	0x19a
ARM GAS  /tmp/ccwPAVQD.s 			page 83


 4669 222a 0B220000 		.4byte	0x220b
 4670 222e 16       		.uleb128 0x16
 4671 222f 22220000 		.4byte	0x2222
 4672 2233 06       		.uleb128 0x6
 4673 2234 04       		.byte	0x4
 4674 2235 2E220000 		.4byte	0x222e
 4675 2239 06       		.uleb128 0x6
 4676 223a 04       		.byte	0x4
 4677 223b 06220000 		.4byte	0x2206
 4678 223f 06       		.uleb128 0x6
 4679 2240 04       		.byte	0x4
 4680 2241 E90E0000 		.4byte	0xee9
 4681 2245 06       		.uleb128 0x6
 4682 2246 04       		.byte	0x4
 4683 2247 5A1C0000 		.4byte	0x1c5a
 4684 224b 20       		.uleb128 0x20
 4685 224c 39180000 		.4byte	.LASF477
 4686 2250 1F       		.byte	0x1f
 4687 2251 1402     		.2byte	0x214
 4688 2253 70200000 		.4byte	0x2070
 4689 2257 20       		.uleb128 0x20
 4690 2258 3F180000 		.4byte	.LASF478
 4691 225c 1F       		.byte	0x1f
 4692 225d 1802     		.2byte	0x218
 4693 225f 70200000 		.4byte	0x2070
 4694 2263 20       		.uleb128 0x20
 4695 2264 45180000 		.4byte	.LASF479
 4696 2268 1F       		.byte	0x1f
 4697 2269 1C02     		.2byte	0x21c
 4698 226b 70200000 		.4byte	0x2070
 4699 226f 2B       		.uleb128 0x2b
 4700 2270 07       		.byte	0x7
 4701 2271 01       		.byte	0x1
 4702 2272 37000000 		.4byte	0x37
 4703 2276 20       		.byte	0x20
 4704 2277 5F       		.byte	0x5f
 4705 2278 9B220000 		.4byte	0x229b
 4706 227c 25       		.uleb128 0x25
 4707 227d FA0C0000 		.4byte	.LASF480
 4708 2281 00       		.byte	0
 4709 2282 25       		.uleb128 0x25
 4710 2283 E1000000 		.4byte	.LASF481
 4711 2287 01       		.byte	0x1
 4712 2288 25       		.uleb128 0x25
 4713 2289 54000000 		.4byte	.LASF482
 4714 228d 02       		.byte	0x2
 4715 228e 25       		.uleb128 0x25
 4716 228f 4D190000 		.4byte	.LASF483
 4717 2293 03       		.byte	0x3
 4718 2294 25       		.uleb128 0x25
 4719 2295 B7090000 		.4byte	.LASF484
 4720 2299 04       		.byte	0x4
 4721 229a 00       		.byte	0
 4722 229b 03       		.uleb128 0x3
 4723 229c A1050000 		.4byte	.LASF485
 4724 22a0 20       		.byte	0x20
 4725 22a1 65       		.byte	0x65
ARM GAS  /tmp/ccwPAVQD.s 			page 84


 4726 22a2 6F220000 		.4byte	0x226f
 4727 22a6 0B       		.uleb128 0xb
 4728 22a7 F1080000 		.4byte	0x8f1
 4729 22ab B6220000 		.4byte	0x22b6
 4730 22af 0C       		.uleb128 0xc
 4731 22b0 B1000000 		.4byte	0xb1
 4732 22b4 07       		.byte	0x7
 4733 22b5 00       		.byte	0
 4734 22b6 0D       		.uleb128 0xd
 4735 22b7 08       		.byte	0x8
 4736 22b8 21       		.byte	0x21
 4737 22b9 F4       		.byte	0xf4
 4738 22ba D8220000 		.4byte	0x22d8
 4739 22be 10       		.uleb128 0x10
 4740 22bf 6D637200 		.ascii	"mcr\000"
 4741 22c3 21       		.byte	0x21
 4742 22c4 FA       		.byte	0xfa
 4743 22c5 27090000 		.4byte	0x927
 4744 22c9 00       		.byte	0
 4745 22ca 26       		.uleb128 0x26
 4746 22cb 62747200 		.ascii	"btr\000"
 4747 22cf 21       		.byte	0x21
 4748 22d0 0001     		.2byte	0x100
 4749 22d2 27090000 		.4byte	0x927
 4750 22d6 04       		.byte	0x4
 4751 22d7 00       		.byte	0
 4752 22d8 08       		.uleb128 0x8
 4753 22d9 F5190000 		.4byte	.LASF486
 4754 22dd 21       		.byte	0x21
 4755 22de 0101     		.2byte	0x101
 4756 22e0 B6220000 		.4byte	0x22b6
 4757 22e4 16       		.uleb128 0x16
 4758 22e5 D8220000 		.4byte	0x22d8
 4759 22e9 1C       		.uleb128 0x1c
 4760 22ea 30       		.byte	0x30
 4761 22eb 21       		.byte	0x21
 4762 22ec 0601     		.2byte	0x106
 4763 22ee 75230000 		.4byte	0x2375
 4764 22f2 18       		.uleb128 0x18
 4765 22f3 18160000 		.4byte	.LASF454
 4766 22f7 21       		.byte	0x21
 4767 22f8 0A01     		.2byte	0x10a
 4768 22fa 9B220000 		.4byte	0x229b
 4769 22fe 00       		.byte	0
 4770 22ff 18       		.uleb128 0x18
 4771 2300 1F1C0000 		.4byte	.LASF455
 4772 2304 21       		.byte	0x21
 4773 2305 0E01     		.2byte	0x10e
 4774 2307 75230000 		.4byte	0x2375
 4775 230b 04       		.byte	0x4
 4776 230c 18       		.uleb128 0x18
 4777 230d 51090000 		.4byte	.LASF487
 4778 2311 21       		.byte	0x21
 4779 2312 1201     		.2byte	0x112
 4780 2314 9B0B0000 		.4byte	0xb9b
 4781 2318 08       		.byte	0x8
 4782 2319 18       		.uleb128 0x18
ARM GAS  /tmp/ccwPAVQD.s 			page 85


 4783 231a CF1E0000 		.4byte	.LASF488
 4784 231e 21       		.byte	0x21
 4785 231f 1601     		.2byte	0x116
 4786 2321 9B0B0000 		.4byte	0xb9b
 4787 2325 10       		.byte	0x10
 4788 2326 18       		.uleb128 0x18
 4789 2327 D1190000 		.4byte	.LASF489
 4790 232b 21       		.byte	0x21
 4791 232c 2301     		.2byte	0x123
 4792 232e CA1A0000 		.4byte	0x1aca
 4793 2332 18       		.byte	0x18
 4794 2333 18       		.uleb128 0x18
 4795 2334 4F0B0000 		.4byte	.LASF490
 4796 2338 21       		.byte	0x21
 4797 2339 2A01     		.2byte	0x12a
 4798 233b CA1A0000 		.4byte	0x1aca
 4799 233f 1C       		.byte	0x1c
 4800 2340 18       		.uleb128 0x18
 4801 2341 D7100000 		.4byte	.LASF491
 4802 2345 21       		.byte	0x21
 4803 2346 3001     		.2byte	0x130
 4804 2348 CA1A0000 		.4byte	0x1aca
 4805 234c 20       		.byte	0x20
 4806 234d 18       		.uleb128 0x18
 4807 234e 7B030000 		.4byte	.LASF492
 4808 2352 21       		.byte	0x21
 4809 2353 3501     		.2byte	0x135
 4810 2355 CA1A0000 		.4byte	0x1aca
 4811 2359 24       		.byte	0x24
 4812 235a 18       		.uleb128 0x18
 4813 235b 07090000 		.4byte	.LASF493
 4814 235f 21       		.byte	0x21
 4815 2360 3901     		.2byte	0x139
 4816 2362 CA1A0000 		.4byte	0x1aca
 4817 2366 28       		.byte	0x28
 4818 2367 26       		.uleb128 0x26
 4819 2368 63616E00 		.ascii	"can\000"
 4820 236c 21       		.byte	0x21
 4821 236d 3F01     		.2byte	0x13f
 4822 236f 7B230000 		.4byte	0x237b
 4823 2373 2C       		.byte	0x2c
 4824 2374 00       		.byte	0
 4825 2375 06       		.uleb128 0x6
 4826 2376 04       		.byte	0x4
 4827 2377 E4220000 		.4byte	0x22e4
 4828 237b 06       		.uleb128 0x6
 4829 237c 04       		.byte	0x4
 4830 237d 32110000 		.4byte	0x1132
 4831 2381 08       		.uleb128 0x8
 4832 2382 D1030000 		.4byte	.LASF494
 4833 2386 21       		.byte	0x21
 4834 2387 4001     		.2byte	0x140
 4835 2389 E9220000 		.4byte	0x22e9
 4836 238d 20       		.uleb128 0x20
 4837 238e 36200000 		.4byte	.LASF495
 4838 2392 21       		.byte	0x21
 4839 2393 4B01     		.2byte	0x14b
ARM GAS  /tmp/ccwPAVQD.s 			page 86


 4840 2395 81230000 		.4byte	0x2381
 4841 2399 2B       		.uleb128 0x2b
 4842 239a 07       		.byte	0x7
 4843 239b 01       		.byte	0x1
 4844 239c 37000000 		.4byte	0x37
 4845 23a0 22       		.byte	0x22
 4846 23a1 46       		.byte	0x46
 4847 23a2 CB230000 		.4byte	0x23cb
 4848 23a6 25       		.uleb128 0x25
 4849 23a7 741C0000 		.4byte	.LASF496
 4850 23ab 00       		.byte	0
 4851 23ac 25       		.uleb128 0x25
 4852 23ad 84210000 		.4byte	.LASF497
 4853 23b1 01       		.byte	0x1
 4854 23b2 25       		.uleb128 0x25
 4855 23b3 FA0D0000 		.4byte	.LASF498
 4856 23b7 02       		.byte	0x2
 4857 23b8 25       		.uleb128 0x25
 4858 23b9 0D160000 		.4byte	.LASF499
 4859 23bd 03       		.byte	0x3
 4860 23be 25       		.uleb128 0x25
 4861 23bf FA1B0000 		.4byte	.LASF500
 4862 23c3 04       		.byte	0x4
 4863 23c4 25       		.uleb128 0x25
 4864 23c5 27100000 		.4byte	.LASF501
 4865 23c9 05       		.byte	0x5
 4866 23ca 00       		.byte	0
 4867 23cb 03       		.uleb128 0x3
 4868 23cc 7E190000 		.4byte	.LASF502
 4869 23d0 22       		.byte	0x22
 4870 23d1 4D       		.byte	0x4d
 4871 23d2 99230000 		.4byte	0x2399
 4872 23d6 0D       		.uleb128 0xd
 4873 23d7 1C       		.byte	0x1c
 4874 23d8 23       		.byte	0x23
 4875 23d9 F9       		.byte	0xf9
 4876 23da 39240000 		.4byte	0x2439
 4877 23de 10       		.uleb128 0x10
 4878 23df 64616300 		.ascii	"dac\000"
 4879 23e3 23       		.byte	0x23
 4880 23e4 FD       		.byte	0xfd
 4881 23e5 39240000 		.4byte	0x2439
 4882 23e9 00       		.byte	0
 4883 23ea 18       		.uleb128 0x18
 4884 23eb D1180000 		.4byte	.LASF503
 4885 23ef 23       		.byte	0x23
 4886 23f0 0101     		.2byte	0x101
 4887 23f2 27090000 		.4byte	0x927
 4888 23f6 04       		.byte	0x4
 4889 23f7 18       		.uleb128 0x18
 4890 23f8 C6060000 		.4byte	.LASF504
 4891 23fc 23       		.byte	0x23
 4892 23fd 0501     		.2byte	0x105
 4893 23ff 27090000 		.4byte	0x927
 4894 2403 08       		.byte	0x8
 4895 2404 18       		.uleb128 0x18
 4896 2405 06020000 		.4byte	.LASF505
ARM GAS  /tmp/ccwPAVQD.s 			page 87


 4897 2409 23       		.byte	0x23
 4898 240a 0901     		.2byte	0x109
 4899 240c 27090000 		.4byte	0x927
 4900 2410 0C       		.byte	0xc
 4901 2411 26       		.uleb128 0x26
 4902 2412 646D6100 		.ascii	"dma\000"
 4903 2416 23       		.byte	0x23
 4904 2417 0D01     		.2byte	0x10d
 4905 2419 45220000 		.4byte	0x2245
 4906 241d 10       		.byte	0x10
 4907 241e 18       		.uleb128 0x18
 4908 241f 50180000 		.4byte	.LASF462
 4909 2423 23       		.byte	0x23
 4910 2424 1101     		.2byte	0x111
 4911 2426 27090000 		.4byte	0x927
 4912 242a 14       		.byte	0x14
 4913 242b 18       		.uleb128 0x18
 4914 242c D9170000 		.4byte	.LASF506
 4915 2430 23       		.byte	0x23
 4916 2431 1501     		.2byte	0x115
 4917 2433 27090000 		.4byte	0x927
 4918 2437 18       		.byte	0x18
 4919 2438 00       		.byte	0
 4920 2439 06       		.uleb128 0x6
 4921 243a 04       		.byte	0x4
 4922 243b FC110000 		.4byte	0x11fc
 4923 243f 08       		.uleb128 0x8
 4924 2440 2E030000 		.4byte	.LASF507
 4925 2444 23       		.byte	0x23
 4926 2445 1601     		.2byte	0x116
 4927 2447 D6230000 		.4byte	0x23d6
 4928 244b 16       		.uleb128 0x16
 4929 244c 3F240000 		.4byte	0x243f
 4930 2450 08       		.uleb128 0x8
 4931 2451 490C0000 		.4byte	.LASF508
 4932 2455 23       		.byte	0x23
 4933 2456 1B01     		.2byte	0x11b
 4934 2458 5C240000 		.4byte	0x245c
 4935 245c 1B       		.uleb128 0x1b
 4936 245d 490C0000 		.4byte	.LASF508
 4937 2461 30       		.byte	0x30
 4938 2462 23       		.byte	0x23
 4939 2463 7B01     		.2byte	0x17b
 4940 2465 D2240000 		.4byte	0x24d2
 4941 2469 18       		.uleb128 0x18
 4942 246a 18160000 		.4byte	.LASF454
 4943 246e 23       		.byte	0x23
 4944 246f 7F01     		.2byte	0x17f
 4945 2471 CB230000 		.4byte	0x23cb
 4946 2475 00       		.byte	0
 4947 2476 18       		.uleb128 0x18
 4948 2477 FB1E0000 		.4byte	.LASF458
 4949 247b 23       		.byte	0x23
 4950 247c 8301     		.2byte	0x183
 4951 247e 10260000 		.4byte	0x2610
 4952 2482 04       		.byte	0x4
 4953 2483 18       		.uleb128 0x18
ARM GAS  /tmp/ccwPAVQD.s 			page 88


 4954 2484 F3010000 		.4byte	.LASF456
 4955 2488 23       		.byte	0x23
 4956 2489 8701     		.2byte	0x187
 4957 248b 37250000 		.4byte	0x2537
 4958 248f 08       		.byte	0x8
 4959 2490 18       		.uleb128 0x18
 4960 2491 92160000 		.4byte	.LASF457
 4961 2495 23       		.byte	0x23
 4962 2496 8B01     		.2byte	0x18b
 4963 2498 0C090000 		.4byte	0x90c
 4964 249c 0C       		.byte	0xc
 4965 249d 18       		.uleb128 0x18
 4966 249e 1F1C0000 		.4byte	.LASF455
 4967 24a2 23       		.byte	0x23
 4968 24a3 8F01     		.2byte	0x18f
 4969 24a5 16260000 		.4byte	0x2616
 4970 24a9 10       		.byte	0x10
 4971 24aa 18       		.uleb128 0x18
 4972 24ab BF060000 		.4byte	.LASF459
 4973 24af 23       		.byte	0x23
 4974 24b0 9401     		.2byte	0x194
 4975 24b2 660B0000 		.4byte	0xb66
 4976 24b6 14       		.byte	0x14
 4977 24b7 18       		.uleb128 0x18
 4978 24b8 3E0C0000 		.4byte	.LASF460
 4979 24bc 23       		.byte	0x23
 4980 24bd 9A01     		.2byte	0x19a
 4981 24bf 221A0000 		.4byte	0x1a22
 4982 24c3 18       		.byte	0x18
 4983 24c4 18       		.uleb128 0x18
 4984 24c5 5F110000 		.4byte	.LASF509
 4985 24c9 23       		.byte	0x23
 4986 24ca A301     		.2byte	0x1a3
 4987 24cc 1C260000 		.4byte	0x261c
 4988 24d0 2C       		.byte	0x2c
 4989 24d1 00       		.byte	0
 4990 24d2 08       		.uleb128 0x8
 4991 24d3 A3190000 		.4byte	.LASF510
 4992 24d7 23       		.byte	0x23
 4993 24d8 2001     		.2byte	0x120
 4994 24da 0C090000 		.4byte	0x90c
 4995 24de 16       		.uleb128 0x16
 4996 24df D2240000 		.4byte	0x24d2
 4997 24e3 2D       		.uleb128 0x2d
 4998 24e4 07       		.byte	0x7
 4999 24e5 01       		.byte	0x1
 5000 24e6 37000000 		.4byte	0x37
 5001 24ea 23       		.byte	0x23
 5002 24eb 2701     		.2byte	0x127
 5003 24ed FE240000 		.4byte	0x24fe
 5004 24f1 25       		.uleb128 0x25
 5005 24f2 3E1A0000 		.4byte	.LASF511
 5006 24f6 00       		.byte	0
 5007 24f7 25       		.uleb128 0x25
 5008 24f8 F5080000 		.4byte	.LASF512
 5009 24fc 01       		.byte	0x1
 5010 24fd 00       		.byte	0
ARM GAS  /tmp/ccwPAVQD.s 			page 89


 5011 24fe 08       		.uleb128 0x8
 5012 24ff C9110000 		.4byte	.LASF513
 5013 2503 23       		.byte	0x23
 5014 2504 2A01     		.2byte	0x12a
 5015 2506 E3240000 		.4byte	0x24e3
 5016 250a 08       		.uleb128 0x8
 5017 250b 37070000 		.4byte	.LASF514
 5018 250f 23       		.byte	0x23
 5019 2510 3401     		.2byte	0x134
 5020 2512 16250000 		.4byte	0x2516
 5021 2516 06       		.uleb128 0x6
 5022 2517 04       		.byte	0x4
 5023 2518 1C250000 		.4byte	0x251c
 5024 251c 1F       		.uleb128 0x1f
 5025 251d 31250000 		.4byte	0x2531
 5026 2521 15       		.uleb128 0x15
 5027 2522 31250000 		.4byte	0x2531
 5028 2526 15       		.uleb128 0x15
 5029 2527 37250000 		.4byte	0x2537
 5030 252b 15       		.uleb128 0x15
 5031 252c B8000000 		.4byte	0xb8
 5032 2530 00       		.byte	0
 5033 2531 06       		.uleb128 0x6
 5034 2532 04       		.byte	0x4
 5035 2533 50240000 		.4byte	0x2450
 5036 2537 06       		.uleb128 0x6
 5037 2538 04       		.byte	0x4
 5038 2539 DE240000 		.4byte	0x24de
 5039 253d 08       		.uleb128 0x8
 5040 253e 8C200000 		.4byte	.LASF515
 5041 2542 23       		.byte	0x23
 5042 2543 3F01     		.2byte	0x13f
 5043 2545 49250000 		.4byte	0x2549
 5044 2549 06       		.uleb128 0x6
 5045 254a 04       		.byte	0x4
 5046 254b 4F250000 		.4byte	0x254f
 5047 254f 1F       		.uleb128 0x1f
 5048 2550 5F250000 		.4byte	0x255f
 5049 2554 15       		.uleb128 0x15
 5050 2555 31250000 		.4byte	0x2531
 5051 2559 15       		.uleb128 0x15
 5052 255a FE240000 		.4byte	0x24fe
 5053 255e 00       		.byte	0
 5054 255f 2D       		.uleb128 0x2d
 5055 2560 07       		.byte	0x7
 5056 2561 01       		.byte	0x1
 5057 2562 37000000 		.4byte	0x37
 5058 2566 23       		.byte	0x23
 5059 2567 4401     		.2byte	0x144
 5060 2569 80250000 		.4byte	0x2580
 5061 256d 25       		.uleb128 0x25
 5062 256e CE1C0000 		.4byte	.LASF516
 5063 2572 00       		.byte	0
 5064 2573 25       		.uleb128 0x25
 5065 2574 2E130000 		.4byte	.LASF517
 5066 2578 01       		.byte	0x1
 5067 2579 25       		.uleb128 0x25
ARM GAS  /tmp/ccwPAVQD.s 			page 90


 5068 257a A5160000 		.4byte	.LASF518
 5069 257e 02       		.byte	0x2
 5070 257f 00       		.byte	0
 5071 2580 08       		.uleb128 0x8
 5072 2581 6A0A0000 		.4byte	.LASF519
 5073 2585 23       		.byte	0x23
 5074 2586 4D01     		.2byte	0x14d
 5075 2588 5F250000 		.4byte	0x255f
 5076 258c 1C       		.uleb128 0x1c
 5077 258d 10       		.byte	0x10
 5078 258e 23       		.byte	0x23
 5079 258f 5201     		.2byte	0x152
 5080 2591 CA250000 		.4byte	0x25ca
 5081 2595 18       		.uleb128 0x18
 5082 2596 E3100000 		.4byte	.LASF466
 5083 259a 23       		.byte	0x23
 5084 259b 5601     		.2byte	0x156
 5085 259d 27090000 		.4byte	0x927
 5086 25a1 00       		.byte	0
 5087 25a2 18       		.uleb128 0x18
 5088 25a3 1C090000 		.4byte	.LASF467
 5089 25a7 23       		.byte	0x23
 5090 25a8 5A01     		.2byte	0x15a
 5091 25aa 0A250000 		.4byte	0x250a
 5092 25ae 04       		.byte	0x4
 5093 25af 18       		.uleb128 0x18
 5094 25b0 D8220000 		.4byte	.LASF468
 5095 25b4 23       		.byte	0x23
 5096 25b5 5E01     		.2byte	0x15e
 5097 25b7 3D250000 		.4byte	0x253d
 5098 25bb 08       		.byte	0x8
 5099 25bc 18       		.uleb128 0x18
 5100 25bd 6C140000 		.4byte	.LASF520
 5101 25c1 23       		.byte	0x23
 5102 25c2 6601     		.2byte	0x166
 5103 25c4 27090000 		.4byte	0x927
 5104 25c8 0C       		.byte	0xc
 5105 25c9 00       		.byte	0
 5106 25ca 08       		.uleb128 0x8
 5107 25cb 75120000 		.4byte	.LASF521
 5108 25cf 23       		.byte	0x23
 5109 25d0 6701     		.2byte	0x167
 5110 25d2 8C250000 		.4byte	0x258c
 5111 25d6 16       		.uleb128 0x16
 5112 25d7 CA250000 		.4byte	0x25ca
 5113 25db 1C       		.uleb128 0x1c
 5114 25dc 04       		.byte	0x4
 5115 25dd 23       		.byte	0x23
 5116 25de 6C01     		.2byte	0x16c
 5117 25e0 FF250000 		.4byte	0x25ff
 5118 25e4 18       		.uleb128 0x18
 5119 25e5 B30A0000 		.4byte	.LASF522
 5120 25e9 23       		.byte	0x23
 5121 25ea 7101     		.2byte	0x171
 5122 25ec D2240000 		.4byte	0x24d2
 5123 25f0 00       		.byte	0
 5124 25f1 18       		.uleb128 0x18
ARM GAS  /tmp/ccwPAVQD.s 			page 91


 5125 25f2 34010000 		.4byte	.LASF523
 5126 25f6 23       		.byte	0x23
 5127 25f7 7501     		.2byte	0x175
 5128 25f9 80250000 		.4byte	0x2580
 5129 25fd 02       		.byte	0x2
 5130 25fe 00       		.byte	0
 5131 25ff 08       		.uleb128 0x8
 5132 2600 530C0000 		.4byte	.LASF524
 5133 2604 23       		.byte	0x23
 5134 2605 7601     		.2byte	0x176
 5135 2607 DB250000 		.4byte	0x25db
 5136 260b 16       		.uleb128 0x16
 5137 260c FF250000 		.4byte	0x25ff
 5138 2610 06       		.uleb128 0x6
 5139 2611 04       		.byte	0x4
 5140 2612 D6250000 		.4byte	0x25d6
 5141 2616 06       		.uleb128 0x6
 5142 2617 04       		.byte	0x4
 5143 2618 0B260000 		.4byte	0x260b
 5144 261c 06       		.uleb128 0x6
 5145 261d 04       		.byte	0x4
 5146 261e 4B240000 		.4byte	0x244b
 5147 2622 20       		.uleb128 0x20
 5148 2623 CB030000 		.4byte	.LASF525
 5149 2627 23       		.byte	0x23
 5150 2628 B301     		.2byte	0x1b3
 5151 262a 50240000 		.4byte	0x2450
 5152 262e 2B       		.uleb128 0x2b
 5153 262f 07       		.byte	0x7
 5154 2630 01       		.byte	0x1
 5155 2631 37000000 		.4byte	0x37
 5156 2635 24       		.byte	0x24
 5157 2636 3F       		.byte	0x3f
 5158 2637 4E260000 		.4byte	0x264e
 5159 263b 25       		.uleb128 0x25
 5160 263c AC090000 		.4byte	.LASF526
 5161 2640 00       		.byte	0
 5162 2641 25       		.uleb128 0x25
 5163 2642 9C240000 		.4byte	.LASF527
 5164 2646 01       		.byte	0x1
 5165 2647 25       		.uleb128 0x25
 5166 2648 2E020000 		.4byte	.LASF528
 5167 264c 02       		.byte	0x2
 5168 264d 00       		.byte	0
 5169 264e 03       		.uleb128 0x3
 5170 264f 881B0000 		.4byte	.LASF529
 5171 2653 24       		.byte	0x24
 5172 2654 43       		.byte	0x43
 5173 2655 2E260000 		.4byte	0x262e
 5174 2659 03       		.uleb128 0x3
 5175 265a 65080000 		.4byte	.LASF530
 5176 265e 24       		.byte	0x24
 5177 265f 48       		.byte	0x48
 5178 2660 64260000 		.4byte	0x2664
 5179 2664 0F       		.uleb128 0xf
 5180 2665 65080000 		.4byte	.LASF530
 5181 2669 08       		.byte	0x8
ARM GAS  /tmp/ccwPAVQD.s 			page 92


 5182 266a 25       		.byte	0x25
 5183 266b 71       		.byte	0x71
 5184 266c 89260000 		.4byte	0x2689
 5185 2670 0E       		.uleb128 0xe
 5186 2671 18160000 		.4byte	.LASF454
 5187 2675 25       		.byte	0x25
 5188 2676 75       		.byte	0x75
 5189 2677 4E260000 		.4byte	0x264e
 5190 267b 00       		.byte	0
 5191 267c 0E       		.uleb128 0xe
 5192 267d 1F1C0000 		.4byte	.LASF455
 5193 2681 25       		.byte	0x25
 5194 2682 79       		.byte	0x79
 5195 2683 1B270000 		.4byte	0x271b
 5196 2687 04       		.byte	0x4
 5197 2688 00       		.byte	0
 5198 2689 03       		.uleb128 0x3
 5199 268a 15230000 		.4byte	.LASF531
 5200 268e 25       		.byte	0x25
 5201 268f 47       		.byte	0x47
 5202 2690 27090000 		.4byte	0x927
 5203 2694 03       		.uleb128 0x3
 5204 2695 C11E0000 		.4byte	.LASF532
 5205 2699 25       		.byte	0x25
 5206 269a 4F       		.byte	0x4f
 5207 269b 9F260000 		.4byte	0x269f
 5208 269f 06       		.uleb128 0x6
 5209 26a0 04       		.byte	0x4
 5210 26a1 A5260000 		.4byte	0x26a5
 5211 26a5 1F       		.uleb128 0x1f
 5212 26a6 B5260000 		.4byte	0x26b5
 5213 26aa 15       		.uleb128 0x15
 5214 26ab B5260000 		.4byte	0x26b5
 5215 26af 15       		.uleb128 0x15
 5216 26b0 89260000 		.4byte	0x2689
 5217 26b4 00       		.byte	0
 5218 26b5 06       		.uleb128 0x6
 5219 26b6 04       		.byte	0x4
 5220 26b7 59260000 		.4byte	0x2659
 5221 26bb 0D       		.uleb128 0xd
 5222 26bc 08       		.byte	0x8
 5223 26bd 25       		.byte	0x25
 5224 26be 54       		.byte	0x54
 5225 26bf DB260000 		.4byte	0x26db
 5226 26c3 0E       		.uleb128 0xe
 5227 26c4 4A080000 		.4byte	.LASF533
 5228 26c8 25       		.byte	0x25
 5229 26c9 58       		.byte	0x58
 5230 26ca 27090000 		.4byte	0x927
 5231 26ce 00       		.byte	0
 5232 26cf 10       		.uleb128 0x10
 5233 26d0 636200   		.ascii	"cb\000"
 5234 26d3 25       		.byte	0x25
 5235 26d4 5F       		.byte	0x5f
 5236 26d5 94260000 		.4byte	0x2694
 5237 26d9 04       		.byte	0x4
 5238 26da 00       		.byte	0
ARM GAS  /tmp/ccwPAVQD.s 			page 93


 5239 26db 03       		.uleb128 0x3
 5240 26dc E10D0000 		.4byte	.LASF534
 5241 26e0 25       		.byte	0x25
 5242 26e1 60       		.byte	0x60
 5243 26e2 BB260000 		.4byte	0x26bb
 5244 26e6 0D       		.uleb128 0xd
 5245 26e7 B8       		.byte	0xb8
 5246 26e8 25       		.byte	0x25
 5247 26e9 66       		.byte	0x66
 5248 26ea FB260000 		.4byte	0x26fb
 5249 26ee 0E       		.uleb128 0xe
 5250 26ef AC200000 		.4byte	.LASF535
 5251 26f3 25       		.byte	0x25
 5252 26f4 6A       		.byte	0x6a
 5253 26f5 FB260000 		.4byte	0x26fb
 5254 26f9 00       		.byte	0
 5255 26fa 00       		.byte	0
 5256 26fb 0B       		.uleb128 0xb
 5257 26fc DB260000 		.4byte	0x26db
 5258 2700 0B270000 		.4byte	0x270b
 5259 2704 0C       		.uleb128 0xc
 5260 2705 B1000000 		.4byte	0xb1
 5261 2709 16       		.byte	0x16
 5262 270a 00       		.byte	0
 5263 270b 03       		.uleb128 0x3
 5264 270c BF1D0000 		.4byte	.LASF536
 5265 2710 25       		.byte	0x25
 5266 2711 6C       		.byte	0x6c
 5267 2712 E6260000 		.4byte	0x26e6
 5268 2716 16       		.uleb128 0x16
 5269 2717 0B270000 		.4byte	0x270b
 5270 271b 06       		.uleb128 0x6
 5271 271c 04       		.byte	0x4
 5272 271d 16270000 		.4byte	0x2716
 5273 2721 22       		.uleb128 0x22
 5274 2722 92050000 		.4byte	.LASF537
 5275 2726 25       		.byte	0x25
 5276 2727 86       		.byte	0x86
 5277 2728 59260000 		.4byte	0x2659
 5278 272c 2B       		.uleb128 0x2b
 5279 272d 07       		.byte	0x7
 5280 272e 01       		.byte	0x1
 5281 272f 37000000 		.4byte	0x37
 5282 2733 26       		.byte	0x26
 5283 2734 31       		.byte	0x31
 5284 2735 58270000 		.4byte	0x2758
 5285 2739 25       		.uleb128 0x25
 5286 273a B9160000 		.4byte	.LASF538
 5287 273e 00       		.byte	0
 5288 273f 25       		.uleb128 0x25
 5289 2740 94140000 		.4byte	.LASF539
 5290 2744 01       		.byte	0x1
 5291 2745 25       		.uleb128 0x25
 5292 2746 74190000 		.4byte	.LASF540
 5293 274a 02       		.byte	0x2
 5294 274b 25       		.uleb128 0x25
 5295 274c 7B070000 		.4byte	.LASF541
ARM GAS  /tmp/ccwPAVQD.s 			page 94


 5296 2750 03       		.byte	0x3
 5297 2751 25       		.uleb128 0x25
 5298 2752 47040000 		.4byte	.LASF542
 5299 2756 04       		.byte	0x4
 5300 2757 00       		.byte	0
 5301 2758 03       		.uleb128 0x3
 5302 2759 7C130000 		.4byte	.LASF543
 5303 275d 26       		.byte	0x26
 5304 275e 37       		.byte	0x37
 5305 275f 2C270000 		.4byte	0x272c
 5306 2763 03       		.uleb128 0x3
 5307 2764 E4170000 		.4byte	.LASF544
 5308 2768 26       		.byte	0x26
 5309 2769 3C       		.byte	0x3c
 5310 276a 6E270000 		.4byte	0x276e
 5311 276e 1B       		.uleb128 0x1b
 5312 276f E4170000 		.4byte	.LASF544
 5313 2773 10       		.byte	0x10
 5314 2774 27       		.byte	0x27
 5315 2775 9701     		.2byte	0x197
 5316 2777 B0270000 		.4byte	0x27b0
 5317 277b 18       		.uleb128 0x18
 5318 277c 18160000 		.4byte	.LASF454
 5319 2780 27       		.byte	0x27
 5320 2781 9B01     		.2byte	0x19b
 5321 2783 58270000 		.4byte	0x2758
 5322 2787 00       		.byte	0
 5323 2788 18       		.uleb128 0x18
 5324 2789 1F1C0000 		.4byte	.LASF455
 5325 278d 27       		.byte	0x27
 5326 278e 9F01     		.2byte	0x19f
 5327 2790 45290000 		.4byte	0x2945
 5328 2794 04       		.byte	0x4
 5329 2795 18       		.uleb128 0x18
 5330 2796 670C0000 		.4byte	.LASF545
 5331 279a 27       		.byte	0x27
 5332 279b A701     		.2byte	0x1a7
 5333 279d 27090000 		.4byte	0x927
 5334 27a1 08       		.byte	0x8
 5335 27a2 26       		.uleb128 0x26
 5336 27a3 74696D00 		.ascii	"tim\000"
 5337 27a7 27       		.byte	0x27
 5338 27a8 AB01     		.2byte	0x1ab
 5339 27aa 4B290000 		.4byte	0x294b
 5340 27ae 0C       		.byte	0xc
 5341 27af 00       		.byte	0
 5342 27b0 03       		.uleb128 0x3
 5343 27b1 EB110000 		.4byte	.LASF546
 5344 27b5 26       		.byte	0x26
 5345 27b6 43       		.byte	0x43
 5346 27b7 BB270000 		.4byte	0x27bb
 5347 27bb 06       		.uleb128 0x6
 5348 27bc 04       		.byte	0x4
 5349 27bd C1270000 		.4byte	0x27c1
 5350 27c1 1F       		.uleb128 0x1f
 5351 27c2 CC270000 		.4byte	0x27cc
 5352 27c6 15       		.uleb128 0x15
ARM GAS  /tmp/ccwPAVQD.s 			page 95


 5353 27c7 CC270000 		.4byte	0x27cc
 5354 27cb 00       		.byte	0
 5355 27cc 06       		.uleb128 0x6
 5356 27cd 04       		.byte	0x4
 5357 27ce 63270000 		.4byte	0x2763
 5358 27d2 1C       		.uleb128 0x1c
 5359 27d3 60       		.byte	0x60
 5360 27d4 28       		.byte	0x28
 5361 27d5 9E01     		.2byte	0x19e
 5362 27d7 DE280000 		.4byte	0x28de
 5363 27db 26       		.uleb128 0x26
 5364 27dc 43523100 		.ascii	"CR1\000"
 5365 27e0 28       		.byte	0x28
 5366 27e1 9F01     		.2byte	0x19f
 5367 27e3 32090000 		.4byte	0x932
 5368 27e7 00       		.byte	0
 5369 27e8 26       		.uleb128 0x26
 5370 27e9 43523200 		.ascii	"CR2\000"
 5371 27ed 28       		.byte	0x28
 5372 27ee A001     		.2byte	0x1a0
 5373 27f0 32090000 		.4byte	0x932
 5374 27f4 04       		.byte	0x4
 5375 27f5 18       		.uleb128 0x18
 5376 27f6 E91F0000 		.4byte	.LASF547
 5377 27fa 28       		.byte	0x28
 5378 27fb A101     		.2byte	0x1a1
 5379 27fd 32090000 		.4byte	0x932
 5380 2801 08       		.byte	0x8
 5381 2802 18       		.uleb128 0x18
 5382 2803 330A0000 		.4byte	.LASF548
 5383 2807 28       		.byte	0x28
 5384 2808 A201     		.2byte	0x1a2
 5385 280a 32090000 		.4byte	0x932
 5386 280e 0C       		.byte	0xc
 5387 280f 26       		.uleb128 0x26
 5388 2810 535200   		.ascii	"SR\000"
 5389 2813 28       		.byte	0x28
 5390 2814 A301     		.2byte	0x1a3
 5391 2816 32090000 		.4byte	0x932
 5392 281a 10       		.byte	0x10
 5393 281b 26       		.uleb128 0x26
 5394 281c 45475200 		.ascii	"EGR\000"
 5395 2820 28       		.byte	0x28
 5396 2821 A401     		.2byte	0x1a4
 5397 2823 32090000 		.4byte	0x932
 5398 2827 14       		.byte	0x14
 5399 2828 18       		.uleb128 0x18
 5400 2829 9C230000 		.4byte	.LASF549
 5401 282d 28       		.byte	0x28
 5402 282e A501     		.2byte	0x1a5
 5403 2830 32090000 		.4byte	0x932
 5404 2834 18       		.byte	0x18
 5405 2835 18       		.uleb128 0x18
 5406 2836 A2230000 		.4byte	.LASF550
 5407 283a 28       		.byte	0x28
 5408 283b A601     		.2byte	0x1a6
 5409 283d 32090000 		.4byte	0x932
ARM GAS  /tmp/ccwPAVQD.s 			page 96


 5410 2841 1C       		.byte	0x1c
 5411 2842 18       		.uleb128 0x18
 5412 2843 0F070000 		.4byte	.LASF551
 5413 2847 28       		.byte	0x28
 5414 2848 A701     		.2byte	0x1a7
 5415 284a 32090000 		.4byte	0x932
 5416 284e 20       		.byte	0x20
 5417 284f 26       		.uleb128 0x26
 5418 2850 434E5400 		.ascii	"CNT\000"
 5419 2854 28       		.byte	0x28
 5420 2855 A801     		.2byte	0x1a8
 5421 2857 32090000 		.4byte	0x932
 5422 285b 24       		.byte	0x24
 5423 285c 26       		.uleb128 0x26
 5424 285d 50534300 		.ascii	"PSC\000"
 5425 2861 28       		.byte	0x28
 5426 2862 A901     		.2byte	0x1a9
 5427 2864 32090000 		.4byte	0x932
 5428 2868 28       		.byte	0x28
 5429 2869 26       		.uleb128 0x26
 5430 286a 41525200 		.ascii	"ARR\000"
 5431 286e 28       		.byte	0x28
 5432 286f AA01     		.2byte	0x1aa
 5433 2871 32090000 		.4byte	0x932
 5434 2875 2C       		.byte	0x2c
 5435 2876 26       		.uleb128 0x26
 5436 2877 52435200 		.ascii	"RCR\000"
 5437 287b 28       		.byte	0x28
 5438 287c AB01     		.2byte	0x1ab
 5439 287e 32090000 		.4byte	0x932
 5440 2882 30       		.byte	0x30
 5441 2883 26       		.uleb128 0x26
 5442 2884 43435200 		.ascii	"CCR\000"
 5443 2888 28       		.byte	0x28
 5444 2889 AC01     		.2byte	0x1ac
 5445 288b 90120000 		.4byte	0x1290
 5446 288f 34       		.byte	0x34
 5447 2890 18       		.uleb128 0x18
 5448 2891 01020000 		.4byte	.LASF552
 5449 2895 28       		.byte	0x28
 5450 2896 AD01     		.2byte	0x1ad
 5451 2898 32090000 		.4byte	0x932
 5452 289c 44       		.byte	0x44
 5453 289d 26       		.uleb128 0x26
 5454 289e 44435200 		.ascii	"DCR\000"
 5455 28a2 28       		.byte	0x28
 5456 28a3 AE01     		.2byte	0x1ae
 5457 28a5 32090000 		.4byte	0x932
 5458 28a9 48       		.byte	0x48
 5459 28aa 18       		.uleb128 0x18
 5460 28ab 67160000 		.4byte	.LASF553
 5461 28af 28       		.byte	0x28
 5462 28b0 AF01     		.2byte	0x1af
 5463 28b2 32090000 		.4byte	0x932
 5464 28b6 4C       		.byte	0x4c
 5465 28b7 26       		.uleb128 0x26
 5466 28b8 4F5200   		.ascii	"OR\000"
ARM GAS  /tmp/ccwPAVQD.s 			page 97


 5467 28bb 28       		.byte	0x28
 5468 28bc B001     		.2byte	0x1b0
 5469 28be 32090000 		.4byte	0x932
 5470 28c2 50       		.byte	0x50
 5471 28c3 18       		.uleb128 0x18
 5472 28c4 A8230000 		.4byte	.LASF554
 5473 28c8 28       		.byte	0x28
 5474 28c9 B101     		.2byte	0x1b1
 5475 28cb 32090000 		.4byte	0x932
 5476 28cf 54       		.byte	0x54
 5477 28d0 18       		.uleb128 0x18
 5478 28d1 730C0000 		.4byte	.LASF555
 5479 28d5 28       		.byte	0x28
 5480 28d6 B201     		.2byte	0x1b2
 5481 28d8 7B120000 		.4byte	0x127b
 5482 28dc 58       		.byte	0x58
 5483 28dd 00       		.byte	0
 5484 28de 08       		.uleb128 0x8
 5485 28df 1B1F0000 		.4byte	.LASF556
 5486 28e3 28       		.byte	0x28
 5487 28e4 B301     		.2byte	0x1b3
 5488 28e6 D2270000 		.4byte	0x27d2
 5489 28ea 08       		.uleb128 0x8
 5490 28eb A1080000 		.4byte	.LASF557
 5491 28ef 27       		.byte	0x27
 5492 28f0 6D01     		.2byte	0x16d
 5493 28f2 27090000 		.4byte	0x927
 5494 28f6 1C       		.uleb128 0x1c
 5495 28f7 10       		.byte	0x10
 5496 28f8 27       		.byte	0x27
 5497 28f9 7801     		.2byte	0x178
 5498 28fb 34290000 		.4byte	0x2934
 5499 28ff 18       		.uleb128 0x18
 5500 2900 42230000 		.4byte	.LASF558
 5501 2904 27       		.byte	0x27
 5502 2905 7E01     		.2byte	0x17e
 5503 2907 EA280000 		.4byte	0x28ea
 5504 290b 00       		.byte	0
 5505 290c 18       		.uleb128 0x18
 5506 290d 6C160000 		.4byte	.LASF559
 5507 2911 27       		.byte	0x27
 5508 2912 8501     		.2byte	0x185
 5509 2914 B0270000 		.4byte	0x27b0
 5510 2918 04       		.byte	0x4
 5511 2919 26       		.uleb128 0x26
 5512 291a 63723200 		.ascii	"cr2\000"
 5513 291e 27       		.byte	0x27
 5514 291f 8B01     		.2byte	0x18b
 5515 2921 27090000 		.4byte	0x927
 5516 2925 08       		.byte	0x8
 5517 2926 18       		.uleb128 0x18
 5518 2927 E30B0000 		.4byte	.LASF560
 5519 292b 27       		.byte	0x27
 5520 292c 9101     		.2byte	0x191
 5521 292e 27090000 		.4byte	0x927
 5522 2932 0C       		.byte	0xc
 5523 2933 00       		.byte	0
ARM GAS  /tmp/ccwPAVQD.s 			page 98


 5524 2934 08       		.uleb128 0x8
 5525 2935 42060000 		.4byte	.LASF561
 5526 2939 27       		.byte	0x27
 5527 293a 9201     		.2byte	0x192
 5528 293c F6280000 		.4byte	0x28f6
 5529 2940 16       		.uleb128 0x16
 5530 2941 34290000 		.4byte	0x2934
 5531 2945 06       		.uleb128 0x6
 5532 2946 04       		.byte	0x4
 5533 2947 40290000 		.4byte	0x2940
 5534 294b 06       		.uleb128 0x6
 5535 294c 04       		.byte	0x4
 5536 294d DE280000 		.4byte	0x28de
 5537 2951 20       		.uleb128 0x20
 5538 2952 CB220000 		.4byte	.LASF562
 5539 2956 27       		.byte	0x27
 5540 2957 F201     		.2byte	0x1f2
 5541 2959 63270000 		.4byte	0x2763
 5542 295d 20       		.uleb128 0x20
 5543 295e 261C0000 		.4byte	.LASF563
 5544 2962 27       		.byte	0x27
 5545 2963 0202     		.2byte	0x202
 5546 2965 63270000 		.4byte	0x2763
 5547 2969 20       		.uleb128 0x20
 5548 296a 47000000 		.4byte	.LASF564
 5549 296e 27       		.byte	0x27
 5550 296f 0A02     		.2byte	0x20a
 5551 2971 63270000 		.4byte	0x2763
 5552 2975 2B       		.uleb128 0x2b
 5553 2976 07       		.byte	0x7
 5554 2977 01       		.byte	0x1
 5555 2978 37000000 		.4byte	0x37
 5556 297c 29       		.byte	0x29
 5557 297d 4C       		.byte	0x4c
 5558 297e A7290000 		.4byte	0x29a7
 5559 2982 25       		.uleb128 0x25
 5560 2983 07060000 		.4byte	.LASF565
 5561 2987 00       		.byte	0
 5562 2988 25       		.uleb128 0x25
 5563 2989 AB0D0000 		.4byte	.LASF566
 5564 298d 01       		.byte	0x1
 5565 298e 25       		.uleb128 0x25
 5566 298f F1060000 		.4byte	.LASF567
 5567 2993 02       		.byte	0x2
 5568 2994 25       		.uleb128 0x25
 5569 2995 76040000 		.4byte	.LASF568
 5570 2999 03       		.byte	0x3
 5571 299a 25       		.uleb128 0x25
 5572 299b 4F030000 		.4byte	.LASF569
 5573 299f 04       		.byte	0x4
 5574 29a0 25       		.uleb128 0x25
 5575 29a1 51130000 		.4byte	.LASF570
 5576 29a5 05       		.byte	0x5
 5577 29a6 00       		.byte	0
 5578 29a7 03       		.uleb128 0x3
 5579 29a8 92110000 		.4byte	.LASF571
 5580 29ac 29       		.byte	0x29
ARM GAS  /tmp/ccwPAVQD.s 			page 99


 5581 29ad 53       		.byte	0x53
 5582 29ae 75290000 		.4byte	0x2975
 5583 29b2 08       		.uleb128 0x8
 5584 29b3 C1170000 		.4byte	.LASF572
 5585 29b7 2A       		.byte	0x2a
 5586 29b8 6A01     		.2byte	0x16a
 5587 29ba 0C090000 		.4byte	0x90c
 5588 29be 08       		.uleb128 0x8
 5589 29bf ED030000 		.4byte	.LASF573
 5590 29c3 2A       		.byte	0x2a
 5591 29c4 6F01     		.2byte	0x16f
 5592 29c6 27090000 		.4byte	0x927
 5593 29ca 2D       		.uleb128 0x2d
 5594 29cb 07       		.byte	0x7
 5595 29cc 01       		.byte	0x1
 5596 29cd 37000000 		.4byte	0x37
 5597 29d1 2A       		.byte	0x2a
 5598 29d2 7401     		.2byte	0x174
 5599 29d4 EB290000 		.4byte	0x29eb
 5600 29d8 25       		.uleb128 0x25
 5601 29d9 89040000 		.4byte	.LASF574
 5602 29dd 01       		.byte	0x1
 5603 29de 25       		.uleb128 0x25
 5604 29df 8A000000 		.4byte	.LASF575
 5605 29e3 02       		.byte	0x2
 5606 29e4 25       		.uleb128 0x25
 5607 29e5 76090000 		.4byte	.LASF576
 5608 29e9 03       		.byte	0x3
 5609 29ea 00       		.byte	0
 5610 29eb 08       		.uleb128 0x8
 5611 29ec E7230000 		.4byte	.LASF577
 5612 29f0 2A       		.byte	0x2a
 5613 29f1 7801     		.2byte	0x178
 5614 29f3 CA290000 		.4byte	0x29ca
 5615 29f7 2D       		.uleb128 0x2d
 5616 29f8 07       		.byte	0x7
 5617 29f9 01       		.byte	0x1
 5618 29fa 37000000 		.4byte	0x37
 5619 29fe 2A       		.byte	0x2a
 5620 29ff 7D01     		.2byte	0x17d
 5621 2a01 182A0000 		.4byte	0x2a18
 5622 2a05 25       		.uleb128 0x25
 5623 2a06 66050000 		.4byte	.LASF578
 5624 2a0a 01       		.byte	0x1
 5625 2a0b 25       		.uleb128 0x25
 5626 2a0c 71230000 		.4byte	.LASF579
 5627 2a10 02       		.byte	0x2
 5628 2a11 25       		.uleb128 0x25
 5629 2a12 830A0000 		.4byte	.LASF580
 5630 2a16 03       		.byte	0x3
 5631 2a17 00       		.byte	0
 5632 2a18 08       		.uleb128 0x8
 5633 2a19 93060000 		.4byte	.LASF581
 5634 2a1d 2A       		.byte	0x2a
 5635 2a1e 8101     		.2byte	0x181
 5636 2a20 F7290000 		.4byte	0x29f7
 5637 2a24 1C       		.uleb128 0x1c
ARM GAS  /tmp/ccwPAVQD.s 			page 100


 5638 2a25 0C       		.byte	0xc
 5639 2a26 2A       		.byte	0x2a
 5640 2a27 8601     		.2byte	0x186
 5641 2a29 552A0000 		.4byte	0x2a55
 5642 2a2d 18       		.uleb128 0x18
 5643 2a2e C4140000 		.4byte	.LASF582
 5644 2a32 2A       		.byte	0x2a
 5645 2a33 8801     		.2byte	0x188
 5646 2a35 EB290000 		.4byte	0x29eb
 5647 2a39 00       		.byte	0
 5648 2a3a 18       		.uleb128 0x18
 5649 2a3b B5030000 		.4byte	.LASF583
 5650 2a3f 2A       		.byte	0x2a
 5651 2a40 8901     		.2byte	0x189
 5652 2a42 27090000 		.4byte	0x927
 5653 2a46 04       		.byte	0x4
 5654 2a47 18       		.uleb128 0x18
 5655 2a48 63240000 		.4byte	.LASF584
 5656 2a4c 2A       		.byte	0x2a
 5657 2a4d 8C01     		.2byte	0x18c
 5658 2a4f 182A0000 		.4byte	0x2a18
 5659 2a53 08       		.byte	0x8
 5660 2a54 00       		.byte	0
 5661 2a55 08       		.uleb128 0x8
 5662 2a56 0E020000 		.4byte	.LASF585
 5663 2a5a 2A       		.byte	0x2a
 5664 2a5b 8E01     		.2byte	0x18e
 5665 2a5d 242A0000 		.4byte	0x2a24
 5666 2a61 16       		.uleb128 0x16
 5667 2a62 552A0000 		.4byte	0x2a55
 5668 2a66 08       		.uleb128 0x8
 5669 2a67 6C040000 		.4byte	.LASF586
 5670 2a6b 2A       		.byte	0x2a
 5671 2a6c 9301     		.2byte	0x193
 5672 2a6e 722A0000 		.4byte	0x2a72
 5673 2a72 1B       		.uleb128 0x1b
 5674 2a73 6C040000 		.4byte	.LASF586
 5675 2a77 3C       		.byte	0x3c
 5676 2a78 2A       		.byte	0x2a
 5677 2a79 9801     		.2byte	0x198
 5678 2a7b 0F2B0000 		.4byte	0x2b0f
 5679 2a7f 18       		.uleb128 0x18
 5680 2a80 18160000 		.4byte	.LASF454
 5681 2a84 2A       		.byte	0x2a
 5682 2a85 9C01     		.2byte	0x19c
 5683 2a87 A7290000 		.4byte	0x29a7
 5684 2a8b 00       		.byte	0
 5685 2a8c 18       		.uleb128 0x18
 5686 2a8d 1F1C0000 		.4byte	.LASF455
 5687 2a91 2A       		.byte	0x2a
 5688 2a92 A001     		.2byte	0x1a0
 5689 2a94 0F2B0000 		.4byte	0x2b0f
 5690 2a98 04       		.byte	0x4
 5691 2a99 18       		.uleb128 0x18
 5692 2a9a 84010000 		.4byte	.LASF587
 5693 2a9e 2A       		.byte	0x2a
 5694 2a9f A401     		.2byte	0x1a4
ARM GAS  /tmp/ccwPAVQD.s 			page 101


 5695 2aa1 BE290000 		.4byte	0x29be
 5696 2aa5 08       		.byte	0x8
 5697 2aa6 18       		.uleb128 0x18
 5698 2aa7 3E0C0000 		.4byte	.LASF460
 5699 2aab 2A       		.byte	0x2a
 5700 2aac A901     		.2byte	0x1a9
 5701 2aae 221A0000 		.4byte	0x1a22
 5702 2ab2 0C       		.byte	0xc
 5703 2ab3 18       		.uleb128 0x18
 5704 2ab4 BF060000 		.4byte	.LASF459
 5705 2ab8 2A       		.byte	0x2a
 5706 2ab9 B201     		.2byte	0x1b2
 5707 2abb 660B0000 		.4byte	0xb66
 5708 2abf 20       		.byte	0x20
 5709 2ac0 18       		.uleb128 0x18
 5710 2ac1 B40D0000 		.4byte	.LASF588
 5711 2ac5 2A       		.byte	0x2a
 5712 2ac6 B601     		.2byte	0x1b6
 5713 2ac8 B2290000 		.4byte	0x29b2
 5714 2acc 24       		.byte	0x24
 5715 2acd 18       		.uleb128 0x18
 5716 2ace 36080000 		.4byte	.LASF589
 5717 2ad2 2A       		.byte	0x2a
 5718 2ad3 BA01     		.2byte	0x1ba
 5719 2ad5 27090000 		.4byte	0x927
 5720 2ad9 28       		.byte	0x28
 5721 2ada 18       		.uleb128 0x18
 5722 2adb 8F080000 		.4byte	.LASF590
 5723 2adf 2A       		.byte	0x2a
 5724 2ae0 BE01     		.2byte	0x1be
 5725 2ae2 27090000 		.4byte	0x927
 5726 2ae6 2C       		.byte	0x2c
 5727 2ae7 18       		.uleb128 0x18
 5728 2ae8 3D010000 		.4byte	.LASF591
 5729 2aec 2A       		.byte	0x2a
 5730 2aed C201     		.2byte	0x1c2
 5731 2aef 45220000 		.4byte	0x2245
 5732 2af3 30       		.byte	0x30
 5733 2af4 18       		.uleb128 0x18
 5734 2af5 21020000 		.4byte	.LASF592
 5735 2af9 2A       		.byte	0x2a
 5736 2afa C601     		.2byte	0x1c6
 5737 2afc 45220000 		.4byte	0x2245
 5738 2b00 34       		.byte	0x34
 5739 2b01 26       		.uleb128 0x26
 5740 2b02 69326300 		.ascii	"i2c\000"
 5741 2b06 2A       		.byte	0x2a
 5742 2b07 CA01     		.2byte	0x1ca
 5743 2b09 152B0000 		.4byte	0x2b15
 5744 2b0d 38       		.byte	0x38
 5745 2b0e 00       		.byte	0
 5746 2b0f 06       		.uleb128 0x6
 5747 2b10 04       		.byte	0x4
 5748 2b11 612A0000 		.4byte	0x2a61
 5749 2b15 06       		.uleb128 0x6
 5750 2b16 04       		.byte	0x4
 5751 2b17 20130000 		.4byte	0x1320
ARM GAS  /tmp/ccwPAVQD.s 			page 102


 5752 2b1b 20       		.uleb128 0x20
 5753 2b1c 09120000 		.4byte	.LASF593
 5754 2b20 2A       		.byte	0x2a
 5755 2b21 E001     		.2byte	0x1e0
 5756 2b23 662A0000 		.4byte	0x2a66
 5757 2b27 2B       		.uleb128 0x2b
 5758 2b28 07       		.byte	0x7
 5759 2b29 01       		.byte	0x1
 5760 2b2a 37000000 		.4byte	0x37
 5761 2b2e 2B       		.byte	0x2b
 5762 2b2f 39       		.byte	0x39
 5763 2b30 532B0000 		.4byte	0x2b53
 5764 2b34 25       		.uleb128 0x25
 5765 2b35 7E100000 		.4byte	.LASF594
 5766 2b39 00       		.byte	0
 5767 2b3a 25       		.uleb128 0x25
 5768 2b3b 1F0C0000 		.4byte	.LASF595
 5769 2b3f 01       		.byte	0x1
 5770 2b40 25       		.uleb128 0x25
 5771 2b41 FA140000 		.4byte	.LASF596
 5772 2b45 02       		.byte	0x2
 5773 2b46 25       		.uleb128 0x25
 5774 2b47 69190000 		.4byte	.LASF597
 5775 2b4b 03       		.byte	0x3
 5776 2b4c 25       		.uleb128 0x25
 5777 2b4d 4D1E0000 		.4byte	.LASF598
 5778 2b51 04       		.byte	0x4
 5779 2b52 00       		.byte	0
 5780 2b53 03       		.uleb128 0x3
 5781 2b54 56210000 		.4byte	.LASF599
 5782 2b58 2B       		.byte	0x2b
 5783 2b59 3F       		.byte	0x3f
 5784 2b5a 272B0000 		.4byte	0x2b27
 5785 2b5e 03       		.uleb128 0x3
 5786 2b5f 59240000 		.4byte	.LASF600
 5787 2b63 2C       		.byte	0x2c
 5788 2b64 E2       		.byte	0xe2
 5789 2b65 692B0000 		.4byte	0x2b69
 5790 2b69 1B       		.uleb128 0x1b
 5791 2b6a 59240000 		.4byte	.LASF600
 5792 2b6e 20       		.byte	0x20
 5793 2b6f 2C       		.byte	0x2c
 5794 2b70 1B01     		.2byte	0x11b
 5795 2b72 DF2B0000 		.4byte	0x2bdf
 5796 2b76 18       		.uleb128 0x18
 5797 2b77 18160000 		.4byte	.LASF454
 5798 2b7b 2C       		.byte	0x2c
 5799 2b7c 1F01     		.2byte	0x11f
 5800 2b7e 532B0000 		.4byte	0x2b53
 5801 2b82 00       		.byte	0
 5802 2b83 18       		.uleb128 0x18
 5803 2b84 1F1C0000 		.4byte	.LASF455
 5804 2b88 2C       		.byte	0x2c
 5805 2b89 2301     		.2byte	0x123
 5806 2b8b 702C0000 		.4byte	0x2c70
 5807 2b8f 04       		.byte	0x4
 5808 2b90 26       		.uleb128 0x26
ARM GAS  /tmp/ccwPAVQD.s 			page 103


 5809 2b91 73706900 		.ascii	"spi\000"
 5810 2b95 2C       		.byte	0x2c
 5811 2b96 2801     		.2byte	0x128
 5812 2b98 762C0000 		.4byte	0x2c76
 5813 2b9c 08       		.byte	0x8
 5814 2b9d 26       		.uleb128 0x26
 5815 2b9e 63666700 		.ascii	"cfg\000"
 5816 2ba2 2C       		.byte	0x2c
 5817 2ba3 2C01     		.2byte	0x12c
 5818 2ba5 0C090000 		.4byte	0x90c
 5819 2ba9 0C       		.byte	0xc
 5820 2baa 18       		.uleb128 0x18
 5821 2bab 3D010000 		.4byte	.LASF591
 5822 2baf 2C       		.byte	0x2c
 5823 2bb0 3001     		.2byte	0x130
 5824 2bb2 45220000 		.4byte	0x2245
 5825 2bb6 10       		.byte	0x10
 5826 2bb7 18       		.uleb128 0x18
 5827 2bb8 21020000 		.4byte	.LASF592
 5828 2bbc 2C       		.byte	0x2c
 5829 2bbd 3401     		.2byte	0x134
 5830 2bbf 45220000 		.4byte	0x2245
 5831 2bc3 14       		.byte	0x14
 5832 2bc4 18       		.uleb128 0x18
 5833 2bc5 36080000 		.4byte	.LASF589
 5834 2bc9 2C       		.byte	0x2c
 5835 2bca 3801     		.2byte	0x138
 5836 2bcc 27090000 		.4byte	0x927
 5837 2bd0 18       		.byte	0x18
 5838 2bd1 18       		.uleb128 0x18
 5839 2bd2 8F080000 		.4byte	.LASF590
 5840 2bd6 2C       		.byte	0x2c
 5841 2bd7 3C01     		.2byte	0x13c
 5842 2bd9 27090000 		.4byte	0x927
 5843 2bdd 1C       		.byte	0x1c
 5844 2bde 00       		.byte	0
 5845 2bdf 03       		.uleb128 0x3
 5846 2be0 7B080000 		.4byte	.LASF601
 5847 2be4 2C       		.byte	0x2c
 5848 2be5 EB       		.byte	0xeb
 5849 2be6 EA2B0000 		.4byte	0x2bea
 5850 2bea 06       		.uleb128 0x6
 5851 2beb 04       		.byte	0x4
 5852 2bec F02B0000 		.4byte	0x2bf0
 5853 2bf0 1F       		.uleb128 0x1f
 5854 2bf1 052C0000 		.4byte	0x2c05
 5855 2bf5 15       		.uleb128 0x15
 5856 2bf6 052C0000 		.4byte	0x2c05
 5857 2bfa 15       		.uleb128 0x15
 5858 2bfb B8000000 		.4byte	0xb8
 5859 2bff 15       		.uleb128 0x15
 5860 2c00 B8000000 		.4byte	0xb8
 5861 2c04 00       		.byte	0
 5862 2c05 06       		.uleb128 0x6
 5863 2c06 04       		.byte	0x4
 5864 2c07 5E2B0000 		.4byte	0x2b5e
 5865 2c0b 0D       		.uleb128 0xd
ARM GAS  /tmp/ccwPAVQD.s 			page 104


 5866 2c0c 14       		.byte	0x14
 5867 2c0d 2C       		.byte	0x2c
 5868 2c0e F1       		.byte	0xf1
 5869 2c0f 5F2C0000 		.4byte	0x2c5f
 5870 2c13 0E       		.uleb128 0xe
 5871 2c14 AE010000 		.4byte	.LASF602
 5872 2c18 2C       		.byte	0x2c
 5873 2c19 F6       		.byte	0xf6
 5874 2c1a 52090000 		.4byte	0x952
 5875 2c1e 00       		.byte	0
 5876 2c1f 0E       		.uleb128 0xe
 5877 2c20 7A010000 		.4byte	.LASF603
 5878 2c24 2C       		.byte	0x2c
 5879 2c25 FB       		.byte	0xfb
 5880 2c26 CA000000 		.4byte	0xca
 5881 2c2a 04       		.byte	0x4
 5882 2c2b 0E       		.uleb128 0xe
 5883 2c2c 440C0000 		.4byte	.LASF604
 5884 2c30 2C       		.byte	0x2c
 5885 2c31 FF       		.byte	0xff
 5886 2c32 B8000000 		.4byte	0xb8
 5887 2c36 08       		.byte	0x8
 5888 2c37 18       		.uleb128 0x18
 5889 2c38 1C090000 		.4byte	.LASF467
 5890 2c3c 2C       		.byte	0x2c
 5891 2c3d 0301     		.2byte	0x103
 5892 2c3f DF2B0000 		.4byte	0x2bdf
 5893 2c43 0C       		.byte	0xc
 5894 2c44 18       		.uleb128 0x18
 5895 2c45 C1190000 		.4byte	.LASF605
 5896 2c49 2C       		.byte	0x2c
 5897 2c4a 0F01     		.2byte	0x10f
 5898 2c4c 01090000 		.4byte	0x901
 5899 2c50 10       		.byte	0x10
 5900 2c51 18       		.uleb128 0x18
 5901 2c52 6C060000 		.4byte	.LASF606
 5902 2c56 2C       		.byte	0x2c
 5903 2c57 1501     		.2byte	0x115
 5904 2c59 01090000 		.4byte	0x901
 5905 2c5d 12       		.byte	0x12
 5906 2c5e 00       		.byte	0
 5907 2c5f 08       		.uleb128 0x8
 5908 2c60 6E240000 		.4byte	.LASF607
 5909 2c64 2C       		.byte	0x2c
 5910 2c65 1601     		.2byte	0x116
 5911 2c67 0B2C0000 		.4byte	0x2c0b
 5912 2c6b 16       		.uleb128 0x16
 5913 2c6c 5F2C0000 		.4byte	0x2c5f
 5914 2c70 06       		.uleb128 0x6
 5915 2c71 04       		.byte	0x4
 5916 2c72 6B2C0000 		.4byte	0x2c6b
 5917 2c76 06       		.uleb128 0x6
 5918 2c77 04       		.byte	0x4
 5919 2c78 D3140000 		.4byte	0x14d3
 5920 2c7c 20       		.uleb128 0x20
 5921 2c7d AD240000 		.4byte	.LASF608
 5922 2c81 2C       		.byte	0x2c
ARM GAS  /tmp/ccwPAVQD.s 			page 105


 5923 2c82 4801     		.2byte	0x148
 5924 2c84 5E2B0000 		.4byte	0x2b5e
 5925 2c88 2B       		.uleb128 0x2b
 5926 2c89 07       		.byte	0x7
 5927 2c8a 01       		.byte	0x1
 5928 2c8b 37000000 		.4byte	0x37
 5929 2c8f 2D       		.byte	0x2d
 5930 2c90 4A       		.byte	0x4a
 5931 2c91 A82C0000 		.4byte	0x2ca8
 5932 2c95 25       		.uleb128 0x25
 5933 2c96 1A070000 		.4byte	.LASF609
 5934 2c9a 00       		.byte	0
 5935 2c9b 25       		.uleb128 0x25
 5936 2c9c 2D0C0000 		.4byte	.LASF610
 5937 2ca0 01       		.byte	0x1
 5938 2ca1 25       		.uleb128 0x25
 5939 2ca2 AD100000 		.4byte	.LASF611
 5940 2ca6 02       		.byte	0x2
 5941 2ca7 00       		.byte	0
 5942 2ca8 03       		.uleb128 0x3
 5943 2ca9 70030000 		.4byte	.LASF612
 5944 2cad 2D       		.byte	0x2d
 5945 2cae 4E       		.byte	0x4e
 5946 2caf 882C0000 		.4byte	0x2c88
 5947 2cb3 03       		.uleb128 0x3
 5948 2cb4 5D0B0000 		.4byte	.LASF613
 5949 2cb8 2D       		.byte	0x2d
 5950 2cb9 53       		.byte	0x53
 5951 2cba BE2C0000 		.4byte	0x2cbe
 5952 2cbe 1B       		.uleb128 0x1b
 5953 2cbf 5D0B0000 		.4byte	.LASF613
 5954 2cc3 1C       		.byte	0x1c
 5955 2cc4 2E       		.byte	0x2e
 5956 2cc5 7901     		.2byte	0x179
 5957 2cc7 272D0000 		.4byte	0x2d27
 5958 2ccb 18       		.uleb128 0x18
 5959 2ccc 18160000 		.4byte	.LASF454
 5960 2cd0 2E       		.byte	0x2e
 5961 2cd1 7D01     		.2byte	0x17d
 5962 2cd3 A82C0000 		.4byte	0x2ca8
 5963 2cd7 00       		.byte	0
 5964 2cd8 18       		.uleb128 0x18
 5965 2cd9 1F1C0000 		.4byte	.LASF455
 5966 2cdd 2E       		.byte	0x2e
 5967 2cde 8101     		.2byte	0x181
 5968 2ce0 222E0000 		.4byte	0x2e22
 5969 2ce4 04       		.byte	0x4
 5970 2ce5 18       		.uleb128 0x18
 5971 2ce6 42130000 		.4byte	.LASF614
 5972 2cea 2E       		.byte	0x2e
 5973 2ceb 8501     		.2byte	0x185
 5974 2ced 6D2D0000 		.4byte	0x2d6d
 5975 2cf1 08       		.byte	0x8
 5976 2cf2 18       		.uleb128 0x18
 5977 2cf3 361A0000 		.4byte	.LASF615
 5978 2cf7 2E       		.byte	0x2e
 5979 2cf8 8901     		.2byte	0x189
ARM GAS  /tmp/ccwPAVQD.s 			page 106


 5980 2cfa 612D0000 		.4byte	0x2d61
 5981 2cfe 0C       		.byte	0xc
 5982 2cff 18       		.uleb128 0x18
 5983 2d00 AC200000 		.4byte	.LASF535
 5984 2d04 2E       		.byte	0x2e
 5985 2d05 8D01     		.2byte	0x18d
 5986 2d07 552D0000 		.4byte	0x2d55
 5987 2d0b 10       		.byte	0x10
 5988 2d0c 18       		.uleb128 0x18
 5989 2d0d 670C0000 		.4byte	.LASF545
 5990 2d11 2E       		.byte	0x2e
 5991 2d12 9501     		.2byte	0x195
 5992 2d14 27090000 		.4byte	0x927
 5993 2d18 14       		.byte	0x14
 5994 2d19 26       		.uleb128 0x26
 5995 2d1a 74696D00 		.ascii	"tim\000"
 5996 2d1e 2E       		.byte	0x2e
 5997 2d1f 9901     		.2byte	0x199
 5998 2d21 4B290000 		.4byte	0x294b
 5999 2d25 18       		.byte	0x18
 6000 2d26 00       		.byte	0
 6001 2d27 03       		.uleb128 0x3
 6002 2d28 49110000 		.4byte	.LASF616
 6003 2d2c 2D       		.byte	0x2d
 6004 2d2d 5A       		.byte	0x5a
 6005 2d2e 322D0000 		.4byte	0x2d32
 6006 2d32 06       		.uleb128 0x6
 6007 2d33 04       		.byte	0x4
 6008 2d34 382D0000 		.4byte	0x2d38
 6009 2d38 1F       		.uleb128 0x1f
 6010 2d39 432D0000 		.4byte	0x2d43
 6011 2d3d 15       		.uleb128 0x15
 6012 2d3e 432D0000 		.4byte	0x2d43
 6013 2d42 00       		.byte	0
 6014 2d43 06       		.uleb128 0x6
 6015 2d44 04       		.byte	0x4
 6016 2d45 B32C0000 		.4byte	0x2cb3
 6017 2d49 08       		.uleb128 0x8
 6018 2d4a 3D150000 		.4byte	.LASF617
 6019 2d4e 2E       		.byte	0x2e
 6020 2d4f 2501     		.2byte	0x125
 6021 2d51 27090000 		.4byte	0x927
 6022 2d55 08       		.uleb128 0x8
 6023 2d56 65170000 		.4byte	.LASF618
 6024 2d5a 2E       		.byte	0x2e
 6025 2d5b 2A01     		.2byte	0x12a
 6026 2d5d F1080000 		.4byte	0x8f1
 6027 2d61 08       		.uleb128 0x8
 6028 2d62 E4140000 		.4byte	.LASF619
 6029 2d66 2E       		.byte	0x2e
 6030 2d67 2F01     		.2byte	0x12f
 6031 2d69 27090000 		.4byte	0x927
 6032 2d6d 08       		.uleb128 0x8
 6033 2d6e 390D0000 		.4byte	.LASF620
 6034 2d72 2E       		.byte	0x2e
 6035 2d73 3401     		.2byte	0x134
 6036 2d75 27090000 		.4byte	0x927
ARM GAS  /tmp/ccwPAVQD.s 			page 107


 6037 2d79 1C       		.uleb128 0x1c
 6038 2d7a 08       		.byte	0x8
 6039 2d7b 2E       		.byte	0x2e
 6040 2d7c 3901     		.2byte	0x139
 6041 2d7e 9D2D0000 		.4byte	0x2d9d
 6042 2d82 18       		.uleb128 0x18
 6043 2d83 4A080000 		.4byte	.LASF533
 6044 2d87 2E       		.byte	0x2e
 6045 2d88 3D01     		.2byte	0x13d
 6046 2d8a 492D0000 		.4byte	0x2d49
 6047 2d8e 00       		.byte	0
 6048 2d8f 18       		.uleb128 0x18
 6049 2d90 6C160000 		.4byte	.LASF559
 6050 2d94 2E       		.byte	0x2e
 6051 2d95 4301     		.2byte	0x143
 6052 2d97 272D0000 		.4byte	0x2d27
 6053 2d9b 04       		.byte	0x4
 6054 2d9c 00       		.byte	0
 6055 2d9d 08       		.uleb128 0x8
 6056 2d9e 280D0000 		.4byte	.LASF621
 6057 2da2 2E       		.byte	0x2e
 6058 2da3 4501     		.2byte	0x145
 6059 2da5 792D0000 		.4byte	0x2d79
 6060 2da9 1C       		.uleb128 0x1c
 6061 2daa 34       		.byte	0x34
 6062 2dab 2E       		.byte	0x2e
 6063 2dac 4A01     		.2byte	0x14a
 6064 2dae 012E0000 		.4byte	0x2e01
 6065 2db2 18       		.uleb128 0x18
 6066 2db3 42230000 		.4byte	.LASF558
 6067 2db7 2E       		.byte	0x2e
 6068 2db8 5001     		.2byte	0x150
 6069 2dba 27090000 		.4byte	0x927
 6070 2dbe 00       		.byte	0
 6071 2dbf 18       		.uleb128 0x18
 6072 2dc0 42130000 		.4byte	.LASF614
 6073 2dc4 2E       		.byte	0x2e
 6074 2dc5 5601     		.2byte	0x156
 6075 2dc7 6D2D0000 		.4byte	0x2d6d
 6076 2dcb 04       		.byte	0x4
 6077 2dcc 18       		.uleb128 0x18
 6078 2dcd 6C160000 		.4byte	.LASF559
 6079 2dd1 2E       		.byte	0x2e
 6080 2dd2 5C01     		.2byte	0x15c
 6081 2dd4 272D0000 		.4byte	0x2d27
 6082 2dd8 08       		.byte	0x8
 6083 2dd9 18       		.uleb128 0x18
 6084 2dda AC200000 		.4byte	.LASF535
 6085 2dde 2E       		.byte	0x2e
 6086 2ddf 6001     		.2byte	0x160
 6087 2de1 012E0000 		.4byte	0x2e01
 6088 2de5 0C       		.byte	0xc
 6089 2de6 26       		.uleb128 0x26
 6090 2de7 63723200 		.ascii	"cr2\000"
 6091 2deb 2E       		.byte	0x2e
 6092 2dec 6601     		.2byte	0x166
 6093 2dee 27090000 		.4byte	0x927
ARM GAS  /tmp/ccwPAVQD.s 			page 108


 6094 2df2 2C       		.byte	0x2c
 6095 2df3 18       		.uleb128 0x18
 6096 2df4 E30B0000 		.4byte	.LASF560
 6097 2df8 2E       		.byte	0x2e
 6098 2df9 7301     		.2byte	0x173
 6099 2dfb 27090000 		.4byte	0x927
 6100 2dff 30       		.byte	0x30
 6101 2e00 00       		.byte	0
 6102 2e01 0B       		.uleb128 0xb
 6103 2e02 9D2D0000 		.4byte	0x2d9d
 6104 2e06 112E0000 		.4byte	0x2e11
 6105 2e0a 0C       		.uleb128 0xc
 6106 2e0b B1000000 		.4byte	0xb1
 6107 2e0f 03       		.byte	0x3
 6108 2e10 00       		.byte	0
 6109 2e11 08       		.uleb128 0x8
 6110 2e12 6E0B0000 		.4byte	.LASF622
 6111 2e16 2E       		.byte	0x2e
 6112 2e17 7401     		.2byte	0x174
 6113 2e19 A92D0000 		.4byte	0x2da9
 6114 2e1d 16       		.uleb128 0x16
 6115 2e1e 112E0000 		.4byte	0x2e11
 6116 2e22 06       		.uleb128 0x6
 6117 2e23 04       		.byte	0x4
 6118 2e24 1D2E0000 		.4byte	0x2e1d
 6119 2e28 20       		.uleb128 0x20
 6120 2e29 3A120000 		.4byte	.LASF623
 6121 2e2d 2E       		.byte	0x2e
 6122 2e2e BC01     		.2byte	0x1bc
 6123 2e30 B32C0000 		.4byte	0x2cb3
 6124 2e34 20       		.uleb128 0x20
 6125 2e35 40120000 		.4byte	.LASF624
 6126 2e39 2E       		.byte	0x2e
 6127 2e3a C001     		.2byte	0x1c0
 6128 2e3c B32C0000 		.4byte	0x2cb3
 6129 2e40 20       		.uleb128 0x20
 6130 2e41 46120000 		.4byte	.LASF625
 6131 2e45 2E       		.byte	0x2e
 6132 2e46 C401     		.2byte	0x1c4
 6133 2e48 B32C0000 		.4byte	0x2cb3
 6134 2e4c 20       		.uleb128 0x20
 6135 2e4d 4C120000 		.4byte	.LASF626
 6136 2e51 2E       		.byte	0x2e
 6137 2e52 C801     		.2byte	0x1c8
 6138 2e54 B32C0000 		.4byte	0x2cb3
 6139 2e58 2B       		.uleb128 0x2b
 6140 2e59 07       		.byte	0x7
 6141 2e5a 01       		.byte	0x1
 6142 2e5b 37000000 		.4byte	0x37
 6143 2e5f 2F       		.byte	0x2f
 6144 2e60 55       		.byte	0x55
 6145 2e61 782E0000 		.4byte	0x2e78
 6146 2e65 25       		.uleb128 0x25
 6147 2e66 4C060000 		.4byte	.LASF627
 6148 2e6a 00       		.byte	0
 6149 2e6b 25       		.uleb128 0x25
 6150 2e6c A50C0000 		.4byte	.LASF628
ARM GAS  /tmp/ccwPAVQD.s 			page 109


 6151 2e70 01       		.byte	0x1
 6152 2e71 25       		.uleb128 0x25
 6153 2e72 C70E0000 		.4byte	.LASF629
 6154 2e76 02       		.byte	0x2
 6155 2e77 00       		.byte	0
 6156 2e78 03       		.uleb128 0x3
 6157 2e79 BE180000 		.4byte	.LASF630
 6158 2e7d 2F       		.byte	0x2f
 6159 2e7e 59       		.byte	0x59
 6160 2e7f 582E0000 		.4byte	0x2e58
 6161 2e83 03       		.uleb128 0x3
 6162 2e84 D7200000 		.4byte	.LASF631
 6163 2e88 2F       		.byte	0x2f
 6164 2e89 5E       		.byte	0x5e
 6165 2e8a 8E2E0000 		.4byte	0x2e8e
 6166 2e8e 11       		.uleb128 0x11
 6167 2e8f D7200000 		.4byte	.LASF631
 6168 2e93 5801     		.2byte	0x158
 6169 2e95 2F       		.byte	0x2f
 6170 2e96 78       		.byte	0x78
 6171 2e97 FB2E0000 		.4byte	0x2efb
 6172 2e9b 10       		.uleb128 0x10
 6173 2e9c 766D7400 		.ascii	"vmt\000"
 6174 2ea0 2F       		.byte	0x2f
 6175 2ea1 7A       		.byte	0x7a
 6176 2ea2 792F0000 		.4byte	0x2f79
 6177 2ea6 00       		.byte	0
 6178 2ea7 0E       		.uleb128 0xe
 6179 2ea8 4E000000 		.4byte	.LASF632
 6180 2eac 2F       		.byte	0x2f
 6181 2ead 7B       		.byte	0x7b
 6182 2eae CA1A0000 		.4byte	0x1aca
 6183 2eb2 04       		.byte	0x4
 6184 2eb3 0E       		.uleb128 0xe
 6185 2eb4 18160000 		.4byte	.LASF454
 6186 2eb8 2F       		.byte	0x2f
 6187 2eb9 7B       		.byte	0x7b
 6188 2eba 782E0000 		.4byte	0x2e78
 6189 2ebe 08       		.byte	0x8
 6190 2ebf 0E       		.uleb128 0xe
 6191 2ec0 9F180000 		.4byte	.LASF633
 6192 2ec4 2F       		.byte	0x2f
 6193 2ec5 7B       		.byte	0x7b
 6194 2ec6 751B0000 		.4byte	0x1b75
 6195 2eca 0C       		.byte	0xc
 6196 2ecb 0E       		.uleb128 0xe
 6197 2ecc 52120000 		.4byte	.LASF634
 6198 2ed0 2F       		.byte	0x2f
 6199 2ed1 7B       		.byte	0x7b
 6200 2ed2 801B0000 		.4byte	0x1b80
 6201 2ed6 30       		.byte	0x30
 6202 2ed7 10       		.uleb128 0x10
 6203 2ed8 696200   		.ascii	"ib\000"
 6204 2edb 2F       		.byte	0x2f
 6205 2edc 7B       		.byte	0x7b
 6206 2edd 7F2F0000 		.4byte	0x2f7f
 6207 2ee1 54       		.byte	0x54
ARM GAS  /tmp/ccwPAVQD.s 			page 110


 6208 2ee2 10       		.uleb128 0x10
 6209 2ee3 6F6200   		.ascii	"ob\000"
 6210 2ee6 2F       		.byte	0x2f
 6211 2ee7 7B       		.byte	0x7b
 6212 2ee8 7F2F0000 		.4byte	0x2f7f
 6213 2eec D4       		.byte	0xd4
 6214 2eed 12       		.uleb128 0x12
 6215 2eee 5E1A0000 		.4byte	.LASF635
 6216 2ef2 2F       		.byte	0x2f
 6217 2ef3 7B       		.byte	0x7b
 6218 2ef4 8F2F0000 		.4byte	0x2f8f
 6219 2ef8 5401     		.2byte	0x154
 6220 2efa 00       		.byte	0
 6221 2efb 2A       		.uleb128 0x2a
 6222 2efc 53443300 		.ascii	"SD3\000"
 6223 2f00 30       		.byte	0x30
 6224 2f01 1501     		.2byte	0x115
 6225 2f03 832E0000 		.4byte	0x2e83
 6226 2f07 0F       		.uleb128 0xf
 6227 2f08 400E0000 		.4byte	.LASF636
 6228 2f0c 20       		.byte	0x20
 6229 2f0d 2F       		.byte	0x2f
 6230 2f0e 6D       		.byte	0x6d
 6231 2f0f 742F0000 		.4byte	0x2f74
 6232 2f13 0E       		.uleb128 0xe
 6233 2f14 8E180000 		.4byte	.LASF637
 6234 2f18 2F       		.byte	0x2f
 6235 2f19 6E       		.byte	0x6e
 6236 2f1a AA1B0000 		.4byte	0x1baa
 6237 2f1e 00       		.byte	0
 6238 2f1f 0E       		.uleb128 0xe
 6239 2f20 84040000 		.4byte	.LASF638
 6240 2f24 2F       		.byte	0x2f
 6241 2f25 6E       		.byte	0x6e
 6242 2f26 C91B0000 		.4byte	0x1bc9
 6243 2f2a 04       		.byte	0x4
 6244 2f2b 10       		.uleb128 0x10
 6245 2f2c 70757400 		.ascii	"put\000"
 6246 2f30 2F       		.byte	0x2f
 6247 2f31 6E       		.byte	0x6e
 6248 2f32 E31B0000 		.4byte	0x1be3
 6249 2f36 08       		.byte	0x8
 6250 2f37 10       		.uleb128 0x10
 6251 2f38 67657400 		.ascii	"get\000"
 6252 2f3c 2F       		.byte	0x2f
 6253 2f3d 6E       		.byte	0x6e
 6254 2f3e F81B0000 		.4byte	0x1bf8
 6255 2f42 0C       		.byte	0xc
 6256 2f43 0E       		.uleb128 0xe
 6257 2f44 06140000 		.4byte	.LASF639
 6258 2f48 2F       		.byte	0x2f
 6259 2f49 6E       		.byte	0x6e
 6260 2f4a 991C0000 		.4byte	0x1c99
 6261 2f4e 10       		.byte	0x10
 6262 2f4f 0E       		.uleb128 0xe
 6263 2f50 74180000 		.4byte	.LASF640
 6264 2f54 2F       		.byte	0x2f
ARM GAS  /tmp/ccwPAVQD.s 			page 111


 6265 2f55 6E       		.byte	0x6e
 6266 2f56 B31C0000 		.4byte	0x1cb3
 6267 2f5a 14       		.byte	0x14
 6268 2f5b 0E       		.uleb128 0xe
 6269 2f5c B3210000 		.4byte	.LASF641
 6270 2f60 2F       		.byte	0x2f
 6271 2f61 6E       		.byte	0x6e
 6272 2f62 D71C0000 		.4byte	0x1cd7
 6273 2f66 18       		.byte	0x18
 6274 2f67 0E       		.uleb128 0xe
 6275 2f68 6E130000 		.4byte	.LASF642
 6276 2f6c 2F       		.byte	0x2f
 6277 2f6d 6E       		.byte	0x6e
 6278 2f6e FB1C0000 		.4byte	0x1cfb
 6279 2f72 1C       		.byte	0x1c
 6280 2f73 00       		.byte	0
 6281 2f74 16       		.uleb128 0x16
 6282 2f75 072F0000 		.4byte	0x2f07
 6283 2f79 06       		.uleb128 0x6
 6284 2f7a 04       		.byte	0x4
 6285 2f7b 742F0000 		.4byte	0x2f74
 6286 2f7f 0B       		.uleb128 0xb
 6287 2f80 F1080000 		.4byte	0x8f1
 6288 2f84 8F2F0000 		.4byte	0x2f8f
 6289 2f88 0C       		.uleb128 0xc
 6290 2f89 B1000000 		.4byte	0xb1
 6291 2f8d 7F       		.byte	0x7f
 6292 2f8e 00       		.byte	0
 6293 2f8f 06       		.uleb128 0x6
 6294 2f90 04       		.byte	0x4
 6295 2f91 42150000 		.4byte	0x1542
 6296 2f95 2B       		.uleb128 0x2b
 6297 2f96 07       		.byte	0x7
 6298 2f97 01       		.byte	0x1
 6299 2f98 37000000 		.4byte	0x37
 6300 2f9c 31       		.byte	0x31
 6301 2f9d 6C       		.byte	0x6c
 6302 2f9e B52F0000 		.4byte	0x2fb5
 6303 2fa2 25       		.uleb128 0x25
 6304 2fa3 3A030000 		.4byte	.LASF643
 6305 2fa7 00       		.byte	0
 6306 2fa8 25       		.uleb128 0x25
 6307 2fa9 53150000 		.4byte	.LASF644
 6308 2fad 01       		.byte	0x1
 6309 2fae 25       		.uleb128 0x25
 6310 2faf 19130000 		.4byte	.LASF645
 6311 2fb3 02       		.byte	0x2
 6312 2fb4 00       		.byte	0
 6313 2fb5 03       		.uleb128 0x3
 6314 2fb6 261B0000 		.4byte	.LASF646
 6315 2fba 31       		.byte	0x31
 6316 2fbb 70       		.byte	0x70
 6317 2fbc 952F0000 		.4byte	0x2f95
 6318 2fc0 03       		.uleb128 0x3
 6319 2fc1 641A0000 		.4byte	.LASF647
 6320 2fc5 32       		.byte	0x32
 6321 2fc6 BF       		.byte	0xbf
ARM GAS  /tmp/ccwPAVQD.s 			page 112


 6322 2fc7 27090000 		.4byte	0x927
 6323 2fcb 03       		.uleb128 0x3
 6324 2fcc A9000000 		.4byte	.LASF648
 6325 2fd0 32       		.byte	0x32
 6326 2fd1 C4       		.byte	0xc4
 6327 2fd2 27090000 		.4byte	0x927
 6328 2fd6 03       		.uleb128 0x3
 6329 2fd7 BB200000 		.4byte	.LASF649
 6330 2fdb 32       		.byte	0x32
 6331 2fdc C9       		.byte	0xc9
 6332 2fdd E12F0000 		.4byte	0x2fe1
 6333 2fe1 0F       		.uleb128 0xf
 6334 2fe2 BB200000 		.4byte	.LASF649
 6335 2fe6 4C       		.byte	0x4c
 6336 2fe7 32       		.byte	0x32
 6337 2fe8 F2       		.byte	0xf2
 6338 2fe9 90300000 		.4byte	0x3090
 6339 2fed 10       		.uleb128 0x10
 6340 2fee 766D7400 		.ascii	"vmt\000"
 6341 2ff2 32       		.byte	0x32
 6342 2ff3 F6       		.byte	0xf6
 6343 2ff4 33310000 		.4byte	0x3133
 6344 2ff8 00       		.byte	0
 6345 2ff9 0E       		.uleb128 0xe
 6346 2ffa 18160000 		.4byte	.LASF454
 6347 2ffe 32       		.byte	0x32
 6348 2fff F7       		.byte	0xf7
 6349 3000 451D0000 		.4byte	0x1d45
 6350 3004 04       		.byte	0x4
 6351 3005 10       		.uleb128 0x10
 6352 3006 63696400 		.ascii	"cid\000"
 6353 300a 32       		.byte	0x32
 6354 300b F7       		.byte	0xf7
 6355 300c 001E0000 		.4byte	0x1e00
 6356 3010 08       		.byte	0x8
 6357 3011 10       		.uleb128 0x10
 6358 3012 63736400 		.ascii	"csd\000"
 6359 3016 32       		.byte	0x32
 6360 3017 F7       		.byte	0xf7
 6361 3018 001E0000 		.4byte	0x1e00
 6362 301c 18       		.byte	0x18
 6363 301d 0E       		.uleb128 0xe
 6364 301e F41C0000 		.4byte	.LASF650
 6365 3022 32       		.byte	0x32
 6366 3023 F7       		.byte	0xf7
 6367 3024 27090000 		.4byte	0x927
 6368 3028 28       		.byte	0x28
 6369 3029 0E       		.uleb128 0xe
 6370 302a 1F1C0000 		.4byte	.LASF455
 6371 302e 32       		.byte	0x32
 6372 302f FB       		.byte	0xfb
 6373 3030 39310000 		.4byte	0x3139
 6374 3034 2C       		.byte	0x2c
 6375 3035 0E       		.uleb128 0xe
 6376 3036 2E040000 		.4byte	.LASF651
 6377 303a 32       		.byte	0x32
 6378 303b FF       		.byte	0xff
ARM GAS  /tmp/ccwPAVQD.s 			page 113


 6379 303c C02F0000 		.4byte	0x2fc0
 6380 3040 30       		.byte	0x30
 6381 3041 18       		.uleb128 0x18
 6382 3042 84010000 		.4byte	.LASF587
 6383 3046 32       		.byte	0x32
 6384 3047 0301     		.2byte	0x103
 6385 3049 CB2F0000 		.4byte	0x2fcb
 6386 304d 34       		.byte	0x34
 6387 304e 26       		.uleb128 0x26
 6388 304f 72636100 		.ascii	"rca\000"
 6389 3053 32       		.byte	0x32
 6390 3054 0701     		.2byte	0x107
 6391 3056 27090000 		.4byte	0x927
 6392 305a 38       		.byte	0x38
 6393 305b 18       		.uleb128 0x18
 6394 305c BF060000 		.4byte	.LASF459
 6395 3060 32       		.byte	0x32
 6396 3061 0C01     		.2byte	0x10c
 6397 3063 660B0000 		.4byte	0xb66
 6398 3067 3C       		.byte	0x3c
 6399 3068 18       		.uleb128 0x18
 6400 3069 50180000 		.4byte	.LASF462
 6401 306d 32       		.byte	0x32
 6402 306e 1001     		.2byte	0x110
 6403 3070 27090000 		.4byte	0x927
 6404 3074 40       		.byte	0x40
 6405 3075 26       		.uleb128 0x26
 6406 3076 646D6100 		.ascii	"dma\000"
 6407 307a 32       		.byte	0x32
 6408 307b 1401     		.2byte	0x114
 6409 307d 45220000 		.4byte	0x2245
 6410 3081 44       		.byte	0x44
 6411 3082 18       		.uleb128 0x18
 6412 3083 30160000 		.4byte	.LASF652
 6413 3087 32       		.byte	0x32
 6414 3088 1901     		.2byte	0x119
 6415 308a 3F310000 		.4byte	0x313f
 6416 308e 48       		.byte	0x48
 6417 308f 00       		.byte	0
 6418 3090 0D       		.uleb128 0xd
 6419 3091 08       		.byte	0x8
 6420 3092 32       		.byte	0x32
 6421 3093 CF       		.byte	0xcf
 6422 3094 B1300000 		.4byte	0x30b1
 6423 3098 0E       		.uleb128 0xe
 6424 3099 780D0000 		.4byte	.LASF653
 6425 309d 32       		.byte	0x32
 6426 309e D8       		.byte	0xd8
 6427 309f 6F1B0000 		.4byte	0x1b6f
 6428 30a3 00       		.byte	0
 6429 30a4 0E       		.uleb128 0xe
 6430 30a5 55220000 		.4byte	.LASF654
 6431 30a9 32       		.byte	0x32
 6432 30aa DC       		.byte	0xdc
 6433 30ab B52F0000 		.4byte	0x2fb5
 6434 30af 04       		.byte	0x4
 6435 30b0 00       		.byte	0
ARM GAS  /tmp/ccwPAVQD.s 			page 114


 6436 30b1 03       		.uleb128 0x3
 6437 30b2 2C1A0000 		.4byte	.LASF655
 6438 30b6 32       		.byte	0x32
 6439 30b7 DE       		.byte	0xde
 6440 30b8 90300000 		.4byte	0x3090
 6441 30bc 16       		.uleb128 0x16
 6442 30bd B1300000 		.4byte	0x30b1
 6443 30c1 0F       		.uleb128 0xf
 6444 30c2 72220000 		.4byte	.LASF656
 6445 30c6 20       		.byte	0x20
 6446 30c7 32       		.byte	0x32
 6447 30c8 EB       		.byte	0xeb
 6448 30c9 2E310000 		.4byte	0x312e
 6449 30cd 0E       		.uleb128 0xe
 6450 30ce B3240000 		.4byte	.LASF657
 6451 30d2 32       		.byte	0x32
 6452 30d3 EC       		.byte	0xec
 6453 30d4 921D0000 		.4byte	0x1d92
 6454 30d8 00       		.byte	0
 6455 30d9 0E       		.uleb128 0xe
 6456 30da E80B0000 		.4byte	.LASF658
 6457 30de 32       		.byte	0x32
 6458 30df EC       		.byte	0xec
 6459 30e0 921D0000 		.4byte	0x1d92
 6460 30e4 04       		.byte	0x4
 6461 30e5 0E       		.uleb128 0xe
 6462 30e6 650E0000 		.4byte	.LASF659
 6463 30ea 32       		.byte	0x32
 6464 30eb EC       		.byte	0xec
 6465 30ec 921D0000 		.4byte	0x1d92
 6466 30f0 08       		.byte	0x8
 6467 30f1 0E       		.uleb128 0xe
 6468 30f2 F4130000 		.4byte	.LASF660
 6469 30f6 32       		.byte	0x32
 6470 30f7 EC       		.byte	0xec
 6471 30f8 921D0000 		.4byte	0x1d92
 6472 30fc 0C       		.byte	0xc
 6473 30fd 0E       		.uleb128 0xe
 6474 30fe 84040000 		.4byte	.LASF638
 6475 3102 32       		.byte	0x32
 6476 3103 EC       		.byte	0xec
 6477 3104 B61D0000 		.4byte	0x1db6
 6478 3108 10       		.byte	0x10
 6479 3109 0E       		.uleb128 0xe
 6480 310a 8E180000 		.4byte	.LASF637
 6481 310e 32       		.byte	0x32
 6482 310f EC       		.byte	0xec
 6483 3110 DA1D0000 		.4byte	0x1dda
 6484 3114 14       		.byte	0x14
 6485 3115 0E       		.uleb128 0xe
 6486 3116 591A0000 		.4byte	.LASF661
 6487 311a 32       		.byte	0x32
 6488 311b EC       		.byte	0xec
 6489 311c 921D0000 		.4byte	0x1d92
 6490 3120 18       		.byte	0x18
 6491 3121 0E       		.uleb128 0xe
 6492 3122 F8210000 		.4byte	.LASF662
ARM GAS  /tmp/ccwPAVQD.s 			page 115


 6493 3126 32       		.byte	0x32
 6494 3127 EC       		.byte	0xec
 6495 3128 FA1D0000 		.4byte	0x1dfa
 6496 312c 1C       		.byte	0x1c
 6497 312d 00       		.byte	0
 6498 312e 16       		.uleb128 0x16
 6499 312f C1300000 		.4byte	0x30c1
 6500 3133 06       		.uleb128 0x6
 6501 3134 04       		.byte	0x4
 6502 3135 2E310000 		.4byte	0x312e
 6503 3139 06       		.uleb128 0x6
 6504 313a 04       		.byte	0x4
 6505 313b BC300000 		.4byte	0x30bc
 6506 313f 06       		.uleb128 0x6
 6507 3140 04       		.byte	0x4
 6508 3141 4A140000 		.4byte	0x144a
 6509 3145 20       		.uleb128 0x20
 6510 3146 100A0000 		.4byte	.LASF663
 6511 314a 32       		.byte	0x32
 6512 314b 2501     		.2byte	0x125
 6513 314d D62F0000 		.4byte	0x2fd6
 6514 3151 2B       		.uleb128 0x2b
 6515 3152 07       		.byte	0x7
 6516 3153 01       		.byte	0x1
 6517 3154 37000000 		.4byte	0x37
 6518 3158 33       		.byte	0x33
 6519 3159 46       		.byte	0x46
 6520 315a 7D310000 		.4byte	0x317d
 6521 315e 25       		.uleb128 0x25
 6522 315f D5060000 		.4byte	.LASF664
 6523 3163 00       		.byte	0
 6524 3164 25       		.uleb128 0x25
 6525 3165 EB020000 		.4byte	.LASF665
 6526 3169 01       		.byte	0x1
 6527 316a 25       		.uleb128 0x25
 6528 316b 3E220000 		.4byte	.LASF666
 6529 316f 02       		.byte	0x2
 6530 3170 25       		.uleb128 0x25
 6531 3171 D10D0000 		.4byte	.LASF667
 6532 3175 03       		.byte	0x3
 6533 3176 25       		.uleb128 0x25
 6534 3177 99130000 		.4byte	.LASF668
 6535 317b 04       		.byte	0x4
 6536 317c 00       		.byte	0
 6537 317d 03       		.uleb128 0x3
 6538 317e A00D0000 		.4byte	.LASF669
 6539 3182 33       		.byte	0x33
 6540 3183 4C       		.byte	0x4c
 6541 3184 51310000 		.4byte	0x3151
 6542 3188 08       		.uleb128 0x8
 6543 3189 67210000 		.4byte	.LASF670
 6544 318d 34       		.byte	0x34
 6545 318e 9601     		.2byte	0x196
 6546 3190 94310000 		.4byte	0x3194
 6547 3194 1B       		.uleb128 0x1b
 6548 3195 67210000 		.4byte	.LASF670
 6549 3199 34       		.byte	0x34
ARM GAS  /tmp/ccwPAVQD.s 			page 116


 6550 319a 34       		.byte	0x34
 6551 319b BA01     		.2byte	0x1ba
 6552 319d 17320000 		.4byte	0x3217
 6553 31a1 18       		.uleb128 0x18
 6554 31a2 18160000 		.4byte	.LASF454
 6555 31a6 34       		.byte	0x34
 6556 31a7 BE01     		.2byte	0x1be
 6557 31a9 7D310000 		.4byte	0x317d
 6558 31ad 00       		.byte	0
 6559 31ae 18       		.uleb128 0x18
 6560 31af 1F1C0000 		.4byte	.LASF455
 6561 31b3 34       		.byte	0x34
 6562 31b4 C201     		.2byte	0x1c2
 6563 31b6 89320000 		.4byte	0x3289
 6564 31ba 04       		.byte	0x4
 6565 31bb 18       		.uleb128 0x18
 6566 31bc BF060000 		.4byte	.LASF459
 6567 31c0 34       		.byte	0x34
 6568 31c1 C701     		.2byte	0x1c7
 6569 31c3 660B0000 		.4byte	0xb66
 6570 31c7 08       		.byte	0x8
 6571 31c8 18       		.uleb128 0x18
 6572 31c9 3E0C0000 		.4byte	.LASF460
 6573 31cd 34       		.byte	0x34
 6574 31ce CD01     		.2byte	0x1cd
 6575 31d0 221A0000 		.4byte	0x1a22
 6576 31d4 0C       		.byte	0xc
 6577 31d5 26       		.uleb128 0x26
 6578 31d6 73706900 		.ascii	"spi\000"
 6579 31da 34       		.byte	0x34
 6580 31db D601     		.2byte	0x1d6
 6581 31dd 762C0000 		.4byte	0x2c76
 6582 31e1 20       		.byte	0x20
 6583 31e2 18       		.uleb128 0x18
 6584 31e3 3D010000 		.4byte	.LASF591
 6585 31e7 34       		.byte	0x34
 6586 31e8 DA01     		.2byte	0x1da
 6587 31ea 45220000 		.4byte	0x2245
 6588 31ee 24       		.byte	0x24
 6589 31ef 18       		.uleb128 0x18
 6590 31f0 21020000 		.4byte	.LASF592
 6591 31f4 34       		.byte	0x34
 6592 31f5 DE01     		.2byte	0x1de
 6593 31f7 45220000 		.4byte	0x2245
 6594 31fb 28       		.byte	0x28
 6595 31fc 18       		.uleb128 0x18
 6596 31fd 36080000 		.4byte	.LASF589
 6597 3201 34       		.byte	0x34
 6598 3202 E201     		.2byte	0x1e2
 6599 3204 27090000 		.4byte	0x927
 6600 3208 2C       		.byte	0x2c
 6601 3209 18       		.uleb128 0x18
 6602 320a 8F080000 		.4byte	.LASF590
 6603 320e 34       		.byte	0x34
 6604 320f E601     		.2byte	0x1e6
 6605 3211 27090000 		.4byte	0x927
 6606 3215 30       		.byte	0x30
ARM GAS  /tmp/ccwPAVQD.s 			page 117


 6607 3216 00       		.byte	0
 6608 3217 08       		.uleb128 0x8
 6609 3218 75150000 		.4byte	.LASF671
 6610 321c 34       		.byte	0x34
 6611 321d 9E01     		.2byte	0x19e
 6612 321f 23320000 		.4byte	0x3223
 6613 3223 06       		.uleb128 0x6
 6614 3224 04       		.byte	0x4
 6615 3225 29320000 		.4byte	0x3229
 6616 3229 1F       		.uleb128 0x1f
 6617 322a 34320000 		.4byte	0x3234
 6618 322e 15       		.uleb128 0x15
 6619 322f 34320000 		.4byte	0x3234
 6620 3233 00       		.byte	0
 6621 3234 06       		.uleb128 0x6
 6622 3235 04       		.byte	0x4
 6623 3236 88310000 		.4byte	0x3188
 6624 323a 1C       		.uleb128 0x1c
 6625 323b 0C       		.byte	0xc
 6626 323c 34       		.byte	0x34
 6627 323d A301     		.2byte	0x1a3
 6628 323f 78320000 		.4byte	0x3278
 6629 3243 18       		.uleb128 0x18
 6630 3244 1C090000 		.4byte	.LASF467
 6631 3248 34       		.byte	0x34
 6632 3249 A701     		.2byte	0x1a7
 6633 324b 17320000 		.4byte	0x3217
 6634 324f 00       		.byte	0
 6635 3250 18       		.uleb128 0x18
 6636 3251 F3220000 		.4byte	.LASF672
 6637 3255 34       		.byte	0x34
 6638 3256 AC01     		.2byte	0x1ac
 6639 3258 D61F0000 		.4byte	0x1fd6
 6640 325c 04       		.byte	0x4
 6641 325d 18       		.uleb128 0x18
 6642 325e 89080000 		.4byte	.LASF673
 6643 3262 34       		.byte	0x34
 6644 3263 B001     		.2byte	0x1b0
 6645 3265 0C090000 		.4byte	0x90c
 6646 3269 08       		.byte	0x8
 6647 326a 26       		.uleb128 0x26
 6648 326b 63723100 		.ascii	"cr1\000"
 6649 326f 34       		.byte	0x34
 6650 3270 B401     		.2byte	0x1b4
 6651 3272 0C090000 		.4byte	0x90c
 6652 3276 0A       		.byte	0xa
 6653 3277 00       		.byte	0
 6654 3278 08       		.uleb128 0x8
 6655 3279 63200000 		.4byte	.LASF674
 6656 327d 34       		.byte	0x34
 6657 327e B501     		.2byte	0x1b5
 6658 3280 3A320000 		.4byte	0x323a
 6659 3284 16       		.uleb128 0x16
 6660 3285 78320000 		.4byte	0x3278
 6661 3289 06       		.uleb128 0x6
 6662 328a 04       		.byte	0x4
 6663 328b 84320000 		.4byte	0x3284
ARM GAS  /tmp/ccwPAVQD.s 			page 118


 6664 328f 20       		.uleb128 0x20
 6665 3290 8D1F0000 		.4byte	.LASF675
 6666 3294 34       		.byte	0x34
 6667 3295 F201     		.2byte	0x1f2
 6668 3297 88310000 		.4byte	0x3188
 6669 329b 03       		.uleb128 0x3
 6670 329c 16120000 		.4byte	.LASF676
 6671 32a0 35       		.byte	0x35
 6672 32a1 FA       		.byte	0xfa
 6673 32a2 A6320000 		.4byte	0x32a6
 6674 32a6 17       		.uleb128 0x17
 6675 32a7 16120000 		.4byte	.LASF676
 6676 32ab 6002     		.2byte	0x260
 6677 32ad 36       		.byte	0x36
 6678 32ae 7701     		.2byte	0x177
 6679 32b0 D2330000 		.4byte	0x33d2
 6680 32b4 18       		.uleb128 0x18
 6681 32b5 18160000 		.4byte	.LASF454
 6682 32b9 36       		.byte	0x36
 6683 32ba 7B01     		.2byte	0x17b
 6684 32bc 0A340000 		.4byte	0x340a
 6685 32c0 00       		.byte	0
 6686 32c1 18       		.uleb128 0x18
 6687 32c2 1F1C0000 		.4byte	.LASF455
 6688 32c6 36       		.byte	0x36
 6689 32c7 7F01     		.2byte	0x17f
 6690 32c9 2D3D0000 		.4byte	0x3d2d
 6691 32cd 04       		.byte	0x4
 6692 32ce 18       		.uleb128 0x18
 6693 32cf 9F200000 		.4byte	.LASF677
 6694 32d3 36       		.byte	0x36
 6695 32d4 8301     		.2byte	0x183
 6696 32d6 0C090000 		.4byte	0x90c
 6697 32da 08       		.byte	0x8
 6698 32db 18       		.uleb128 0x18
 6699 32dc 22230000 		.4byte	.LASF678
 6700 32e0 36       		.byte	0x36
 6701 32e1 8701     		.2byte	0x187
 6702 32e3 0C090000 		.4byte	0x90c
 6703 32e7 0A       		.byte	0xa
 6704 32e8 26       		.uleb128 0x26
 6705 32e9 65706300 		.ascii	"epc\000"
 6706 32ed 36       		.byte	0x36
 6707 32ee 8B01     		.2byte	0x18b
 6708 32f0 333D0000 		.4byte	0x3d33
 6709 32f4 0C       		.byte	0xc
 6710 32f5 18       		.uleb128 0x18
 6711 32f6 05070000 		.4byte	.LASF679
 6712 32fa 36       		.byte	0x36
 6713 32fb 9201     		.2byte	0x192
 6714 32fd 493D0000 		.4byte	0x3d49
 6715 3301 1C       		.byte	0x1c
 6716 3302 18       		.uleb128 0x18
 6717 3303 B90B0000 		.4byte	.LASF680
 6718 3307 36       		.byte	0x36
 6719 3308 9901     		.2byte	0x199
 6720 330a 493D0000 		.4byte	0x3d49
ARM GAS  /tmp/ccwPAVQD.s 			page 119


 6721 330e 28       		.byte	0x28
 6722 330f 18       		.uleb128 0x18
 6723 3310 5A100000 		.4byte	.LASF681
 6724 3314 36       		.byte	0x36
 6725 3315 9D01     		.2byte	0x19d
 6726 3317 4F340000 		.4byte	0x344f
 6727 331b 34       		.byte	0x34
 6728 331c 18       		.uleb128 0x18
 6729 331d B11B0000 		.4byte	.LASF682
 6730 3321 36       		.byte	0x36
 6731 3322 A101     		.2byte	0x1a1
 6732 3324 6F1B0000 		.4byte	0x1b6f
 6733 3328 38       		.byte	0x38
 6734 3329 18       		.uleb128 0x18
 6735 332a B3170000 		.4byte	.LASF683
 6736 332e 36       		.byte	0x36
 6737 332f A501     		.2byte	0x1a5
 6738 3331 B8000000 		.4byte	0xb8
 6739 3335 3C       		.byte	0x3c
 6740 3336 18       		.uleb128 0x18
 6741 3337 1C1E0000 		.4byte	.LASF684
 6742 333b 36       		.byte	0x36
 6743 333c A901     		.2byte	0x1a9
 6744 333e CF340000 		.4byte	0x34cf
 6745 3342 40       		.byte	0x40
 6746 3343 18       		.uleb128 0x18
 6747 3344 CF060000 		.4byte	.LASF685
 6748 3348 36       		.byte	0x36
 6749 3349 AD01     		.2byte	0x1ad
 6750 334b A6220000 		.4byte	0x22a6
 6751 334f 44       		.byte	0x44
 6752 3350 18       		.uleb128 0x18
 6753 3351 47150000 		.4byte	.LASF686
 6754 3355 36       		.byte	0x36
 6755 3356 B101     		.2byte	0x1b1
 6756 3358 0C090000 		.4byte	0x90c
 6757 335c 4C       		.byte	0x4c
 6758 335d 18       		.uleb128 0x18
 6759 335e 8D150000 		.4byte	.LASF687
 6760 3362 36       		.byte	0x36
 6761 3363 B501     		.2byte	0x1b5
 6762 3365 F1080000 		.4byte	0x8f1
 6763 3369 4E       		.byte	0x4e
 6764 336a 18       		.uleb128 0x18
 6765 336b AC1A0000 		.4byte	.LASF688
 6766 336f 36       		.byte	0x36
 6767 3370 B901     		.2byte	0x1b9
 6768 3372 F1080000 		.4byte	0x8f1
 6769 3376 4F       		.byte	0x4f
 6770 3377 26       		.uleb128 0x26
 6771 3378 6F746700 		.ascii	"otg\000"
 6772 337c 36       		.byte	0x36
 6773 337d C101     		.2byte	0x1c1
 6774 337f 593D0000 		.4byte	0x3d59
 6775 3383 50       		.byte	0x50
 6776 3384 18       		.uleb128 0x18
 6777 3385 5F0D0000 		.4byte	.LASF689
ARM GAS  /tmp/ccwPAVQD.s 			page 120


 6778 3389 36       		.byte	0x36
 6779 338a C501     		.2byte	0x1c5
 6780 338c 5F3D0000 		.4byte	0x3d5f
 6781 3390 54       		.byte	0x54
 6782 3391 18       		.uleb128 0x18
 6783 3392 2E1F0000 		.4byte	.LASF690
 6784 3396 36       		.byte	0x36
 6785 3397 C901     		.2byte	0x1c9
 6786 3399 27090000 		.4byte	0x927
 6787 339d 58       		.byte	0x58
 6788 339e 18       		.uleb128 0x18
 6789 339f 5D0C0000 		.4byte	.LASF691
 6790 33a3 36       		.byte	0x36
 6791 33a4 CD01     		.2byte	0x1cd
 6792 33a6 27090000 		.4byte	0x927
 6793 33aa 5C       		.byte	0x5c
 6794 33ab 18       		.uleb128 0x18
 6795 33ac D7070000 		.4byte	.LASF692
 6796 33b0 36       		.byte	0x36
 6797 33b1 D101     		.2byte	0x1d1
 6798 33b3 660B0000 		.4byte	0xb66
 6799 33b7 60       		.byte	0x60
 6800 33b8 26       		.uleb128 0x26
 6801 33b9 747200   		.ascii	"tr\000"
 6802 33bc 36       		.byte	0x36
 6803 33bd D601     		.2byte	0x1d6
 6804 33bf 660B0000 		.4byte	0xb66
 6805 33c3 64       		.byte	0x64
 6806 33c4 18       		.uleb128 0x18
 6807 33c5 2E140000 		.4byte	.LASF693
 6808 33c9 36       		.byte	0x36
 6809 33ca DA01     		.2byte	0x1da
 6810 33cc 653D0000 		.4byte	0x3d65
 6811 33d0 68       		.byte	0x68
 6812 33d1 00       		.byte	0
 6813 33d2 03       		.uleb128 0x3
 6814 33d3 99090000 		.4byte	.LASF694
 6815 33d7 35       		.byte	0x35
 6816 33d8 FF       		.byte	0xff
 6817 33d9 F1080000 		.4byte	0x8f1
 6818 33dd 2D       		.uleb128 0x2d
 6819 33de 07       		.byte	0x7
 6820 33df 01       		.byte	0x1
 6821 33e0 37000000 		.4byte	0x37
 6822 33e4 35       		.byte	0x35
 6823 33e5 0401     		.2byte	0x104
 6824 33e7 0A340000 		.4byte	0x340a
 6825 33eb 25       		.uleb128 0x25
 6826 33ec CF230000 		.4byte	.LASF695
 6827 33f0 00       		.byte	0
 6828 33f1 25       		.uleb128 0x25
 6829 33f2 00000000 		.4byte	.LASF696
 6830 33f6 01       		.byte	0x1
 6831 33f7 25       		.uleb128 0x25
 6832 33f8 64130000 		.4byte	.LASF697
 6833 33fc 02       		.byte	0x2
 6834 33fd 25       		.uleb128 0x25
ARM GAS  /tmp/ccwPAVQD.s 			page 121


 6835 33fe 40190000 		.4byte	.LASF698
 6836 3402 03       		.byte	0x3
 6837 3403 25       		.uleb128 0x25
 6838 3404 EF070000 		.4byte	.LASF699
 6839 3408 04       		.byte	0x4
 6840 3409 00       		.byte	0
 6841 340a 08       		.uleb128 0x8
 6842 340b E8240000 		.4byte	.LASF700
 6843 340f 35       		.byte	0x35
 6844 3410 0A01     		.2byte	0x10a
 6845 3412 DD330000 		.4byte	0x33dd
 6846 3416 2D       		.uleb128 0x2d
 6847 3417 07       		.byte	0x7
 6848 3418 01       		.byte	0x1
 6849 3419 37000000 		.4byte	0x37
 6850 341d 35       		.byte	0x35
 6851 341e 1801     		.2byte	0x118
 6852 3420 4F340000 		.4byte	0x344f
 6853 3424 25       		.uleb128 0x25
 6854 3425 E71D0000 		.4byte	.LASF701
 6855 3429 00       		.byte	0
 6856 342a 25       		.uleb128 0x25
 6857 342b 4F100000 		.4byte	.LASF702
 6858 342f 01       		.byte	0x1
 6859 3430 25       		.uleb128 0x25
 6860 3431 9D1B0000 		.4byte	.LASF703
 6861 3435 02       		.byte	0x2
 6862 3436 25       		.uleb128 0x25
 6863 3437 3D160000 		.4byte	.LASF704
 6864 343b 03       		.byte	0x3
 6865 343c 25       		.uleb128 0x25
 6866 343d 19150000 		.4byte	.LASF705
 6867 3441 04       		.byte	0x4
 6868 3442 25       		.uleb128 0x25
 6869 3443 66110000 		.4byte	.LASF706
 6870 3447 05       		.byte	0x5
 6871 3448 25       		.uleb128 0x25
 6872 3449 500E0000 		.4byte	.LASF707
 6873 344d 06       		.byte	0x6
 6874 344e 00       		.byte	0
 6875 344f 08       		.uleb128 0x8
 6876 3450 BB110000 		.4byte	.LASF708
 6877 3454 35       		.byte	0x35
 6878 3455 2001     		.2byte	0x120
 6879 3457 16340000 		.4byte	0x3416
 6880 345b 2D       		.uleb128 0x2d
 6881 345c 07       		.byte	0x7
 6882 345d 01       		.byte	0x1
 6883 345e 37000000 		.4byte	0x37
 6884 3462 35       		.byte	0x35
 6885 3463 2501     		.2byte	0x125
 6886 3465 8E340000 		.4byte	0x348e
 6887 3469 25       		.uleb128 0x25
 6888 346a 671D0000 		.4byte	.LASF709
 6889 346e 00       		.byte	0
 6890 346f 25       		.uleb128 0x25
 6891 3470 AF190000 		.4byte	.LASF710
ARM GAS  /tmp/ccwPAVQD.s 			page 122


 6892 3474 01       		.byte	0x1
 6893 3475 25       		.uleb128 0x25
 6894 3476 DF130000 		.4byte	.LASF711
 6895 347a 02       		.byte	0x2
 6896 347b 25       		.uleb128 0x25
 6897 347c 7A140000 		.4byte	.LASF712
 6898 3480 03       		.byte	0x3
 6899 3481 25       		.uleb128 0x25
 6900 3482 8D220000 		.4byte	.LASF713
 6901 3486 04       		.byte	0x4
 6902 3487 25       		.uleb128 0x25
 6903 3488 B5130000 		.4byte	.LASF714
 6904 348c 05       		.byte	0x5
 6905 348d 00       		.byte	0
 6906 348e 08       		.uleb128 0x8
 6907 348f DE190000 		.4byte	.LASF715
 6908 3493 35       		.byte	0x35
 6909 3494 2C01     		.2byte	0x12c
 6910 3496 5B340000 		.4byte	0x345b
 6911 349a 1C       		.uleb128 0x1c
 6912 349b 08       		.byte	0x8
 6913 349c 35       		.byte	0x35
 6914 349d 3101     		.2byte	0x131
 6915 349f BE340000 		.4byte	0x34be
 6916 34a3 18       		.uleb128 0x18
 6917 34a4 82240000 		.4byte	.LASF716
 6918 34a8 35       		.byte	0x35
 6919 34a9 3501     		.2byte	0x135
 6920 34ab B8000000 		.4byte	0xb8
 6921 34af 00       		.byte	0
 6922 34b0 18       		.uleb128 0x18
 6923 34b1 62040000 		.4byte	.LASF717
 6924 34b5 35       		.byte	0x35
 6925 34b6 3901     		.2byte	0x139
 6926 34b8 A41B0000 		.4byte	0x1ba4
 6927 34bc 04       		.byte	0x4
 6928 34bd 00       		.byte	0
 6929 34be 08       		.uleb128 0x8
 6930 34bf 61150000 		.4byte	.LASF718
 6931 34c3 35       		.byte	0x35
 6932 34c4 3A01     		.2byte	0x13a
 6933 34c6 9A340000 		.4byte	0x349a
 6934 34ca 16       		.uleb128 0x16
 6935 34cb BE340000 		.4byte	0x34be
 6936 34cf 08       		.uleb128 0x8
 6937 34d0 0C240000 		.4byte	.LASF719
 6938 34d4 35       		.byte	0x35
 6939 34d5 4201     		.2byte	0x142
 6940 34d7 DB340000 		.4byte	0x34db
 6941 34db 06       		.uleb128 0x6
 6942 34dc 04       		.byte	0x4
 6943 34dd E1340000 		.4byte	0x34e1
 6944 34e1 1F       		.uleb128 0x1f
 6945 34e2 EC340000 		.4byte	0x34ec
 6946 34e6 15       		.uleb128 0x15
 6947 34e7 EC340000 		.4byte	0x34ec
 6948 34eb 00       		.byte	0
ARM GAS  /tmp/ccwPAVQD.s 			page 123


 6949 34ec 06       		.uleb128 0x6
 6950 34ed 04       		.byte	0x4
 6951 34ee 9B320000 		.4byte	0x329b
 6952 34f2 08       		.uleb128 0x8
 6953 34f3 AE040000 		.4byte	.LASF720
 6954 34f7 35       		.byte	0x35
 6955 34f8 4B01     		.2byte	0x14b
 6956 34fa FE340000 		.4byte	0x34fe
 6957 34fe 06       		.uleb128 0x6
 6958 34ff 04       		.byte	0x4
 6959 3500 04350000 		.4byte	0x3504
 6960 3504 1F       		.uleb128 0x1f
 6961 3505 14350000 		.4byte	0x3514
 6962 3509 15       		.uleb128 0x15
 6963 350a EC340000 		.4byte	0x34ec
 6964 350e 15       		.uleb128 0x15
 6965 350f D2330000 		.4byte	0x33d2
 6966 3513 00       		.byte	0
 6967 3514 08       		.uleb128 0x8
 6968 3515 D70A0000 		.4byte	.LASF721
 6969 3519 35       		.byte	0x35
 6970 351a 5401     		.2byte	0x154
 6971 351c 20350000 		.4byte	0x3520
 6972 3520 06       		.uleb128 0x6
 6973 3521 04       		.byte	0x4
 6974 3522 26350000 		.4byte	0x3526
 6975 3526 1F       		.uleb128 0x1f
 6976 3527 36350000 		.4byte	0x3536
 6977 352b 15       		.uleb128 0x15
 6978 352c EC340000 		.4byte	0x34ec
 6979 3530 15       		.uleb128 0x15
 6980 3531 8E340000 		.4byte	0x348e
 6981 3535 00       		.byte	0
 6982 3536 08       		.uleb128 0x8
 6983 3537 25060000 		.4byte	.LASF722
 6984 353b 35       		.byte	0x35
 6985 353c 6001     		.2byte	0x160
 6986 353e 42350000 		.4byte	0x3542
 6987 3542 06       		.uleb128 0x6
 6988 3543 04       		.byte	0x4
 6989 3544 48350000 		.4byte	0x3548
 6990 3548 14       		.uleb128 0x14
 6991 3549 8B1D0000 		.4byte	0x1d8b
 6992 354d 57350000 		.4byte	0x3557
 6993 3551 15       		.uleb128 0x15
 6994 3552 EC340000 		.4byte	0x34ec
 6995 3556 00       		.byte	0
 6996 3557 08       		.uleb128 0x8
 6997 3558 D00E0000 		.4byte	.LASF723
 6998 355c 35       		.byte	0x35
 6999 355d 6501     		.2byte	0x165
 7000 355f 63350000 		.4byte	0x3563
 7001 3563 06       		.uleb128 0x6
 7002 3564 04       		.byte	0x4
 7003 3565 69350000 		.4byte	0x3569
 7004 3569 14       		.uleb128 0x14
 7005 356a 87350000 		.4byte	0x3587
ARM GAS  /tmp/ccwPAVQD.s 			page 124


 7006 356e 87350000 		.4byte	0x3587
 7007 3572 15       		.uleb128 0x15
 7008 3573 EC340000 		.4byte	0x34ec
 7009 3577 15       		.uleb128 0x15
 7010 3578 F1080000 		.4byte	0x8f1
 7011 357c 15       		.uleb128 0x15
 7012 357d F1080000 		.4byte	0x8f1
 7013 3581 15       		.uleb128 0x15
 7014 3582 0C090000 		.4byte	0x90c
 7015 3586 00       		.byte	0
 7016 3587 06       		.uleb128 0x6
 7017 3588 04       		.byte	0x4
 7018 3589 CA340000 		.4byte	0x34ca
 7019 358d 0D       		.uleb128 0xd
 7020 358e 20       		.byte	0x20
 7021 358f 37       		.byte	0x37
 7022 3590 35       		.byte	0x35
 7023 3591 F6350000 		.4byte	0x35f6
 7024 3595 0E       		.uleb128 0xe
 7025 3596 48030000 		.4byte	.LASF724
 7026 359a 37       		.byte	0x37
 7027 359b 36       		.byte	0x36
 7028 359c 32090000 		.4byte	0x932
 7029 35a0 00       		.byte	0
 7030 35a1 0E       		.uleb128 0xe
 7031 35a2 AD0C0000 		.4byte	.LASF725
 7032 35a6 37       		.byte	0x37
 7033 35a7 38       		.byte	0x38
 7034 35a8 32090000 		.4byte	0x932
 7035 35ac 04       		.byte	0x4
 7036 35ad 0E       		.uleb128 0xe
 7037 35ae C0020000 		.4byte	.LASF726
 7038 35b2 37       		.byte	0x37
 7039 35b3 39       		.byte	0x39
 7040 35b4 32090000 		.4byte	0x932
 7041 35b8 08       		.byte	0x8
 7042 35b9 0E       		.uleb128 0xe
 7043 35ba 101C0000 		.4byte	.LASF727
 7044 35be 37       		.byte	0x37
 7045 35bf 3A       		.byte	0x3a
 7046 35c0 32090000 		.4byte	0x932
 7047 35c4 0C       		.byte	0xc
 7048 35c5 0E       		.uleb128 0xe
 7049 35c6 D8130000 		.4byte	.LASF728
 7050 35ca 37       		.byte	0x37
 7051 35cb 3C       		.byte	0x3c
 7052 35cc 32090000 		.4byte	0x932
 7053 35d0 10       		.byte	0x10
 7054 35d1 0E       		.uleb128 0xe
 7055 35d2 F20C0000 		.4byte	.LASF729
 7056 35d6 37       		.byte	0x37
 7057 35d7 3E       		.byte	0x3e
 7058 35d8 32090000 		.4byte	0x932
 7059 35dc 14       		.byte	0x14
 7060 35dd 0E       		.uleb128 0xe
 7061 35de 050D0000 		.4byte	.LASF730
 7062 35e2 37       		.byte	0x37
ARM GAS  /tmp/ccwPAVQD.s 			page 125


 7063 35e3 3F       		.byte	0x3f
 7064 35e4 32090000 		.4byte	0x932
 7065 35e8 18       		.byte	0x18
 7066 35e9 0E       		.uleb128 0xe
 7067 35ea E5030000 		.4byte	.LASF731
 7068 35ee 37       		.byte	0x37
 7069 35ef 40       		.byte	0x40
 7070 35f0 32090000 		.4byte	0x932
 7071 35f4 1C       		.byte	0x1c
 7072 35f5 00       		.byte	0
 7073 35f6 03       		.uleb128 0x3
 7074 35f7 B91B0000 		.4byte	.LASF732
 7075 35fb 37       		.byte	0x37
 7076 35fc 41       		.byte	0x41
 7077 35fd 8D350000 		.4byte	0x358d
 7078 3601 0D       		.uleb128 0xd
 7079 3602 20       		.byte	0x20
 7080 3603 37       		.byte	0x37
 7081 3604 46       		.byte	0x46
 7082 3605 6A360000 		.4byte	0x366a
 7083 3609 0E       		.uleb128 0xe
 7084 360a 4D0D0000 		.4byte	.LASF733
 7085 360e 37       		.byte	0x37
 7086 360f 47       		.byte	0x47
 7087 3610 32090000 		.4byte	0x932
 7088 3614 00       		.byte	0
 7089 3615 0E       		.uleb128 0xe
 7090 3616 0F120000 		.4byte	.LASF734
 7091 361a 37       		.byte	0x37
 7092 361b 49       		.byte	0x49
 7093 361c 32090000 		.4byte	0x932
 7094 3620 04       		.byte	0x4
 7095 3621 0E       		.uleb128 0xe
 7096 3622 CD1F0000 		.4byte	.LASF735
 7097 3626 37       		.byte	0x37
 7098 3627 4A       		.byte	0x4a
 7099 3628 32090000 		.4byte	0x932
 7100 362c 08       		.byte	0x8
 7101 362d 0E       		.uleb128 0xe
 7102 362e 33120000 		.4byte	.LASF736
 7103 3632 37       		.byte	0x37
 7104 3633 4C       		.byte	0x4c
 7105 3634 32090000 		.4byte	0x932
 7106 3638 0C       		.byte	0xc
 7107 3639 0E       		.uleb128 0xe
 7108 363a E8160000 		.4byte	.LASF737
 7109 363e 37       		.byte	0x37
 7110 363f 4D       		.byte	0x4d
 7111 3640 32090000 		.4byte	0x932
 7112 3644 10       		.byte	0x10
 7113 3645 0E       		.uleb128 0xe
 7114 3646 F20C0000 		.4byte	.LASF729
 7115 364a 37       		.byte	0x37
 7116 364b 4F       		.byte	0x4f
 7117 364c 32090000 		.4byte	0x932
 7118 3650 14       		.byte	0x14
 7119 3651 0E       		.uleb128 0xe
ARM GAS  /tmp/ccwPAVQD.s 			page 126


 7120 3652 E0060000 		.4byte	.LASF738
 7121 3656 37       		.byte	0x37
 7122 3657 50       		.byte	0x50
 7123 3658 32090000 		.4byte	0x932
 7124 365c 18       		.byte	0x18
 7125 365d 0E       		.uleb128 0xe
 7126 365e B61F0000 		.4byte	.LASF739
 7127 3662 37       		.byte	0x37
 7128 3663 52       		.byte	0x52
 7129 3664 32090000 		.4byte	0x932
 7130 3668 1C       		.byte	0x1c
 7131 3669 00       		.byte	0
 7132 366a 03       		.uleb128 0x3
 7133 366b 13080000 		.4byte	.LASF740
 7134 366f 37       		.byte	0x37
 7135 3670 53       		.byte	0x53
 7136 3671 01360000 		.4byte	0x3601
 7137 3675 0D       		.uleb128 0xd
 7138 3676 20       		.byte	0x20
 7139 3677 37       		.byte	0x37
 7140 3678 58       		.byte	0x58
 7141 3679 DE360000 		.4byte	0x36de
 7142 367d 0E       		.uleb128 0xe
 7143 367e A9140000 		.4byte	.LASF741
 7144 3682 37       		.byte	0x37
 7145 3683 59       		.byte	0x59
 7146 3684 32090000 		.4byte	0x932
 7147 3688 00       		.byte	0
 7148 3689 0E       		.uleb128 0xe
 7149 368a 0F120000 		.4byte	.LASF734
 7150 368e 37       		.byte	0x37
 7151 368f 5B       		.byte	0x5b
 7152 3690 32090000 		.4byte	0x932
 7153 3694 04       		.byte	0x4
 7154 3695 0E       		.uleb128 0xe
 7155 3696 AC180000 		.4byte	.LASF742
 7156 369a 37       		.byte	0x37
 7157 369b 5C       		.byte	0x5c
 7158 369c 32090000 		.4byte	0x932
 7159 36a0 08       		.byte	0x8
 7160 36a1 0E       		.uleb128 0xe
 7161 36a2 33120000 		.4byte	.LASF736
 7162 36a6 37       		.byte	0x37
 7163 36a7 5E       		.byte	0x5e
 7164 36a8 32090000 		.4byte	0x932
 7165 36ac 0C       		.byte	0xc
 7166 36ad 0E       		.uleb128 0xe
 7167 36ae 02210000 		.4byte	.LASF743
 7168 36b2 37       		.byte	0x37
 7169 36b3 5F       		.byte	0x5f
 7170 36b4 32090000 		.4byte	0x932
 7171 36b8 10       		.byte	0x10
 7172 36b9 0E       		.uleb128 0xe
 7173 36ba F20C0000 		.4byte	.LASF729
 7174 36be 37       		.byte	0x37
 7175 36bf 61       		.byte	0x61
 7176 36c0 32090000 		.4byte	0x932
ARM GAS  /tmp/ccwPAVQD.s 			page 127


 7177 36c4 14       		.byte	0x14
 7178 36c5 0E       		.uleb128 0xe
 7179 36c6 050D0000 		.4byte	.LASF730
 7180 36ca 37       		.byte	0x37
 7181 36cb 62       		.byte	0x62
 7182 36cc 32090000 		.4byte	0x932
 7183 36d0 18       		.byte	0x18
 7184 36d1 0E       		.uleb128 0xe
 7185 36d2 B61F0000 		.4byte	.LASF739
 7186 36d6 37       		.byte	0x37
 7187 36d7 63       		.byte	0x63
 7188 36d8 32090000 		.4byte	0x932
 7189 36dc 1C       		.byte	0x1c
 7190 36dd 00       		.byte	0
 7191 36de 03       		.uleb128 0x3
 7192 36df A6070000 		.4byte	.LASF744
 7193 36e3 37       		.byte	0x37
 7194 36e4 64       		.byte	0x64
 7195 36e5 75360000 		.4byte	0x3675
 7196 36e9 2E       		.uleb128 0x2e
 7197 36ea 00100100 		.4byte	0x11000
 7198 36ee 37       		.byte	0x37
 7199 36ef 69       		.byte	0x69
 7200 36f0 C6390000 		.4byte	0x39c6
 7201 36f4 0E       		.uleb128 0xe
 7202 36f5 A6040000 		.4byte	.LASF745
 7203 36f9 37       		.byte	0x37
 7204 36fa 6A       		.byte	0x6a
 7205 36fb 32090000 		.4byte	0x932
 7206 36ff 00       		.byte	0
 7207 3700 0E       		.uleb128 0xe
 7208 3701 A10B0000 		.4byte	.LASF746
 7209 3705 37       		.byte	0x37
 7210 3706 6B       		.byte	0x6b
 7211 3707 32090000 		.4byte	0x932
 7212 370b 04       		.byte	0x4
 7213 370c 0E       		.uleb128 0xe
 7214 370d 2F070000 		.4byte	.LASF747
 7215 3711 37       		.byte	0x37
 7216 3712 6C       		.byte	0x6c
 7217 3713 32090000 		.4byte	0x932
 7218 3717 08       		.byte	0x8
 7219 3718 0E       		.uleb128 0xe
 7220 3719 20240000 		.4byte	.LASF748
 7221 371d 37       		.byte	0x37
 7222 371e 6D       		.byte	0x6d
 7223 371f 32090000 		.4byte	0x932
 7224 3723 0C       		.byte	0xc
 7225 3724 0E       		.uleb128 0xe
 7226 3725 74130000 		.4byte	.LASF749
 7227 3729 37       		.byte	0x37
 7228 372a 6E       		.byte	0x6e
 7229 372b 32090000 		.4byte	0x932
 7230 372f 10       		.byte	0x10
 7231 3730 0E       		.uleb128 0xe
 7232 3731 A5030000 		.4byte	.LASF750
 7233 3735 37       		.byte	0x37
ARM GAS  /tmp/ccwPAVQD.s 			page 128


 7234 3736 6F       		.byte	0x6f
 7235 3737 32090000 		.4byte	0x932
 7236 373b 14       		.byte	0x14
 7237 373c 0E       		.uleb128 0xe
 7238 373d 9B1A0000 		.4byte	.LASF751
 7239 3741 37       		.byte	0x37
 7240 3742 70       		.byte	0x70
 7241 3743 32090000 		.4byte	0x932
 7242 3747 18       		.byte	0x18
 7243 3748 0E       		.uleb128 0xe
 7244 3749 C1070000 		.4byte	.LASF752
 7245 374d 37       		.byte	0x37
 7246 374e 71       		.byte	0x71
 7247 374f 32090000 		.4byte	0x932
 7248 3753 1C       		.byte	0x1c
 7249 3754 0E       		.uleb128 0xe
 7250 3755 B9070000 		.4byte	.LASF753
 7251 3759 37       		.byte	0x37
 7252 375a 73       		.byte	0x73
 7253 375b 32090000 		.4byte	0x932
 7254 375f 20       		.byte	0x20
 7255 3760 0E       		.uleb128 0xe
 7256 3761 511A0000 		.4byte	.LASF754
 7257 3765 37       		.byte	0x37
 7258 3766 75       		.byte	0x75
 7259 3767 32090000 		.4byte	0x932
 7260 376b 24       		.byte	0x24
 7261 376c 0E       		.uleb128 0xe
 7262 376d C9000000 		.4byte	.LASF755
 7263 3771 37       		.byte	0x37
 7264 3772 76       		.byte	0x76
 7265 3773 32090000 		.4byte	0x932
 7266 3777 28       		.byte	0x28
 7267 3778 0E       		.uleb128 0xe
 7268 3779 A31A0000 		.4byte	.LASF756
 7269 377d 37       		.byte	0x37
 7270 377e 78       		.byte	0x78
 7271 377f 32090000 		.4byte	0x932
 7272 3783 2C       		.byte	0x2c
 7273 3784 0E       		.uleb128 0xe
 7274 3785 040E0000 		.4byte	.LASF757
 7275 3789 37       		.byte	0x37
 7276 378a 7A       		.byte	0x7a
 7277 378b 32090000 		.4byte	0x932
 7278 378f 30       		.byte	0x30
 7279 3790 0E       		.uleb128 0xe
 7280 3791 C3220000 		.4byte	.LASF758
 7281 3795 37       		.byte	0x37
 7282 3796 7B       		.byte	0x7b
 7283 3797 32090000 		.4byte	0x932
 7284 379b 34       		.byte	0x34
 7285 379c 0E       		.uleb128 0xe
 7286 379d FB010000 		.4byte	.LASF759
 7287 37a1 37       		.byte	0x37
 7288 37a2 7C       		.byte	0x7c
 7289 37a3 32090000 		.4byte	0x932
 7290 37a7 38       		.byte	0x38
ARM GAS  /tmp/ccwPAVQD.s 			page 129


 7291 37a8 10       		.uleb128 0x10
 7292 37a9 43494400 		.ascii	"CID\000"
 7293 37ad 37       		.byte	0x37
 7294 37ae 7D       		.byte	0x7d
 7295 37af 32090000 		.4byte	0x932
 7296 37b3 3C       		.byte	0x3c
 7297 37b4 0E       		.uleb128 0xe
 7298 37b5 F6100000 		.4byte	.LASF760
 7299 37b9 37       		.byte	0x37
 7300 37ba 7E       		.byte	0x7e
 7301 37bb D6390000 		.4byte	0x39d6
 7302 37bf 40       		.byte	0x40
 7303 37c0 12       		.uleb128 0x12
 7304 37c1 C8210000 		.4byte	.LASF761
 7305 37c5 37       		.byte	0x37
 7306 37c6 7F       		.byte	0x7f
 7307 37c7 32090000 		.4byte	0x932
 7308 37cb 0001     		.2byte	0x100
 7309 37cd 12       		.uleb128 0x12
 7310 37ce 58020000 		.4byte	.LASF762
 7311 37d2 37       		.byte	0x37
 7312 37d3 81       		.byte	0x81
 7313 37d4 5E150000 		.4byte	0x155e
 7314 37d8 0401     		.2byte	0x104
 7315 37da 12       		.uleb128 0x12
 7316 37db 4D140000 		.4byte	.LASF763
 7317 37df 37       		.byte	0x37
 7318 37e0 83       		.byte	0x83
 7319 37e1 EB390000 		.4byte	0x39eb
 7320 37e5 4001     		.2byte	0x140
 7321 37e7 12       		.uleb128 0x12
 7322 37e8 4B180000 		.4byte	.LASF764
 7323 37ec 37       		.byte	0x37
 7324 37ed 84       		.byte	0x84
 7325 37ee 32090000 		.4byte	0x932
 7326 37f2 0004     		.2byte	0x400
 7327 37f4 12       		.uleb128 0x12
 7328 37f5 CA230000 		.4byte	.LASF765
 7329 37f9 37       		.byte	0x37
 7330 37fa 85       		.byte	0x85
 7331 37fb 32090000 		.4byte	0x932
 7332 37ff 0404     		.2byte	0x404
 7333 3801 12       		.uleb128 0x12
 7334 3802 03040000 		.4byte	.LASF766
 7335 3806 37       		.byte	0x37
 7336 3807 86       		.byte	0x86
 7337 3808 32090000 		.4byte	0x932
 7338 380c 0804     		.2byte	0x408
 7339 380e 12       		.uleb128 0x12
 7340 380f 44210000 		.4byte	.LASF767
 7341 3813 37       		.byte	0x37
 7342 3814 88       		.byte	0x88
 7343 3815 32090000 		.4byte	0x932
 7344 3819 0C04     		.2byte	0x40c
 7345 381b 12       		.uleb128 0x12
 7346 381c 0B030000 		.4byte	.LASF768
 7347 3820 37       		.byte	0x37
ARM GAS  /tmp/ccwPAVQD.s 			page 130


 7348 3821 89       		.byte	0x89
 7349 3822 32090000 		.4byte	0x932
 7350 3826 1004     		.2byte	0x410
 7351 3828 12       		.uleb128 0x12
 7352 3829 F8030000 		.4byte	.LASF769
 7353 382d 37       		.byte	0x37
 7354 382e 8B       		.byte	0x8b
 7355 382f 32090000 		.4byte	0x932
 7356 3833 1404     		.2byte	0x414
 7357 3835 12       		.uleb128 0x12
 7358 3836 B00B0000 		.4byte	.LASF770
 7359 383a 37       		.byte	0x37
 7360 383b 8D       		.byte	0x8d
 7361 383c 32090000 		.4byte	0x932
 7362 3840 1804     		.2byte	0x418
 7363 3842 12       		.uleb128 0x12
 7364 3843 351D0000 		.4byte	.LASF771
 7365 3847 37       		.byte	0x37
 7366 3848 8F       		.byte	0x8f
 7367 3849 003A0000 		.4byte	0x3a00
 7368 384d 1C04     		.2byte	0x41c
 7369 384f 12       		.uleb128 0x12
 7370 3850 BB020000 		.4byte	.LASF772
 7371 3854 37       		.byte	0x37
 7372 3855 90       		.byte	0x90
 7373 3856 32090000 		.4byte	0x932
 7374 385a 4004     		.2byte	0x440
 7375 385c 12       		.uleb128 0x12
 7376 385d DF1E0000 		.4byte	.LASF773
 7377 3861 37       		.byte	0x37
 7378 3862 92       		.byte	0x92
 7379 3863 153A0000 		.4byte	0x3a15
 7380 3867 4404     		.2byte	0x444
 7381 3869 2F       		.uleb128 0x2f
 7382 386a 686300   		.ascii	"hc\000"
 7383 386d 37       		.byte	0x37
 7384 386e 93       		.byte	0x93
 7385 386f 1A3A0000 		.4byte	0x3a1a
 7386 3873 0005     		.2byte	0x500
 7387 3875 12       		.uleb128 0x12
 7388 3876 8D210000 		.4byte	.LASF774
 7389 387a 37       		.byte	0x37
 7390 387b 94       		.byte	0x94
 7391 387c 3A3A0000 		.4byte	0x3a3a
 7392 3880 0007     		.2byte	0x700
 7393 3882 12       		.uleb128 0x12
 7394 3883 851A0000 		.4byte	.LASF775
 7395 3887 37       		.byte	0x37
 7396 3888 95       		.byte	0x95
 7397 3889 32090000 		.4byte	0x932
 7398 388d 0008     		.2byte	0x800
 7399 388f 12       		.uleb128 0x12
 7400 3890 6D220000 		.4byte	.LASF776
 7401 3894 37       		.byte	0x37
 7402 3895 96       		.byte	0x96
 7403 3896 32090000 		.4byte	0x932
 7404 389a 0408     		.2byte	0x804
ARM GAS  /tmp/ccwPAVQD.s 			page 131


 7405 389c 12       		.uleb128 0x12
 7406 389d 5A050000 		.4byte	.LASF777
 7407 38a1 37       		.byte	0x37
 7408 38a2 97       		.byte	0x97
 7409 38a3 32090000 		.4byte	0x932
 7410 38a7 0808     		.2byte	0x808
 7411 38a9 12       		.uleb128 0x12
 7412 38aa 94040000 		.4byte	.LASF778
 7413 38ae 37       		.byte	0x37
 7414 38af 98       		.byte	0x98
 7415 38b0 32090000 		.4byte	0x932
 7416 38b4 0C08     		.2byte	0x80c
 7417 38b6 12       		.uleb128 0x12
 7418 38b7 990B0000 		.4byte	.LASF779
 7419 38bb 37       		.byte	0x37
 7420 38bc 99       		.byte	0x99
 7421 38bd 32090000 		.4byte	0x932
 7422 38c1 1008     		.2byte	0x810
 7423 38c3 12       		.uleb128 0x12
 7424 38c4 EE1F0000 		.4byte	.LASF780
 7425 38c8 37       		.byte	0x37
 7426 38c9 9B       		.byte	0x9b
 7427 38ca 32090000 		.4byte	0x932
 7428 38ce 1408     		.2byte	0x814
 7429 38d0 12       		.uleb128 0x12
 7430 38d1 5D200000 		.4byte	.LASF781
 7431 38d5 37       		.byte	0x37
 7432 38d6 9D       		.byte	0x9d
 7433 38d7 32090000 		.4byte	0x932
 7434 38db 1808     		.2byte	0x818
 7435 38dd 12       		.uleb128 0x12
 7436 38de B61D0000 		.4byte	.LASF782
 7437 38e2 37       		.byte	0x37
 7438 38e3 9F       		.byte	0x9f
 7439 38e4 32090000 		.4byte	0x932
 7440 38e8 1C08     		.2byte	0x81c
 7441 38ea 12       		.uleb128 0x12
 7442 38eb C1050000 		.4byte	.LASF783
 7443 38ef 37       		.byte	0x37
 7444 38f0 A1       		.byte	0xa1
 7445 38f1 32090000 		.4byte	0x932
 7446 38f5 2008     		.2byte	0x820
 7447 38f7 12       		.uleb128 0x12
 7448 38f8 D1040000 		.4byte	.LASF784
 7449 38fc 37       		.byte	0x37
 7450 38fd A2       		.byte	0xa2
 7451 38fe 32090000 		.4byte	0x932
 7452 3902 2408     		.2byte	0x824
 7453 3904 12       		.uleb128 0x12
 7454 3905 921A0000 		.4byte	.LASF785
 7455 3909 37       		.byte	0x37
 7456 390a A3       		.byte	0xa3
 7457 390b 32090000 		.4byte	0x932
 7458 390f 2808     		.2byte	0x828
 7459 3911 12       		.uleb128 0x12
 7460 3912 220E0000 		.4byte	.LASF786
 7461 3916 37       		.byte	0x37
ARM GAS  /tmp/ccwPAVQD.s 			page 132


 7462 3917 A5       		.byte	0xa5
 7463 3918 32090000 		.4byte	0x932
 7464 391c 2C08     		.2byte	0x82c
 7465 391e 12       		.uleb128 0x12
 7466 391f 7C060000 		.4byte	.LASF787
 7467 3923 37       		.byte	0x37
 7468 3924 A7       		.byte	0xa7
 7469 3925 32090000 		.4byte	0x932
 7470 3929 3008     		.2byte	0x830
 7471 392b 12       		.uleb128 0x12
 7472 392c 420D0000 		.4byte	.LASF788
 7473 3930 37       		.byte	0x37
 7474 3931 A8       		.byte	0xa8
 7475 3932 32090000 		.4byte	0x932
 7476 3936 3408     		.2byte	0x834
 7477 3938 12       		.uleb128 0x12
 7478 3939 8A060000 		.4byte	.LASF789
 7479 393d 37       		.byte	0x37
 7480 393e AA       		.byte	0xaa
 7481 393f 32090000 		.4byte	0x932
 7482 3943 3808     		.2byte	0x838
 7483 3945 12       		.uleb128 0x12
 7484 3946 A9060000 		.4byte	.LASF790
 7485 394a 37       		.byte	0x37
 7486 394b AB       		.byte	0xab
 7487 394c 32090000 		.4byte	0x932
 7488 3950 3C08     		.2byte	0x83c
 7489 3952 12       		.uleb128 0x12
 7490 3953 4D070000 		.4byte	.LASF791
 7491 3957 37       		.byte	0x37
 7492 3958 AC       		.byte	0xac
 7493 3959 4F3A0000 		.4byte	0x3a4f
 7494 395d 4008     		.2byte	0x840
 7495 395f 12       		.uleb128 0x12
 7496 3960 CA0C0000 		.4byte	.LASF792
 7497 3964 37       		.byte	0x37
 7498 3965 AD       		.byte	0xad
 7499 3966 4F3A0000 		.4byte	0x3a4f
 7500 396a 8008     		.2byte	0x880
 7501 396c 12       		.uleb128 0x12
 7502 396d 20120000 		.4byte	.LASF793
 7503 3971 37       		.byte	0x37
 7504 3972 AE       		.byte	0xae
 7505 3973 4F3A0000 		.4byte	0x3a4f
 7506 3977 C008     		.2byte	0x8c0
 7507 3979 2F       		.uleb128 0x2f
 7508 397a 696500   		.ascii	"ie\000"
 7509 397d 37       		.byte	0x37
 7510 397e AF       		.byte	0xaf
 7511 397f 543A0000 		.4byte	0x3a54
 7512 3983 0009     		.2byte	0x900
 7513 3985 2F       		.uleb128 0x2f
 7514 3986 6F6500   		.ascii	"oe\000"
 7515 3989 37       		.byte	0x37
 7516 398a B0       		.byte	0xb0
 7517 398b 643A0000 		.4byte	0x3a64
 7518 398f 000B     		.2byte	0xb00
ARM GAS  /tmp/ccwPAVQD.s 			page 133


 7519 3991 12       		.uleb128 0x12
 7520 3992 2A0B0000 		.4byte	.LASF794
 7521 3996 37       		.byte	0x37
 7522 3997 B1       		.byte	0xb1
 7523 3998 3A3A0000 		.4byte	0x3a3a
 7524 399c 000D     		.2byte	0xd00
 7525 399e 12       		.uleb128 0x12
 7526 399f 85220000 		.4byte	.LASF795
 7527 39a3 37       		.byte	0x37
 7528 39a4 B2       		.byte	0xb2
 7529 39a5 32090000 		.4byte	0x932
 7530 39a9 000E     		.2byte	0xe00
 7531 39ab 12       		.uleb128 0x12
 7532 39ac B8170000 		.4byte	.LASF796
 7533 39b0 37       		.byte	0x37
 7534 39b1 B4       		.byte	0xb4
 7535 39b2 843A0000 		.4byte	0x3a84
 7536 39b6 040E     		.2byte	0xe04
 7537 39b8 12       		.uleb128 0x12
 7538 39b9 42090000 		.4byte	.LASF294
 7539 39bd 37       		.byte	0x37
 7540 39be B5       		.byte	0xb5
 7541 39bf A03A0000 		.4byte	0x3aa0
 7542 39c3 0010     		.2byte	0x1000
 7543 39c5 00       		.byte	0
 7544 39c6 0B       		.uleb128 0xb
 7545 39c7 32090000 		.4byte	0x932
 7546 39cb D6390000 		.4byte	0x39d6
 7547 39cf 0C       		.uleb128 0xc
 7548 39d0 B1000000 		.4byte	0xb1
 7549 39d4 2F       		.byte	0x2f
 7550 39d5 00       		.byte	0
 7551 39d6 1A       		.uleb128 0x1a
 7552 39d7 C6390000 		.4byte	0x39c6
 7553 39db 0B       		.uleb128 0xb
 7554 39dc 32090000 		.4byte	0x932
 7555 39e0 EB390000 		.4byte	0x39eb
 7556 39e4 0C       		.uleb128 0xc
 7557 39e5 B1000000 		.4byte	0xb1
 7558 39e9 AF       		.byte	0xaf
 7559 39ea 00       		.byte	0
 7560 39eb 1A       		.uleb128 0x1a
 7561 39ec DB390000 		.4byte	0x39db
 7562 39f0 0B       		.uleb128 0xb
 7563 39f1 32090000 		.4byte	0x932
 7564 39f5 003A0000 		.4byte	0x3a00
 7565 39f9 0C       		.uleb128 0xc
 7566 39fa B1000000 		.4byte	0xb1
 7567 39fe 08       		.byte	0x8
 7568 39ff 00       		.byte	0
 7569 3a00 1A       		.uleb128 0x1a
 7570 3a01 F0390000 		.4byte	0x39f0
 7571 3a05 0B       		.uleb128 0xb
 7572 3a06 32090000 		.4byte	0x932
 7573 3a0a 153A0000 		.4byte	0x3a15
 7574 3a0e 0C       		.uleb128 0xc
 7575 3a0f B1000000 		.4byte	0xb1
ARM GAS  /tmp/ccwPAVQD.s 			page 134


 7576 3a13 2E       		.byte	0x2e
 7577 3a14 00       		.byte	0
 7578 3a15 1A       		.uleb128 0x1a
 7579 3a16 053A0000 		.4byte	0x3a05
 7580 3a1a 0B       		.uleb128 0xb
 7581 3a1b F6350000 		.4byte	0x35f6
 7582 3a1f 2A3A0000 		.4byte	0x3a2a
 7583 3a23 0C       		.uleb128 0xc
 7584 3a24 B1000000 		.4byte	0xb1
 7585 3a28 0F       		.byte	0xf
 7586 3a29 00       		.byte	0
 7587 3a2a 0B       		.uleb128 0xb
 7588 3a2b 32090000 		.4byte	0x932
 7589 3a2f 3A3A0000 		.4byte	0x3a3a
 7590 3a33 0C       		.uleb128 0xc
 7591 3a34 B1000000 		.4byte	0xb1
 7592 3a38 3F       		.byte	0x3f
 7593 3a39 00       		.byte	0
 7594 3a3a 1A       		.uleb128 0x1a
 7595 3a3b 2A3A0000 		.4byte	0x3a2a
 7596 3a3f 0B       		.uleb128 0xb
 7597 3a40 32090000 		.4byte	0x932
 7598 3a44 4F3A0000 		.4byte	0x3a4f
 7599 3a48 0C       		.uleb128 0xc
 7600 3a49 B1000000 		.4byte	0xb1
 7601 3a4d 0F       		.byte	0xf
 7602 3a4e 00       		.byte	0
 7603 3a4f 1A       		.uleb128 0x1a
 7604 3a50 3F3A0000 		.4byte	0x3a3f
 7605 3a54 0B       		.uleb128 0xb
 7606 3a55 6A360000 		.4byte	0x366a
 7607 3a59 643A0000 		.4byte	0x3a64
 7608 3a5d 0C       		.uleb128 0xc
 7609 3a5e B1000000 		.4byte	0xb1
 7610 3a62 0F       		.byte	0xf
 7611 3a63 00       		.byte	0
 7612 3a64 0B       		.uleb128 0xb
 7613 3a65 DE360000 		.4byte	0x36de
 7614 3a69 743A0000 		.4byte	0x3a74
 7615 3a6d 0C       		.uleb128 0xc
 7616 3a6e B1000000 		.4byte	0xb1
 7617 3a72 0F       		.byte	0xf
 7618 3a73 00       		.byte	0
 7619 3a74 0B       		.uleb128 0xb
 7620 3a75 32090000 		.4byte	0x932
 7621 3a79 843A0000 		.4byte	0x3a84
 7622 3a7d 0C       		.uleb128 0xc
 7623 3a7e B1000000 		.4byte	0xb1
 7624 3a82 7E       		.byte	0x7e
 7625 3a83 00       		.byte	0
 7626 3a84 1A       		.uleb128 0x1a
 7627 3a85 743A0000 		.4byte	0x3a74
 7628 3a89 0B       		.uleb128 0xb
 7629 3a8a 32090000 		.4byte	0x932
 7630 3a8e A03A0000 		.4byte	0x3aa0
 7631 3a92 0C       		.uleb128 0xc
 7632 3a93 B1000000 		.4byte	0xb1
ARM GAS  /tmp/ccwPAVQD.s 			page 135


 7633 3a97 0F       		.byte	0xf
 7634 3a98 30       		.uleb128 0x30
 7635 3a99 B1000000 		.4byte	0xb1
 7636 3a9d FF03     		.2byte	0x3ff
 7637 3a9f 00       		.byte	0
 7638 3aa0 1A       		.uleb128 0x1a
 7639 3aa1 893A0000 		.4byte	0x3a89
 7640 3aa5 03       		.uleb128 0x3
 7641 3aa6 4D240000 		.4byte	.LASF797
 7642 3aaa 37       		.byte	0x37
 7643 3aab B6       		.byte	0xb6
 7644 3aac E9360000 		.4byte	0x36e9
 7645 3ab0 0D       		.uleb128 0xd
 7646 3ab1 0C       		.byte	0xc
 7647 3ab2 36       		.byte	0x36
 7648 3ab3 C6       		.byte	0xc6
 7649 3ab4 DD3A0000 		.4byte	0x3add
 7650 3ab8 0E       		.uleb128 0xe
 7651 3ab9 C0080000 		.4byte	.LASF798
 7652 3abd 36       		.byte	0x36
 7653 3abe C7       		.byte	0xc7
 7654 3abf 27090000 		.4byte	0x927
 7655 3ac3 00       		.byte	0
 7656 3ac4 0E       		.uleb128 0xe
 7657 3ac5 0A0B0000 		.4byte	.LASF799
 7658 3ac9 36       		.byte	0x36
 7659 3aca C8       		.byte	0xc8
 7660 3acb 27090000 		.4byte	0x927
 7661 3acf 04       		.byte	0x4
 7662 3ad0 0E       		.uleb128 0xe
 7663 3ad1 7C0E0000 		.4byte	.LASF800
 7664 3ad5 36       		.byte	0x36
 7665 3ad6 C9       		.byte	0xc9
 7666 3ad7 27090000 		.4byte	0x927
 7667 3adb 08       		.byte	0x8
 7668 3adc 00       		.byte	0
 7669 3add 03       		.uleb128 0x3
 7670 3ade 170B0000 		.4byte	.LASF801
 7671 3ae2 36       		.byte	0x36
 7672 3ae3 CA       		.byte	0xca
 7673 3ae4 B03A0000 		.4byte	0x3ab0
 7674 3ae8 16       		.uleb128 0x16
 7675 3ae9 DD3A0000 		.4byte	0x3add
 7676 3aed 0D       		.uleb128 0xd
 7677 3aee 04       		.byte	0x4
 7678 3aef 36       		.byte	0x36
 7679 3af0 DD       		.byte	0xdd
 7680 3af1 023B0000 		.4byte	0x3b02
 7681 3af5 0E       		.uleb128 0xe
 7682 3af6 7F220000 		.4byte	.LASF802
 7683 3afa 36       		.byte	0x36
 7684 3afb E1       		.byte	0xe1
 7685 3afc A41B0000 		.4byte	0x1ba4
 7686 3b00 00       		.byte	0
 7687 3b01 00       		.byte	0
 7688 3b02 0D       		.uleb128 0xd
 7689 3b03 04       		.byte	0x4
ARM GAS  /tmp/ccwPAVQD.s 			page 136


 7690 3b04 36       		.byte	0x36
 7691 3b05 E3       		.byte	0xe3
 7692 3b06 173B0000 		.4byte	0x3b17
 7693 3b0a 0E       		.uleb128 0xe
 7694 3b0b 51090000 		.4byte	.LASF487
 7695 3b0f 36       		.byte	0x36
 7696 3b10 E7       		.byte	0xe7
 7697 3b11 173B0000 		.4byte	0x3b17
 7698 3b15 00       		.byte	0
 7699 3b16 00       		.byte	0
 7700 3b17 06       		.uleb128 0x6
 7701 3b18 04       		.byte	0x4
 7702 3b19 801B0000 		.4byte	0x1b80
 7703 3b1d 09       		.uleb128 0x9
 7704 3b1e 04       		.byte	0x4
 7705 3b1f 36       		.byte	0x36
 7706 3b20 DC       		.byte	0xdc
 7707 3b21 3C3B0000 		.4byte	0x3b3c
 7708 3b25 0A       		.uleb128 0xa
 7709 3b26 141F0000 		.4byte	.LASF803
 7710 3b2a 36       		.byte	0x36
 7711 3b2b E2       		.byte	0xe2
 7712 3b2c ED3A0000 		.4byte	0x3aed
 7713 3b30 0A       		.uleb128 0xa
 7714 3b31 161E0000 		.4byte	.LASF804
 7715 3b35 36       		.byte	0x36
 7716 3b36 E8       		.byte	0xe8
 7717 3b37 023B0000 		.4byte	0x3b02
 7718 3b3b 00       		.byte	0
 7719 3b3c 0D       		.uleb128 0xd
 7720 3b3d 14       		.byte	0x14
 7721 3b3e 36       		.byte	0x36
 7722 3b3f CF       		.byte	0xcf
 7723 3b40 813B0000 		.4byte	0x3b81
 7724 3b44 0E       		.uleb128 0xe
 7725 3b45 8A070000 		.4byte	.LASF805
 7726 3b49 36       		.byte	0x36
 7727 3b4a D3       		.byte	0xd3
 7728 3b4b 8B1D0000 		.4byte	0x1d8b
 7729 3b4f 00       		.byte	0
 7730 3b50 0E       		.uleb128 0xe
 7731 3b51 27130000 		.4byte	.LASF806
 7732 3b55 36       		.byte	0x36
 7733 3b56 D7       		.byte	0xd7
 7734 3b57 B8000000 		.4byte	0xb8
 7735 3b5b 04       		.byte	0x4
 7736 3b5c 0E       		.uleb128 0xe
 7737 3b5d C70A0000 		.4byte	.LASF807
 7738 3b61 36       		.byte	0x36
 7739 3b62 DB       		.byte	0xdb
 7740 3b63 B8000000 		.4byte	0xb8
 7741 3b67 08       		.byte	0x8
 7742 3b68 0E       		.uleb128 0xe
 7743 3b69 4A080000 		.4byte	.LASF533
 7744 3b6d 36       		.byte	0x36
 7745 3b6e E9       		.byte	0xe9
 7746 3b6f 1D3B0000 		.4byte	0x3b1d
ARM GAS  /tmp/ccwPAVQD.s 			page 137


 7747 3b73 0C       		.byte	0xc
 7748 3b74 0E       		.uleb128 0xe
 7749 3b75 940E0000 		.4byte	.LASF808
 7750 3b79 36       		.byte	0x36
 7751 3b7a ED       		.byte	0xed
 7752 3b7b B8000000 		.4byte	0xb8
 7753 3b7f 10       		.byte	0x10
 7754 3b80 00       		.byte	0
 7755 3b81 03       		.uleb128 0x3
 7756 3b82 FE100000 		.4byte	.LASF809
 7757 3b86 36       		.byte	0x36
 7758 3b87 EE       		.byte	0xee
 7759 3b88 3C3B0000 		.4byte	0x3b3c
 7760 3b8c 1C       		.uleb128 0x1c
 7761 3b8d 04       		.byte	0x4
 7762 3b8e 36       		.byte	0x36
 7763 3b8f 0101     		.2byte	0x101
 7764 3b91 A33B0000 		.4byte	0x3ba3
 7765 3b95 18       		.uleb128 0x18
 7766 3b96 3A0B0000 		.4byte	.LASF810
 7767 3b9a 36       		.byte	0x36
 7768 3b9b 0501     		.2byte	0x105
 7769 3b9d 6F1B0000 		.4byte	0x1b6f
 7770 3ba1 00       		.byte	0
 7771 3ba2 00       		.byte	0
 7772 3ba3 1C       		.uleb128 0x1c
 7773 3ba4 04       		.byte	0x4
 7774 3ba5 36       		.byte	0x36
 7775 3ba6 0701     		.2byte	0x107
 7776 3ba8 BA3B0000 		.4byte	0x3bba
 7777 3bac 18       		.uleb128 0x18
 7778 3bad CF1E0000 		.4byte	.LASF488
 7779 3bb1 36       		.byte	0x36
 7780 3bb2 0B01     		.2byte	0x10b
 7781 3bb4 BA3B0000 		.4byte	0x3bba
 7782 3bb8 00       		.byte	0
 7783 3bb9 00       		.byte	0
 7784 3bba 06       		.uleb128 0x6
 7785 3bbb 04       		.byte	0x4
 7786 3bbc 751B0000 		.4byte	0x1b75
 7787 3bc0 1D       		.uleb128 0x1d
 7788 3bc1 04       		.byte	0x4
 7789 3bc2 36       		.byte	0x36
 7790 3bc3 0001     		.2byte	0x100
 7791 3bc5 E23B0000 		.4byte	0x3be2
 7792 3bc9 1E       		.uleb128 0x1e
 7793 3bca 141F0000 		.4byte	.LASF803
 7794 3bce 36       		.byte	0x36
 7795 3bcf 0601     		.2byte	0x106
 7796 3bd1 8C3B0000 		.4byte	0x3b8c
 7797 3bd5 1E       		.uleb128 0x1e
 7798 3bd6 161E0000 		.4byte	.LASF804
 7799 3bda 36       		.byte	0x36
 7800 3bdb 0C01     		.2byte	0x10c
 7801 3bdd A33B0000 		.4byte	0x3ba3
 7802 3be1 00       		.byte	0
 7803 3be2 0D       		.uleb128 0xd
ARM GAS  /tmp/ccwPAVQD.s 			page 138


 7804 3be3 14       		.byte	0x14
 7805 3be4 36       		.byte	0x36
 7806 3be5 F3       		.byte	0xf3
 7807 3be6 293C0000 		.4byte	0x3c29
 7808 3bea 0E       		.uleb128 0xe
 7809 3beb 98050000 		.4byte	.LASF811
 7810 3bef 36       		.byte	0x36
 7811 3bf0 F7       		.byte	0xf7
 7812 3bf1 8B1D0000 		.4byte	0x1d8b
 7813 3bf5 00       		.byte	0
 7814 3bf6 0E       		.uleb128 0xe
 7815 3bf7 D1130000 		.4byte	.LASF812
 7816 3bfb 36       		.byte	0x36
 7817 3bfc FB       		.byte	0xfb
 7818 3bfd B8000000 		.4byte	0xb8
 7819 3c01 04       		.byte	0x4
 7820 3c02 0E       		.uleb128 0xe
 7821 3c03 25080000 		.4byte	.LASF813
 7822 3c07 36       		.byte	0x36
 7823 3c08 FF       		.byte	0xff
 7824 3c09 B8000000 		.4byte	0xb8
 7825 3c0d 08       		.byte	0x8
 7826 3c0e 18       		.uleb128 0x18
 7827 3c0f 4A080000 		.4byte	.LASF533
 7828 3c13 36       		.byte	0x36
 7829 3c14 0D01     		.2byte	0x10d
 7830 3c16 C03B0000 		.4byte	0x3bc0
 7831 3c1a 0C       		.byte	0xc
 7832 3c1b 18       		.uleb128 0x18
 7833 3c1c 940E0000 		.4byte	.LASF808
 7834 3c20 36       		.byte	0x36
 7835 3c21 1101     		.2byte	0x111
 7836 3c23 B8000000 		.4byte	0xb8
 7837 3c27 10       		.byte	0x10
 7838 3c28 00       		.byte	0
 7839 3c29 08       		.uleb128 0x8
 7840 3c2a 211D0000 		.4byte	.LASF814
 7841 3c2e 36       		.byte	0x36
 7842 3c2f 1201     		.2byte	0x112
 7843 3c31 E23B0000 		.4byte	0x3be2
 7844 3c35 1C       		.uleb128 0x1c
 7845 3c36 24       		.byte	0x24
 7846 3c37 36       		.byte	0x36
 7847 3c38 1801     		.2byte	0x118
 7848 3c3a C13C0000 		.4byte	0x3cc1
 7849 3c3e 18       		.uleb128 0x18
 7850 3c3f 5D170000 		.4byte	.LASF815
 7851 3c43 36       		.byte	0x36
 7852 3c44 1C01     		.2byte	0x11c
 7853 3c46 27090000 		.4byte	0x927
 7854 3c4a 00       		.byte	0
 7855 3c4b 18       		.uleb128 0x18
 7856 3c4c 23090000 		.4byte	.LASF816
 7857 3c50 36       		.byte	0x36
 7858 3c51 2701     		.2byte	0x127
 7859 3c53 F2340000 		.4byte	0x34f2
 7860 3c57 04       		.byte	0x4
ARM GAS  /tmp/ccwPAVQD.s 			page 139


 7861 3c58 18       		.uleb128 0x18
 7862 3c59 A6180000 		.4byte	.LASF817
 7863 3c5d 36       		.byte	0x36
 7864 3c5e 2D01     		.2byte	0x12d
 7865 3c60 F2340000 		.4byte	0x34f2
 7866 3c64 08       		.byte	0x8
 7867 3c65 18       		.uleb128 0x18
 7868 3c66 A90B0000 		.4byte	.LASF818
 7869 3c6a 36       		.byte	0x36
 7870 3c6b 3301     		.2byte	0x133
 7871 3c6d F2340000 		.4byte	0x34f2
 7872 3c71 0C       		.byte	0xc
 7873 3c72 18       		.uleb128 0x18
 7874 3c73 8A240000 		.4byte	.LASF819
 7875 3c77 36       		.byte	0x36
 7876 3c78 3901     		.2byte	0x139
 7877 3c7a 0C090000 		.4byte	0x90c
 7878 3c7e 10       		.byte	0x10
 7879 3c7f 18       		.uleb128 0x18
 7880 3c80 050C0000 		.4byte	.LASF820
 7881 3c84 36       		.byte	0x36
 7882 3c85 3F01     		.2byte	0x13f
 7883 3c87 0C090000 		.4byte	0x90c
 7884 3c8b 12       		.byte	0x12
 7885 3c8c 18       		.uleb128 0x18
 7886 3c8d 52230000 		.4byte	.LASF821
 7887 3c91 36       		.byte	0x36
 7888 3c92 4401     		.2byte	0x144
 7889 3c94 C13C0000 		.4byte	0x3cc1
 7890 3c98 14       		.byte	0x14
 7891 3c99 18       		.uleb128 0x18
 7892 3c9a 8B0D0000 		.4byte	.LASF822
 7893 3c9e 36       		.byte	0x36
 7894 3c9f 4901     		.2byte	0x149
 7895 3ca1 C73C0000 		.4byte	0x3cc7
 7896 3ca5 18       		.byte	0x18
 7897 3ca6 18       		.uleb128 0x18
 7898 3ca7 91120000 		.4byte	.LASF823
 7899 3cab 36       		.byte	0x36
 7900 3cac 5001     		.2byte	0x150
 7901 3cae 0C090000 		.4byte	0x90c
 7902 3cb2 1C       		.byte	0x1c
 7903 3cb3 18       		.uleb128 0x18
 7904 3cb4 B9220000 		.4byte	.LASF824
 7905 3cb8 36       		.byte	0x36
 7906 3cb9 5601     		.2byte	0x156
 7907 3cbb 6F1B0000 		.4byte	0x1b6f
 7908 3cbf 20       		.byte	0x20
 7909 3cc0 00       		.byte	0
 7910 3cc1 06       		.uleb128 0x6
 7911 3cc2 04       		.byte	0x4
 7912 3cc3 813B0000 		.4byte	0x3b81
 7913 3cc7 06       		.uleb128 0x6
 7914 3cc8 04       		.byte	0x4
 7915 3cc9 293C0000 		.4byte	0x3c29
 7916 3ccd 08       		.uleb128 0x8
 7917 3cce 9F1E0000 		.4byte	.LASF825
ARM GAS  /tmp/ccwPAVQD.s 			page 140


 7918 3cd2 36       		.byte	0x36
 7919 3cd3 5701     		.2byte	0x157
 7920 3cd5 353C0000 		.4byte	0x3c35
 7921 3cd9 16       		.uleb128 0x16
 7922 3cda CD3C0000 		.4byte	0x3ccd
 7923 3cde 1C       		.uleb128 0x1c
 7924 3cdf 10       		.byte	0x10
 7925 3ce0 36       		.byte	0x36
 7926 3ce1 5C01     		.2byte	0x15c
 7927 3ce3 1C3D0000 		.4byte	0x3d1c
 7928 3ce7 18       		.uleb128 0x18
 7929 3ce8 9D040000 		.4byte	.LASF826
 7930 3cec 36       		.byte	0x36
 7931 3ced 6101     		.2byte	0x161
 7932 3cef 14350000 		.4byte	0x3514
 7933 3cf3 00       		.byte	0
 7934 3cf4 18       		.uleb128 0x18
 7935 3cf5 17220000 		.4byte	.LASF827
 7936 3cf9 36       		.byte	0x36
 7937 3cfa 6601     		.2byte	0x166
 7938 3cfc 57350000 		.4byte	0x3557
 7939 3d00 04       		.byte	0x4
 7940 3d01 18       		.uleb128 0x18
 7941 3d02 F9120000 		.4byte	.LASF828
 7942 3d06 36       		.byte	0x36
 7943 3d07 6C01     		.2byte	0x16c
 7944 3d09 36350000 		.4byte	0x3536
 7945 3d0d 08       		.byte	0x8
 7946 3d0e 18       		.uleb128 0x18
 7947 3d0f 27020000 		.4byte	.LASF829
 7948 3d13 36       		.byte	0x36
 7949 3d14 7001     		.2byte	0x170
 7950 3d16 CF340000 		.4byte	0x34cf
 7951 3d1a 0C       		.byte	0xc
 7952 3d1b 00       		.byte	0
 7953 3d1c 08       		.uleb128 0x8
 7954 3d1d 29120000 		.4byte	.LASF830
 7955 3d21 36       		.byte	0x36
 7956 3d22 7201     		.2byte	0x172
 7957 3d24 DE3C0000 		.4byte	0x3cde
 7958 3d28 16       		.uleb128 0x16
 7959 3d29 1C3D0000 		.4byte	0x3d1c
 7960 3d2d 06       		.uleb128 0x6
 7961 3d2e 04       		.byte	0x4
 7962 3d2f 283D0000 		.4byte	0x3d28
 7963 3d33 0B       		.uleb128 0xb
 7964 3d34 433D0000 		.4byte	0x3d43
 7965 3d38 433D0000 		.4byte	0x3d43
 7966 3d3c 0C       		.uleb128 0xc
 7967 3d3d B1000000 		.4byte	0xb1
 7968 3d41 03       		.byte	0x3
 7969 3d42 00       		.byte	0
 7970 3d43 06       		.uleb128 0x6
 7971 3d44 04       		.byte	0x4
 7972 3d45 D93C0000 		.4byte	0x3cd9
 7973 3d49 0B       		.uleb128 0xb
 7974 3d4a CA000000 		.4byte	0xca
ARM GAS  /tmp/ccwPAVQD.s 			page 141


 7975 3d4e 593D0000 		.4byte	0x3d59
 7976 3d52 0C       		.uleb128 0xc
 7977 3d53 B1000000 		.4byte	0xb1
 7978 3d57 02       		.byte	0x2
 7979 3d58 00       		.byte	0
 7980 3d59 06       		.uleb128 0x6
 7981 3d5a 04       		.byte	0x4
 7982 3d5b A53A0000 		.4byte	0x3aa5
 7983 3d5f 06       		.uleb128 0x6
 7984 3d60 04       		.byte	0x4
 7985 3d61 E83A0000 		.4byte	0x3ae8
 7986 3d65 0B       		.uleb128 0xb
 7987 3d66 6E150000 		.4byte	0x156e
 7988 3d6a 753D0000 		.4byte	0x3d75
 7989 3d6e 0C       		.uleb128 0xc
 7990 3d6f B1000000 		.4byte	0xb1
 7991 3d73 3E       		.byte	0x3e
 7992 3d74 00       		.byte	0
 7993 3d75 20       		.uleb128 0x20
 7994 3d76 6F150000 		.4byte	.LASF831
 7995 3d7a 36       		.byte	0x36
 7996 3d7b 0602     		.2byte	0x206
 7997 3d7d 9B320000 		.4byte	0x329b
 7998 3d81 22       		.uleb128 0x22
 7999 3d82 ED080000 		.4byte	.LASF832
 8000 3d86 38       		.byte	0x38
 8001 3d87 10       		.byte	0x10
 8002 3d88 8C3D0000 		.4byte	0x3d8c
 8003 3d8c 06       		.uleb128 0x6
 8004 3d8d 04       		.byte	0x4
 8005 3d8e B2050000 		.4byte	0x5b2
 8006 3d92 22       		.uleb128 0x22
 8007 3d93 A2060000 		.4byte	.LASF833
 8008 3d97 38       		.byte	0x38
 8009 3d98 E8       		.byte	0xe8
 8010 3d99 B2050000 		.4byte	0x5b2
 8011 3d9d 22       		.uleb128 0x22
 8012 3d9e 9E210000 		.4byte	.LASF834
 8013 3da2 38       		.byte	0x38
 8014 3da3 E9       		.byte	0xe9
 8015 3da4 9F000000 		.4byte	0x9f
 8016 3da8 22       		.uleb128 0x22
 8017 3da9 60160000 		.4byte	.LASF835
 8018 3dad 38       		.byte	0x38
 8019 3dae E9       		.byte	0xe9
 8020 3daf 9F000000 		.4byte	0x9f
 8021 3db3 22       		.uleb128 0x22
 8022 3db4 FF130000 		.4byte	.LASF836
 8023 3db8 38       		.byte	0x38
 8024 3db9 E9       		.byte	0xe9
 8025 3dba 9F000000 		.4byte	0x9f
 8026 3dbe 22       		.uleb128 0x22
 8027 3dbf 0A080000 		.4byte	.LASF837
 8028 3dc3 38       		.byte	0x38
 8029 3dc4 EB       		.byte	0xeb
 8030 3dc5 9F000000 		.4byte	0x9f
 8031 3dc9 0F       		.uleb128 0xf
ARM GAS  /tmp/ccwPAVQD.s 			page 142


 8032 3dca 421F0000 		.4byte	.LASF838
 8033 3dce 5C       		.byte	0x5c
 8034 3dcf 39       		.byte	0x39
 8035 3dd0 0C       		.byte	0xc
 8036 3dd1 363E0000 		.4byte	0x3e36
 8037 3dd5 0E       		.uleb128 0xe
 8038 3dd6 D31B0000 		.4byte	.LASF839
 8039 3dda 39       		.byte	0x39
 8040 3ddb 0D       		.byte	0xd
 8041 3ddc CA000000 		.4byte	0xca
 8042 3de0 00       		.byte	0
 8043 3de1 0E       		.uleb128 0xe
 8044 3de2 F5180000 		.4byte	.LASF840
 8045 3de6 39       		.byte	0x39
 8046 3de7 0E       		.byte	0xe
 8047 3de8 B8000000 		.4byte	0xb8
 8048 3dec 04       		.byte	0x4
 8049 3ded 0E       		.uleb128 0xe
 8050 3dee 7E0A0000 		.4byte	.LASF841
 8051 3df2 39       		.byte	0x39
 8052 3df3 0F       		.byte	0xf
 8053 3df4 CA000000 		.4byte	0xca
 8054 3df8 08       		.byte	0x8
 8055 3df9 0E       		.uleb128 0xe
 8056 3dfa 64060000 		.4byte	.LASF842
 8057 3dfe 39       		.byte	0x39
 8058 3dff 10       		.byte	0x10
 8059 3e00 CA000000 		.4byte	0xca
 8060 3e04 0C       		.byte	0xc
 8061 3e05 0E       		.uleb128 0xe
 8062 3e06 20210000 		.4byte	.LASF843
 8063 3e0a 39       		.byte	0x39
 8064 3e0b 11       		.byte	0x11
 8065 3e0c 363E0000 		.4byte	0x3e36
 8066 3e10 10       		.byte	0x10
 8067 3e11 0E       		.uleb128 0xe
 8068 3e12 65010000 		.4byte	.LASF844
 8069 3e16 39       		.byte	0x39
 8070 3e17 12       		.byte	0x12
 8071 3e18 8B1D0000 		.4byte	0x1d8b
 8072 3e1c 51       		.byte	0x51
 8073 3e1d 0E       		.uleb128 0xe
 8074 3e1e 5A1E0000 		.4byte	.LASF845
 8075 3e22 39       		.byte	0x39
 8076 3e23 13       		.byte	0x13
 8077 3e24 6B3E0000 		.4byte	0x3e6b
 8078 3e28 54       		.byte	0x54
 8079 3e29 0E       		.uleb128 0xe
 8080 3e2a 4B020000 		.4byte	.LASF846
 8081 3e2e 39       		.byte	0x39
 8082 3e2f 14       		.byte	0x14
 8083 3e30 713E0000 		.4byte	0x3e71
 8084 3e34 58       		.byte	0x58
 8085 3e35 00       		.byte	0
 8086 3e36 0B       		.uleb128 0xb
 8087 3e37 B8050000 		.4byte	0x5b8
 8088 3e3b 463E0000 		.4byte	0x3e46
ARM GAS  /tmp/ccwPAVQD.s 			page 143


 8089 3e3f 0C       		.uleb128 0xc
 8090 3e40 B1000000 		.4byte	0xb1
 8091 3e44 40       		.byte	0x40
 8092 3e45 00       		.byte	0
 8093 3e46 0F       		.uleb128 0xf
 8094 3e47 32000000 		.4byte	.LASF847
 8095 3e4b 08       		.byte	0x8
 8096 3e4c 39       		.byte	0x39
 8097 3e4d 25       		.byte	0x25
 8098 3e4e 6B3E0000 		.4byte	0x3e6b
 8099 3e52 0E       		.uleb128 0xe
 8100 3e53 851D0000 		.4byte	.LASF848
 8101 3e57 39       		.byte	0x39
 8102 3e58 26       		.byte	0x26
 8103 3e59 113F0000 		.4byte	0x3f11
 8104 3e5d 00       		.byte	0
 8105 3e5e 0E       		.uleb128 0xe
 8106 3e5f 4B020000 		.4byte	.LASF846
 8107 3e63 39       		.byte	0x39
 8108 3e64 27       		.byte	0x27
 8109 3e65 6B3E0000 		.4byte	0x3e6b
 8110 3e69 04       		.byte	0x4
 8111 3e6a 00       		.byte	0
 8112 3e6b 06       		.uleb128 0x6
 8113 3e6c 04       		.byte	0x4
 8114 3e6d 463E0000 		.4byte	0x3e46
 8115 3e71 06       		.uleb128 0x6
 8116 3e72 04       		.byte	0x4
 8117 3e73 C93D0000 		.4byte	0x3dc9
 8118 3e77 03       		.uleb128 0x3
 8119 3e78 26180000 		.4byte	.LASF849
 8120 3e7c 39       		.byte	0x39
 8121 3e7d 15       		.byte	0x15
 8122 3e7e C93D0000 		.4byte	0x3dc9
 8123 3e82 0D       		.uleb128 0xd
 8124 3e83 04       		.byte	0x4
 8125 3e84 39       		.byte	0x39
 8126 3e85 18       		.byte	0x18
 8127 3e86 973E0000 		.4byte	0x3e97
 8128 3e8a 0E       		.uleb128 0xe
 8129 3e8b 380A0000 		.4byte	.LASF850
 8130 3e8f 39       		.byte	0x39
 8131 3e90 19       		.byte	0x19
 8132 3e91 973E0000 		.4byte	0x3e97
 8133 3e95 00       		.byte	0
 8134 3e96 00       		.byte	0
 8135 3e97 06       		.uleb128 0x6
 8136 3e98 04       		.byte	0x4
 8137 3e99 773E0000 		.4byte	0x3e77
 8138 3e9d 0D       		.uleb128 0xd
 8139 3e9e 0C       		.byte	0xc
 8140 3e9f 39       		.byte	0x39
 8141 3ea0 17       		.byte	0x17
 8142 3ea1 CA3E0000 		.4byte	0x3eca
 8143 3ea5 0E       		.uleb128 0xe
 8144 3ea6 931F0000 		.4byte	.LASF851
 8145 3eaa 39       		.byte	0x39
ARM GAS  /tmp/ccwPAVQD.s 			page 144


 8146 3eab 1A       		.byte	0x1a
 8147 3eac 823E0000 		.4byte	0x3e82
 8148 3eb0 00       		.byte	0
 8149 3eb1 0E       		.uleb128 0xe
 8150 3eb2 7E0A0000 		.4byte	.LASF841
 8151 3eb6 39       		.byte	0x39
 8152 3eb7 1B       		.byte	0x1b
 8153 3eb8 CA000000 		.4byte	0xca
 8154 3ebc 04       		.byte	0x4
 8155 3ebd 0E       		.uleb128 0xe
 8156 3ebe 64060000 		.4byte	.LASF842
 8157 3ec2 39       		.byte	0x39
 8158 3ec3 1C       		.byte	0x1c
 8159 3ec4 CA000000 		.4byte	0xca
 8160 3ec8 08       		.byte	0x8
 8161 3ec9 00       		.byte	0
 8162 3eca 03       		.uleb128 0x3
 8163 3ecb 42100000 		.4byte	.LASF852
 8164 3ecf 39       		.byte	0x39
 8165 3ed0 1D       		.byte	0x1d
 8166 3ed1 9D3E0000 		.4byte	0x3e9d
 8167 3ed5 0F       		.uleb128 0xf
 8168 3ed6 141A0000 		.4byte	.LASF853
 8169 3eda 0C       		.byte	0xc
 8170 3edb 39       		.byte	0x39
 8171 3edc 1F       		.byte	0x1f
 8172 3edd 063F0000 		.4byte	0x3f06
 8173 3ee1 0E       		.uleb128 0xe
 8174 3ee2 7E0A0000 		.4byte	.LASF841
 8175 3ee6 39       		.byte	0x39
 8176 3ee7 20       		.byte	0x20
 8177 3ee8 CA000000 		.4byte	0xca
 8178 3eec 00       		.byte	0
 8179 3eed 0E       		.uleb128 0xe
 8180 3eee 64060000 		.4byte	.LASF842
 8181 3ef2 39       		.byte	0x39
 8182 3ef3 21       		.byte	0x21
 8183 3ef4 CA000000 		.4byte	0xca
 8184 3ef8 04       		.byte	0x4
 8185 3ef9 0E       		.uleb128 0xe
 8186 3efa 1E040000 		.4byte	.LASF854
 8187 3efe 39       		.byte	0x39
 8188 3eff 22       		.byte	0x22
 8189 3f00 973E0000 		.4byte	0x3e97
 8190 3f04 08       		.byte	0x8
 8191 3f05 00       		.byte	0
 8192 3f06 03       		.uleb128 0x3
 8193 3f07 5F1B0000 		.4byte	.LASF855
 8194 3f0b 39       		.byte	0x39
 8195 3f0c 23       		.byte	0x23
 8196 3f0d D53E0000 		.4byte	0x3ed5
 8197 3f11 06       		.uleb128 0x6
 8198 3f12 04       		.byte	0x4
 8199 3f13 063F0000 		.4byte	0x3f06
 8200 3f17 03       		.uleb128 0x3
 8201 3f18 A5110000 		.4byte	.LASF856
 8202 3f1c 3A       		.byte	0x3a
ARM GAS  /tmp/ccwPAVQD.s 			page 145


 8203 3f1d 08       		.byte	0x8
 8204 3f1e 223F0000 		.4byte	0x3f22
 8205 3f22 0F       		.uleb128 0xf
 8206 3f23 C91D0000 		.4byte	.LASF857
 8207 3f27 18       		.byte	0x18
 8208 3f28 3A       		.byte	0x3a
 8209 3f29 0B       		.byte	0xb
 8210 3f2a 763F0000 		.4byte	0x3f76
 8211 3f2e 10       		.uleb128 0x10
 8212 3f2f 696400   		.ascii	"id\000"
 8213 3f32 3A       		.byte	0x3a
 8214 3f33 0C       		.byte	0xc
 8215 3f34 E8050000 		.4byte	0x5e8
 8216 3f38 00       		.byte	0
 8217 3f39 0E       		.uleb128 0xe
 8218 3f3a 54010000 		.4byte	.LASF858
 8219 3f3e 3A       		.byte	0x3a
 8220 3f3f 0D       		.byte	0xd
 8221 3f40 17090000 		.4byte	0x917
 8222 3f44 04       		.byte	0x4
 8223 3f45 0E       		.uleb128 0xe
 8224 3f46 D1220000 		.4byte	.LASF859
 8225 3f4a 3A       		.byte	0x3a
 8226 3f4b 0E       		.byte	0xe
 8227 3f4c E03F0000 		.4byte	0x3fe0
 8228 3f50 08       		.byte	0x8
 8229 3f51 0E       		.uleb128 0xe
 8230 3f52 CD0A0000 		.4byte	.LASF860
 8231 3f56 3A       		.byte	0x3a
 8232 3f57 0F       		.byte	0xf
 8233 3f58 E03F0000 		.4byte	0x3fe0
 8234 3f5c 0C       		.byte	0xc
 8235 3f5d 0E       		.uleb128 0xe
 8236 3f5e 4B020000 		.4byte	.LASF846
 8237 3f62 3A       		.byte	0x3a
 8238 3f63 10       		.byte	0x10
 8239 3f64 E03F0000 		.4byte	0x3fe0
 8240 3f68 10       		.byte	0x10
 8241 3f69 0E       		.uleb128 0xe
 8242 3f6a 2C230000 		.4byte	.LASF861
 8243 3f6e 3A       		.byte	0x3a
 8244 3f6f 11       		.byte	0x11
 8245 3f70 E63F0000 		.4byte	0x3fe6
 8246 3f74 14       		.byte	0x14
 8247 3f75 00       		.byte	0
 8248 3f76 03       		.uleb128 0x3
 8249 3f77 D8140000 		.4byte	.LASF862
 8250 3f7b 3A       		.byte	0x3a
 8251 3f7c 09       		.byte	0x9
 8252 3f7d 813F0000 		.4byte	0x3f81
 8253 3f81 0F       		.uleb128 0xf
 8254 3f82 63100000 		.4byte	.LASF863
 8255 3f86 18       		.byte	0x18
 8256 3f87 3A       		.byte	0x3a
 8257 3f88 2E       		.byte	0x2e
 8258 3f89 E03F0000 		.4byte	0x3fe0
 8259 3f8d 10       		.uleb128 0x10
ARM GAS  /tmp/ccwPAVQD.s 			page 146


 8260 3f8e 696400   		.ascii	"id\000"
 8261 3f91 3A       		.byte	0x3a
 8262 3f92 2F       		.byte	0x2f
 8263 3f93 E8050000 		.4byte	0x5e8
 8264 3f97 00       		.byte	0
 8265 3f98 10       		.uleb128 0x10
 8266 3f99 6E7300   		.ascii	"ns\000"
 8267 3f9c 3A       		.byte	0x3a
 8268 3f9d 30       		.byte	0x30
 8269 3f9e E03F0000 		.4byte	0x3fe0
 8270 3fa2 04       		.byte	0x4
 8271 3fa3 0E       		.uleb128 0xe
 8272 3fa4 4B020000 		.4byte	.LASF846
 8273 3fa8 3A       		.byte	0x3a
 8274 3fa9 31       		.byte	0x31
 8275 3faa E63F0000 		.4byte	0x3fe6
 8276 3fae 08       		.byte	0x8
 8277 3faf 0E       		.uleb128 0xe
 8278 3fb0 3E1D0000 		.4byte	.LASF864
 8279 3fb4 3A       		.byte	0x3a
 8280 3fb5 32       		.byte	0x32
 8281 3fb6 8B1D0000 		.4byte	0x1d8b
 8282 3fba 0C       		.byte	0xc
 8283 3fbb 0E       		.uleb128 0xe
 8284 3fbc 18110000 		.4byte	.LASF865
 8285 3fc0 3A       		.byte	0x3a
 8286 3fc1 33       		.byte	0x33
 8287 3fc2 8B1D0000 		.4byte	0x1d8b
 8288 3fc6 0D       		.byte	0xd
 8289 3fc7 0E       		.uleb128 0xe
 8290 3fc8 2A070000 		.4byte	.LASF866
 8291 3fcc 3A       		.byte	0x3a
 8292 3fcd 34       		.byte	0x34
 8293 3fce F1080000 		.4byte	0x8f1
 8294 3fd2 0E       		.byte	0xe
 8295 3fd3 0E       		.uleb128 0xe
 8296 3fd4 860B0000 		.4byte	.LASF867
 8297 3fd8 3A       		.byte	0x3a
 8298 3fd9 3C       		.byte	0x3c
 8299 3fda 81400000 		.4byte	0x4081
 8300 3fde 10       		.byte	0x10
 8301 3fdf 00       		.byte	0
 8302 3fe0 06       		.uleb128 0x6
 8303 3fe1 04       		.byte	0x4
 8304 3fe2 173F0000 		.4byte	0x3f17
 8305 3fe6 06       		.uleb128 0x6
 8306 3fe7 04       		.byte	0x4
 8307 3fe8 763F0000 		.4byte	0x3f76
 8308 3fec 0F       		.uleb128 0xf
 8309 3fed F1160000 		.4byte	.LASF868
 8310 3ff1 08       		.byte	0x8
 8311 3ff2 3A       		.byte	0x3a
 8312 3ff3 14       		.byte	0x14
 8313 3ff4 1D400000 		.4byte	0x401d
 8314 3ff8 10       		.uleb128 0x10
 8315 3ff9 62756600 		.ascii	"buf\000"
 8316 3ffd 3A       		.byte	0x3a
ARM GAS  /tmp/ccwPAVQD.s 			page 147


 8317 3ffe 15       		.byte	0x15
 8318 3fff B2050000 		.4byte	0x5b2
 8319 4003 00       		.byte	0
 8320 4004 0E       		.uleb128 0xe
 8321 4005 FA220000 		.4byte	.LASF869
 8322 4009 3A       		.byte	0x3a
 8323 400a 16       		.byte	0x16
 8324 400b 0C090000 		.4byte	0x90c
 8325 400f 04       		.byte	0x4
 8326 4010 10       		.uleb128 0x10
 8327 4011 6C656E00 		.ascii	"len\000"
 8328 4015 3A       		.byte	0x3a
 8329 4016 17       		.byte	0x17
 8330 4017 0C090000 		.4byte	0x90c
 8331 401b 06       		.byte	0x6
 8332 401c 00       		.byte	0
 8333 401d 0F       		.uleb128 0xf
 8334 401e D6150000 		.4byte	.LASF870
 8335 4022 08       		.byte	0x8
 8336 4023 3A       		.byte	0x3a
 8337 4024 1A       		.byte	0x1a
 8338 4025 4E400000 		.4byte	0x404e
 8339 4029 10       		.uleb128 0x10
 8340 402a 62756600 		.ascii	"buf\000"
 8341 402e 3A       		.byte	0x3a
 8342 402f 1B       		.byte	0x1b
 8343 4030 4E400000 		.4byte	0x404e
 8344 4034 00       		.byte	0
 8345 4035 0E       		.uleb128 0xe
 8346 4036 99080000 		.4byte	.LASF871
 8347 403a 3A       		.byte	0x3a
 8348 403b 1C       		.byte	0x1c
 8349 403c 0C090000 		.4byte	0x90c
 8350 4040 04       		.byte	0x4
 8351 4041 10       		.uleb128 0x10
 8352 4042 64696D00 		.ascii	"dim\000"
 8353 4046 3A       		.byte	0x3a
 8354 4047 1D       		.byte	0x1d
 8355 4048 0C090000 		.4byte	0x90c
 8356 404c 06       		.byte	0x6
 8357 404d 00       		.byte	0
 8358 404e 06       		.uleb128 0x6
 8359 404f 04       		.byte	0x4
 8360 4050 64090000 		.4byte	0x964
 8361 4054 0F       		.uleb128 0xf
 8362 4055 9C0E0000 		.4byte	.LASF872
 8363 4059 08       		.byte	0x8
 8364 405a 3A       		.byte	0x3a
 8365 405b 20       		.byte	0x20
 8366 405c 81400000 		.4byte	0x4081
 8367 4060 10       		.uleb128 0x10
 8368 4061 62756600 		.ascii	"buf\000"
 8369 4065 3A       		.byte	0x3a
 8370 4066 21       		.byte	0x21
 8371 4067 4E400000 		.4byte	0x404e
 8372 406b 00       		.byte	0
 8373 406c 10       		.uleb128 0x10
ARM GAS  /tmp/ccwPAVQD.s 			page 148


 8374 406d 6E00     		.ascii	"n\000"
 8375 406f 3A       		.byte	0x3a
 8376 4070 22       		.byte	0x22
 8377 4071 0C090000 		.4byte	0x90c
 8378 4075 04       		.byte	0x4
 8379 4076 10       		.uleb128 0x10
 8380 4077 6D00     		.ascii	"m\000"
 8381 4079 3A       		.byte	0x3a
 8382 407a 23       		.byte	0x23
 8383 407b 0C090000 		.4byte	0x90c
 8384 407f 06       		.byte	0x6
 8385 4080 00       		.byte	0
 8386 4081 09       		.uleb128 0x9
 8387 4082 08       		.byte	0x8
 8388 4083 3A       		.byte	0x3a
 8389 4084 35       		.byte	0x35
 8390 4085 C6400000 		.4byte	0x40c6
 8391 4089 2C       		.uleb128 0x2c
 8392 408a 6200     		.ascii	"b\000"
 8393 408c 3A       		.byte	0x3a
 8394 408d 36       		.byte	0x36
 8395 408e 8B1D0000 		.4byte	0x1d8b
 8396 4092 2C       		.uleb128 0x2c
 8397 4093 7300     		.ascii	"s\000"
 8398 4095 3A       		.byte	0x3a
 8399 4096 37       		.byte	0x37
 8400 4097 64090000 		.4byte	0x964
 8401 409b 2C       		.uleb128 0x2c
 8402 409c 6900     		.ascii	"i\000"
 8403 409e 3A       		.byte	0x3a
 8404 409f 38       		.byte	0x38
 8405 40a0 17090000 		.4byte	0x917
 8406 40a4 2C       		.uleb128 0x2c
 8407 40a5 73747200 		.ascii	"str\000"
 8408 40a9 3A       		.byte	0x3a
 8409 40aa 39       		.byte	0x39
 8410 40ab EC3F0000 		.4byte	0x3fec
 8411 40af 0A       		.uleb128 0xa
 8412 40b0 B4000000 		.4byte	.LASF873
 8413 40b4 3A       		.byte	0x3a
 8414 40b5 3A       		.byte	0x3a
 8415 40b6 1D400000 		.4byte	0x401d
 8416 40ba 2C       		.uleb128 0x2c
 8417 40bb 6D617400 		.ascii	"mat\000"
 8418 40bf 3A       		.byte	0x3a
 8419 40c0 3B       		.byte	0x3b
 8420 40c1 54400000 		.4byte	0x4054
 8421 40c5 00       		.byte	0
 8422 40c6 31       		.uleb128 0x31
 8423 40c7 62757300 		.ascii	"bus\000"
 8424 40cb 3B       		.byte	0x3b
 8425 40cc 0C       		.byte	0xc
 8426 40cd CA3E0000 		.4byte	0x3eca
 8427 40d1 22       		.uleb128 0x22
 8428 40d2 D30C0000 		.4byte	.LASF874
 8429 40d6 3B       		.byte	0x3b
 8430 40d7 0E       		.byte	0xe
ARM GAS  /tmp/ccwPAVQD.s 			page 149


 8431 40d8 173F0000 		.4byte	0x3f17
 8432 40dc 2B       		.uleb128 0x2b
 8433 40dd 07       		.byte	0x7
 8434 40de 01       		.byte	0x1
 8435 40df 37000000 		.4byte	0x37
 8436 40e3 3C       		.byte	0x3c
 8437 40e4 0D       		.byte	0xd
 8438 40e5 08410000 		.4byte	0x4108
 8439 40e9 25       		.uleb128 0x25
 8440 40ea CF1A0000 		.4byte	.LASF875
 8441 40ee 00       		.byte	0
 8442 40ef 25       		.uleb128 0x25
 8443 40f0 D41A0000 		.4byte	.LASF876
 8444 40f4 01       		.byte	0x1
 8445 40f5 25       		.uleb128 0x25
 8446 40f6 D91A0000 		.4byte	.LASF877
 8447 40fa 02       		.byte	0x2
 8448 40fb 25       		.uleb128 0x25
 8449 40fc DE1A0000 		.4byte	.LASF878
 8450 4100 03       		.byte	0x3
 8451 4101 25       		.uleb128 0x25
 8452 4102 57110000 		.4byte	.LASF879
 8453 4106 04       		.byte	0x4
 8454 4107 00       		.byte	0
 8455 4108 07       		.uleb128 0x7
 8456 4109 FA070000 		.4byte	.LASF880
 8457 410d 22       		.uleb128 0x22
 8458 410e 86110000 		.4byte	.LASF881
 8459 4112 3D       		.byte	0x3d
 8460 4113 09       		.byte	0x9
 8461 4114 08410000 		.4byte	0x4108
 8462 4118 22       		.uleb128 0x22
 8463 4119 32150000 		.4byte	.LASF882
 8464 411d 3D       		.byte	0x3d
 8465 411e 0A       		.byte	0xa
 8466 411f 08410000 		.4byte	0x4108
 8467 4123 32       		.uleb128 0x32
 8468 4124 C6400000 		.4byte	0x40c6
 8469 4128 01       		.byte	0x1
 8470 4129 17       		.byte	0x17
 8471 412a 05       		.uleb128 0x5
 8472 412b 03       		.byte	0x3
 8473 412c 00000000 		.4byte	bus
 8474 4130 33       		.uleb128 0x33
 8475 4131 3E040000 		.4byte	.LASF883
 8476 4135 01       		.byte	0x1
 8477 4136 18       		.byte	0x18
 8478 4137 221A0000 		.4byte	0x1a22
 8479 413b 05       		.uleb128 0x5
 8480 413c 03       		.byte	0x3
 8481 413d 00000000 		.4byte	bus_lock
 8482 4141 33       		.uleb128 0x33
 8483 4142 B8010000 		.4byte	.LASF884
 8484 4146 01       		.byte	0x1
 8485 4147 19       		.byte	0x19
 8486 4148 4C1A0000 		.4byte	0x1a4c
 8487 414c 05       		.uleb128 0x5
ARM GAS  /tmp/ccwPAVQD.s 			page 150


 8488 414d 03       		.byte	0x3
 8489 414e 00000000 		.4byte	bus_condvar
 8490 4152 33       		.uleb128 0x33
 8491 4153 80170000 		.4byte	.LASF885
 8492 4157 01       		.byte	0x1
 8493 4158 BA       		.byte	0xba
 8494 4159 47090000 		.4byte	0x947
 8495 415d 05       		.uleb128 0x5
 8496 415e 03       		.byte	0x3
 8497 415f 00000000 		.4byte	__stack_chk_guard
 8498 4163 34       		.uleb128 0x34
 8499 4164 D0050000 		.4byte	.LASF915
 8500 4168 01       		.byte	0x1
 8501 4169 BC       		.byte	0xbc
 8502 416a 00000000 		.4byte	.LFB260
 8503 416e 2C000000 		.4byte	.LFE260-.LFB260
 8504 4172 01       		.uleb128 0x1
 8505 4173 9C       		.byte	0x9c
 8506 4174 99410000 		.4byte	0x4199
 8507 4178 35       		.uleb128 0x35
 8508 4179 1E000000 		.4byte	.LVL66
 8509 417d 0F450000 		.4byte	0x450f
 8510 4181 8F410000 		.4byte	0x418f
 8511 4185 36       		.uleb128 0x36
 8512 4186 01       		.uleb128 0x1
 8513 4187 50       		.byte	0x50
 8514 4188 05       		.uleb128 0x5
 8515 4189 03       		.byte	0x3
 8516 418a 00000000 		.4byte	.LC0
 8517 418e 00       		.byte	0
 8518 418f 37       		.uleb128 0x37
 8519 4190 22000000 		.4byte	.LVL67
 8520 4194 1B450000 		.4byte	0x451b
 8521 4198 00       		.byte	0
 8522 4199 38       		.uleb128 0x38
 8523 419a 64230000 		.4byte	.LASF916
 8524 419e 01       		.byte	0x1
 8525 419f 1D       		.byte	0x1d
 8526 41a0 9F000000 		.4byte	0x9f
 8527 41a4 00000000 		.4byte	.LFB259
 8528 41a8 88010000 		.4byte	.LFE259-.LFB259
 8529 41ac 01       		.uleb128 0x1
 8530 41ad 9C       		.byte	0x9c
 8531 41ae 0F450000 		.4byte	0x450f
 8532 41b2 39       		.uleb128 0x39
 8533 41b3 78240000 		.4byte	.LASF886
 8534 41b7 01       		.byte	0x1
 8535 41b8 35       		.byte	0x35
 8536 41b9 9F000000 		.4byte	0x9f
 8537 41bd 00000000 		.4byte	.LLST0
 8538 41c1 39       		.uleb128 0x39
 8539 41c2 B2060000 		.4byte	.LASF887
 8540 41c6 01       		.byte	0x1
 8541 41c7 36       		.byte	0x36
 8542 41c8 9F000000 		.4byte	0x9f
 8543 41cc 2A000000 		.4byte	.LLST1
 8544 41d0 3A       		.uleb128 0x3a
ARM GAS  /tmp/ccwPAVQD.s 			page 151


 8545 41d1 2E010000 		.4byte	.LASF888
 8546 41d5 01       		.byte	0x1
 8547 41d6 38       		.byte	0x38
 8548 41d7 9F000000 		.4byte	0x9f
 8549 41db 05       		.byte	0x5
 8550 41dc 3B       		.uleb128 0x3b
 8551 41dd 80000000 		.4byte	.LASF889
 8552 41e1 01       		.byte	0x1
 8553 41e2 39       		.byte	0x39
 8554 41e3 9F000000 		.4byte	0x9f
 8555 41e7 5802     		.2byte	0x258
 8556 41e9 3C       		.uleb128 0x3c
 8557 41ea 851F0000 		.4byte	.LASF891
 8558 41ee 01       		.byte	0x1
 8559 41ef 3A       		.byte	0x3a
 8560 41f0 9F000000 		.4byte	0x9f
 8561 41f4 3D       		.uleb128 0x3d
 8562 41f5 746F6600 		.ascii	"tof\000"
 8563 41f9 01       		.byte	0x1
 8564 41fa 3B       		.byte	0x3b
 8565 41fb 9F000000 		.4byte	0x9f
 8566 41ff 07       		.uleb128 0x7
 8567 4200 74       		.byte	0x74
 8568 4201 00       		.sleb128 0
 8569 4202 0A       		.byte	0xa
 8570 4203 FFFF     		.2byte	0xffff
 8571 4205 1A       		.byte	0x1a
 8572 4206 9F       		.byte	0x9f
 8573 4207 3A       		.uleb128 0x3a
 8574 4208 B9000000 		.4byte	.LASF890
 8575 420c 01       		.byte	0x1
 8576 420d 3C       		.byte	0x3c
 8577 420e 9F000000 		.4byte	0x9f
 8578 4212 64       		.byte	0x64
 8579 4213 3C       		.uleb128 0x3c
 8580 4214 39020000 		.4byte	.LASF892
 8581 4218 01       		.byte	0x1
 8582 4219 3D       		.byte	0x3d
 8583 421a 9F000000 		.4byte	0x9f
 8584 421e 3E       		.uleb128 0x3e
 8585 421f 00000000 		.4byte	.Ldebug_ranges0+0
 8586 4223 59420000 		.4byte	0x4259
 8587 4227 3F       		.uleb128 0x3f
 8588 4228 6900     		.ascii	"i\000"
 8589 422a 01       		.byte	0x1
 8590 422b 46       		.byte	0x46
 8591 422c 9F000000 		.4byte	0x9f
 8592 4230 AC000000 		.4byte	.LLST2
 8593 4234 40       		.uleb128 0x40
 8594 4235 5A000000 		.4byte	.LVL14
 8595 4239 24450000 		.4byte	0x4524
 8596 423d 48420000 		.4byte	0x4248
 8597 4241 36       		.uleb128 0x36
 8598 4242 01       		.uleb128 0x1
 8599 4243 50       		.byte	0x50
 8600 4244 02       		.uleb128 0x2
 8601 4245 74       		.byte	0x74
ARM GAS  /tmp/ccwPAVQD.s 			page 152


 8602 4246 00       		.sleb128 0
 8603 4247 00       		.byte	0
 8604 4248 41       		.uleb128 0x41
 8605 4249 62000000 		.4byte	.LVL15
 8606 424d 24450000 		.4byte	0x4524
 8607 4251 36       		.uleb128 0x36
 8608 4252 01       		.uleb128 0x1
 8609 4253 50       		.byte	0x50
 8610 4254 02       		.uleb128 0x2
 8611 4255 75       		.byte	0x75
 8612 4256 00       		.sleb128 0
 8613 4257 00       		.byte	0
 8614 4258 00       		.byte	0
 8615 4259 37       		.uleb128 0x37
 8616 425a 10000000 		.4byte	.LVL0
 8617 425e 2F450000 		.4byte	0x452f
 8618 4262 37       		.uleb128 0x37
 8619 4263 14000000 		.4byte	.LVL1
 8620 4267 3A450000 		.4byte	0x453a
 8621 426b 37       		.uleb128 0x37
 8622 426c 18000000 		.4byte	.LVL2
 8623 4270 46450000 		.4byte	0x4546
 8624 4274 40       		.uleb128 0x40
 8625 4275 22000000 		.4byte	.LVL3
 8626 4279 51450000 		.4byte	0x4551
 8627 427d 9D420000 		.4byte	0x429d
 8628 4281 36       		.uleb128 0x36
 8629 4282 01       		.uleb128 0x1
 8630 4283 50       		.byte	0x50
 8631 4284 05       		.uleb128 0x5
 8632 4285 03       		.byte	0x3
 8633 4286 00000000 		.4byte	.LANCHOR2
 8634 428a 36       		.uleb128 0x36
 8635 428b 01       		.uleb128 0x1
 8636 428c 51       		.byte	0x51
 8637 428d 05       		.uleb128 0x5
 8638 428e 03       		.byte	0x3
 8639 428f 00000000 		.4byte	.LANCHOR1
 8640 4293 36       		.uleb128 0x36
 8641 4294 01       		.uleb128 0x1
 8642 4295 52       		.byte	0x52
 8643 4296 05       		.uleb128 0x5
 8644 4297 03       		.byte	0x3
 8645 4298 00000000 		.4byte	.LANCHOR0
 8646 429c 00       		.byte	0
 8647 429d 40       		.uleb128 0x40
 8648 429e 28000000 		.4byte	.LVL4
 8649 42a2 5C450000 		.4byte	0x455c
 8650 42a6 B0420000 		.4byte	0x42b0
 8651 42aa 36       		.uleb128 0x36
 8652 42ab 01       		.uleb128 0x1
 8653 42ac 50       		.byte	0x50
 8654 42ad 01       		.uleb128 0x1
 8655 42ae 30       		.byte	0x30
 8656 42af 00       		.byte	0
 8657 42b0 37       		.uleb128 0x37
 8658 42b1 2C000000 		.4byte	.LVL5
ARM GAS  /tmp/ccwPAVQD.s 			page 153


 8659 42b5 67450000 		.4byte	0x4567
 8660 42b9 37       		.uleb128 0x37
 8661 42ba 30000000 		.4byte	.LVL6
 8662 42be 72450000 		.4byte	0x4572
 8663 42c2 37       		.uleb128 0x37
 8664 42c3 34000000 		.4byte	.LVL7
 8665 42c7 7D450000 		.4byte	0x457d
 8666 42cb 37       		.uleb128 0x37
 8667 42cc 38000000 		.4byte	.LVL8
 8668 42d0 88450000 		.4byte	0x4588
 8669 42d4 37       		.uleb128 0x37
 8670 42d5 3C000000 		.4byte	.LVL9
 8671 42d9 93450000 		.4byte	0x4593
 8672 42dd 37       		.uleb128 0x37
 8673 42de 40000000 		.4byte	.LVL10
 8674 42e2 9E450000 		.4byte	0x459e
 8675 42e6 37       		.uleb128 0x37
 8676 42e7 44000000 		.4byte	.LVL11
 8677 42eb A9450000 		.4byte	0x45a9
 8678 42ef 40       		.uleb128 0x40
 8679 42f0 50000000 		.4byte	.LVL12
 8680 42f4 B4450000 		.4byte	0x45b4
 8681 42f8 07430000 		.4byte	0x4307
 8682 42fc 36       		.uleb128 0x36
 8683 42fd 01       		.uleb128 0x1
 8684 42fe 50       		.byte	0x50
 8685 42ff 01       		.uleb128 0x1
 8686 4300 30       		.byte	0x30
 8687 4301 36       		.uleb128 0x36
 8688 4302 01       		.uleb128 0x1
 8689 4303 51       		.byte	0x51
 8690 4304 01       		.uleb128 0x1
 8691 4305 30       		.byte	0x30
 8692 4306 00       		.byte	0
 8693 4307 37       		.uleb128 0x37
 8694 4308 7A000000 		.4byte	.LVL19
 8695 430c 24450000 		.4byte	0x4524
 8696 4310 40       		.uleb128 0x40
 8697 4311 9A000000 		.4byte	.LVL21
 8698 4315 BF450000 		.4byte	0x45bf
 8699 4319 23430000 		.4byte	0x4323
 8700 431d 36       		.uleb128 0x36
 8701 431e 01       		.uleb128 0x1
 8702 431f 50       		.byte	0x50
 8703 4320 01       		.uleb128 0x1
 8704 4321 30       		.byte	0x30
 8705 4322 00       		.byte	0
 8706 4323 40       		.uleb128 0x40
 8707 4324 A0000000 		.4byte	.LVL22
 8708 4328 CA450000 		.4byte	0x45ca
 8709 432c 36430000 		.4byte	0x4336
 8710 4330 36       		.uleb128 0x36
 8711 4331 01       		.uleb128 0x1
 8712 4332 50       		.byte	0x50
 8713 4333 01       		.uleb128 0x1
 8714 4334 30       		.byte	0x30
 8715 4335 00       		.byte	0
ARM GAS  /tmp/ccwPAVQD.s 			page 154


 8716 4336 40       		.uleb128 0x40
 8717 4337 A8000000 		.4byte	.LVL25
 8718 433b BF450000 		.4byte	0x45bf
 8719 433f 4A430000 		.4byte	0x434a
 8720 4343 36       		.uleb128 0x36
 8721 4344 01       		.uleb128 0x1
 8722 4345 50       		.byte	0x50
 8723 4346 02       		.uleb128 0x2
 8724 4347 77       		.byte	0x77
 8725 4348 00       		.sleb128 0
 8726 4349 00       		.byte	0
 8727 434a 40       		.uleb128 0x40
 8728 434b B0000000 		.4byte	.LVL26
 8729 434f CA450000 		.4byte	0x45ca
 8730 4353 5F430000 		.4byte	0x435f
 8731 4357 36       		.uleb128 0x36
 8732 4358 01       		.uleb128 0x1
 8733 4359 50       		.byte	0x50
 8734 435a 03       		.uleb128 0x3
 8735 435b 0A       		.byte	0xa
 8736 435c F401     		.2byte	0x1f4
 8737 435e 00       		.byte	0
 8738 435f 40       		.uleb128 0x40
 8739 4360 B8000000 		.4byte	.LVL27
 8740 4364 B4450000 		.4byte	0x45b4
 8741 4368 77430000 		.4byte	0x4377
 8742 436c 36       		.uleb128 0x36
 8743 436d 01       		.uleb128 0x1
 8744 436e 50       		.byte	0x50
 8745 436f 01       		.uleb128 0x1
 8746 4370 30       		.byte	0x30
 8747 4371 36       		.uleb128 0x36
 8748 4372 01       		.uleb128 0x1
 8749 4373 51       		.byte	0x51
 8750 4374 01       		.uleb128 0x1
 8751 4375 31       		.byte	0x31
 8752 4376 00       		.byte	0
 8753 4377 40       		.uleb128 0x40
 8754 4378 C2000000 		.4byte	.LVL30
 8755 437c BF450000 		.4byte	0x45bf
 8756 4380 8C430000 		.4byte	0x438c
 8757 4384 36       		.uleb128 0x36
 8758 4385 01       		.uleb128 0x1
 8759 4386 50       		.byte	0x50
 8760 4387 03       		.uleb128 0x3
 8761 4388 0A       		.byte	0xa
 8762 4389 F401     		.2byte	0x1f4
 8763 438b 00       		.byte	0
 8764 438c 40       		.uleb128 0x40
 8765 438d C8000000 		.4byte	.LVL31
 8766 4391 CA450000 		.4byte	0x45ca
 8767 4395 A0430000 		.4byte	0x43a0
 8768 4399 36       		.uleb128 0x36
 8769 439a 01       		.uleb128 0x1
 8770 439b 50       		.byte	0x50
 8771 439c 02       		.uleb128 0x2
 8772 439d 77       		.byte	0x77
ARM GAS  /tmp/ccwPAVQD.s 			page 155


 8773 439e 00       		.sleb128 0
 8774 439f 00       		.byte	0
 8775 43a0 40       		.uleb128 0x40
 8776 43a1 D0000000 		.4byte	.LVL32
 8777 43a5 B4450000 		.4byte	0x45b4
 8778 43a9 B8430000 		.4byte	0x43b8
 8779 43ad 36       		.uleb128 0x36
 8780 43ae 01       		.uleb128 0x1
 8781 43af 50       		.byte	0x50
 8782 43b0 01       		.uleb128 0x1
 8783 43b1 30       		.byte	0x30
 8784 43b2 36       		.uleb128 0x36
 8785 43b3 01       		.uleb128 0x1
 8786 43b4 51       		.byte	0x51
 8787 43b5 01       		.uleb128 0x1
 8788 43b6 31       		.byte	0x31
 8789 43b7 00       		.byte	0
 8790 43b8 40       		.uleb128 0x40
 8791 43b9 EA000000 		.4byte	.LVL35
 8792 43bd BF450000 		.4byte	0x45bf
 8793 43c1 CD430000 		.4byte	0x43cd
 8794 43c5 36       		.uleb128 0x36
 8795 43c6 01       		.uleb128 0x1
 8796 43c7 50       		.byte	0x50
 8797 43c8 03       		.uleb128 0x3
 8798 43c9 0A       		.byte	0xa
 8799 43ca BC02     		.2byte	0x2bc
 8800 43cc 00       		.byte	0
 8801 43cd 40       		.uleb128 0x40
 8802 43ce F2000000 		.4byte	.LVL36
 8803 43d2 CA450000 		.4byte	0x45ca
 8804 43d6 E2430000 		.4byte	0x43e2
 8805 43da 36       		.uleb128 0x36
 8806 43db 01       		.uleb128 0x1
 8807 43dc 50       		.byte	0x50
 8808 43dd 03       		.uleb128 0x3
 8809 43de 0A       		.byte	0xa
 8810 43df BC02     		.2byte	0x2bc
 8811 43e1 00       		.byte	0
 8812 43e2 40       		.uleb128 0x40
 8813 43e3 FA000000 		.4byte	.LVL38
 8814 43e7 BF450000 		.4byte	0x45bf
 8815 43eb F6430000 		.4byte	0x43f6
 8816 43ef 36       		.uleb128 0x36
 8817 43f0 01       		.uleb128 0x1
 8818 43f1 50       		.byte	0x50
 8819 43f2 02       		.uleb128 0x2
 8820 43f3 77       		.byte	0x77
 8821 43f4 00       		.sleb128 0
 8822 43f5 00       		.byte	0
 8823 43f6 40       		.uleb128 0x40
 8824 43f7 02010000 		.4byte	.LVL39
 8825 43fb CA450000 		.4byte	0x45ca
 8826 43ff 0B440000 		.4byte	0x440b
 8827 4403 36       		.uleb128 0x36
 8828 4404 01       		.uleb128 0x1
 8829 4405 50       		.byte	0x50
ARM GAS  /tmp/ccwPAVQD.s 			page 156


 8830 4406 03       		.uleb128 0x3
 8831 4407 0A       		.byte	0xa
 8832 4408 F401     		.2byte	0x1f4
 8833 440a 00       		.byte	0
 8834 440b 40       		.uleb128 0x40
 8835 440c 0A010000 		.4byte	.LVL42
 8836 4410 BF450000 		.4byte	0x45bf
 8837 4414 1F440000 		.4byte	0x441f
 8838 4418 36       		.uleb128 0x36
 8839 4419 01       		.uleb128 0x1
 8840 441a 50       		.byte	0x50
 8841 441b 02       		.uleb128 0x2
 8842 441c 08       		.byte	0x8
 8843 441d 64       		.byte	0x64
 8844 441e 00       		.byte	0
 8845 441f 40       		.uleb128 0x40
 8846 4420 12010000 		.4byte	.LVL43
 8847 4424 CA450000 		.4byte	0x45ca
 8848 4428 34440000 		.4byte	0x4434
 8849 442c 36       		.uleb128 0x36
 8850 442d 01       		.uleb128 0x1
 8851 442e 50       		.byte	0x50
 8852 442f 03       		.uleb128 0x3
 8853 4430 0A       		.byte	0xa
 8854 4431 BC02     		.2byte	0x2bc
 8855 4433 00       		.byte	0
 8856 4434 40       		.uleb128 0x40
 8857 4435 1A010000 		.4byte	.LVL46
 8858 4439 BF450000 		.4byte	0x45bf
 8859 443d 47440000 		.4byte	0x4447
 8860 4441 36       		.uleb128 0x36
 8861 4442 01       		.uleb128 0x1
 8862 4443 50       		.byte	0x50
 8863 4444 01       		.uleb128 0x1
 8864 4445 30       		.byte	0x30
 8865 4446 00       		.byte	0
 8866 4447 40       		.uleb128 0x40
 8867 4448 22010000 		.4byte	.LVL47
 8868 444c CA450000 		.4byte	0x45ca
 8869 4450 5C440000 		.4byte	0x445c
 8870 4454 36       		.uleb128 0x36
 8871 4455 01       		.uleb128 0x1
 8872 4456 50       		.byte	0x50
 8873 4457 03       		.uleb128 0x3
 8874 4458 0A       		.byte	0xa
 8875 4459 5802     		.2byte	0x258
 8876 445b 00       		.byte	0
 8877 445c 40       		.uleb128 0x40
 8878 445d 2C010000 		.4byte	.LVL50
 8879 4461 BF450000 		.4byte	0x45bf
 8880 4465 71440000 		.4byte	0x4471
 8881 4469 36       		.uleb128 0x36
 8882 446a 01       		.uleb128 0x1
 8883 446b 50       		.byte	0x50
 8884 446c 03       		.uleb128 0x3
 8885 446d 0A       		.byte	0xa
 8886 446e F401     		.2byte	0x1f4
ARM GAS  /tmp/ccwPAVQD.s 			page 157


 8887 4470 00       		.byte	0
 8888 4471 40       		.uleb128 0x40
 8889 4472 32010000 		.4byte	.LVL51
 8890 4476 CA450000 		.4byte	0x45ca
 8891 447a 85440000 		.4byte	0x4485
 8892 447e 36       		.uleb128 0x36
 8893 447f 01       		.uleb128 0x1
 8894 4480 50       		.byte	0x50
 8895 4481 02       		.uleb128 0x2
 8896 4482 77       		.byte	0x77
 8897 4483 00       		.sleb128 0
 8898 4484 00       		.byte	0
 8899 4485 40       		.uleb128 0x40
 8900 4486 3C010000 		.4byte	.LVL54
 8901 448a BF450000 		.4byte	0x45bf
 8902 448e 9A440000 		.4byte	0x449a
 8903 4492 36       		.uleb128 0x36
 8904 4493 01       		.uleb128 0x1
 8905 4494 50       		.byte	0x50
 8906 4495 03       		.uleb128 0x3
 8907 4496 0A       		.byte	0xa
 8908 4497 5802     		.2byte	0x258
 8909 4499 00       		.byte	0
 8910 449a 40       		.uleb128 0x40
 8911 449b 42010000 		.4byte	.LVL55
 8912 449f CA450000 		.4byte	0x45ca
 8913 44a3 AD440000 		.4byte	0x44ad
 8914 44a7 36       		.uleb128 0x36
 8915 44a8 01       		.uleb128 0x1
 8916 44a9 50       		.byte	0x50
 8917 44aa 01       		.uleb128 0x1
 8918 44ab 30       		.byte	0x30
 8919 44ac 00       		.byte	0
 8920 44ad 40       		.uleb128 0x40
 8921 44ae 4C010000 		.4byte	.LVL58
 8922 44b2 BF450000 		.4byte	0x45bf
 8923 44b6 C2440000 		.4byte	0x44c2
 8924 44ba 36       		.uleb128 0x36
 8925 44bb 01       		.uleb128 0x1
 8926 44bc 50       		.byte	0x50
 8927 44bd 03       		.uleb128 0x3
 8928 44be 0A       		.byte	0xa
 8929 44bf BC02     		.2byte	0x2bc
 8930 44c1 00       		.byte	0
 8931 44c2 40       		.uleb128 0x40
 8932 44c3 52010000 		.4byte	.LVL59
 8933 44c7 CA450000 		.4byte	0x45ca
 8934 44cb D6440000 		.4byte	0x44d6
 8935 44cf 36       		.uleb128 0x36
 8936 44d0 01       		.uleb128 0x1
 8937 44d1 50       		.byte	0x50
 8938 44d2 02       		.uleb128 0x2
 8939 44d3 08       		.byte	0x8
 8940 44d4 64       		.byte	0x64
 8941 44d5 00       		.byte	0
 8942 44d6 37       		.uleb128 0x37
 8943 44d7 58010000 		.4byte	.LVL61
ARM GAS  /tmp/ccwPAVQD.s 			page 158


 8944 44db D5450000 		.4byte	0x45d5
 8945 44df 37       		.uleb128 0x37
 8946 44e0 5E010000 		.4byte	.LVL63
 8947 44e4 A9450000 		.4byte	0x45a9
 8948 44e8 40       		.uleb128 0x40
 8949 44e9 6A010000 		.4byte	.LVL64
 8950 44ed BF450000 		.4byte	0x45bf
 8951 44f1 FD440000 		.4byte	0x44fd
 8952 44f5 36       		.uleb128 0x36
 8953 44f6 01       		.uleb128 0x1
 8954 44f7 50       		.byte	0x50
 8955 44f8 03       		.uleb128 0x3
 8956 44f9 0A       		.byte	0xa
 8957 44fa E803     		.2byte	0x3e8
 8958 44fc 00       		.byte	0
 8959 44fd 41       		.uleb128 0x41
 8960 44fe 72010000 		.4byte	.LVL65
 8961 4502 CA450000 		.4byte	0x45ca
 8962 4506 36       		.uleb128 0x36
 8963 4507 01       		.uleb128 0x1
 8964 4508 50       		.byte	0x50
 8965 4509 03       		.uleb128 0x3
 8966 450a 0A       		.byte	0xa
 8967 450b E803     		.2byte	0x3e8
 8968 450d 00       		.byte	0
 8969 450e 00       		.byte	0
 8970 450f 42       		.uleb128 0x42
 8971 4510 72060000 		.4byte	.LASF893
 8972 4514 72060000 		.4byte	.LASF893
 8973 4518 3E       		.byte	0x3e
 8974 4519 1601     		.2byte	0x116
 8975 451b 43       		.uleb128 0x43
 8976 451c D0050000 		.4byte	.LASF915
 8977 4520 D0050000 		.4byte	.LASF915
 8978 4524 44       		.uleb128 0x44
 8979 4525 ED090000 		.4byte	.LASF894
 8980 4529 ED090000 		.4byte	.LASF894
 8981 452d 3F       		.byte	0x3f
 8982 452e 40       		.byte	0x40
 8983 452f 44       		.uleb128 0x44
 8984 4530 89100000 		.4byte	.LASF895
 8985 4534 89100000 		.4byte	.LASF895
 8986 4538 40       		.byte	0x40
 8987 4539 99       		.byte	0x99
 8988 453a 42       		.uleb128 0x42
 8989 453b 931B0000 		.4byte	.LASF896
 8990 453f 931B0000 		.4byte	.LASF896
 8991 4543 3E       		.byte	0x3e
 8992 4544 1501     		.2byte	0x115
 8993 4546 44       		.uleb128 0x44
 8994 4547 3B1B0000 		.4byte	.LASF897
 8995 454b 3B1B0000 		.4byte	.LASF897
 8996 454f 41       		.byte	0x41
 8997 4550 36       		.byte	0x36
 8998 4551 44       		.uleb128 0x44
 8999 4552 751A0000 		.4byte	.LASF898
 9000 4556 751A0000 		.4byte	.LASF898
ARM GAS  /tmp/ccwPAVQD.s 			page 159


 9001 455a 39       		.byte	0x39
 9002 455b 49       		.byte	0x49
 9003 455c 44       		.uleb128 0x44
 9004 455d DD080000 		.4byte	.LASF899
 9005 4561 DD080000 		.4byte	.LASF899
 9006 4565 3F       		.byte	0x3f
 9007 4566 24       		.byte	0x24
 9008 4567 44       		.uleb128 0x44
 9009 4568 EE170000 		.4byte	.LASF900
 9010 456c EE170000 		.4byte	.LASF900
 9011 4570 3F       		.byte	0x3f
 9012 4571 2E       		.byte	0x2e
 9013 4572 44       		.uleb128 0x44
 9014 4573 661C0000 		.4byte	.LASF901
 9015 4577 661C0000 		.4byte	.LASF901
 9016 457b 42       		.byte	0x42
 9017 457c 44       		.byte	0x44
 9018 457d 44       		.uleb128 0x44
 9019 457e 0C220000 		.4byte	.LASF902
 9020 4582 0C220000 		.4byte	.LASF902
 9021 4586 3C       		.byte	0x3c
 9022 4587 37       		.byte	0x37
 9023 4588 44       		.uleb128 0x44
 9024 4589 17180000 		.4byte	.LASF903
 9025 458d 17180000 		.4byte	.LASF903
 9026 4591 43       		.byte	0x43
 9027 4592 0A       		.byte	0xa
 9028 4593 44       		.uleb128 0x44
 9029 4594 8F190000 		.4byte	.LASF904
 9030 4598 8F190000 		.4byte	.LASF904
 9031 459c 3D       		.byte	0x3d
 9032 459d 39       		.byte	0x39
 9033 459e 44       		.uleb128 0x44
 9034 459f 1A030000 		.4byte	.LASF905
 9035 45a3 1A030000 		.4byte	.LASF905
 9036 45a7 44       		.byte	0x44
 9037 45a8 07       		.byte	0x7
 9038 45a9 44       		.uleb128 0x44
 9039 45aa C1150000 		.4byte	.LASF906
 9040 45ae C1150000 		.4byte	.LASF906
 9041 45b2 45       		.byte	0x45
 9042 45b3 08       		.byte	0x8
 9043 45b4 44       		.uleb128 0x44
 9044 45b5 29110000 		.4byte	.LASF907
 9045 45b9 29110000 		.4byte	.LASF907
 9046 45bd 3C       		.byte	0x3c
 9047 45be 30       		.byte	0x30
 9048 45bf 44       		.uleb128 0x44
 9049 45c0 0E170000 		.4byte	.LASF908
 9050 45c4 0E170000 		.4byte	.LASF908
 9051 45c8 3D       		.byte	0x3d
 9052 45c9 11       		.byte	0x11
 9053 45ca 44       		.uleb128 0x44
 9054 45cb 9D170000 		.4byte	.LASF909
 9055 45cf 9D170000 		.4byte	.LASF909
 9056 45d3 3D       		.byte	0x3d
 9057 45d4 18       		.byte	0x18
ARM GAS  /tmp/ccwPAVQD.s 			page 160


 9058 45d5 44       		.uleb128 0x44
 9059 45d6 61000000 		.4byte	.LASF910
 9060 45da 61000000 		.4byte	.LASF910
 9061 45de 42       		.byte	0x42
 9062 45df 51       		.byte	0x51
 9063 45e0 00       		.byte	0
 9064              		.section	.debug_abbrev,"",%progbits
 9065              	.Ldebug_abbrev0:
 9066 0000 01       		.uleb128 0x1
 9067 0001 11       		.uleb128 0x11
 9068 0002 01       		.byte	0x1
 9069 0003 25       		.uleb128 0x25
 9070 0004 0E       		.uleb128 0xe
 9071 0005 13       		.uleb128 0x13
 9072 0006 0B       		.uleb128 0xb
 9073 0007 03       		.uleb128 0x3
 9074 0008 0E       		.uleb128 0xe
 9075 0009 1B       		.uleb128 0x1b
 9076 000a 0E       		.uleb128 0xe
 9077 000b 55       		.uleb128 0x55
 9078 000c 17       		.uleb128 0x17
 9079 000d 11       		.uleb128 0x11
 9080 000e 01       		.uleb128 0x1
 9081 000f 10       		.uleb128 0x10
 9082 0010 17       		.uleb128 0x17
 9083 0011 00       		.byte	0
 9084 0012 00       		.byte	0
 9085 0013 02       		.uleb128 0x2
 9086 0014 24       		.uleb128 0x24
 9087 0015 00       		.byte	0
 9088 0016 0B       		.uleb128 0xb
 9089 0017 0B       		.uleb128 0xb
 9090 0018 3E       		.uleb128 0x3e
 9091 0019 0B       		.uleb128 0xb
 9092 001a 03       		.uleb128 0x3
 9093 001b 0E       		.uleb128 0xe
 9094 001c 00       		.byte	0
 9095 001d 00       		.byte	0
 9096 001e 03       		.uleb128 0x3
 9097 001f 16       		.uleb128 0x16
 9098 0020 00       		.byte	0
 9099 0021 03       		.uleb128 0x3
 9100 0022 0E       		.uleb128 0xe
 9101 0023 3A       		.uleb128 0x3a
 9102 0024 0B       		.uleb128 0xb
 9103 0025 3B       		.uleb128 0x3b
 9104 0026 0B       		.uleb128 0xb
 9105 0027 49       		.uleb128 0x49
 9106 0028 13       		.uleb128 0x13
 9107 0029 00       		.byte	0
 9108 002a 00       		.byte	0
 9109 002b 04       		.uleb128 0x4
 9110 002c 24       		.uleb128 0x24
 9111 002d 00       		.byte	0
 9112 002e 0B       		.uleb128 0xb
 9113 002f 0B       		.uleb128 0xb
 9114 0030 3E       		.uleb128 0x3e
ARM GAS  /tmp/ccwPAVQD.s 			page 161


 9115 0031 0B       		.uleb128 0xb
 9116 0032 03       		.uleb128 0x3
 9117 0033 08       		.uleb128 0x8
 9118 0034 00       		.byte	0
 9119 0035 00       		.byte	0
 9120 0036 05       		.uleb128 0x5
 9121 0037 0F       		.uleb128 0xf
 9122 0038 00       		.byte	0
 9123 0039 0B       		.uleb128 0xb
 9124 003a 0B       		.uleb128 0xb
 9125 003b 00       		.byte	0
 9126 003c 00       		.byte	0
 9127 003d 06       		.uleb128 0x6
 9128 003e 0F       		.uleb128 0xf
 9129 003f 00       		.byte	0
 9130 0040 0B       		.uleb128 0xb
 9131 0041 0B       		.uleb128 0xb
 9132 0042 49       		.uleb128 0x49
 9133 0043 13       		.uleb128 0x13
 9134 0044 00       		.byte	0
 9135 0045 00       		.byte	0
 9136 0046 07       		.uleb128 0x7
 9137 0047 13       		.uleb128 0x13
 9138 0048 00       		.byte	0
 9139 0049 03       		.uleb128 0x3
 9140 004a 0E       		.uleb128 0xe
 9141 004b 3C       		.uleb128 0x3c
 9142 004c 19       		.uleb128 0x19
 9143 004d 00       		.byte	0
 9144 004e 00       		.byte	0
 9145 004f 08       		.uleb128 0x8
 9146 0050 16       		.uleb128 0x16
 9147 0051 00       		.byte	0
 9148 0052 03       		.uleb128 0x3
 9149 0053 0E       		.uleb128 0xe
 9150 0054 3A       		.uleb128 0x3a
 9151 0055 0B       		.uleb128 0xb
 9152 0056 3B       		.uleb128 0x3b
 9153 0057 05       		.uleb128 0x5
 9154 0058 49       		.uleb128 0x49
 9155 0059 13       		.uleb128 0x13
 9156 005a 00       		.byte	0
 9157 005b 00       		.byte	0
 9158 005c 09       		.uleb128 0x9
 9159 005d 17       		.uleb128 0x17
 9160 005e 01       		.byte	0x1
 9161 005f 0B       		.uleb128 0xb
 9162 0060 0B       		.uleb128 0xb
 9163 0061 3A       		.uleb128 0x3a
 9164 0062 0B       		.uleb128 0xb
 9165 0063 3B       		.uleb128 0x3b
 9166 0064 0B       		.uleb128 0xb
 9167 0065 01       		.uleb128 0x1
 9168 0066 13       		.uleb128 0x13
 9169 0067 00       		.byte	0
 9170 0068 00       		.byte	0
 9171 0069 0A       		.uleb128 0xa
ARM GAS  /tmp/ccwPAVQD.s 			page 162


 9172 006a 0D       		.uleb128 0xd
 9173 006b 00       		.byte	0
 9174 006c 03       		.uleb128 0x3
 9175 006d 0E       		.uleb128 0xe
 9176 006e 3A       		.uleb128 0x3a
 9177 006f 0B       		.uleb128 0xb
 9178 0070 3B       		.uleb128 0x3b
 9179 0071 0B       		.uleb128 0xb
 9180 0072 49       		.uleb128 0x49
 9181 0073 13       		.uleb128 0x13
 9182 0074 00       		.byte	0
 9183 0075 00       		.byte	0
 9184 0076 0B       		.uleb128 0xb
 9185 0077 01       		.uleb128 0x1
 9186 0078 01       		.byte	0x1
 9187 0079 49       		.uleb128 0x49
 9188 007a 13       		.uleb128 0x13
 9189 007b 01       		.uleb128 0x1
 9190 007c 13       		.uleb128 0x13
 9191 007d 00       		.byte	0
 9192 007e 00       		.byte	0
 9193 007f 0C       		.uleb128 0xc
 9194 0080 21       		.uleb128 0x21
 9195 0081 00       		.byte	0
 9196 0082 49       		.uleb128 0x49
 9197 0083 13       		.uleb128 0x13
 9198 0084 2F       		.uleb128 0x2f
 9199 0085 0B       		.uleb128 0xb
 9200 0086 00       		.byte	0
 9201 0087 00       		.byte	0
 9202 0088 0D       		.uleb128 0xd
 9203 0089 13       		.uleb128 0x13
 9204 008a 01       		.byte	0x1
 9205 008b 0B       		.uleb128 0xb
 9206 008c 0B       		.uleb128 0xb
 9207 008d 3A       		.uleb128 0x3a
 9208 008e 0B       		.uleb128 0xb
 9209 008f 3B       		.uleb128 0x3b
 9210 0090 0B       		.uleb128 0xb
 9211 0091 01       		.uleb128 0x1
 9212 0092 13       		.uleb128 0x13
 9213 0093 00       		.byte	0
 9214 0094 00       		.byte	0
 9215 0095 0E       		.uleb128 0xe
 9216 0096 0D       		.uleb128 0xd
 9217 0097 00       		.byte	0
 9218 0098 03       		.uleb128 0x3
 9219 0099 0E       		.uleb128 0xe
 9220 009a 3A       		.uleb128 0x3a
 9221 009b 0B       		.uleb128 0xb
 9222 009c 3B       		.uleb128 0x3b
 9223 009d 0B       		.uleb128 0xb
 9224 009e 49       		.uleb128 0x49
 9225 009f 13       		.uleb128 0x13
 9226 00a0 38       		.uleb128 0x38
 9227 00a1 0B       		.uleb128 0xb
 9228 00a2 00       		.byte	0
ARM GAS  /tmp/ccwPAVQD.s 			page 163


 9229 00a3 00       		.byte	0
 9230 00a4 0F       		.uleb128 0xf
 9231 00a5 13       		.uleb128 0x13
 9232 00a6 01       		.byte	0x1
 9233 00a7 03       		.uleb128 0x3
 9234 00a8 0E       		.uleb128 0xe
 9235 00a9 0B       		.uleb128 0xb
 9236 00aa 0B       		.uleb128 0xb
 9237 00ab 3A       		.uleb128 0x3a
 9238 00ac 0B       		.uleb128 0xb
 9239 00ad 3B       		.uleb128 0x3b
 9240 00ae 0B       		.uleb128 0xb
 9241 00af 01       		.uleb128 0x1
 9242 00b0 13       		.uleb128 0x13
 9243 00b1 00       		.byte	0
 9244 00b2 00       		.byte	0
 9245 00b3 10       		.uleb128 0x10
 9246 00b4 0D       		.uleb128 0xd
 9247 00b5 00       		.byte	0
 9248 00b6 03       		.uleb128 0x3
 9249 00b7 08       		.uleb128 0x8
 9250 00b8 3A       		.uleb128 0x3a
 9251 00b9 0B       		.uleb128 0xb
 9252 00ba 3B       		.uleb128 0x3b
 9253 00bb 0B       		.uleb128 0xb
 9254 00bc 49       		.uleb128 0x49
 9255 00bd 13       		.uleb128 0x13
 9256 00be 38       		.uleb128 0x38
 9257 00bf 0B       		.uleb128 0xb
 9258 00c0 00       		.byte	0
 9259 00c1 00       		.byte	0
 9260 00c2 11       		.uleb128 0x11
 9261 00c3 13       		.uleb128 0x13
 9262 00c4 01       		.byte	0x1
 9263 00c5 03       		.uleb128 0x3
 9264 00c6 0E       		.uleb128 0xe
 9265 00c7 0B       		.uleb128 0xb
 9266 00c8 05       		.uleb128 0x5
 9267 00c9 3A       		.uleb128 0x3a
 9268 00ca 0B       		.uleb128 0xb
 9269 00cb 3B       		.uleb128 0x3b
 9270 00cc 0B       		.uleb128 0xb
 9271 00cd 01       		.uleb128 0x1
 9272 00ce 13       		.uleb128 0x13
 9273 00cf 00       		.byte	0
 9274 00d0 00       		.byte	0
 9275 00d1 12       		.uleb128 0x12
 9276 00d2 0D       		.uleb128 0xd
 9277 00d3 00       		.byte	0
 9278 00d4 03       		.uleb128 0x3
 9279 00d5 0E       		.uleb128 0xe
 9280 00d6 3A       		.uleb128 0x3a
 9281 00d7 0B       		.uleb128 0xb
 9282 00d8 3B       		.uleb128 0x3b
 9283 00d9 0B       		.uleb128 0xb
 9284 00da 49       		.uleb128 0x49
 9285 00db 13       		.uleb128 0x13
ARM GAS  /tmp/ccwPAVQD.s 			page 164


 9286 00dc 38       		.uleb128 0x38
 9287 00dd 05       		.uleb128 0x5
 9288 00de 00       		.byte	0
 9289 00df 00       		.byte	0
 9290 00e0 13       		.uleb128 0x13
 9291 00e1 15       		.uleb128 0x15
 9292 00e2 00       		.byte	0
 9293 00e3 27       		.uleb128 0x27
 9294 00e4 19       		.uleb128 0x19
 9295 00e5 00       		.byte	0
 9296 00e6 00       		.byte	0
 9297 00e7 14       		.uleb128 0x14
 9298 00e8 15       		.uleb128 0x15
 9299 00e9 01       		.byte	0x1
 9300 00ea 27       		.uleb128 0x27
 9301 00eb 19       		.uleb128 0x19
 9302 00ec 49       		.uleb128 0x49
 9303 00ed 13       		.uleb128 0x13
 9304 00ee 01       		.uleb128 0x1
 9305 00ef 13       		.uleb128 0x13
 9306 00f0 00       		.byte	0
 9307 00f1 00       		.byte	0
 9308 00f2 15       		.uleb128 0x15
 9309 00f3 05       		.uleb128 0x5
 9310 00f4 00       		.byte	0
 9311 00f5 49       		.uleb128 0x49
 9312 00f6 13       		.uleb128 0x13
 9313 00f7 00       		.byte	0
 9314 00f8 00       		.byte	0
 9315 00f9 16       		.uleb128 0x16
 9316 00fa 26       		.uleb128 0x26
 9317 00fb 00       		.byte	0
 9318 00fc 49       		.uleb128 0x49
 9319 00fd 13       		.uleb128 0x13
 9320 00fe 00       		.byte	0
 9321 00ff 00       		.byte	0
 9322 0100 17       		.uleb128 0x17
 9323 0101 13       		.uleb128 0x13
 9324 0102 01       		.byte	0x1
 9325 0103 03       		.uleb128 0x3
 9326 0104 0E       		.uleb128 0xe
 9327 0105 0B       		.uleb128 0xb
 9328 0106 05       		.uleb128 0x5
 9329 0107 3A       		.uleb128 0x3a
 9330 0108 0B       		.uleb128 0xb
 9331 0109 3B       		.uleb128 0x3b
 9332 010a 05       		.uleb128 0x5
 9333 010b 01       		.uleb128 0x1
 9334 010c 13       		.uleb128 0x13
 9335 010d 00       		.byte	0
 9336 010e 00       		.byte	0
 9337 010f 18       		.uleb128 0x18
 9338 0110 0D       		.uleb128 0xd
 9339 0111 00       		.byte	0
 9340 0112 03       		.uleb128 0x3
 9341 0113 0E       		.uleb128 0xe
 9342 0114 3A       		.uleb128 0x3a
ARM GAS  /tmp/ccwPAVQD.s 			page 165


 9343 0115 0B       		.uleb128 0xb
 9344 0116 3B       		.uleb128 0x3b
 9345 0117 05       		.uleb128 0x5
 9346 0118 49       		.uleb128 0x49
 9347 0119 13       		.uleb128 0x13
 9348 011a 38       		.uleb128 0x38
 9349 011b 0B       		.uleb128 0xb
 9350 011c 00       		.byte	0
 9351 011d 00       		.byte	0
 9352 011e 19       		.uleb128 0x19
 9353 011f 0D       		.uleb128 0xd
 9354 0120 00       		.byte	0
 9355 0121 03       		.uleb128 0x3
 9356 0122 0E       		.uleb128 0xe
 9357 0123 3A       		.uleb128 0x3a
 9358 0124 0B       		.uleb128 0xb
 9359 0125 3B       		.uleb128 0x3b
 9360 0126 05       		.uleb128 0x5
 9361 0127 49       		.uleb128 0x49
 9362 0128 13       		.uleb128 0x13
 9363 0129 38       		.uleb128 0x38
 9364 012a 05       		.uleb128 0x5
 9365 012b 00       		.byte	0
 9366 012c 00       		.byte	0
 9367 012d 1A       		.uleb128 0x1a
 9368 012e 35       		.uleb128 0x35
 9369 012f 00       		.byte	0
 9370 0130 49       		.uleb128 0x49
 9371 0131 13       		.uleb128 0x13
 9372 0132 00       		.byte	0
 9373 0133 00       		.byte	0
 9374 0134 1B       		.uleb128 0x1b
 9375 0135 13       		.uleb128 0x13
 9376 0136 01       		.byte	0x1
 9377 0137 03       		.uleb128 0x3
 9378 0138 0E       		.uleb128 0xe
 9379 0139 0B       		.uleb128 0xb
 9380 013a 0B       		.uleb128 0xb
 9381 013b 3A       		.uleb128 0x3a
 9382 013c 0B       		.uleb128 0xb
 9383 013d 3B       		.uleb128 0x3b
 9384 013e 05       		.uleb128 0x5
 9385 013f 01       		.uleb128 0x1
 9386 0140 13       		.uleb128 0x13
 9387 0141 00       		.byte	0
 9388 0142 00       		.byte	0
 9389 0143 1C       		.uleb128 0x1c
 9390 0144 13       		.uleb128 0x13
 9391 0145 01       		.byte	0x1
 9392 0146 0B       		.uleb128 0xb
 9393 0147 0B       		.uleb128 0xb
 9394 0148 3A       		.uleb128 0x3a
 9395 0149 0B       		.uleb128 0xb
 9396 014a 3B       		.uleb128 0x3b
 9397 014b 05       		.uleb128 0x5
 9398 014c 01       		.uleb128 0x1
 9399 014d 13       		.uleb128 0x13
ARM GAS  /tmp/ccwPAVQD.s 			page 166


 9400 014e 00       		.byte	0
 9401 014f 00       		.byte	0
 9402 0150 1D       		.uleb128 0x1d
 9403 0151 17       		.uleb128 0x17
 9404 0152 01       		.byte	0x1
 9405 0153 0B       		.uleb128 0xb
 9406 0154 0B       		.uleb128 0xb
 9407 0155 3A       		.uleb128 0x3a
 9408 0156 0B       		.uleb128 0xb
 9409 0157 3B       		.uleb128 0x3b
 9410 0158 05       		.uleb128 0x5
 9411 0159 01       		.uleb128 0x1
 9412 015a 13       		.uleb128 0x13
 9413 015b 00       		.byte	0
 9414 015c 00       		.byte	0
 9415 015d 1E       		.uleb128 0x1e
 9416 015e 0D       		.uleb128 0xd
 9417 015f 00       		.byte	0
 9418 0160 03       		.uleb128 0x3
 9419 0161 0E       		.uleb128 0xe
 9420 0162 3A       		.uleb128 0x3a
 9421 0163 0B       		.uleb128 0xb
 9422 0164 3B       		.uleb128 0x3b
 9423 0165 05       		.uleb128 0x5
 9424 0166 49       		.uleb128 0x49
 9425 0167 13       		.uleb128 0x13
 9426 0168 00       		.byte	0
 9427 0169 00       		.byte	0
 9428 016a 1F       		.uleb128 0x1f
 9429 016b 15       		.uleb128 0x15
 9430 016c 01       		.byte	0x1
 9431 016d 27       		.uleb128 0x27
 9432 016e 19       		.uleb128 0x19
 9433 016f 01       		.uleb128 0x1
 9434 0170 13       		.uleb128 0x13
 9435 0171 00       		.byte	0
 9436 0172 00       		.byte	0
 9437 0173 20       		.uleb128 0x20
 9438 0174 34       		.uleb128 0x34
 9439 0175 00       		.byte	0
 9440 0176 03       		.uleb128 0x3
 9441 0177 0E       		.uleb128 0xe
 9442 0178 3A       		.uleb128 0x3a
 9443 0179 0B       		.uleb128 0xb
 9444 017a 3B       		.uleb128 0x3b
 9445 017b 05       		.uleb128 0x5
 9446 017c 49       		.uleb128 0x49
 9447 017d 13       		.uleb128 0x13
 9448 017e 3F       		.uleb128 0x3f
 9449 017f 19       		.uleb128 0x19
 9450 0180 3C       		.uleb128 0x3c
 9451 0181 19       		.uleb128 0x19
 9452 0182 00       		.byte	0
 9453 0183 00       		.byte	0
 9454 0184 21       		.uleb128 0x21
 9455 0185 26       		.uleb128 0x26
 9456 0186 00       		.byte	0
ARM GAS  /tmp/ccwPAVQD.s 			page 167


 9457 0187 00       		.byte	0
 9458 0188 00       		.byte	0
 9459 0189 22       		.uleb128 0x22
 9460 018a 34       		.uleb128 0x34
 9461 018b 00       		.byte	0
 9462 018c 03       		.uleb128 0x3
 9463 018d 0E       		.uleb128 0xe
 9464 018e 3A       		.uleb128 0x3a
 9465 018f 0B       		.uleb128 0xb
 9466 0190 3B       		.uleb128 0x3b
 9467 0191 0B       		.uleb128 0xb
 9468 0192 49       		.uleb128 0x49
 9469 0193 13       		.uleb128 0x13
 9470 0194 3F       		.uleb128 0x3f
 9471 0195 19       		.uleb128 0x19
 9472 0196 3C       		.uleb128 0x3c
 9473 0197 19       		.uleb128 0x19
 9474 0198 00       		.byte	0
 9475 0199 00       		.byte	0
 9476 019a 23       		.uleb128 0x23
 9477 019b 04       		.uleb128 0x4
 9478 019c 01       		.byte	0x1
 9479 019d 03       		.uleb128 0x3
 9480 019e 0E       		.uleb128 0xe
 9481 019f 3E       		.uleb128 0x3e
 9482 01a0 0B       		.uleb128 0xb
 9483 01a1 0B       		.uleb128 0xb
 9484 01a2 0B       		.uleb128 0xb
 9485 01a3 49       		.uleb128 0x49
 9486 01a4 13       		.uleb128 0x13
 9487 01a5 3A       		.uleb128 0x3a
 9488 01a6 0B       		.uleb128 0xb
 9489 01a7 3B       		.uleb128 0x3b
 9490 01a8 05       		.uleb128 0x5
 9491 01a9 01       		.uleb128 0x1
 9492 01aa 13       		.uleb128 0x13
 9493 01ab 00       		.byte	0
 9494 01ac 00       		.byte	0
 9495 01ad 24       		.uleb128 0x24
 9496 01ae 28       		.uleb128 0x28
 9497 01af 00       		.byte	0
 9498 01b0 03       		.uleb128 0x3
 9499 01b1 0E       		.uleb128 0xe
 9500 01b2 1C       		.uleb128 0x1c
 9501 01b3 0D       		.uleb128 0xd
 9502 01b4 00       		.byte	0
 9503 01b5 00       		.byte	0
 9504 01b6 25       		.uleb128 0x25
 9505 01b7 28       		.uleb128 0x28
 9506 01b8 00       		.byte	0
 9507 01b9 03       		.uleb128 0x3
 9508 01ba 0E       		.uleb128 0xe
 9509 01bb 1C       		.uleb128 0x1c
 9510 01bc 0B       		.uleb128 0xb
 9511 01bd 00       		.byte	0
 9512 01be 00       		.byte	0
 9513 01bf 26       		.uleb128 0x26
ARM GAS  /tmp/ccwPAVQD.s 			page 168


 9514 01c0 0D       		.uleb128 0xd
 9515 01c1 00       		.byte	0
 9516 01c2 03       		.uleb128 0x3
 9517 01c3 08       		.uleb128 0x8
 9518 01c4 3A       		.uleb128 0x3a
 9519 01c5 0B       		.uleb128 0xb
 9520 01c6 3B       		.uleb128 0x3b
 9521 01c7 05       		.uleb128 0x5
 9522 01c8 49       		.uleb128 0x49
 9523 01c9 13       		.uleb128 0x13
 9524 01ca 38       		.uleb128 0x38
 9525 01cb 0B       		.uleb128 0xb
 9526 01cc 00       		.byte	0
 9527 01cd 00       		.byte	0
 9528 01ce 27       		.uleb128 0x27
 9529 01cf 0D       		.uleb128 0xd
 9530 01d0 00       		.byte	0
 9531 01d1 03       		.uleb128 0x3
 9532 01d2 08       		.uleb128 0x8
 9533 01d3 3A       		.uleb128 0x3a
 9534 01d4 0B       		.uleb128 0xb
 9535 01d5 3B       		.uleb128 0x3b
 9536 01d6 05       		.uleb128 0x5
 9537 01d7 49       		.uleb128 0x49
 9538 01d8 13       		.uleb128 0x13
 9539 01d9 38       		.uleb128 0x38
 9540 01da 05       		.uleb128 0x5
 9541 01db 00       		.byte	0
 9542 01dc 00       		.byte	0
 9543 01dd 28       		.uleb128 0x28
 9544 01de 13       		.uleb128 0x13
 9545 01df 01       		.byte	0x1
 9546 01e0 0B       		.uleb128 0xb
 9547 01e1 05       		.uleb128 0x5
 9548 01e2 3A       		.uleb128 0x3a
 9549 01e3 0B       		.uleb128 0xb
 9550 01e4 3B       		.uleb128 0x3b
 9551 01e5 05       		.uleb128 0x5
 9552 01e6 01       		.uleb128 0x1
 9553 01e7 13       		.uleb128 0x13
 9554 01e8 00       		.byte	0
 9555 01e9 00       		.byte	0
 9556 01ea 29       		.uleb128 0x29
 9557 01eb 13       		.uleb128 0x13
 9558 01ec 01       		.byte	0x1
 9559 01ed 0B       		.uleb128 0xb
 9560 01ee 05       		.uleb128 0x5
 9561 01ef 3A       		.uleb128 0x3a
 9562 01f0 0B       		.uleb128 0xb
 9563 01f1 3B       		.uleb128 0x3b
 9564 01f2 0B       		.uleb128 0xb
 9565 01f3 01       		.uleb128 0x1
 9566 01f4 13       		.uleb128 0x13
 9567 01f5 00       		.byte	0
 9568 01f6 00       		.byte	0
 9569 01f7 2A       		.uleb128 0x2a
 9570 01f8 34       		.uleb128 0x34
ARM GAS  /tmp/ccwPAVQD.s 			page 169


 9571 01f9 00       		.byte	0
 9572 01fa 03       		.uleb128 0x3
 9573 01fb 08       		.uleb128 0x8
 9574 01fc 3A       		.uleb128 0x3a
 9575 01fd 0B       		.uleb128 0xb
 9576 01fe 3B       		.uleb128 0x3b
 9577 01ff 05       		.uleb128 0x5
 9578 0200 49       		.uleb128 0x49
 9579 0201 13       		.uleb128 0x13
 9580 0202 3F       		.uleb128 0x3f
 9581 0203 19       		.uleb128 0x19
 9582 0204 3C       		.uleb128 0x3c
 9583 0205 19       		.uleb128 0x19
 9584 0206 00       		.byte	0
 9585 0207 00       		.byte	0
 9586 0208 2B       		.uleb128 0x2b
 9587 0209 04       		.uleb128 0x4
 9588 020a 01       		.byte	0x1
 9589 020b 3E       		.uleb128 0x3e
 9590 020c 0B       		.uleb128 0xb
 9591 020d 0B       		.uleb128 0xb
 9592 020e 0B       		.uleb128 0xb
 9593 020f 49       		.uleb128 0x49
 9594 0210 13       		.uleb128 0x13
 9595 0211 3A       		.uleb128 0x3a
 9596 0212 0B       		.uleb128 0xb
 9597 0213 3B       		.uleb128 0x3b
 9598 0214 0B       		.uleb128 0xb
 9599 0215 01       		.uleb128 0x1
 9600 0216 13       		.uleb128 0x13
 9601 0217 00       		.byte	0
 9602 0218 00       		.byte	0
 9603 0219 2C       		.uleb128 0x2c
 9604 021a 0D       		.uleb128 0xd
 9605 021b 00       		.byte	0
 9606 021c 03       		.uleb128 0x3
 9607 021d 08       		.uleb128 0x8
 9608 021e 3A       		.uleb128 0x3a
 9609 021f 0B       		.uleb128 0xb
 9610 0220 3B       		.uleb128 0x3b
 9611 0221 0B       		.uleb128 0xb
 9612 0222 49       		.uleb128 0x49
 9613 0223 13       		.uleb128 0x13
 9614 0224 00       		.byte	0
 9615 0225 00       		.byte	0
 9616 0226 2D       		.uleb128 0x2d
 9617 0227 04       		.uleb128 0x4
 9618 0228 01       		.byte	0x1
 9619 0229 3E       		.uleb128 0x3e
 9620 022a 0B       		.uleb128 0xb
 9621 022b 0B       		.uleb128 0xb
 9622 022c 0B       		.uleb128 0xb
 9623 022d 49       		.uleb128 0x49
 9624 022e 13       		.uleb128 0x13
 9625 022f 3A       		.uleb128 0x3a
 9626 0230 0B       		.uleb128 0xb
 9627 0231 3B       		.uleb128 0x3b
ARM GAS  /tmp/ccwPAVQD.s 			page 170


 9628 0232 05       		.uleb128 0x5
 9629 0233 01       		.uleb128 0x1
 9630 0234 13       		.uleb128 0x13
 9631 0235 00       		.byte	0
 9632 0236 00       		.byte	0
 9633 0237 2E       		.uleb128 0x2e
 9634 0238 13       		.uleb128 0x13
 9635 0239 01       		.byte	0x1
 9636 023a 0B       		.uleb128 0xb
 9637 023b 06       		.uleb128 0x6
 9638 023c 3A       		.uleb128 0x3a
 9639 023d 0B       		.uleb128 0xb
 9640 023e 3B       		.uleb128 0x3b
 9641 023f 0B       		.uleb128 0xb
 9642 0240 01       		.uleb128 0x1
 9643 0241 13       		.uleb128 0x13
 9644 0242 00       		.byte	0
 9645 0243 00       		.byte	0
 9646 0244 2F       		.uleb128 0x2f
 9647 0245 0D       		.uleb128 0xd
 9648 0246 00       		.byte	0
 9649 0247 03       		.uleb128 0x3
 9650 0248 08       		.uleb128 0x8
 9651 0249 3A       		.uleb128 0x3a
 9652 024a 0B       		.uleb128 0xb
 9653 024b 3B       		.uleb128 0x3b
 9654 024c 0B       		.uleb128 0xb
 9655 024d 49       		.uleb128 0x49
 9656 024e 13       		.uleb128 0x13
 9657 024f 38       		.uleb128 0x38
 9658 0250 05       		.uleb128 0x5
 9659 0251 00       		.byte	0
 9660 0252 00       		.byte	0
 9661 0253 30       		.uleb128 0x30
 9662 0254 21       		.uleb128 0x21
 9663 0255 00       		.byte	0
 9664 0256 49       		.uleb128 0x49
 9665 0257 13       		.uleb128 0x13
 9666 0258 2F       		.uleb128 0x2f
 9667 0259 05       		.uleb128 0x5
 9668 025a 00       		.byte	0
 9669 025b 00       		.byte	0
 9670 025c 31       		.uleb128 0x31
 9671 025d 34       		.uleb128 0x34
 9672 025e 00       		.byte	0
 9673 025f 03       		.uleb128 0x3
 9674 0260 08       		.uleb128 0x8
 9675 0261 3A       		.uleb128 0x3a
 9676 0262 0B       		.uleb128 0xb
 9677 0263 3B       		.uleb128 0x3b
 9678 0264 0B       		.uleb128 0xb
 9679 0265 49       		.uleb128 0x49
 9680 0266 13       		.uleb128 0x13
 9681 0267 3F       		.uleb128 0x3f
 9682 0268 19       		.uleb128 0x19
 9683 0269 3C       		.uleb128 0x3c
 9684 026a 19       		.uleb128 0x19
ARM GAS  /tmp/ccwPAVQD.s 			page 171


 9685 026b 00       		.byte	0
 9686 026c 00       		.byte	0
 9687 026d 32       		.uleb128 0x32
 9688 026e 34       		.uleb128 0x34
 9689 026f 00       		.byte	0
 9690 0270 47       		.uleb128 0x47
 9691 0271 13       		.uleb128 0x13
 9692 0272 3A       		.uleb128 0x3a
 9693 0273 0B       		.uleb128 0xb
 9694 0274 3B       		.uleb128 0x3b
 9695 0275 0B       		.uleb128 0xb
 9696 0276 02       		.uleb128 0x2
 9697 0277 18       		.uleb128 0x18
 9698 0278 00       		.byte	0
 9699 0279 00       		.byte	0
 9700 027a 33       		.uleb128 0x33
 9701 027b 34       		.uleb128 0x34
 9702 027c 00       		.byte	0
 9703 027d 03       		.uleb128 0x3
 9704 027e 0E       		.uleb128 0xe
 9705 027f 3A       		.uleb128 0x3a
 9706 0280 0B       		.uleb128 0xb
 9707 0281 3B       		.uleb128 0x3b
 9708 0282 0B       		.uleb128 0xb
 9709 0283 49       		.uleb128 0x49
 9710 0284 13       		.uleb128 0x13
 9711 0285 3F       		.uleb128 0x3f
 9712 0286 19       		.uleb128 0x19
 9713 0287 02       		.uleb128 0x2
 9714 0288 18       		.uleb128 0x18
 9715 0289 00       		.byte	0
 9716 028a 00       		.byte	0
 9717 028b 34       		.uleb128 0x34
 9718 028c 2E       		.uleb128 0x2e
 9719 028d 01       		.byte	0x1
 9720 028e 3F       		.uleb128 0x3f
 9721 028f 19       		.uleb128 0x19
 9722 0290 03       		.uleb128 0x3
 9723 0291 0E       		.uleb128 0xe
 9724 0292 3A       		.uleb128 0x3a
 9725 0293 0B       		.uleb128 0xb
 9726 0294 3B       		.uleb128 0x3b
 9727 0295 0B       		.uleb128 0xb
 9728 0296 27       		.uleb128 0x27
 9729 0297 19       		.uleb128 0x19
 9730 0298 11       		.uleb128 0x11
 9731 0299 01       		.uleb128 0x1
 9732 029a 12       		.uleb128 0x12
 9733 029b 06       		.uleb128 0x6
 9734 029c 40       		.uleb128 0x40
 9735 029d 18       		.uleb128 0x18
 9736 029e 9742     		.uleb128 0x2117
 9737 02a0 19       		.uleb128 0x19
 9738 02a1 01       		.uleb128 0x1
 9739 02a2 13       		.uleb128 0x13
 9740 02a3 00       		.byte	0
 9741 02a4 00       		.byte	0
ARM GAS  /tmp/ccwPAVQD.s 			page 172


 9742 02a5 35       		.uleb128 0x35
 9743 02a6 898201   		.uleb128 0x4109
 9744 02a9 01       		.byte	0x1
 9745 02aa 11       		.uleb128 0x11
 9746 02ab 01       		.uleb128 0x1
 9747 02ac 9542     		.uleb128 0x2115
 9748 02ae 19       		.uleb128 0x19
 9749 02af 31       		.uleb128 0x31
 9750 02b0 13       		.uleb128 0x13
 9751 02b1 01       		.uleb128 0x1
 9752 02b2 13       		.uleb128 0x13
 9753 02b3 00       		.byte	0
 9754 02b4 00       		.byte	0
 9755 02b5 36       		.uleb128 0x36
 9756 02b6 8A8201   		.uleb128 0x410a
 9757 02b9 00       		.byte	0
 9758 02ba 02       		.uleb128 0x2
 9759 02bb 18       		.uleb128 0x18
 9760 02bc 9142     		.uleb128 0x2111
 9761 02be 18       		.uleb128 0x18
 9762 02bf 00       		.byte	0
 9763 02c0 00       		.byte	0
 9764 02c1 37       		.uleb128 0x37
 9765 02c2 898201   		.uleb128 0x4109
 9766 02c5 00       		.byte	0
 9767 02c6 11       		.uleb128 0x11
 9768 02c7 01       		.uleb128 0x1
 9769 02c8 31       		.uleb128 0x31
 9770 02c9 13       		.uleb128 0x13
 9771 02ca 00       		.byte	0
 9772 02cb 00       		.byte	0
 9773 02cc 38       		.uleb128 0x38
 9774 02cd 2E       		.uleb128 0x2e
 9775 02ce 01       		.byte	0x1
 9776 02cf 3F       		.uleb128 0x3f
 9777 02d0 19       		.uleb128 0x19
 9778 02d1 03       		.uleb128 0x3
 9779 02d2 0E       		.uleb128 0xe
 9780 02d3 3A       		.uleb128 0x3a
 9781 02d4 0B       		.uleb128 0xb
 9782 02d5 3B       		.uleb128 0x3b
 9783 02d6 0B       		.uleb128 0xb
 9784 02d7 27       		.uleb128 0x27
 9785 02d8 19       		.uleb128 0x19
 9786 02d9 49       		.uleb128 0x49
 9787 02da 13       		.uleb128 0x13
 9788 02db 11       		.uleb128 0x11
 9789 02dc 01       		.uleb128 0x1
 9790 02dd 12       		.uleb128 0x12
 9791 02de 06       		.uleb128 0x6
 9792 02df 40       		.uleb128 0x40
 9793 02e0 18       		.uleb128 0x18
 9794 02e1 9742     		.uleb128 0x2117
 9795 02e3 19       		.uleb128 0x19
 9796 02e4 01       		.uleb128 0x1
 9797 02e5 13       		.uleb128 0x13
 9798 02e6 00       		.byte	0
ARM GAS  /tmp/ccwPAVQD.s 			page 173


 9799 02e7 00       		.byte	0
 9800 02e8 39       		.uleb128 0x39
 9801 02e9 34       		.uleb128 0x34
 9802 02ea 00       		.byte	0
 9803 02eb 03       		.uleb128 0x3
 9804 02ec 0E       		.uleb128 0xe
 9805 02ed 3A       		.uleb128 0x3a
 9806 02ee 0B       		.uleb128 0xb
 9807 02ef 3B       		.uleb128 0x3b
 9808 02f0 0B       		.uleb128 0xb
 9809 02f1 49       		.uleb128 0x49
 9810 02f2 13       		.uleb128 0x13
 9811 02f3 02       		.uleb128 0x2
 9812 02f4 17       		.uleb128 0x17
 9813 02f5 00       		.byte	0
 9814 02f6 00       		.byte	0
 9815 02f7 3A       		.uleb128 0x3a
 9816 02f8 34       		.uleb128 0x34
 9817 02f9 00       		.byte	0
 9818 02fa 03       		.uleb128 0x3
 9819 02fb 0E       		.uleb128 0xe
 9820 02fc 3A       		.uleb128 0x3a
 9821 02fd 0B       		.uleb128 0xb
 9822 02fe 3B       		.uleb128 0x3b
 9823 02ff 0B       		.uleb128 0xb
 9824 0300 49       		.uleb128 0x49
 9825 0301 13       		.uleb128 0x13
 9826 0302 1C       		.uleb128 0x1c
 9827 0303 0B       		.uleb128 0xb
 9828 0304 00       		.byte	0
 9829 0305 00       		.byte	0
 9830 0306 3B       		.uleb128 0x3b
 9831 0307 34       		.uleb128 0x34
 9832 0308 00       		.byte	0
 9833 0309 03       		.uleb128 0x3
 9834 030a 0E       		.uleb128 0xe
 9835 030b 3A       		.uleb128 0x3a
 9836 030c 0B       		.uleb128 0xb
 9837 030d 3B       		.uleb128 0x3b
 9838 030e 0B       		.uleb128 0xb
 9839 030f 49       		.uleb128 0x49
 9840 0310 13       		.uleb128 0x13
 9841 0311 1C       		.uleb128 0x1c
 9842 0312 05       		.uleb128 0x5
 9843 0313 00       		.byte	0
 9844 0314 00       		.byte	0
 9845 0315 3C       		.uleb128 0x3c
 9846 0316 34       		.uleb128 0x34
 9847 0317 00       		.byte	0
 9848 0318 03       		.uleb128 0x3
 9849 0319 0E       		.uleb128 0xe
 9850 031a 3A       		.uleb128 0x3a
 9851 031b 0B       		.uleb128 0xb
 9852 031c 3B       		.uleb128 0x3b
 9853 031d 0B       		.uleb128 0xb
 9854 031e 49       		.uleb128 0x49
 9855 031f 13       		.uleb128 0x13
ARM GAS  /tmp/ccwPAVQD.s 			page 174


 9856 0320 00       		.byte	0
 9857 0321 00       		.byte	0
 9858 0322 3D       		.uleb128 0x3d
 9859 0323 34       		.uleb128 0x34
 9860 0324 00       		.byte	0
 9861 0325 03       		.uleb128 0x3
 9862 0326 08       		.uleb128 0x8
 9863 0327 3A       		.uleb128 0x3a
 9864 0328 0B       		.uleb128 0xb
 9865 0329 3B       		.uleb128 0x3b
 9866 032a 0B       		.uleb128 0xb
 9867 032b 49       		.uleb128 0x49
 9868 032c 13       		.uleb128 0x13
 9869 032d 02       		.uleb128 0x2
 9870 032e 18       		.uleb128 0x18
 9871 032f 00       		.byte	0
 9872 0330 00       		.byte	0
 9873 0331 3E       		.uleb128 0x3e
 9874 0332 0B       		.uleb128 0xb
 9875 0333 01       		.byte	0x1
 9876 0334 55       		.uleb128 0x55
 9877 0335 17       		.uleb128 0x17
 9878 0336 01       		.uleb128 0x1
 9879 0337 13       		.uleb128 0x13
 9880 0338 00       		.byte	0
 9881 0339 00       		.byte	0
 9882 033a 3F       		.uleb128 0x3f
 9883 033b 34       		.uleb128 0x34
 9884 033c 00       		.byte	0
 9885 033d 03       		.uleb128 0x3
 9886 033e 08       		.uleb128 0x8
 9887 033f 3A       		.uleb128 0x3a
 9888 0340 0B       		.uleb128 0xb
 9889 0341 3B       		.uleb128 0x3b
 9890 0342 0B       		.uleb128 0xb
 9891 0343 49       		.uleb128 0x49
 9892 0344 13       		.uleb128 0x13
 9893 0345 02       		.uleb128 0x2
 9894 0346 17       		.uleb128 0x17
 9895 0347 00       		.byte	0
 9896 0348 00       		.byte	0
 9897 0349 40       		.uleb128 0x40
 9898 034a 898201   		.uleb128 0x4109
 9899 034d 01       		.byte	0x1
 9900 034e 11       		.uleb128 0x11
 9901 034f 01       		.uleb128 0x1
 9902 0350 31       		.uleb128 0x31
 9903 0351 13       		.uleb128 0x13
 9904 0352 01       		.uleb128 0x1
 9905 0353 13       		.uleb128 0x13
 9906 0354 00       		.byte	0
 9907 0355 00       		.byte	0
 9908 0356 41       		.uleb128 0x41
 9909 0357 898201   		.uleb128 0x4109
 9910 035a 01       		.byte	0x1
 9911 035b 11       		.uleb128 0x11
 9912 035c 01       		.uleb128 0x1
ARM GAS  /tmp/ccwPAVQD.s 			page 175


 9913 035d 31       		.uleb128 0x31
 9914 035e 13       		.uleb128 0x13
 9915 035f 00       		.byte	0
 9916 0360 00       		.byte	0
 9917 0361 42       		.uleb128 0x42
 9918 0362 2E       		.uleb128 0x2e
 9919 0363 00       		.byte	0
 9920 0364 3F       		.uleb128 0x3f
 9921 0365 19       		.uleb128 0x19
 9922 0366 3C       		.uleb128 0x3c
 9923 0367 19       		.uleb128 0x19
 9924 0368 6E       		.uleb128 0x6e
 9925 0369 0E       		.uleb128 0xe
 9926 036a 03       		.uleb128 0x3
 9927 036b 0E       		.uleb128 0xe
 9928 036c 3A       		.uleb128 0x3a
 9929 036d 0B       		.uleb128 0xb
 9930 036e 3B       		.uleb128 0x3b
 9931 036f 05       		.uleb128 0x5
 9932 0370 00       		.byte	0
 9933 0371 00       		.byte	0
 9934 0372 43       		.uleb128 0x43
 9935 0373 2E       		.uleb128 0x2e
 9936 0374 00       		.byte	0
 9937 0375 3F       		.uleb128 0x3f
 9938 0376 19       		.uleb128 0x19
 9939 0377 3C       		.uleb128 0x3c
 9940 0378 19       		.uleb128 0x19
 9941 0379 6E       		.uleb128 0x6e
 9942 037a 0E       		.uleb128 0xe
 9943 037b 03       		.uleb128 0x3
 9944 037c 0E       		.uleb128 0xe
 9945 037d 00       		.byte	0
 9946 037e 00       		.byte	0
 9947 037f 44       		.uleb128 0x44
 9948 0380 2E       		.uleb128 0x2e
 9949 0381 00       		.byte	0
 9950 0382 3F       		.uleb128 0x3f
 9951 0383 19       		.uleb128 0x19
 9952 0384 3C       		.uleb128 0x3c
 9953 0385 19       		.uleb128 0x19
 9954 0386 6E       		.uleb128 0x6e
 9955 0387 0E       		.uleb128 0xe
 9956 0388 03       		.uleb128 0x3
 9957 0389 0E       		.uleb128 0xe
 9958 038a 3A       		.uleb128 0x3a
 9959 038b 0B       		.uleb128 0xb
 9960 038c 3B       		.uleb128 0x3b
 9961 038d 0B       		.uleb128 0xb
 9962 038e 00       		.byte	0
 9963 038f 00       		.byte	0
 9964 0390 00       		.byte	0
 9965              		.section	.debug_loc,"",%progbits
 9966              	.Ldebug_loc0:
 9967              	.LLST0:
 9968 0000 50000000 		.4byte	.LVL12
 9969 0004 54000000 		.4byte	.LVL13
ARM GAS  /tmp/ccwPAVQD.s 			page 176


 9970 0008 0200     		.2byte	0x2
 9971 000a 30       		.byte	0x30
 9972 000b 9F       		.byte	0x9f
 9973 000c 54000000 		.4byte	.LVL13
 9974 0010 6A000000 		.4byte	.LVL16
 9975 0014 0100     		.2byte	0x1
 9976 0016 55       		.byte	0x55
 9977 0017 72000000 		.4byte	.LVL18
 9978 001b 79000000 		.4byte	.LVL19-1
 9979 001f 0100     		.2byte	0x1
 9980 0021 50       		.byte	0x50
 9981 0022 00000000 		.4byte	0
 9982 0026 00000000 		.4byte	0
 9983              	.LLST1:
 9984 002a 50000000 		.4byte	.LVL12
 9985 002e 7A000000 		.4byte	.LVL19
 9986 0032 0200     		.2byte	0x2
 9987 0034 30       		.byte	0x30
 9988 0035 9F       		.byte	0x9f
 9989 0036 7A000000 		.4byte	.LVL19
 9990 003a 96000000 		.4byte	.LVL20
 9991 003e 0100     		.2byte	0x1
 9992 0040 50       		.byte	0x50
 9993 0041 A2000000 		.4byte	.LVL23
 9994 0045 A4000000 		.4byte	.LVL24
 9995 0049 0100     		.2byte	0x1
 9996 004b 50       		.byte	0x50
 9997 004c BA000000 		.4byte	.LVL28
 9998 0050 BE000000 		.4byte	.LVL29
 9999 0054 0100     		.2byte	0x1
 10000 0056 50       		.byte	0x50
 10001 0057 D2000000 		.4byte	.LVL33
 10002 005b E6000000 		.4byte	.LVL34
 10003 005f 0100     		.2byte	0x1
 10004 0061 50       		.byte	0x50
 10005 0062 04010000 		.4byte	.LVL40
 10006 0066 06010000 		.4byte	.LVL41
 10007 006a 0100     		.2byte	0x1
 10008 006c 50       		.byte	0x50
 10009 006d 14010000 		.4byte	.LVL44
 10010 0071 16010000 		.4byte	.LVL45
 10011 0075 0100     		.2byte	0x1
 10012 0077 50       		.byte	0x50
 10013 0078 24010000 		.4byte	.LVL48
 10014 007c 28010000 		.4byte	.LVL49
 10015 0080 0100     		.2byte	0x1
 10016 0082 50       		.byte	0x50
 10017 0083 34010000 		.4byte	.LVL52
 10018 0087 38010000 		.4byte	.LVL53
 10019 008b 0100     		.2byte	0x1
 10020 008d 50       		.byte	0x50
 10021 008e 44010000 		.4byte	.LVL56
 10022 0092 48010000 		.4byte	.LVL57
 10023 0096 0100     		.2byte	0x1
 10024 0098 50       		.byte	0x50
 10025 0099 54010000 		.4byte	.LVL60
 10026 009d 57010000 		.4byte	.LVL61-1
ARM GAS  /tmp/ccwPAVQD.s 			page 177


 10027 00a1 0100     		.2byte	0x1
 10028 00a3 50       		.byte	0x50
 10029 00a4 00000000 		.4byte	0
 10030 00a8 00000000 		.4byte	0
 10031              	.LLST2:
 10032 00ac 50000000 		.4byte	.LVL12
 10033 00b0 54000000 		.4byte	.LVL13
 10034 00b4 0200     		.2byte	0x2
 10035 00b6 30       		.byte	0x30
 10036 00b7 9F       		.byte	0x9f
 10037 00b8 54000000 		.4byte	.LVL13
 10038 00bc 6E000000 		.4byte	.LVL17
 10039 00c0 0100     		.2byte	0x1
 10040 00c2 54       		.byte	0x54
 10041 00c3 6E000000 		.4byte	.LVL17
 10042 00c7 72000000 		.4byte	.LVL18
 10043 00cb 0300     		.2byte	0x3
 10044 00cd 74       		.byte	0x74
 10045 00ce 7F       		.sleb128 -1
 10046 00cf 9F       		.byte	0x9f
 10047 00d0 72000000 		.4byte	.LVL18
 10048 00d4 F4000000 		.4byte	.LVL37
 10049 00d8 0100     		.2byte	0x1
 10050 00da 54       		.byte	0x54
 10051 00db 04010000 		.4byte	.LVL40
 10052 00df 5A010000 		.4byte	.LVL62
 10053 00e3 0100     		.2byte	0x1
 10054 00e5 54       		.byte	0x54
 10055 00e6 00000000 		.4byte	0
 10056 00ea 00000000 		.4byte	0
 10057              		.section	.debug_aranges,"",%progbits
 10058 0000 24000000 		.4byte	0x24
 10059 0004 0200     		.2byte	0x2
 10060 0006 00000000 		.4byte	.Ldebug_info0
 10061 000a 04       		.byte	0x4
 10062 000b 00       		.byte	0
 10063 000c 0000     		.2byte	0
 10064 000e 0000     		.2byte	0
 10065 0010 00000000 		.4byte	.LFB259
 10066 0014 88010000 		.4byte	.LFE259-.LFB259
 10067 0018 00000000 		.4byte	.LFB260
 10068 001c 2C000000 		.4byte	.LFE260-.LFB260
 10069 0020 00000000 		.4byte	0
 10070 0024 00000000 		.4byte	0
 10071              		.section	.debug_ranges,"",%progbits
 10072              	.Ldebug_ranges0:
 10073 0000 50000000 		.4byte	.LBB2
 10074 0004 52000000 		.4byte	.LBE2
 10075 0008 54000000 		.4byte	.LBB3
 10076 000c 76000000 		.4byte	.LBE3
 10077 0010 00000000 		.4byte	0
 10078 0014 00000000 		.4byte	0
 10079 0018 00000000 		.4byte	.LFB259
 10080 001c 88010000 		.4byte	.LFE259
 10081 0020 00000000 		.4byte	.LFB260
 10082 0024 2C000000 		.4byte	.LFE260
 10083 0028 00000000 		.4byte	0
ARM GAS  /tmp/ccwPAVQD.s 			page 178


 10084 002c 00000000 		.4byte	0
 10085              		.section	.debug_line,"",%progbits
 10086              	.Ldebug_line0:
 10087 0000 2D0A0000 		.section	.debug_str,"MS",%progbits,1
 10087      0200A909 
 10087      00000201 
 10087      FB0E0D00 
 10087      01010101 
 10088              	.LASF696:
 10089 0000 5553425F 		.ascii	"USB_STOP\000"
 10089      53544F50 
 10089      00
 10090              	.LASF307:
 10091 0009 706F7274 		.ascii	"port_intctx\000"
 10091      5F696E74 
 10091      63747800 
 10092              	.LASF316:
 10093 0015 63685F74 		.ascii	"ch_trace_buffer_t\000"
 10093      72616365 
 10093      5F627566 
 10093      6665725F 
 10093      7400
 10094              	.LASF348:
 10095 0027 63685F70 		.ascii	"ch_ptrsize\000"
 10095      74727369 
 10095      7A6500
 10096              	.LASF847:
 10097 0032 6D657373 		.ascii	"messagebus_watcher_s\000"
 10097      61676562 
 10097      75735F77 
 10097      61746368 
 10097      65725F73 
 10098              	.LASF564:
 10099 0047 47505444 		.ascii	"GPTD14\000"
 10099      313400
 10100              	.LASF632:
 10101 004e 6576656E 		.ascii	"event\000"
 10101      7400
 10102              	.LASF482:
 10103 0054 43414E5F 		.ascii	"CAN_STARTING\000"
 10103      53544152 
 10103      54494E47 
 10103      00
 10104              	.LASF910:
 10105 0061 564C3533 		.ascii	"VL53L0X_get_dist_mm\000"
 10105      4C30585F 
 10105      6765745F 
 10105      64697374 
 10105      5F6D6D00 
 10106              	.LASF151:
 10107 0075 6D73675F 		.ascii	"msg_t\000"
 10107      7400
 10108              	.LASF427:
 10109 007b 61667268 		.ascii	"afrh\000"
 10109      00
 10110              	.LASF889:
 10111 0080 74687265 		.ascii	"threshold\000"
ARM GAS  /tmp/ccwPAVQD.s 			page 179


 10111      73686F6C 
 10111      6400
 10112              	.LASF575:
 10113 008a 4F504D4F 		.ascii	"OPMODE_SMBUS_DEVICE\000"
 10113      44455F53 
 10113      4D425553 
 10113      5F444556 
 10113      49434500 
 10114              	.LASF327:
 10115 009e 6D5F6372 		.ascii	"m_crit_isr\000"
 10115      69745F69 
 10115      737200
 10116              	.LASF648:
 10117 00a9 73646366 		.ascii	"sdcflags_t\000"
 10117      6C616773 
 10117      5F7400
 10118              	.LASF873:
 10119 00b4 76656374 		.ascii	"vect\000"
 10119      00
 10120              	.LASF890:
 10121 00b9 746F665F 		.ascii	"tof_thresh_base\000"
 10121      74687265 
 10121      73685F62 
 10121      61736500 
 10122              	.LASF755:
 10123 00c9 44494550 		.ascii	"DIEPTXF0\000"
 10123      54584630 
 10123      00
 10124              	.LASF141:
 10125 00d2 5F5F6664 		.ascii	"__fdlibm_xopen\000"
 10125      6C69626D 
 10125      5F786F70 
 10125      656E00
 10126              	.LASF481:
 10127 00e1 43414E5F 		.ascii	"CAN_STOP\000"
 10127      53544F50 
 10127      00
 10128              	.LASF367:
 10129 00ea 636F6E64 		.ascii	"condition_variable_t\000"
 10129      6974696F 
 10129      6E5F7661 
 10129      72696162 
 10129      6C655F74 
 10130              	.LASF361:
 10131 00ff 63665F6F 		.ascii	"cf_off_time\000"
 10131      66665F74 
 10131      696D6500 
 10132              	.LASF210:
 10133 010b 63685F73 		.ascii	"ch_system_t\000"
 10133      79737465 
 10133      6D5F7400 
 10134              	.LASF2:
 10135 0117 5F5F7569 		.ascii	"__uint8_t\000"
 10135      6E74385F 
 10135      7400
 10136              	.LASF333:
 10137 0121 77747365 		.ascii	"wtsemp\000"
ARM GAS  /tmp/ccwPAVQD.s 			page 180


 10137      6D7000
 10138              	.LASF411:
 10139 0128 5F426F6F 		.ascii	"_Bool\000"
 10139      6C00
 10140              	.LASF888:
 10141 012e 6D696E69 		.ascii	"minir\000"
 10141      7200
 10142              	.LASF523:
 10143 0134 64617461 		.ascii	"datamode\000"
 10143      6D6F6465 
 10143      00
 10144              	.LASF591:
 10145 013d 646D6172 		.ascii	"dmarx\000"
 10145      7800
 10146              	.LASF70:
 10147 0143 5F6D6273 		.ascii	"_mbstate\000"
 10147      74617465 
 10147      00
 10148              	.LASF49:
 10149 014c 5F617465 		.ascii	"_atexit\000"
 10149      78697400 
 10150              	.LASF858:
 10151 0154 6368616E 		.ascii	"changed_cnt\000"
 10151      6765645F 
 10151      636E7400 
 10152              	.LASF471:
 10153 0160 73717231 		.ascii	"sqr1\000"
 10153      00
 10154              	.LASF844:
 10155 0165 7075626C 		.ascii	"published\000"
 10155      69736865 
 10155      6400
 10156              	.LASF398:
 10157 016f 424C4B5F 		.ascii	"BLK_UNINIT\000"
 10157      554E494E 
 10157      495400
 10158              	.LASF603:
 10159 017a 72785F62 		.ascii	"rx_buffer\000"
 10159      75666665 
 10159      7200
 10160              	.LASF587:
 10161 0184 6572726F 		.ascii	"errors\000"
 10161      727300
 10162              	.LASF320:
 10163 018b 776F7273 		.ascii	"worst\000"
 10163      7400
 10164              	.LASF203:
 10165 0191 76745F73 		.ascii	"vt_systime\000"
 10165      79737469 
 10165      6D6500
 10166              	.LASF269:
 10167 019c 444F5231 		.ascii	"DOR1\000"
 10167      00
 10168              	.LASF270:
 10169 01a1 444F5232 		.ascii	"DOR2\000"
 10169      00
 10170              	.LASF366:
ARM GAS  /tmp/ccwPAVQD.s 			page 181


 10171 01a6 635F7175 		.ascii	"c_queue\000"
 10171      65756500 
 10172              	.LASF602:
 10173 01ae 74785F62 		.ascii	"tx_buffer\000"
 10173      75666665 
 10173      7200
 10174              	.LASF884:
 10175 01b8 6275735F 		.ascii	"bus_condvar\000"
 10175      636F6E64 
 10175      76617200 
 10176              	.LASF39:
 10177 01c4 5F5F746D 		.ascii	"__tm_mon\000"
 10177      5F6D6F6E 
 10177      00
 10178              	.LASF47:
 10179 01cd 5F666E74 		.ascii	"_fntypes\000"
 10179      79706573 
 10179      00
 10180              	.LASF342:
 10181 01d6 6D5F6E65 		.ascii	"m_next\000"
 10181      787400
 10182              	.LASF431:
 10183 01dd 50434461 		.ascii	"PCData\000"
 10183      746100
 10184              	.LASF77:
 10185 01e4 5F696E63 		.ascii	"_inc\000"
 10185      00
 10186              	.LASF50:
 10187 01e9 5F696E64 		.ascii	"_ind\000"
 10187      00
 10188              	.LASF292:
 10189 01ee 4D41534B 		.ascii	"MASK\000"
 10189      00
 10190              	.LASF456:
 10191 01f3 73616D70 		.ascii	"samples\000"
 10191      6C657300 
 10192              	.LASF759:
 10193 01fb 47434346 		.ascii	"GCCFG\000"
 10193      4700
 10194              	.LASF552:
 10195 0201 42445452 		.ascii	"BDTR\000"
 10195      00
 10196              	.LASF505:
 10197 0206 7265676D 		.ascii	"regmask\000"
 10197      61736B00 
 10198              	.LASF585:
 10199 020e 49324343 		.ascii	"I2CConfig\000"
 10199      6F6E6669 
 10199      6700
 10200              	.LASF131:
 10201 0218 75696E74 		.ascii	"uint16_t\000"
 10201      31365F74 
 10201      00
 10202              	.LASF592:
 10203 0221 646D6174 		.ascii	"dmatx\000"
 10203      7800
 10204              	.LASF829:
ARM GAS  /tmp/ccwPAVQD.s 			page 182


 10205 0227 736F665F 		.ascii	"sof_cb\000"
 10205      636200
 10206              	.LASF528:
 10207 022e 4558545F 		.ascii	"EXT_ACTIVE\000"
 10207      41435449 
 10207      564500
 10208              	.LASF892:
 10209 0239 746F665F 		.ascii	"tof_thresh\000"
 10209      74687265 
 10209      736800
 10210              	.LASF56:
 10211 0244 5F666C61 		.ascii	"_flags\000"
 10211      677300
 10212              	.LASF846:
 10213 024b 6E657874 		.ascii	"next\000"
 10213      00
 10214              	.LASF424:
 10215 0250 6F737065 		.ascii	"ospeedr\000"
 10215      65647200 
 10216              	.LASF762:
 10217 0258 44494550 		.ascii	"DIEPTXF\000"
 10217      54584600 
 10218              	.LASF370:
 10219 0260 656C5F6E 		.ascii	"el_next\000"
 10219      65787400 
 10220              	.LASF451:
 10221 0268 4144435F 		.ascii	"ADC_ERR_OVERFLOW\000"
 10221      4552525F 
 10221      4F564552 
 10221      464C4F57 
 10221      00
 10222              	.LASF87:
 10223 0279 5F637674 		.ascii	"_cvtlen\000"
 10223      6C656E00 
 10224              	.LASF208:
 10225 0281 6C6F636B 		.ascii	"lock_cnt\000"
 10225      5F636E74 
 10225      00
 10226              	.LASF184:
 10227 028a 63685F74 		.ascii	"ch_threads_queue\000"
 10227      68726561 
 10227      64735F71 
 10227      75657565 
 10227      00
 10228              	.LASF140:
 10229 029b 5F5F6664 		.ascii	"__fdlibm_svid\000"
 10229      6C69626D 
 10229      5F737669 
 10229      6400
 10230              	.LASF91:
 10231 02a9 5F736967 		.ascii	"_sig_func\000"
 10231      5F66756E 
 10231      6300
 10232              	.LASF163:
 10233 02b3 705F6E65 		.ascii	"p_newer\000"
 10233      77657200 
 10234              	.LASF772:
ARM GAS  /tmp/ccwPAVQD.s 			page 183


 10235 02bb 48505254 		.ascii	"HPRT\000"
 10235      00
 10236              	.LASF726:
 10237 02c0 4843494E 		.ascii	"HCINT\000"
 10237      5400
 10238              	.LASF219:
 10239 02c6 534D5052 		.ascii	"SMPR1\000"
 10239      3100
 10240              	.LASF220:
 10241 02cc 534D5052 		.ascii	"SMPR2\000"
 10241      3200
 10242              	.LASF358:
 10243 02d2 63665F6F 		.ascii	"cf_off_flags\000"
 10243      66665F66 
 10243      6C616773 
 10243      00
 10244              	.LASF69:
 10245 02df 5F6C6F63 		.ascii	"_lock\000"
 10245      6B00
 10246              	.LASF65:
 10247 02e5 5F6E6275 		.ascii	"_nbuf\000"
 10247      6600
 10248              	.LASF665:
 10249 02eb 5350495F 		.ascii	"SPI_STOP\000"
 10249      53544F50 
 10249      00
 10250              	.LASF124:
 10251 02f4 5F756E75 		.ascii	"_unused\000"
 10251      73656400 
 10252              	.LASF430:
 10253 02fc 50424461 		.ascii	"PBData\000"
 10253      746100
 10254              	.LASF346:
 10255 0303 63685F73 		.ascii	"ch_size\000"
 10255      697A6500 
 10256              	.LASF768:
 10257 030b 48505458 		.ascii	"HPTXSTS\000"
 10257      53545300 
 10258              	.LASF423:
 10259 0313 6F747970 		.ascii	"otyper\000"
 10259      657200
 10260              	.LASF905:
 10261 031a 73657269 		.ascii	"serial_start\000"
 10261      616C5F73 
 10261      74617274 
 10261      00
 10262              	.LASF414:
 10263 0327 4F545950 		.ascii	"OTYPER\000"
 10263      455200
 10264              	.LASF507:
 10265 032e 64616370 		.ascii	"dacparams_t\000"
 10265      6172616D 
 10265      735F7400 
 10266              	.LASF643:
 10267 033a 5344435F 		.ascii	"SDC_MODE_1BIT\000"
 10267      4D4F4445 
 10267      5F314249 
ARM GAS  /tmp/ccwPAVQD.s 			page 184


 10267      5400
 10268              	.LASF724:
 10269 0348 48434348 		.ascii	"HCCHAR\000"
 10269      415200
 10270              	.LASF569:
 10271 034f 4932435F 		.ascii	"I2C_ACTIVE_RX\000"
 10271      41435449 
 10271      56455F52 
 10271      5800
 10272              	.LASF157:
 10273 035d 74687265 		.ascii	"thread_t\000"
 10273      61645F74 
 10273      00
 10274              	.LASF372:
 10275 0366 656C5F65 		.ascii	"el_events\000"
 10275      76656E74 
 10275      7300
 10276              	.LASF612:
 10277 0370 70776D73 		.ascii	"pwmstate_t\000"
 10277      74617465 
 10277      5F7400
 10278              	.LASF492:
 10279 037b 736C6565 		.ascii	"sleep_event\000"
 10279      705F6576 
 10279      656E7400 
 10280              	.LASF202:
 10281 0387 63685F76 		.ascii	"ch_virtual_timers_list\000"
 10281      69727475 
 10281      616C5F74 
 10281      696D6572 
 10281      735F6C69 
 10282              	.LASF395:
 10283 039e 76656374 		.ascii	"vector\000"
 10283      6F7200
 10284              	.LASF750:
 10285 03a5 47494E54 		.ascii	"GINTSTS\000"
 10285      53545300 
 10286              	.LASF132:
 10287 03ad 696E7433 		.ascii	"int32_t\000"
 10287      325F7400 
 10288              	.LASF583:
 10289 03b5 636C6F63 		.ascii	"clock_speed\000"
 10289      6B5F7370 
 10289      65656400 
 10290              	.LASF156:
 10291 03c1 73797374 		.ascii	"systime_t\000"
 10291      696D655F 
 10291      7400
 10292              	.LASF525:
 10293 03cb 44414344 		.ascii	"DACD2\000"
 10293      3200
 10294              	.LASF494:
 10295 03d1 43414E44 		.ascii	"CANDriver\000"
 10295      72697665 
 10295      7200
 10296              	.LASF102:
 10297 03db 5F616464 		.ascii	"_add\000"
ARM GAS  /tmp/ccwPAVQD.s 			page 185


 10297      00
 10298              	.LASF273:
 10299 03e0 4D304152 		.ascii	"M0AR\000"
 10299      00
 10300              	.LASF731:
 10301 03e5 72657376 		.ascii	"resvd1c\000"
 10301      64316300 
 10302              	.LASF573:
 10303 03ed 69326366 		.ascii	"i2cflags_t\000"
 10303      6C616773 
 10303      5F7400
 10304              	.LASF769:
 10305 03f8 4841494E 		.ascii	"HAINT\000"
 10305      5400
 10306              	.LASF255:
 10307 03fe 46413152 		.ascii	"FA1R\000"
 10307      00
 10308              	.LASF766:
 10309 0403 48464E55 		.ascii	"HFNUM\000"
 10309      4D00
 10310              	.LASF388:
 10311 0409 716E6F74 		.ascii	"qnotify_t\000"
 10311      6966795F 
 10311      7400
 10312              	.LASF447:
 10313 0413 61646373 		.ascii	"adcstate_t\000"
 10313      74617465 
 10313      5F7400
 10314              	.LASF854:
 10315 041e 7075626C 		.ascii	"published_topic\000"
 10315      69736865 
 10315      645F746F 
 10315      70696300 
 10316              	.LASF651:
 10317 042e 63617264 		.ascii	"cardmode\000"
 10317      6D6F6465 
 10317      00
 10318              	.LASF393:
 10319 0437 69736869 		.ascii	"ishift\000"
 10319      667400
 10320              	.LASF883:
 10321 043e 6275735F 		.ascii	"bus_lock\000"
 10321      6C6F636B 
 10321      00
 10322              	.LASF542:
 10323 0447 4750545F 		.ascii	"GPT_ONESHOT\000"
 10323      4F4E4553 
 10323      484F5400 
 10324              	.LASF383:
 10325 0453 715F746F 		.ascii	"q_top\000"
 10325      7000
 10326              	.LASF58:
 10327 0459 5F6C6266 		.ascii	"_lbfsize\000"
 10327      73697A65 
 10327      00
 10328              	.LASF717:
 10329 0462 75645F73 		.ascii	"ud_string\000"
ARM GAS  /tmp/ccwPAVQD.s 			page 186


 10329      7472696E 
 10329      6700
 10330              	.LASF586:
 10331 046c 49324344 		.ascii	"I2CDriver\000"
 10331      72697665 
 10331      7200
 10332              	.LASF568:
 10333 0476 4932435F 		.ascii	"I2C_ACTIVE_TX\000"
 10333      41435449 
 10333      56455F54 
 10333      5800
 10334              	.LASF638:
 10335 0484 72656164 		.ascii	"read\000"
 10335      00
 10336              	.LASF574:
 10337 0489 4F504D4F 		.ascii	"OPMODE_I2C\000"
 10337      44455F49 
 10337      324300
 10338              	.LASF778:
 10339 0494 72657376 		.ascii	"resvd80C\000"
 10339      64383043 
 10339      00
 10340              	.LASF826:
 10341 049d 6576656E 		.ascii	"event_cb\000"
 10341      745F6362 
 10341      00
 10342              	.LASF745:
 10343 04a6 474F5447 		.ascii	"GOTGCTL\000"
 10343      43544C00 
 10344              	.LASF720:
 10345 04ae 75736265 		.ascii	"usbepcallback_t\000"
 10345      7063616C 
 10345      6C626163 
 10345      6B5F7400 
 10346              	.LASF68:
 10347 04be 5F646174 		.ascii	"_data\000"
 10347      6100
 10348              	.LASF213:
 10349 04c4 76746C69 		.ascii	"vtlist\000"
 10349      737400
 10350              	.LASF278:
 10351 04cb 54524953 		.ascii	"TRISE\000"
 10351      4500
 10352              	.LASF784:
 10353 04d1 72657376 		.ascii	"resvd824\000"
 10353      64383234 
 10353      00
 10354              	.LASF172:
 10355 04da 705F7761 		.ascii	"p_waiting\000"
 10355      6974696E 
 10355      6700
 10356              	.LASF328:
 10357 04e4 6B65726E 		.ascii	"kernel_stats_t\000"
 10357      656C5F73 
 10357      74617473 
 10357      5F7400
 10358              	.LASF380:
ARM GAS  /tmp/ccwPAVQD.s 			page 187


 10359 04f3 715F7761 		.ascii	"q_waiting\000"
 10359      6974696E 
 10359      6700
 10360              	.LASF237:
 10361 04fd 43414E5F 		.ascii	"CAN_TxMailBox_TypeDef\000"
 10361      54784D61 
 10361      696C426F 
 10361      785F5479 
 10361      70654465 
 10362              	.LASF212:
 10363 0513 726C6973 		.ascii	"rlist\000"
 10363      7400
 10364              	.LASF181:
 10365 0519 74687265 		.ascii	"threads_list_t\000"
 10365      6164735F 
 10365      6C697374 
 10365      5F7400
 10366              	.LASF318:
 10367 0528 746D5F63 		.ascii	"tm_calibration_t\000"
 10367      616C6962 
 10367      72617469 
 10367      6F6E5F74 
 10367      00
 10368              	.LASF389:
 10369 0539 696E7075 		.ascii	"input_queue_t\000"
 10369      745F7175 
 10369      6575655F 
 10369      7400
 10370              	.LASF474:
 10371 0547 41444343 		.ascii	"ADCConversionGroup\000"
 10371      6F6E7665 
 10371      7273696F 
 10371      6E47726F 
 10371      757000
 10372              	.LASF777:
 10373 055a 44535453 		.ascii	"DSTS\000"
 10373      00
 10374              	.LASF125:
 10375 055f 5F5F6C6F 		.ascii	"__lock\000"
 10375      636B00
 10376              	.LASF578:
 10377 0566 5354445F 		.ascii	"STD_DUTY_CYCLE\000"
 10377      44555459 
 10377      5F435943 
 10377      4C4500
 10378              	.LASF72:
 10379 0575 5F726565 		.ascii	"_reent\000"
 10379      6E7400
 10380              	.LASF354:
 10381 057c 63665F6F 		.ascii	"cf_off_older\000"
 10381      66665F6F 
 10381      6C646572 
 10381      00
 10382              	.LASF145:
 10383 0589 72747469 		.ascii	"rttime_t\000"
 10383      6D655F74 
 10383      00
ARM GAS  /tmp/ccwPAVQD.s 			page 188


 10384              	.LASF537:
 10385 0592 45585444 		.ascii	"EXTD1\000"
 10385      3100
 10386              	.LASF811:
 10387 0598 72787175 		.ascii	"rxqueued\000"
 10387      65756564 
 10387      00
 10388              	.LASF485:
 10389 05a1 63616E73 		.ascii	"canstate_t\000"
 10389      74617465 
 10389      5F7400
 10390              	.LASF257:
 10391 05ac 7346696C 		.ascii	"sFilterRegister\000"
 10391      74657252 
 10391      65676973 
 10391      74657200 
 10392              	.LASF93:
 10393 05bc 5F5F7366 		.ascii	"__sf\000"
 10393      00
 10394              	.LASF783:
 10395 05c1 72657376 		.ascii	"resvd820\000"
 10395      64383230 
 10395      00
 10396              	.LASF53:
 10397 05ca 5F626173 		.ascii	"_base\000"
 10397      6500
 10398              	.LASF915:
 10399 05d0 5F5F7374 		.ascii	"__stack_chk_fail\000"
 10399      61636B5F 
 10399      63686B5F 
 10399      6661696C 
 10399      00
 10400              	.LASF284:
 10401 05e1 52455350 		.ascii	"RESP1\000"
 10401      3100
 10402              	.LASF285:
 10403 05e7 52455350 		.ascii	"RESP2\000"
 10403      3200
 10404              	.LASF286:
 10405 05ed 52455350 		.ascii	"RESP3\000"
 10405      3300
 10406              	.LASF287:
 10407 05f3 52455350 		.ascii	"RESP4\000"
 10407      3400
 10408              	.LASF111:
 10409 05f9 5F6D6274 		.ascii	"_mbtowc_state\000"
 10409      6F77635F 
 10409      73746174 
 10409      6500
 10410              	.LASF565:
 10411 0607 4932435F 		.ascii	"I2C_UNINIT\000"
 10411      554E494E 
 10411      495400
 10412              	.LASF365:
 10413 0612 636F6E64 		.ascii	"condition_variable\000"
 10413      6974696F 
 10413      6E5F7661 
ARM GAS  /tmp/ccwPAVQD.s 			page 189


 10413      72696162 
 10413      6C6500
 10414              	.LASF722:
 10415 0625 75736272 		.ascii	"usbreqhandler_t\000"
 10415      65716861 
 10415      6E646C65 
 10415      725F7400 
 10416              	.LASF445:
 10417 0635 4144435F 		.ascii	"ADC_COMPLETE\000"
 10417      434F4D50 
 10417      4C455445 
 10417      00
 10418              	.LASF561:
 10419 0642 47505443 		.ascii	"GPTConfig\000"
 10419      6F6E6669 
 10419      6700
 10420              	.LASF627:
 10421 064c 53445F55 		.ascii	"SD_UNINIT\000"
 10421      4E494E49 
 10421      5400
 10422              	.LASF150:
 10423 0656 74707269 		.ascii	"tprio_t\000"
 10423      6F5F7400 
 10424              	.LASF324:
 10425 065e 6E5F6972 		.ascii	"n_irq\000"
 10425      7100
 10426              	.LASF842:
 10427 0664 636F6E64 		.ascii	"condvar\000"
 10427      76617200 
 10428              	.LASF606:
 10429 066c 69327370 		.ascii	"i2spr\000"
 10429      7200
 10430              	.LASF893:
 10431 0672 63685379 		.ascii	"chSysHalt\000"
 10431      7348616C 
 10431      7400
 10432              	.LASF787:
 10433 067c 72657376 		.ascii	"resvd830\000"
 10433      64383330 
 10433      00
 10434              	.LASF34:
 10435 0685 5F5F746D 		.ascii	"__tm\000"
 10435      00
 10436              	.LASF789:
 10437 068a 72657376 		.ascii	"resvd838\000"
 10437      64383338 
 10437      00
 10438              	.LASF581:
 10439 0693 69326364 		.ascii	"i2cdutycycle_t\000"
 10439      75747963 
 10439      79636C65 
 10439      5F7400
 10440              	.LASF833:
 10441 06a2 6F707461 		.ascii	"optarg\000"
 10441      726700
 10442              	.LASF790:
 10443 06a9 72657376 		.ascii	"resvd83C\000"
ARM GAS  /tmp/ccwPAVQD.s 			page 190


 10443      64383343 
 10443      00
 10444              	.LASF887:
 10445 06b2 7374726F 		.ascii	"strongest_ir\000"
 10445      6E676573 
 10445      745F6972 
 10445      00
 10446              	.LASF459:
 10447 06bf 74687265 		.ascii	"thread\000"
 10447      616400
 10448              	.LASF504:
 10449 06c6 72656773 		.ascii	"regshift\000"
 10449      68696674 
 10449      00
 10450              	.LASF685:
 10451 06cf 73657475 		.ascii	"setup\000"
 10451      7000
 10452              	.LASF664:
 10453 06d5 5350495F 		.ascii	"SPI_UNINIT\000"
 10453      554E494E 
 10453      495400
 10454              	.LASF738:
 10455 06e0 44545846 		.ascii	"DTXFSTS\000"
 10455      53545300 
 10456              	.LASF408:
 10457 06e8 626C6B5F 		.ascii	"blk_size\000"
 10457      73697A65 
 10457      00
 10458              	.LASF567:
 10459 06f1 4932435F 		.ascii	"I2C_READY\000"
 10459      52454144 
 10459      5900
 10460              	.LASF42:
 10461 06fb 5F5F746D 		.ascii	"__tm_yday\000"
 10461      5F796461 
 10461      7900
 10462              	.LASF679:
 10463 0705 696E5F70 		.ascii	"in_params\000"
 10463      6172616D 
 10463      7300
 10464              	.LASF551:
 10465 070f 43434552 		.ascii	"CCER\000"
 10465      00
 10466              	.LASF300:
 10467 0714 49325350 		.ascii	"I2SPR\000"
 10467      5200
 10468              	.LASF609:
 10469 071a 50574D5F 		.ascii	"PWM_UNINIT\000"
 10469      554E494E 
 10469      495400
 10470              	.LASF319:
 10471 0725 62657374 		.ascii	"best\000"
 10471      00
 10472              	.LASF866:
 10473 072a 74797065 		.ascii	"type\000"
 10473      00
 10474              	.LASF747:
ARM GAS  /tmp/ccwPAVQD.s 			page 191


 10475 072f 47414842 		.ascii	"GAHBCFG\000"
 10475      43464700 
 10476              	.LASF514:
 10477 0737 64616363 		.ascii	"daccallback_t\000"
 10477      616C6C62 
 10477      61636B5F 
 10477      7400
 10478              	.LASF18:
 10479 0745 5F4C4F43 		.ascii	"_LOCK_T\000"
 10479      4B5F5400 
 10480              	.LASF791:
 10481 074d 72657376 		.ascii	"resvd840\000"
 10481      64383430 
 10481      00
 10482              	.LASF296:
 10483 0756 43524350 		.ascii	"CRCPR\000"
 10483      5200
 10484              	.LASF403:
 10485 075c 424C4B5F 		.ascii	"BLK_READY\000"
 10485      52454144 
 10485      5900
 10486              	.LASF3:
 10487 0766 5F5F696E 		.ascii	"__int16_t\000"
 10487      7431365F 
 10487      7400
 10488              	.LASF5:
 10489 0770 5F5F7569 		.ascii	"__uint16_t\000"
 10489      6E743136 
 10489      5F7400
 10490              	.LASF541:
 10491 077b 4750545F 		.ascii	"GPT_CONTINUOUS\000"
 10491      434F4E54 
 10491      494E554F 
 10491      555300
 10492              	.LASF805:
 10493 078a 74787175 		.ascii	"txqueued\000"
 10493      65756564 
 10493      00
 10494              	.LASF174:
 10495 0793 705F6D73 		.ascii	"p_msg\000"
 10495      6700
 10496              	.LASF103:
 10497 0799 5F756E75 		.ascii	"_unused_rand\000"
 10497      7365645F 
 10497      72616E64 
 10497      00
 10498              	.LASF744:
 10499 07a6 73746D33 		.ascii	"stm32_otg_out_ep_t\000"
 10499      325F6F74 
 10499      675F6F75 
 10499      745F6570 
 10499      5F7400
 10500              	.LASF753:
 10501 07b9 47525853 		.ascii	"GRXSTSP\000"
 10501      54535000 
 10502              	.LASF752:
 10503 07c1 47525853 		.ascii	"GRXSTSR\000"
ARM GAS  /tmp/ccwPAVQD.s 			page 192


 10503      54535200 
 10504              	.LASF330:
 10505 07c9 65786974 		.ascii	"exitcode\000"
 10505      636F6465 
 10505      00
 10506              	.LASF274:
 10507 07d2 4D314152 		.ascii	"M1AR\000"
 10507      00
 10508              	.LASF692:
 10509 07d7 77616974 		.ascii	"wait\000"
 10509      00
 10510              	.LASF275:
 10511 07dc 444D415F 		.ascii	"DMA_Stream_TypeDef\000"
 10511      53747265 
 10511      616D5F54 
 10511      79706544 
 10511      656600
 10512              	.LASF699:
 10513 07ef 5553425F 		.ascii	"USB_ACTIVE\000"
 10513      41435449 
 10513      564500
 10514              	.LASF880:
 10515 07fa 73746570 		.ascii	"stepper_motor_s\000"
 10515      7065725F 
 10515      6D6F746F 
 10515      725F7300 
 10516              	.LASF837:
 10517 080a 6F707472 		.ascii	"optreset\000"
 10517      65736574 
 10517      00
 10518              	.LASF740:
 10519 0813 73746D33 		.ascii	"stm32_otg_in_ep_t\000"
 10519      325F6F74 
 10519      675F696E 
 10519      5F65705F 
 10519      7400
 10520              	.LASF813:
 10521 0825 7278636E 		.ascii	"rxcnt\000"
 10521      7400
 10522              	.LASF441:
 10523 082b 4144435F 		.ascii	"ADC_UNINIT\000"
 10523      554E494E 
 10523      495400
 10524              	.LASF589:
 10525 0836 7278646D 		.ascii	"rxdmamode\000"
 10525      616D6F64 
 10525      6500
 10526              	.LASF84:
 10527 0840 5F726573 		.ascii	"_result_k\000"
 10527      756C745F 
 10527      6B00
 10528              	.LASF533:
 10529 084a 6D6F6465 		.ascii	"mode\000"
 10529      00
 10530              	.LASF76:
 10531 084f 5F737464 		.ascii	"_stderr\000"
 10531      65727200 
ARM GAS  /tmp/ccwPAVQD.s 			page 193


 10532              	.LASF83:
 10533 0857 5F726573 		.ascii	"_result\000"
 10533      756C7400 
 10534              	.LASF343:
 10535 085f 6D5F636E 		.ascii	"m_cnt\000"
 10535      7400
 10536              	.LASF530:
 10537 0865 45585444 		.ascii	"EXTDriver\000"
 10537      72697665 
 10537      7200
 10538              	.LASF46:
 10539 086f 5F64736F 		.ascii	"_dso_handle\000"
 10539      5F68616E 
 10539      646C6500 
 10540              	.LASF601:
 10541 087b 69327363 		.ascii	"i2scallback_t\000"
 10541      616C6C62 
 10541      61636B5F 
 10541      7400
 10542              	.LASF673:
 10543 0889 73737061 		.ascii	"sspad\000"
 10543      6400
 10544              	.LASF590:
 10545 088f 7478646D 		.ascii	"txdmamode\000"
 10545      616D6F64 
 10545      6500
 10546              	.LASF871:
 10547 0899 6275665F 		.ascii	"buf_dim\000"
 10547      64696D00 
 10548              	.LASF557:
 10549 08a1 67707466 		.ascii	"gptfreq_t\000"
 10549      7265715F 
 10549      7400
 10550              	.LASF41:
 10551 08ab 5F5F746D 		.ascii	"__tm_wday\000"
 10551      5F776461 
 10551      7900
 10552              	.LASF43:
 10553 08b5 5F5F746D 		.ascii	"__tm_isdst\000"
 10553      5F697364 
 10553      737400
 10554              	.LASF798:
 10555 08c0 72785F66 		.ascii	"rx_fifo_size\000"
 10555      69666F5F 
 10555      73697A65 
 10555      00
 10556              	.LASF143:
 10557 08cd 5F5F6664 		.ascii	"__fdlib_version\000"
 10557      6C69625F 
 10557      76657273 
 10557      696F6E00 
 10558              	.LASF899:
 10559 08dd 70726F78 		.ascii	"proximity_start\000"
 10559      696D6974 
 10559      795F7374 
 10559      61727400 
 10560              	.LASF832:
ARM GAS  /tmp/ccwPAVQD.s 			page 194


 10561 08ed 656E7669 		.ascii	"environ\000"
 10561      726F6E00 
 10562              	.LASF512:
 10563 08f5 4441435F 		.ascii	"DAC_ERR_UNDERFLOW\000"
 10563      4552525F 
 10563      554E4445 
 10563      52464C4F 
 10563      5700
 10564              	.LASF493:
 10565 0907 77616B65 		.ascii	"wakeup_event\000"
 10565      75705F65 
 10565      76656E74 
 10565      00
 10566              	.LASF197:
 10567 0914 76745F70 		.ascii	"vt_prev\000"
 10567      72657600 
 10568              	.LASF467:
 10569 091c 656E645F 		.ascii	"end_cb\000"
 10569      636200
 10570              	.LASF816:
 10571 0923 73657475 		.ascii	"setup_cb\000"
 10571      705F6362 
 10571      00
 10572              	.LASF1:
 10573 092c 756E7369 		.ascii	"unsigned char\000"
 10573      676E6564 
 10573      20636861 
 10573      7200
 10574              	.LASF75:
 10575 093a 5F737464 		.ascii	"_stdout\000"
 10575      6F757400 
 10576              	.LASF294:
 10577 0942 4649464F 		.ascii	"FIFO\000"
 10577      00
 10578              	.LASF315:
 10579 0947 74625F62 		.ascii	"tb_buffer\000"
 10579      75666665 
 10579      7200
 10580              	.LASF487:
 10581 0951 74787175 		.ascii	"txqueue\000"
 10581      65756500 
 10582              	.LASF338:
 10583 0959 735F636E 		.ascii	"s_cnt\000"
 10583      7400
 10584              	.LASF185:
 10585 095f 72656164 		.ascii	"ready_list_t\000"
 10585      795F6C69 
 10585      73745F74 
 10585      00
 10586              	.LASF158:
 10587 096c 63685F74 		.ascii	"ch_thread\000"
 10587      68726561 
 10587      6400
 10588              	.LASF576:
 10589 0976 4F504D4F 		.ascii	"OPMODE_SMBUS_HOST\000"
 10589      44455F53 
 10589      4D425553 
ARM GAS  /tmp/ccwPAVQD.s 			page 195


 10589      5F484F53 
 10589      5400
 10590              	.LASF118:
 10591 0988 5F6D6273 		.ascii	"_mbsrtowcs_state\000"
 10591      72746F77 
 10591      63735F73 
 10591      74617465 
 10591      00
 10592              	.LASF694:
 10593 0999 75736265 		.ascii	"usbep_t\000"
 10593      705F7400 
 10594              	.LASF32:
 10595 09a1 5F776473 		.ascii	"_wds\000"
 10595      00
 10596              	.LASF137:
 10597 09a6 666C6F61 		.ascii	"float\000"
 10597      7400
 10598              	.LASF526:
 10599 09ac 4558545F 		.ascii	"EXT_UNINIT\000"
 10599      554E494E 
 10599      495400
 10600              	.LASF484:
 10601 09b7 43414E5F 		.ascii	"CAN_SLEEP\000"
 10601      534C4545 
 10601      5000
 10602              	.LASF913:
 10603 09c1 2F686F6D 		.ascii	"/home/acse-lab/Documents/ele313-ts/Project/\000"
 10603      652F6163 
 10603      73652D6C 
 10603      61622F44 
 10603      6F63756D 
 10604              	.LASF894:
 10605 09ed 6765745F 		.ascii	"get_calibrated_prox\000"
 10605      63616C69 
 10605      62726174 
 10605      65645F70 
 10605      726F7800 
 10606              	.LASF311:
 10607 0a01 73655F73 		.ascii	"se_state\000"
 10607      74617465 
 10607      00
 10608              	.LASF54:
 10609 0a0a 5F73697A 		.ascii	"_size\000"
 10609      6500
 10610              	.LASF663:
 10611 0a10 53444344 		.ascii	"SDCD1\000"
 10611      3100
 10612              	.LASF204:
 10613 0a16 73797374 		.ascii	"system_debug_t\000"
 10613      656D5F64 
 10613      65627567 
 10613      5F7400
 10614              	.LASF262:
 10615 0a25 44485238 		.ascii	"DHR8R1\000"
 10615      523100
 10616              	.LASF265:
 10617 0a2c 44485238 		.ascii	"DHR8R2\000"
ARM GAS  /tmp/ccwPAVQD.s 			page 196


 10617      523200
 10618              	.LASF548:
 10619 0a33 44494552 		.ascii	"DIER\000"
 10619      00
 10620              	.LASF850:
 10621 0a38 68656164 		.ascii	"head\000"
 10621      00
 10622              	.LASF162:
 10623 0a3d 705F6374 		.ascii	"p_ctx\000"
 10623      7800
 10624              	.LASF200:
 10625 0a43 76745F70 		.ascii	"vt_par\000"
 10625      617200
 10626              	.LASF221:
 10627 0a4a 4A4F4652 		.ascii	"JOFR1\000"
 10627      3100
 10628              	.LASF222:
 10629 0a50 4A4F4652 		.ascii	"JOFR2\000"
 10629      3200
 10630              	.LASF224:
 10631 0a56 4A4F4652 		.ascii	"JOFR4\000"
 10631      3400
 10632              	.LASF61:
 10633 0a5c 5F777269 		.ascii	"_write\000"
 10633      746500
 10634              	.LASF298:
 10635 0a63 54584352 		.ascii	"TXCRCR\000"
 10635      435200
 10636              	.LASF519:
 10637 0a6a 64616364 		.ascii	"dacdhrmode_t\000"
 10637      68726D6F 
 10637      64655F74 
 10637      00
 10638              	.LASF461:
 10639 0a77 646D6173 		.ascii	"dmastp\000"
 10639      747000
 10640              	.LASF841:
 10641 0a7e 6C6F636B 		.ascii	"lock\000"
 10641      00
 10642              	.LASF580:
 10643 0a83 46415354 		.ascii	"FAST_DUTY_CYCLE_16_9\000"
 10643      5F445554 
 10643      595F4359 
 10643      434C455F 
 10643      31365F39 
 10644              	.LASF134:
 10645 0a98 75696E74 		.ascii	"uint64_t\000"
 10645      36345F74 
 10645      00
 10646              	.LASF325:
 10647 0aa1 6E5F6374 		.ascii	"n_ctxswc\000"
 10647      78737763 
 10647      00
 10648              	.LASF363:
 10649 0aaa 63685F64 		.ascii	"ch_debug\000"
 10649      65627567 
 10649      00
ARM GAS  /tmp/ccwPAVQD.s 			page 197


 10650              	.LASF522:
 10651 0ab3 696E6974 		.ascii	"init\000"
 10651      00
 10652              	.LASF249:
 10653 0ab8 464D3152 		.ascii	"FM1R\000"
 10653      00
 10654              	.LASF438:
 10655 0abd 50414C43 		.ascii	"PALConfig\000"
 10655      6F6E6669 
 10655      6700
 10656              	.LASF807:
 10657 0ac7 7478636E 		.ascii	"txcnt\000"
 10657      7400
 10658              	.LASF860:
 10659 0acd 73756273 		.ascii	"subspaces\000"
 10659      70616365 
 10659      7300
 10660              	.LASF721:
 10661 0ad7 75736265 		.ascii	"usbeventcb_t\000"
 10661      76656E74 
 10661      63625F74 
 10661      00
 10662              	.LASF400:
 10663 0ae4 424C4B5F 		.ascii	"BLK_ACTIVE\000"
 10663      41435449 
 10663      564500
 10664              	.LASF40:
 10665 0aef 5F5F746D 		.ascii	"__tm_year\000"
 10665      5F796561 
 10665      7200
 10666              	.LASF368:
 10667 0af9 6576656E 		.ascii	"event_listener_t\000"
 10667      745F6C69 
 10667      7374656E 
 10667      65725F74 
 10667      00
 10668              	.LASF799:
 10669 0b0a 6F74675F 		.ascii	"otg_ram_size\000"
 10669      72616D5F 
 10669      73697A65 
 10669      00
 10670              	.LASF801:
 10671 0b17 73746D33 		.ascii	"stm32_otg_params_t\000"
 10671      325F6F74 
 10671      675F7061 
 10671      72616D73 
 10671      5F7400
 10672              	.LASF794:
 10673 0b2a 72657376 		.ascii	"resvdD00\000"
 10673      64443030 
 10673      00
 10674              	.LASF297:
 10675 0b33 52584352 		.ascii	"RXCRCR\000"
 10675      435200
 10676              	.LASF810:
 10677 0b3a 72786275 		.ascii	"rxbuf\000"
 10677      6600
ARM GAS  /tmp/ccwPAVQD.s 			page 198


 10678              	.LASF101:
 10679 0b40 5F6D756C 		.ascii	"_mult\000"
 10679      7400
 10680              	.LASF339:
 10681 0b46 63685F6D 		.ascii	"ch_mutex\000"
 10681      75746578 
 10681      00
 10682              	.LASF490:
 10683 0b4f 7478656D 		.ascii	"txempty_event\000"
 10683      7074795F 
 10683      6576656E 
 10683      7400
 10684              	.LASF613:
 10685 0b5d 50574D44 		.ascii	"PWMDriver\000"
 10685      72697665 
 10685      7200
 10686              	.LASF435:
 10687 0b67 50474461 		.ascii	"PGData\000"
 10687      746100
 10688              	.LASF622:
 10689 0b6e 50574D43 		.ascii	"PWMConfig\000"
 10689      6F6E6669 
 10689      6700
 10690              	.LASF116:
 10691 0b78 5F6D6272 		.ascii	"_mbrlen_state\000"
 10691      6C656E5F 
 10691      73746174 
 10691      6500
 10692              	.LASF867:
 10693 0b86 76616C75 		.ascii	"value\000"
 10693      6500
 10694              	.LASF353:
 10695 0b8c 63665F6F 		.ascii	"cf_off_newer\000"
 10695      66665F6E 
 10695      65776572 
 10695      00
 10696              	.LASF779:
 10697 0b99 44494550 		.ascii	"DIEPMSK\000"
 10697      4D534B00 
 10698              	.LASF746:
 10699 0ba1 474F5447 		.ascii	"GOTGINT\000"
 10699      494E5400 
 10700              	.LASF818:
 10701 0ba9 6F75745F 		.ascii	"out_cb\000"
 10701      636200
 10702              	.LASF770:
 10703 0bb0 4841494E 		.ascii	"HAINTMSK\000"
 10703      544D534B 
 10703      00
 10704              	.LASF680:
 10705 0bb9 6F75745F 		.ascii	"out_params\000"
 10705      70617261 
 10705      6D7300
 10706              	.LASF310:
 10707 0bc4 73655F77 		.ascii	"se_wtobjp\000"
 10707      746F626A 
 10707      7000
ARM GAS  /tmp/ccwPAVQD.s 			page 199


 10708              	.LASF228:
 10709 0bce 4A535152 		.ascii	"JSQR\000"
 10709      00
 10710              	.LASF74:
 10711 0bd3 5F737464 		.ascii	"_stdin\000"
 10711      696E00
 10712              	.LASF123:
 10713 0bda 5F6E6D61 		.ascii	"_nmalloc\000"
 10713      6C6C6F63 
 10713      00
 10714              	.LASF560:
 10715 0be3 64696572 		.ascii	"dier\000"
 10715      00
 10716              	.LASF658:
 10717 0be8 69735F70 		.ascii	"is_protected\000"
 10717      726F7465 
 10717      63746564 
 10717      00
 10718              	.LASF194:
 10719 0bf5 76697274 		.ascii	"virtual_timer_t\000"
 10719      75616C5F 
 10719      74696D65 
 10719      725F7400 
 10720              	.LASF820:
 10721 0c05 6F75745F 		.ascii	"out_maxsize\000"
 10721      6D617873 
 10721      697A6500 
 10722              	.LASF189:
 10723 0c11 725F6374 		.ascii	"r_ctx\000"
 10723      7800
 10724              	.LASF196:
 10725 0c17 76745F6E 		.ascii	"vt_next\000"
 10725      65787400 
 10726              	.LASF595:
 10727 0c1f 4932535F 		.ascii	"I2S_STOP\000"
 10727      53544F50 
 10727      00
 10728              	.LASF230:
 10729 0c28 4A445232 		.ascii	"JDR2\000"
 10729      00
 10730              	.LASF610:
 10731 0c2d 50574D5F 		.ascii	"PWM_STOP\000"
 10731      53544F50 
 10731      00
 10732              	.LASF144:
 10733 0c36 7274636E 		.ascii	"rtcnt_t\000"
 10733      745F7400 
 10734              	.LASF460:
 10735 0c3e 6D757465 		.ascii	"mutex\000"
 10735      7800
 10736              	.LASF604:
 10737 0c44 73697A65 		.ascii	"size\000"
 10737      00
 10738              	.LASF508:
 10739 0c49 44414344 		.ascii	"DACDriver\000"
 10739      72697665 
 10739      7200
ARM GAS  /tmp/ccwPAVQD.s 			page 200


 10740              	.LASF524:
 10741 0c53 44414343 		.ascii	"DACConfig\000"
 10741      6F6E6669 
 10741      6700
 10742              	.LASF691:
 10743 0c5d 74787065 		.ascii	"txpending\000"
 10743      6E64696E 
 10743      6700
 10744              	.LASF545:
 10745 0c67 636C6F63 		.ascii	"clock\000"
 10745      6B00
 10746              	.LASF412:
 10747 0c6d 636C6561 		.ascii	"clear\000"
 10747      7200
 10748              	.LASF555:
 10749 0c73 43435852 		.ascii	"CCXR\000"
 10749      00
 10750              	.LASF258:
 10751 0c78 43414E5F 		.ascii	"CAN_TypeDef\000"
 10751      54797065 
 10751      44656600 
 10752              	.LASF19:
 10753 0c84 5F6F6666 		.ascii	"_off_t\000"
 10753      5F7400
 10754              	.LASF305:
 10755 0c8b 73746B61 		.ascii	"stkalign_t\000"
 10755      6C69676E 
 10755      5F7400
 10756              	.LASF312:
 10757 0c96 63685F73 		.ascii	"ch_swc_event_t\000"
 10757      77635F65 
 10757      76656E74 
 10757      5F7400
 10758              	.LASF628:
 10759 0ca5 53445F53 		.ascii	"SD_STOP\000"
 10759      544F5000 
 10760              	.LASF725:
 10761 0cad 72657376 		.ascii	"resvd8\000"
 10761      643800
 10762              	.LASF16:
 10763 0cb4 73697A65 		.ascii	"size_t\000"
 10763      5F7400
 10764              	.LASF106:
 10765 0cbb 5F6C6F63 		.ascii	"_localtime_buf\000"
 10765      616C7469 
 10765      6D655F62 
 10765      756600
 10766              	.LASF792:
 10767 0cca 72657376 		.ascii	"resvd880\000"
 10767      64383830 
 10767      00
 10768              	.LASF874:
 10769 0cd3 70617261 		.ascii	"parameter_root\000"
 10769      6D657465 
 10769      725F726F 
 10769      6F7400
 10770              	.LASF24:
ARM GAS  /tmp/ccwPAVQD.s 			page 201


 10771 0ce2 5F5F636F 		.ascii	"__count\000"
 10771      756E7400 
 10772              	.LASF129:
 10773 0cea 75696E74 		.ascii	"uint8_t\000"
 10773      385F7400 
 10774              	.LASF729:
 10775 0cf2 72657376 		.ascii	"resvd14\000"
 10775      64313400 
 10776              	.LASF480:
 10777 0cfa 43414E5F 		.ascii	"CAN_UNINIT\000"
 10777      554E494E 
 10777      495400
 10778              	.LASF730:
 10779 0d05 72657376 		.ascii	"resvd18\000"
 10779      64313800 
 10780              	.LASF191:
 10781 0d0d 725F6F6C 		.ascii	"r_older\000"
 10781      64657200 
 10782              	.LASF160:
 10783 0d15 705F7072 		.ascii	"p_prev\000"
 10783      657600
 10784              	.LASF355:
 10785 0d1c 63665F6F 		.ascii	"cf_off_name\000"
 10785      66665F6E 
 10785      616D6500 
 10786              	.LASF621:
 10787 0d28 50574D43 		.ascii	"PWMChannelConfig\000"
 10787      68616E6E 
 10787      656C436F 
 10787      6E666967 
 10787      00
 10788              	.LASF620:
 10789 0d39 70776D63 		.ascii	"pwmcnt_t\000"
 10789      6E745F74 
 10789      00
 10790              	.LASF788:
 10791 0d42 44494550 		.ascii	"DIEPEMPMSK\000"
 10791      454D504D 
 10791      534B00
 10792              	.LASF733:
 10793 0d4d 44494550 		.ascii	"DIEPCTL\000"
 10793      43544C00 
 10794              	.LASF374:
 10795 0d55 656C5F77 		.ascii	"el_wflags\000"
 10795      666C6167 
 10795      7300
 10796              	.LASF689:
 10797 0d5f 6F746770 		.ascii	"otgparams\000"
 10797      6172616D 
 10797      7300
 10798              	.LASF313:
 10799 0d69 74625F73 		.ascii	"tb_size\000"
 10799      697A6500 
 10800              	.LASF432:
 10801 0d71 50444461 		.ascii	"PDData\000"
 10801      746100
 10802              	.LASF653:
ARM GAS  /tmp/ccwPAVQD.s 			page 202


 10803 0d78 73637261 		.ascii	"scratchpad\000"
 10803      74636870 
 10803      616400
 10804              	.LASF88:
 10805 0d83 5F637674 		.ascii	"_cvtbuf\000"
 10805      62756600 
 10806              	.LASF822:
 10807 0d8b 6F75745F 		.ascii	"out_state\000"
 10807      73746174 
 10807      6500
 10808              	.LASF378:
 10809 0d95 696F5F71 		.ascii	"io_queue_t\000"
 10809      75657565 
 10809      5F7400
 10810              	.LASF669:
 10811 0da0 73706973 		.ascii	"spistate_t\000"
 10811      74617465 
 10811      5F7400
 10812              	.LASF566:
 10813 0dab 4932435F 		.ascii	"I2C_STOP\000"
 10813      53544F50 
 10813      00
 10814              	.LASF588:
 10815 0db4 61646472 		.ascii	"addr\000"
 10815      00
 10816              	.LASF243:
 10817 0db9 52463052 		.ascii	"RF0R\000"
 10817      00
 10818              	.LASF450:
 10819 0dbe 4144435F 		.ascii	"ADC_ERR_DMAFAILURE\000"
 10819      4552525F 
 10819      444D4146 
 10819      41494C55 
 10819      524500
 10820              	.LASF667:
 10821 0dd1 5350495F 		.ascii	"SPI_ACTIVE\000"
 10821      41435449 
 10821      564500
 10822              	.LASF302:
 10823 0ddc 47545052 		.ascii	"GTPR\000"
 10823      00
 10824              	.LASF534:
 10825 0de1 45585443 		.ascii	"EXTChannelConfig\000"
 10825      68616E6E 
 10825      656C436F 
 10825      6E666967 
 10825      00
 10826              	.LASF415:
 10827 0df2 4F535045 		.ascii	"OSPEEDR\000"
 10827      45445200 
 10828              	.LASF498:
 10829 0dfa 4441435F 		.ascii	"DAC_READY\000"
 10829      52454144 
 10829      5900
 10830              	.LASF757:
 10831 0e04 72657376 		.ascii	"resvd30\000"
 10831      64333000 
ARM GAS  /tmp/ccwPAVQD.s 			page 203


 10832              	.LASF23:
 10833 0e0c 5F5F7763 		.ascii	"__wchb\000"
 10833      686200
 10834              	.LASF117:
 10835 0e13 5F6D6272 		.ascii	"_mbrtowc_state\000"
 10835      746F7763 
 10835      5F737461 
 10835      746500
 10836              	.LASF786:
 10837 0e22 44564255 		.ascii	"DVBUSPULSE\000"
 10837      5350554C 
 10837      534500
 10838              	.LASF37:
 10839 0e2d 5F5F746D 		.ascii	"__tm_hour\000"
 10839      5F686F75 
 10839      7200
 10840              	.LASF399:
 10841 0e37 424C4B5F 		.ascii	"BLK_STOP\000"
 10841      53544F50 
 10841      00
 10842              	.LASF636:
 10843 0e40 53657269 		.ascii	"SerialDriverVMT\000"
 10843      616C4472 
 10843      69766572 
 10843      564D5400 
 10844              	.LASF707:
 10845 0e50 5553425F 		.ascii	"USB_EP0_ERROR\000"
 10845      4550305F 
 10845      4552524F 
 10845      5200
 10846              	.LASF21:
 10847 0e5e 77696E74 		.ascii	"wint_t\000"
 10847      5F7400
 10848              	.LASF659:
 10849 0e65 636F6E6E 		.ascii	"connect\000"
 10849      65637400 
 10850              	.LASF89:
 10851 0e6d 5F6E6577 		.ascii	"_new\000"
 10851      00
 10852              	.LASF453:
 10853 0e72 41444344 		.ascii	"ADCDriver\000"
 10853      72697665 
 10853      7200
 10854              	.LASF800:
 10855 0e7c 6E756D5F 		.ascii	"num_endpoints\000"
 10855      656E6470 
 10855      6F696E74 
 10855      7300
 10856              	.LASF476:
 10857 0e8a 41444343 		.ascii	"ADCConfig\000"
 10857      6F6E6669 
 10857      6700
 10858              	.LASF808:
 10859 0e94 746F7473 		.ascii	"totsize\000"
 10859      697A6500 
 10860              	.LASF872:
 10861 0e9c 5F706172 		.ascii	"_param_val_matrix_s\000"
ARM GAS  /tmp/ccwPAVQD.s 			page 204


 10861      616D5F76 
 10861      616C5F6D 
 10861      61747269 
 10861      785F7300 
 10862              	.LASF97:
 10863 0eb0 5F6E696F 		.ascii	"_niobs\000"
 10863      627300
 10864              	.LASF356:
 10865 0eb7 63665F6F 		.ascii	"cf_off_stklimit\000"
 10865      66665F73 
 10865      746B6C69 
 10865      6D697400 
 10866              	.LASF629:
 10867 0ec7 53445F52 		.ascii	"SD_READY\000"
 10867      45414459 
 10867      00
 10868              	.LASF723:
 10869 0ed0 75736267 		.ascii	"usbgetdescriptor_t\000"
 10869      65746465 
 10869      73637269 
 10869      70746F72 
 10869      5F7400
 10870              	.LASF911:
 10871 0ee3 474E5520 		.ascii	"GNU C11 7.2.1 20170904 (release) [ARM/embedded-7-br"
 10871      43313120 
 10871      372E322E 
 10871      31203230 
 10871      31373039 
 10872 0f16 616E6368 		.ascii	"anch revision 255204] -mcpu=cortex-m4 -mfloat-abi=h"
 10872      20726576 
 10872      6973696F 
 10872      6E203235 
 10872      35323034 
 10873 0f49 61726420 		.ascii	"ard -mfpu=fpv4-sp-d16 -mno-thumb-interwork -mthumb "
 10873      2D6D6670 
 10873      753D6670 
 10873      76342D73 
 10873      702D6431 
 10874 0f7c 2D676764 		.ascii	"-ggdb -O2 -fomit-frame-pointer -falign-functions=16"
 10874      62202D4F 
 10874      32202D66 
 10874      6F6D6974 
 10874      2D667261 
 10875 0faf 202D666E 		.ascii	" -fno-strict-aliasing -fstack-protector-all -ffunct"
 10875      6F2D7374 
 10875      72696374 
 10875      2D616C69 
 10875      6173696E 
 10876 0fe2 696F6E2D 		.ascii	"ion-sections -fdata-sections -fno-common -fsingle-p"
 10876      73656374 
 10876      696F6E73 
 10876      202D6664 
 10876      6174612D 
 10877 1015 72656369 		.ascii	"recision-constant\000"
 10877      73696F6E 
 10877      2D636F6E 
 10877      7374616E 
ARM GAS  /tmp/ccwPAVQD.s 			page 205


 10877      7400
 10878              	.LASF501:
 10879 1027 4441435F 		.ascii	"DAC_ERROR\000"
 10879      4552524F 
 10879      5200
 10880              	.LASF192:
 10881 1031 725F6375 		.ascii	"r_current\000"
 10881      7272656E 
 10881      7400
 10882              	.LASF73:
 10883 103b 5F657272 		.ascii	"_errno\000"
 10883      6E6F00
 10884              	.LASF852:
 10885 1042 6D657373 		.ascii	"messagebus_t\000"
 10885      61676562 
 10885      75735F74 
 10885      00
 10886              	.LASF702:
 10887 104f 5553425F 		.ascii	"USB_EP0_TX\000"
 10887      4550305F 
 10887      545800
 10888              	.LASF681:
 10889 105a 65703073 		.ascii	"ep0state\000"
 10889      74617465 
 10889      00
 10890              	.LASF863:
 10891 1063 70617261 		.ascii	"parameter_s\000"
 10891      6D657465 
 10891      725F7300 
 10892              	.LASF38:
 10893 106f 5F5F746D 		.ascii	"__tm_mday\000"
 10893      5F6D6461 
 10893      7900
 10894              	.LASF392:
 10895 1079 69666372 		.ascii	"ifcr\000"
 10895      00
 10896              	.LASF594:
 10897 107e 4932535F 		.ascii	"I2S_UNINIT\000"
 10897      554E494E 
 10897      495400
 10898              	.LASF895:
 10899 1089 68616C49 		.ascii	"halInit\000"
 10899      6E697400 
 10900              	.LASF421:
 10901 1091 73746D33 		.ascii	"stm32_gpio_t\000"
 10901      325F6770 
 10901      696F5F74 
 10901      00
 10902              	.LASF329:
 10903 109e 7264796D 		.ascii	"rdymsg\000"
 10903      736700
 10904              	.LASF45:
 10905 10a5 5F666E61 		.ascii	"_fnargs\000"
 10905      72677300 
 10906              	.LASF611:
 10907 10ad 50574D5F 		.ascii	"PWM_READY\000"
 10907      52454144 
ARM GAS  /tmp/ccwPAVQD.s 			page 206


 10907      5900
 10908              	.LASF234:
 10909 10b7 54445452 		.ascii	"TDTR\000"
 10909      00
 10910              	.LASF242:
 10911 10bc 43414E5F 		.ascii	"CAN_FilterRegister_TypeDef\000"
 10911      46696C74 
 10911      65725265 
 10911      67697374 
 10911      65725F54 
 10912              	.LASF491:
 10913 10d7 6572726F 		.ascii	"error_event\000"
 10913      725F6576 
 10913      656E7400 
 10914              	.LASF466:
 10915 10e3 6E756D5F 		.ascii	"num_channels\000"
 10915      6368616E 
 10915      6E656C73 
 10915      00
 10916              	.LASF223:
 10917 10f0 4A4F4652 		.ascii	"JOFR3\000"
 10917      3300
 10918              	.LASF760:
 10919 10f6 72657376 		.ascii	"resvd58\000"
 10919      64353800 
 10920              	.LASF809:
 10921 10fe 55534249 		.ascii	"USBInEndpointState\000"
 10921      6E456E64 
 10921      706F696E 
 10921      74537461 
 10921      746500
 10922              	.LASF161:
 10923 1111 705F7072 		.ascii	"p_prio\000"
 10923      696F00
 10924              	.LASF865:
 10925 1118 64656669 		.ascii	"defined\000"
 10925      6E656400 
 10926              	.LASF379:
 10927 1120 696F5F71 		.ascii	"io_queue\000"
 10927      75657565 
 10927      00
 10928              	.LASF907:
 10929 1129 7365745F 		.ascii	"set_led\000"
 10929      6C656400 
 10930              	.LASF429:
 10931 1131 50414461 		.ascii	"PAData\000"
 10931      746100
 10932              	.LASF12:
 10933 1138 5F5F7569 		.ascii	"__uint64_t\000"
 10933      6E743634 
 10933      5F7400
 10934              	.LASF29:
 10935 1143 5F6E6578 		.ascii	"_next\000"
 10935      7400
 10936              	.LASF616:
 10937 1149 70776D63 		.ascii	"pwmcallback_t\000"
 10937      616C6C62 
ARM GAS  /tmp/ccwPAVQD.s 			page 207


 10937      61636B5F 
 10937      7400
 10938              	.LASF879:
 10939 1157 4E554D5F 		.ascii	"NUM_LED\000"
 10939      4C454400 
 10940              	.LASF509:
 10941 115f 70617261 		.ascii	"params\000"
 10941      6D7300
 10942              	.LASF706:
 10943 1166 5553425F 		.ascii	"USB_EP0_SENDING_STS\000"
 10943      4550305F 
 10943      53454E44 
 10943      494E475F 
 10943      53545300 
 10944              	.LASF114:
 10945 117a 5F736967 		.ascii	"_signal_buf\000"
 10945      6E616C5F 
 10945      62756600 
 10946              	.LASF881:
 10947 1186 72696768 		.ascii	"right_motor\000"
 10947      745F6D6F 
 10947      746F7200 
 10948              	.LASF571:
 10949 1192 69326373 		.ascii	"i2cstate_t\000"
 10949      74617465 
 10949      5F7400
 10950              	.LASF59:
 10951 119d 5F636F6F 		.ascii	"_cookie\000"
 10951      6B696500 
 10952              	.LASF856:
 10953 11a5 70617261 		.ascii	"parameter_namespace_t\000"
 10953      6D657465 
 10953      725F6E61 
 10953      6D657370 
 10953      6163655F 
 10954              	.LASF708:
 10955 11bb 75736265 		.ascii	"usbep0state_t\000"
 10955      70307374 
 10955      6174655F 
 10955      7400
 10956              	.LASF513:
 10957 11c9 64616365 		.ascii	"dacerror_t\000"
 10957      72726F72 
 10957      5F7400
 10958              	.LASF246:
 10959 11d4 7354784D 		.ascii	"sTxMailBox\000"
 10959      61696C42 
 10959      6F7800
 10960              	.LASF448:
 10961 11df 61646373 		.ascii	"adcsample_t\000"
 10961      616D706C 
 10961      655F7400 
 10962              	.LASF546:
 10963 11eb 67707463 		.ascii	"gptcallback_t\000"
 10963      616C6C62 
 10963      61636B5F 
 10963      7400
ARM GAS  /tmp/ccwPAVQD.s 			page 208


 10964              	.LASF382:
 10965 11f9 715F6275 		.ascii	"q_buffer\000"
 10965      66666572 
 10965      00
 10966              	.LASF159:
 10967 1202 705F6E65 		.ascii	"p_next\000"
 10967      787400
 10968              	.LASF593:
 10969 1209 49324344 		.ascii	"I2CD1\000"
 10969      3100
 10970              	.LASF734:
 10971 120f 72657376 		.ascii	"resvd4\000"
 10971      643400
 10972              	.LASF676:
 10973 1216 55534244 		.ascii	"USBDriver\000"
 10973      72697665 
 10973      7200
 10974              	.LASF793:
 10975 1220 72657376 		.ascii	"resvd8C0\000"
 10975      64384330 
 10975      00
 10976              	.LASF830:
 10977 1229 55534243 		.ascii	"USBConfig\000"
 10977      6F6E6669 
 10977      6700
 10978              	.LASF736:
 10979 1233 72657376 		.ascii	"resvdC\000"
 10979      644300
 10980              	.LASF623:
 10981 123a 50574D44 		.ascii	"PWMD2\000"
 10981      3200
 10982              	.LASF624:
 10983 1240 50574D44 		.ascii	"PWMD3\000"
 10983      3300
 10984              	.LASF625:
 10985 1246 50574D44 		.ascii	"PWMD4\000"
 10985      3400
 10986              	.LASF626:
 10987 124c 50574D44 		.ascii	"PWMD5\000"
 10987      3500
 10988              	.LASF634:
 10989 1252 6F717565 		.ascii	"oqueue\000"
 10989      756500
 10990              	.LASF148:
 10991 1259 74726566 		.ascii	"trefs_t\000"
 10991      735F7400 
 10992              	.LASF178:
 10993 1261 705F6D70 		.ascii	"p_mpool\000"
 10993      6F6F6C00 
 10994              	.LASF280:
 10995 1269 4932435F 		.ascii	"I2C_TypeDef\000"
 10995      54797065 
 10995      44656600 
 10996              	.LASF521:
 10997 1275 44414343 		.ascii	"DACConversionGroup\000"
 10997      6F6E7665 
 10997      7273696F 
ARM GAS  /tmp/ccwPAVQD.s 			page 209


 10997      6E47726F 
 10997      757000
 10998              	.LASF35:
 10999 1288 5F5F746D 		.ascii	"__tm_sec\000"
 10999      5F736563 
 10999      00
 11000              	.LASF823:
 11001 1291 696E5F6D 		.ascii	"in_multiplier\000"
 11001      756C7469 
 11001      706C6965 
 11001      7200
 11002              	.LASF446:
 11003 129f 4144435F 		.ascii	"ADC_ERROR\000"
 11003      4552524F 
 11003      5200
 11004              	.LASF44:
 11005 12a9 5F6F6E5F 		.ascii	"_on_exit_args\000"
 11005      65786974 
 11005      5F617267 
 11005      7300
 11006              	.LASF306:
 11007 12b7 636F6E74 		.ascii	"context\000"
 11007      65787400 
 11008              	.LASF146:
 11009 12bf 746D6F64 		.ascii	"tmode_t\000"
 11009      655F7400 
 11010              	.LASF444:
 11011 12c7 4144435F 		.ascii	"ADC_ACTIVE\000"
 11011      41435449 
 11011      564500
 11012              	.LASF225:
 11013 12d2 53515231 		.ascii	"SQR1\000"
 11013      00
 11014              	.LASF226:
 11015 12d7 53515232 		.ascii	"SQR2\000"
 11015      00
 11016              	.LASF227:
 11017 12dc 53515233 		.ascii	"SQR3\000"
 11017      00
 11018              	.LASF417:
 11019 12e1 42535252 		.ascii	"BSRR\000"
 11019      00
 11020              	.LASF396:
 11021 12e6 73746D33 		.ascii	"stm32_dma_stream_t\000"
 11021      325F646D 
 11021      615F7374 
 11021      7265616D 
 11021      5F7400
 11022              	.LASF828:
 11023 12f9 72657175 		.ascii	"requests_hook_cb\000"
 11023      65737473 
 11023      5F686F6F 
 11023      6B5F6362 
 11023      00
 11024              	.LASF119:
 11025 130a 5F776372 		.ascii	"_wcrtomb_state\000"
 11025      746F6D62 
ARM GAS  /tmp/ccwPAVQD.s 			page 210


 11025      5F737461 
 11025      746500
 11026              	.LASF645:
 11027 1319 5344435F 		.ascii	"SDC_MODE_8BIT\000"
 11027      4D4F4445 
 11027      5F384249 
 11027      5400
 11028              	.LASF806:
 11029 1327 74787369 		.ascii	"txsize\000"
 11029      7A6500
 11030              	.LASF517:
 11031 132e 4441435F 		.ascii	"DAC_DHRM_12BIT_LEFT\000"
 11031      4448524D 
 11031      5F313242 
 11031      49545F4C 
 11031      45465400 
 11032              	.LASF614:
 11033 1342 70657269 		.ascii	"period\000"
 11033      6F6400
 11034              	.LASF340:
 11035 1349 6D5F7175 		.ascii	"m_queue\000"
 11035      65756500 
 11036              	.LASF570:
 11037 1351 4932435F 		.ascii	"I2C_LOCKED\000"
 11037      4C4F434B 
 11037      454400
 11038              	.LASF207:
 11039 135c 6973725F 		.ascii	"isr_cnt\000"
 11039      636E7400 
 11040              	.LASF697:
 11041 1364 5553425F 		.ascii	"USB_READY\000"
 11041      52454144 
 11041      5900
 11042              	.LASF642:
 11043 136e 72656164 		.ascii	"readt\000"
 11043      7400
 11044              	.LASF749:
 11045 1374 47525354 		.ascii	"GRSTCTL\000"
 11045      43544C00 
 11046              	.LASF543:
 11047 137c 67707473 		.ascii	"gptstate_t\000"
 11047      74617465 
 11047      5F7400
 11048              	.LASF28:
 11049 1387 5F5F554C 		.ascii	"__ULong\000"
 11049      6F6E6700 
 11050              	.LASF206:
 11051 138f 70616E69 		.ascii	"panic_msg\000"
 11051      635F6D73 
 11051      6700
 11052              	.LASF668:
 11053 1399 5350495F 		.ascii	"SPI_COMPLETE\000"
 11053      434F4D50 
 11053      4C455445 
 11053      00
 11054              	.LASF288:
 11055 13a6 4454494D 		.ascii	"DTIMER\000"
ARM GAS  /tmp/ccwPAVQD.s 			page 211


 11055      455200
 11056              	.LASF190:
 11057 13ad 725F6E65 		.ascii	"r_newer\000"
 11057      77657200 
 11058              	.LASF714:
 11059 13b5 5553425F 		.ascii	"USB_EVENT_STALLED\000"
 11059      4556454E 
 11059      545F5354 
 11059      414C4C45 
 11059      4400
 11060              	.LASF362:
 11061 13c7 63686465 		.ascii	"chdebug_t\000"
 11061      6275675F 
 11061      7400
 11062              	.LASF812:
 11063 13d1 72787369 		.ascii	"rxsize\000"
 11063      7A6500
 11064              	.LASF728:
 11065 13d8 48435453 		.ascii	"HCTSIZ\000"
 11065      495A00
 11066              	.LASF711:
 11067 13df 5553425F 		.ascii	"USB_EVENT_CONFIGURED\000"
 11067      4556454E 
 11067      545F434F 
 11067      4E464947 
 11067      55524544 
 11068              	.LASF660:
 11069 13f4 64697363 		.ascii	"disconnect\000"
 11069      6F6E6E65 
 11069      637400
 11070              	.LASF836:
 11071 13ff 6F70746F 		.ascii	"optopt\000"
 11071      707400
 11072              	.LASF639:
 11073 1406 70757474 		.ascii	"putt\000"
 11073      00
 11074              	.LASF149:
 11075 140b 74736C69 		.ascii	"tslices_t\000"
 11075      6365735F 
 11075      7400
 11076              	.LASF104:
 11077 1415 5F737472 		.ascii	"_strtok_last\000"
 11077      746F6B5F 
 11077      6C617374 
 11077      00
 11078              	.LASF349:
 11079 1422 63685F74 		.ascii	"ch_timesize\000"
 11079      696D6573 
 11079      697A6500 
 11080              	.LASF693:
 11081 142e 77615F70 		.ascii	"wa_pump\000"
 11081      756D7000 
 11082              	.LASF293:
 11083 1436 4649464F 		.ascii	"FIFOCNT\000"
 11083      434E5400 
 11084              	.LASF377:
 11085 143e 6576656E 		.ascii	"event_source_t\000"
ARM GAS  /tmp/ccwPAVQD.s 			page 212


 11085      745F736F 
 11085      75726365 
 11085      5F7400
 11086              	.LASF763:
 11087 144d 72657376 		.ascii	"resvd140\000"
 11087      64313430 
 11087      00
 11088              	.LASF198:
 11089 1456 76745F64 		.ascii	"vt_delta\000"
 11089      656C7461 
 11089      00
 11090              	.LASF100:
 11091 145f 5F736565 		.ascii	"_seed\000"
 11091      6400
 11092              	.LASF314:
 11093 1465 74625F70 		.ascii	"tb_ptr\000"
 11093      747200
 11094              	.LASF520:
 11095 146c 74726967 		.ascii	"trigger\000"
 11095      67657200 
 11096              	.LASF62:
 11097 1474 5F736565 		.ascii	"_seek\000"
 11097      6B00
 11098              	.LASF712:
 11099 147a 5553425F 		.ascii	"USB_EVENT_SUSPEND\000"
 11099      4556454E 
 11099      545F5355 
 11099      5350454E 
 11099      4400
 11100              	.LASF130:
 11101 148c 696E7431 		.ascii	"int16_t\000"
 11101      365F7400 
 11102              	.LASF539:
 11103 1494 4750545F 		.ascii	"GPT_STOP\000"
 11103      53544F50 
 11103      00
 11104              	.LASF233:
 11105 149d 4144435F 		.ascii	"ADC_TypeDef\000"
 11105      54797065 
 11105      44656600 
 11106              	.LASF741:
 11107 14a9 444F4550 		.ascii	"DOEPCTL\000"
 11107      43544C00 
 11108              	.LASF6:
 11109 14b1 73686F72 		.ascii	"short unsigned int\000"
 11109      7420756E 
 11109      7369676E 
 11109      65642069 
 11109      6E7400
 11110              	.LASF582:
 11111 14c4 6F705F6D 		.ascii	"op_mode\000"
 11111      6F646500 
 11112              	.LASF0:
 11113 14cc 7369676E 		.ascii	"signed char\000"
 11113      65642063 
 11113      68617200 
 11114              	.LASF862:
ARM GAS  /tmp/ccwPAVQD.s 			page 213


 11115 14d8 70617261 		.ascii	"parameter_t\000"
 11115      6D657465 
 11115      725F7400 
 11116              	.LASF619:
 11117 14e4 70776D63 		.ascii	"pwmchnmsk_t\000"
 11117      686E6D73 
 11117      6B5F7400 
 11118              	.LASF170:
 11119 14f0 705F7072 		.ascii	"p_preempt\000"
 11119      65656D70 
 11119      7400
 11120              	.LASF596:
 11121 14fa 4932535F 		.ascii	"I2S_READY\000"
 11121      52454144 
 11121      5900
 11122              	.LASF155:
 11123 1504 75636E74 		.ascii	"ucnt_t\000"
 11123      5F7400
 11124              	.LASF236:
 11125 150b 54444852 		.ascii	"TDHR\000"
 11125      00
 11126              	.LASF442:
 11127 1510 4144435F 		.ascii	"ADC_STOP\000"
 11127      53544F50 
 11127      00
 11128              	.LASF705:
 11129 1519 5553425F 		.ascii	"USB_EP0_RX\000"
 11129      4550305F 
 11129      525800
 11130              	.LASF139:
 11131 1524 5F5F6664 		.ascii	"__fdlibm_ieee\000"
 11131      6C69626D 
 11131      5F696565 
 11131      6500
 11132              	.LASF882:
 11133 1532 6C656674 		.ascii	"left_motor\000"
 11133      5F6D6F74 
 11133      6F7200
 11134              	.LASF617:
 11135 153d 70776D6D 		.ascii	"pwmmode_t\000"
 11135      6F64655F 
 11135      7400
 11136              	.LASF686:
 11137 1547 73746174 		.ascii	"status\000"
 11137      757300
 11138              	.LASF289:
 11139 154e 444C454E 		.ascii	"DLEN\000"
 11139      00
 11140              	.LASF644:
 11141 1553 5344435F 		.ascii	"SDC_MODE_4BIT\000"
 11141      4D4F4445 
 11141      5F344249 
 11141      5400
 11142              	.LASF718:
 11143 1561 55534244 		.ascii	"USBDescriptor\000"
 11143      65736372 
 11143      6970746F 
ARM GAS  /tmp/ccwPAVQD.s 			page 214


 11143      7200
 11144              	.LASF831:
 11145 156f 55534244 		.ascii	"USBD1\000"
 11145      3100
 11146              	.LASF671:
 11147 1575 73706963 		.ascii	"spicallback_t\000"
 11147      616C6C62 
 11147      61636B5F 
 11147      7400
 11148              	.LASF86:
 11149 1583 5F667265 		.ascii	"_freelist\000"
 11149      656C6973 
 11149      7400
 11150              	.LASF687:
 11151 158d 61646472 		.ascii	"address\000"
 11151      65737300 
 11152              	.LASF173:
 11153 1595 705F6D73 		.ascii	"p_msgqueue\000"
 11153      67717565 
 11153      756500
 11154              	.LASF359:
 11155 15a0 63665F6F 		.ascii	"cf_off_refs\000"
 11155      66665F72 
 11155      65667300 
 11156              	.LASF357:
 11157 15ac 63665F6F 		.ascii	"cf_off_state\000"
 11157      66665F73 
 11157      74617465 
 11157      00
 11158              	.LASF341:
 11159 15b9 6D5F6F77 		.ascii	"m_owner\000"
 11159      6E657200 
 11160              	.LASF906:
 11161 15c1 6765745F 		.ascii	"get_selector\000"
 11161      73656C65 
 11161      63746F72 
 11161      00
 11162              	.LASF67:
 11163 15ce 5F6F6666 		.ascii	"_offset\000"
 11163      73657400 
 11164              	.LASF870:
 11165 15d6 5F706172 		.ascii	"_param_val_vector_s\000"
 11165      616D5F76 
 11165      616C5F76 
 11165      6563746F 
 11165      725F7300 
 11166              	.LASF218:
 11167 15ea 53797374 		.ascii	"SystemCoreClock\000"
 11167      656D436F 
 11167      7265436C 
 11167      6F636B00 
 11168              	.LASF464:
 11169 15fa 61646365 		.ascii	"adcerrorcallback_t\000"
 11169      72726F72 
 11169      63616C6C 
 11169      6261636B 
 11169      5F7400
ARM GAS  /tmp/ccwPAVQD.s 			page 215


 11170              	.LASF499:
 11171 160d 4441435F 		.ascii	"DAC_ACTIVE\000"
 11171      41435449 
 11171      564500
 11172              	.LASF454:
 11173 1618 73746174 		.ascii	"state\000"
 11173      6500
 11174              	.LASF347:
 11175 161e 63685F76 		.ascii	"ch_version\000"
 11175      65727369 
 11175      6F6E00
 11176              	.LASF52:
 11177 1629 5F5F7362 		.ascii	"__sbuf\000"
 11177      756600
 11178              	.LASF652:
 11179 1630 7364696F 		.ascii	"sdio\000"
 11179      00
 11180              	.LASF259:
 11181 1635 53575452 		.ascii	"SWTRIGR\000"
 11181      49475200 
 11182              	.LASF704:
 11183 163d 5553425F 		.ascii	"USB_EP0_WAITING_STS\000"
 11183      4550305F 
 11183      57414954 
 11183      494E475F 
 11183      53545300 
 11184              	.LASF113:
 11185 1651 5F6C3634 		.ascii	"_l64a_buf\000"
 11185      615F6275 
 11185      6600
 11186              	.LASF240:
 11187 165b 52444852 		.ascii	"RDHR\000"
 11187      00
 11188              	.LASF835:
 11189 1660 6F707465 		.ascii	"opterr\000"
 11189      727200
 11190              	.LASF553:
 11191 1667 444D4152 		.ascii	"DMAR\000"
 11191      00
 11192              	.LASF559:
 11193 166c 63616C6C 		.ascii	"callback\000"
 11193      6261636B 
 11193      00
 11194              	.LASF211:
 11195 1675 63685F73 		.ascii	"ch_system\000"
 11195      79737465 
 11195      6D00
 11196              	.LASF281:
 11197 167f 504F5745 		.ascii	"POWER\000"
 11197      5200
 11198              	.LASF209:
 11199 1685 74726163 		.ascii	"trace_buffer\000"
 11199      655F6275 
 11199      66666572 
 11199      00
 11200              	.LASF457:
 11201 1692 64657074 		.ascii	"depth\000"
ARM GAS  /tmp/ccwPAVQD.s 			page 216


 11201      6800
 11202              	.LASF105:
 11203 1698 5F617363 		.ascii	"_asctime_buf\000"
 11203      74696D65 
 11203      5F627566 
 11203      00
 11204              	.LASF518:
 11205 16a5 4441435F 		.ascii	"DAC_DHRM_8BIT_RIGHT\000"
 11205      4448524D 
 11205      5F384249 
 11205      545F5249 
 11205      47485400 
 11206              	.LASF538:
 11207 16b9 4750545F 		.ascii	"GPT_UNINIT\000"
 11207      554E494E 
 11207      495400
 11208              	.LASF22:
 11209 16c4 5F5F7763 		.ascii	"__wch\000"
 11209      6800
 11210              	.LASF336:
 11211 16ca 63685F73 		.ascii	"ch_semaphore\000"
 11211      656D6170 
 11211      686F7265 
 11211      00
 11212              	.LASF120:
 11213 16d7 5F776373 		.ascii	"_wcsrtombs_state\000"
 11213      72746F6D 
 11213      62735F73 
 11213      74617465 
 11213      00
 11214              	.LASF737:
 11215 16e8 44494550 		.ascii	"DIEPTSIZ\000"
 11215      5453495A 
 11215      00
 11216              	.LASF868:
 11217 16f1 5F706172 		.ascii	"_param_val_str_s\000"
 11217      616D5F76 
 11217      616C5F73 
 11217      74725F73 
 11217      00
 11218              	.LASF469:
 11219 1702 736D7072 		.ascii	"smpr1\000"
 11219      3100
 11220              	.LASF470:
 11221 1708 736D7072 		.ascii	"smpr2\000"
 11221      3200
 11222              	.LASF908:
 11223 170e 6C656674 		.ascii	"left_motor_set_speed\000"
 11223      5F6D6F74 
 11223      6F725F73 
 11223      65745F73 
 11223      70656564 
 11224              	.LASF183:
 11225 1723 74687265 		.ascii	"threads_queue_t\000"
 11225      6164735F 
 11225      71756575 
 11225      655F7400 
ARM GAS  /tmp/ccwPAVQD.s 			page 217


 11226              	.LASF407:
 11227 1733 626C6B73 		.ascii	"blkstate_t\000"
 11227      74617465 
 11227      5F7400
 11228              	.LASF914:
 11229 173e 5F5F6664 		.ascii	"__fdlibm_version\000"
 11229      6C69626D 
 11229      5F766572 
 11229      73696F6E 
 11229      00
 11230              	.LASF171:
 11231 174f 705F7469 		.ascii	"p_time\000"
 11231      6D6500
 11232              	.LASF169:
 11233 1756 705F7265 		.ascii	"p_refs\000"
 11233      667300
 11234              	.LASF815:
 11235 175d 65705F6D 		.ascii	"ep_mode\000"
 11235      6F646500 
 11236              	.LASF618:
 11237 1765 70776D63 		.ascii	"pwmchannel_t\000"
 11237      68616E6E 
 11237      656C5F74 
 11237      00
 11238              	.LASF235:
 11239 1772 54444C52 		.ascii	"TDLR\000"
 11239      00
 11240              	.LASF8:
 11241 1777 6C6F6E67 		.ascii	"long int\000"
 11241      20696E74 
 11241      00
 11242              	.LASF885:
 11243 1780 5F5F7374 		.ascii	"__stack_chk_guard\000"
 11243      61636B5F 
 11243      63686B5F 
 11243      67756172 
 11243      6400
 11244              	.LASF214:
 11245 1792 6D61696E 		.ascii	"mainthread\000"
 11245      74687265 
 11245      616400
 11246              	.LASF909:
 11247 179d 72696768 		.ascii	"right_motor_set_speed\000"
 11247      745F6D6F 
 11247      746F725F 
 11247      7365745F 
 11247      73706565 
 11248              	.LASF683:
 11249 17b3 6570306E 		.ascii	"ep0n\000"
 11249      00
 11250              	.LASF796:
 11251 17b8 72657376 		.ascii	"resvdE04\000"
 11251      64453034 
 11251      00
 11252              	.LASF572:
 11253 17c1 69326361 		.ascii	"i2caddr_t\000"
 11253      6464725F 
ARM GAS  /tmp/ccwPAVQD.s 			page 218


 11253      7400
 11254              	.LASF112:
 11255 17cb 5F776374 		.ascii	"_wctomb_state\000"
 11255      6F6D625F 
 11255      73746174 
 11255      6500
 11256              	.LASF506:
 11257 17d9 646D6169 		.ascii	"dmairqprio\000"
 11257      72717072 
 11257      696F00
 11258              	.LASF544:
 11259 17e4 47505444 		.ascii	"GPTDriver\000"
 11259      72697665 
 11259      7200
 11260              	.LASF900:
 11261 17ee 63616C69 		.ascii	"calibrate_ir\000"
 11261      62726174 
 11261      655F6972 
 11261      00
 11262              	.LASF381:
 11263 17fb 715F636F 		.ascii	"q_counter\000"
 11263      756E7465 
 11263      7200
 11264              	.LASF436:
 11265 1805 50484461 		.ascii	"PHData\000"
 11265      746100
 11266              	.LASF439:
 11267 180c 696F706F 		.ascii	"ioportid_t\000"
 11267      72746964 
 11267      5F7400
 11268              	.LASF903:
 11269 1817 7370695F 		.ascii	"spi_comm_start\000"
 11269      636F6D6D 
 11269      5F737461 
 11269      727400
 11270              	.LASF849:
 11271 1826 6D657373 		.ascii	"messagebus_topic_t\000"
 11271      61676562 
 11271      75735F74 
 11271      6F706963 
 11271      5F7400
 11272              	.LASF477:
 11273 1839 41444344 		.ascii	"ADCD1\000"
 11273      3100
 11274              	.LASF478:
 11275 183f 41444344 		.ascii	"ADCD2\000"
 11275      3200
 11276              	.LASF479:
 11277 1845 41444344 		.ascii	"ADCD3\000"
 11277      3300
 11278              	.LASF764:
 11279 184b 48434647 		.ascii	"HCFG\000"
 11279      00
 11280              	.LASF462:
 11281 1850 646D616D 		.ascii	"dmamode\000"
 11281      6F646500 
 11282              	.LASF322:
ARM GAS  /tmp/ccwPAVQD.s 			page 219


 11283 1858 63756D75 		.ascii	"cumulative\000"
 11283      6C617469 
 11283      766500
 11284              	.LASF98:
 11285 1863 5F696F62 		.ascii	"_iobs\000"
 11285      7300
 11286              	.LASF78:
 11287 1869 5F656D65 		.ascii	"_emergency\000"
 11287      7267656E 
 11287      637900
 11288              	.LASF640:
 11289 1874 67657474 		.ascii	"gett\000"
 11289      00
 11290              	.LASF332:
 11291 1879 77747472 		.ascii	"wttrp\000"
 11291      7000
 11292              	.LASF385:
 11293 187f 715F7264 		.ascii	"q_rdptr\000"
 11293      70747200 
 11294              	.LASF122:
 11295 1887 5F6E6578 		.ascii	"_nextf\000"
 11295      746600
 11296              	.LASF637:
 11297 188e 77726974 		.ascii	"write\000"
 11297      6500
 11298              	.LASF108:
 11299 1894 5F72616E 		.ascii	"_rand_next\000"
 11299      645F6E65 
 11299      787400
 11300              	.LASF633:
 11301 189f 69717565 		.ascii	"iqueue\000"
 11301      756500
 11302              	.LASF817:
 11303 18a6 696E5F63 		.ascii	"in_cb\000"
 11303      6200
 11304              	.LASF742:
 11305 18ac 444F4550 		.ascii	"DOEPINT\000"
 11305      494E5400 
 11306              	.LASF321:
 11307 18b4 6C617374 		.ascii	"last\000"
 11307      00
 11308              	.LASF418:
 11309 18b9 4C434B52 		.ascii	"LCKR\000"
 11309      00
 11310              	.LASF630:
 11311 18be 73647374 		.ascii	"sdstate_t\000"
 11311      6174655F 
 11311      7400
 11312              	.LASF133:
 11313 18c8 75696E74 		.ascii	"uint32_t\000"
 11313      33325F74 
 11313      00
 11314              	.LASF503:
 11315 18d1 64617461 		.ascii	"dataoffset\000"
 11315      6F666673 
 11315      657400
 11316              	.LASF30:
ARM GAS  /tmp/ccwPAVQD.s 			page 220


 11317 18dc 5F6D6178 		.ascii	"_maxwds\000"
 11317      77647300 
 11318              	.LASF405:
 11319 18e4 424C4B5F 		.ascii	"BLK_WRITING\000"
 11319      57524954 
 11319      494E4700 
 11320              	.LASF239:
 11321 18f0 52444C52 		.ascii	"RDLR\000"
 11321      00
 11322              	.LASF840:
 11323 18f5 62756666 		.ascii	"buffer_len\000"
 11323      65725F6C 
 11323      656E00
 11324              	.LASF135:
 11325 1900 75696E74 		.ascii	"uintptr_t\000"
 11325      7074725F 
 11325      7400
 11326              	.LASF17:
 11327 190a 6C6F6E67 		.ascii	"long double\000"
 11327      20646F75 
 11327      626C6500 
 11328              	.LASF304:
 11329 1916 72656761 		.ascii	"regarm_t\000"
 11329      726D5F74 
 11329      00
 11330              	.LASF152:
 11331 191f 6576656E 		.ascii	"eventmask_t\000"
 11331      746D6173 
 11331      6B5F7400 
 11332              	.LASF136:
 11333 192b 7375626F 		.ascii	"suboptarg\000"
 11333      70746172 
 11333      6700
 11334              	.LASF253:
 11335 1935 46464131 		.ascii	"FFA1R\000"
 11335      5200
 11336              	.LASF244:
 11337 193b 52463152 		.ascii	"RF1R\000"
 11337      00
 11338              	.LASF698:
 11339 1940 5553425F 		.ascii	"USB_SELECTED\000"
 11339      53454C45 
 11339      43544544 
 11339      00
 11340              	.LASF483:
 11341 194d 43414E5F 		.ascii	"CAN_READY\000"
 11341      52454144 
 11341      5900
 11342              	.LASF10:
 11343 1957 6C6F6E67 		.ascii	"long unsigned int\000"
 11343      20756E73 
 11343      69676E65 
 11343      6420696E 
 11343      7400
 11344              	.LASF597:
 11345 1969 4932535F 		.ascii	"I2S_ACTIVE\000"
 11345      41435449 
ARM GAS  /tmp/ccwPAVQD.s 			page 221


 11345      564500
 11346              	.LASF540:
 11347 1974 4750545F 		.ascii	"GPT_READY\000"
 11347      52454144 
 11347      5900
 11348              	.LASF502:
 11349 197e 64616373 		.ascii	"dacstate_t\000"
 11349      74617465 
 11349      5F7400
 11350              	.LASF309:
 11351 1989 73655F74 		.ascii	"se_tp\000"
 11351      7000
 11352              	.LASF904:
 11353 198f 6D6F746F 		.ascii	"motors_init\000"
 11353      72735F69 
 11353      6E697400 
 11354              	.LASF384:
 11355 199b 715F7772 		.ascii	"q_wrptr\000"
 11355      70747200 
 11356              	.LASF510:
 11357 19a3 64616373 		.ascii	"dacsample_t\000"
 11357      616D706C 
 11357      655F7400 
 11358              	.LASF710:
 11359 19af 5553425F 		.ascii	"USB_EVENT_ADDRESS\000"
 11359      4556454E 
 11359      545F4144 
 11359      44524553 
 11359      5300
 11360              	.LASF605:
 11361 19c1 69327363 		.ascii	"i2scfgr\000"
 11361      66677200 
 11362              	.LASF283:
 11363 19c9 52455350 		.ascii	"RESPCMD\000"
 11363      434D4400 
 11364              	.LASF489:
 11365 19d1 72786675 		.ascii	"rxfull_event\000"
 11365      6C6C5F65 
 11365      76656E74 
 11365      00
 11366              	.LASF715:
 11367 19de 75736265 		.ascii	"usbevent_t\000"
 11367      76656E74 
 11367      5F7400
 11368              	.LASF63:
 11369 19e9 5F636C6F 		.ascii	"_close\000"
 11369      736500
 11370              	.LASF94:
 11371 19f0 63686172 		.ascii	"char\000"
 11371      00
 11372              	.LASF486:
 11373 19f5 43414E43 		.ascii	"CANConfig\000"
 11373      6F6E6669 
 11373      6700
 11374              	.LASF433:
 11375 19ff 50454461 		.ascii	"PEData\000"
 11375      746100
ARM GAS  /tmp/ccwPAVQD.s 			page 222


 11376              	.LASF187:
 11377 1a06 725F7175 		.ascii	"r_queue\000"
 11377      65756500 
 11378              	.LASF96:
 11379 1a0e 5F676C75 		.ascii	"_glue\000"
 11379      6500
 11380              	.LASF853:
 11381 1a14 6D657373 		.ascii	"messagebus_watchgroup_s\000"
 11381      61676562 
 11381      75735F77 
 11381      61746368 
 11381      67726F75 
 11382              	.LASF655:
 11383 1a2c 53444343 		.ascii	"SDCConfig\000"
 11383      6F6E6669 
 11383      6700
 11384              	.LASF615:
 11385 1a36 656E6162 		.ascii	"enabled\000"
 11385      6C656400 
 11386              	.LASF511:
 11387 1a3e 4441435F 		.ascii	"DAC_ERR_DMAFAILURE\000"
 11387      4552525F 
 11387      444D4146 
 11387      41494C55 
 11387      524500
 11388              	.LASF754:
 11389 1a51 47525846 		.ascii	"GRXFSIZ\000"
 11389      53495A00 
 11390              	.LASF661:
 11391 1a59 73796E63 		.ascii	"sync\000"
 11391      00
 11392              	.LASF635:
 11393 1a5e 75736172 		.ascii	"usart\000"
 11393      7400
 11394              	.LASF647:
 11395 1a64 7364636D 		.ascii	"sdcmode_t\000"
 11395      6F64655F 
 11395      7400
 11396              	.LASF387:
 11397 1a6e 715F6C69 		.ascii	"q_link\000"
 11397      6E6B00
 11398              	.LASF898:
 11399 1a75 6D657373 		.ascii	"messagebus_init\000"
 11399      61676562 
 11399      75735F69 
 11399      6E697400 
 11400              	.LASF775:
 11401 1a85 44434647 		.ascii	"DCFG\000"
 11401      00
 11402              	.LASF33:
 11403 1a8a 5F426967 		.ascii	"_Bigint\000"
 11403      696E7400 
 11404              	.LASF785:
 11405 1a92 44564255 		.ascii	"DVBUSDIS\000"
 11405      53444953 
 11405      00
 11406              	.LASF751:
ARM GAS  /tmp/ccwPAVQD.s 			page 223


 11407 1a9b 47494E54 		.ascii	"GINTMSK\000"
 11407      4D534B00 
 11408              	.LASF756:
 11409 1aa3 484E5054 		.ascii	"HNPTXSTS\000"
 11409      58535453 
 11409      00
 11410              	.LASF688:
 11411 1aac 636F6E66 		.ascii	"configuration\000"
 11411      69677572 
 11411      6174696F 
 11411      6E00
 11412              	.LASF14:
 11413 1aba 5F5F7569 		.ascii	"__uintptr_t\000"
 11413      6E747074 
 11413      725F7400 
 11414              	.LASF90:
 11415 1ac6 5F617465 		.ascii	"_atexit0\000"
 11415      78697430 
 11415      00
 11416              	.LASF875:
 11417 1acf 4C454431 		.ascii	"LED1\000"
 11417      00
 11418              	.LASF876:
 11419 1ad4 4C454433 		.ascii	"LED3\000"
 11419      00
 11420              	.LASF877:
 11421 1ad9 4C454435 		.ascii	"LED5\000"
 11421      00
 11422              	.LASF878:
 11423 1ade 4C454437 		.ascii	"LED7\000"
 11423      00
 11424              	.LASF428:
 11425 1ae3 73746D33 		.ascii	"stm32_gpio_setup_t\000"
 11425      325F6770 
 11425      696F5F73 
 11425      65747570 
 11425      5F7400
 11426              	.LASF397:
 11427 1af6 5F73746D 		.ascii	"_stm32_dma_streams\000"
 11427      33325F64 
 11427      6D615F73 
 11427      74726561 
 11427      6D7300
 11428              	.LASF261:
 11429 1b09 44485231 		.ascii	"DHR12L1\000"
 11429      324C3100 
 11430              	.LASF264:
 11431 1b11 44485231 		.ascii	"DHR12L2\000"
 11431      324C3200 
 11432              	.LASF115:
 11433 1b19 5F676574 		.ascii	"_getdate_err\000"
 11433      64617465 
 11433      5F657272 
 11433      00
 11434              	.LASF646:
 11435 1b26 73646362 		.ascii	"sdcbusmode_t\000"
 11435      75736D6F 
ARM GAS  /tmp/ccwPAVQD.s 			page 224


 11435      64655F74 
 11435      00
 11436              	.LASF267:
 11437 1b33 44485231 		.ascii	"DHR12LD\000"
 11437      324C4400 
 11438              	.LASF897:
 11439 1b3b 6D70755F 		.ascii	"mpu_init\000"
 11439      696E6974 
 11439      00
 11440              	.LASF215:
 11441 1b44 6B65726E 		.ascii	"kernel_stats\000"
 11441      656C5F73 
 11441      74617473 
 11441      00
 11442              	.LASF463:
 11443 1b51 61646363 		.ascii	"adccallback_t\000"
 11443      616C6C62 
 11443      61636B5F 
 11443      7400
 11444              	.LASF855:
 11445 1b5f 6D657373 		.ascii	"messagebus_watchgroup_t\000"
 11445      61676562 
 11445      75735F77 
 11445      61746368 
 11445      67726F75 
 11446              	.LASF166:
 11447 1b77 705F7374 		.ascii	"p_stklimit\000"
 11447      6B6C696D 
 11447      697400
 11448              	.LASF154:
 11449 1b82 636E745F 		.ascii	"cnt_t\000"
 11449      7400
 11450              	.LASF529:
 11451 1b88 65787473 		.ascii	"extstate_t\000"
 11451      74617465 
 11451      5F7400
 11452              	.LASF896:
 11453 1b93 63685379 		.ascii	"chSysInit\000"
 11453      73496E69 
 11453      7400
 11454              	.LASF703:
 11455 1b9d 5553425F 		.ascii	"USB_EP0_WAITING_TX0\000"
 11455      4550305F 
 11455      57414954 
 11455      494E475F 
 11455      54583000 
 11456              	.LASF682:
 11457 1bb1 6570306E 		.ascii	"ep0next\000"
 11457      65787400 
 11458              	.LASF732:
 11459 1bb9 73746D33 		.ascii	"stm32_otg_host_chn_t\000"
 11459      325F6F74 
 11459      675F686F 
 11459      73745F63 
 11459      686E5F74 
 11460              	.LASF420:
 11461 1bce 41465248 		.ascii	"AFRH\000"
ARM GAS  /tmp/ccwPAVQD.s 			page 225


 11461      00
 11462              	.LASF839:
 11463 1bd3 62756666 		.ascii	"buffer\000"
 11463      657200
 11464              	.LASF419:
 11465 1bda 4146524C 		.ascii	"AFRL\000"
 11465      00
 11466              	.LASF127:
 11467 1bdf 5F696D70 		.ascii	"_impure_ptr\000"
 11467      7572655F 
 11467      70747200 
 11468              	.LASF360:
 11469 1beb 63665F6F 		.ascii	"cf_off_preempt\000"
 11469      66665F70 
 11469      7265656D 
 11469      707400
 11470              	.LASF500:
 11471 1bfa 4441435F 		.ascii	"DAC_COMPLETE\000"
 11471      434F4D50 
 11471      4C455445 
 11471      00
 11472              	.LASF66:
 11473 1c07 5F626C6B 		.ascii	"_blksize\000"
 11473      73697A65 
 11473      00
 11474              	.LASF727:
 11475 1c10 4843494E 		.ascii	"HCINTMSK\000"
 11475      544D534B 
 11475      00
 11476              	.LASF64:
 11477 1c19 5F756275 		.ascii	"_ubuf\000"
 11477      6600
 11478              	.LASF455:
 11479 1c1f 636F6E66 		.ascii	"config\000"
 11479      696700
 11480              	.LASF563:
 11481 1c26 47505444 		.ascii	"GPTD11\000"
 11481      313100
 11482              	.LASF110:
 11483 1c2d 5F6D626C 		.ascii	"_mblen_state\000"
 11483      656E5F73 
 11483      74617465 
 11483      00
 11484              	.LASF92:
 11485 1c3a 5F5F7367 		.ascii	"__sglue\000"
 11485      6C756500 
 11486              	.LASF126:
 11487 1c42 5F5F6C6F 		.ascii	"__locale_t\000"
 11487      63616C65 
 11487      5F7400
 11488              	.LASF401:
 11489 1c4d 424C4B5F 		.ascii	"BLK_CONNECTING\000"
 11489      434F4E4E 
 11489      45435449 
 11489      4E4700
 11490              	.LASF82:
 11491 1c5c 5F5F636C 		.ascii	"__cleanup\000"
ARM GAS  /tmp/ccwPAVQD.s 			page 226


 11491      65616E75 
 11491      7000
 11492              	.LASF901:
 11493 1c66 564C3533 		.ascii	"VL53L0X_start\000"
 11493      4C30585F 
 11493      73746172 
 11493      7400
 11494              	.LASF496:
 11495 1c74 4441435F 		.ascii	"DAC_UNINIT\000"
 11495      554E494E 
 11495      495400
 11496              	.LASF449:
 11497 1c7f 6164635F 		.ascii	"adc_channels_num_t\000"
 11497      6368616E 
 11497      6E656C73 
 11497      5F6E756D 
 11497      5F7400
 11498              	.LASF193:
 11499 1c92 76746675 		.ascii	"vtfunc_t\000"
 11499      6E635F74 
 11499      00
 11500              	.LASF241:
 11501 1c9b 43414E5F 		.ascii	"CAN_FIFOMailBox_TypeDef\000"
 11501      4649464F 
 11501      4D61696C 
 11501      426F785F 
 11501      54797065 
 11502              	.LASF271:
 11503 1cb3 4441435F 		.ascii	"DAC_TypeDef\000"
 11503      54797065 
 11503      44656600 
 11504              	.LASF331:
 11505 1cbf 77746F62 		.ascii	"wtobjp\000"
 11505      6A7000
 11506              	.LASF20:
 11507 1cc6 5F66706F 		.ascii	"_fpos_t\000"
 11507      735F7400 
 11508              	.LASF516:
 11509 1cce 4441435F 		.ascii	"DAC_DHRM_12BIT_RIGHT\000"
 11509      4448524D 
 11509      5F313242 
 11509      49545F52 
 11509      49474854 
 11510              	.LASF57:
 11511 1ce3 5F66696C 		.ascii	"_file\000"
 11511      6500
 11512              	.LASF177:
 11513 1ce9 705F7265 		.ascii	"p_realprio\000"
 11513      616C7072 
 11513      696F00
 11514              	.LASF650:
 11515 1cf4 63617061 		.ascii	"capacity\000"
 11515      63697479 
 11515      00
 11516              	.LASF386:
 11517 1cfd 715F6E6F 		.ascii	"q_notify\000"
 11517      74696679 
ARM GAS  /tmp/ccwPAVQD.s 			page 227


 11517      00
 11518              	.LASF334:
 11519 1d06 77746D74 		.ascii	"wtmtxp\000"
 11519      787000
 11520              	.LASF55:
 11521 1d0d 5F5F7346 		.ascii	"__sFILE\000"
 11521      494C4500 
 11522              	.LASF138:
 11523 1d15 646F7562 		.ascii	"double\000"
 11523      6C6500
 11524              	.LASF51:
 11525 1d1c 5F666E73 		.ascii	"_fns\000"
 11525      00
 11526              	.LASF814:
 11527 1d21 5553424F 		.ascii	"USBOutEndpointState\000"
 11527      7574456E 
 11527      64706F69 
 11527      6E745374 
 11527      61746500 
 11528              	.LASF771:
 11529 1d35 72657376 		.ascii	"resvd41C\000"
 11529      64343143 
 11529      00
 11530              	.LASF864:
 11531 1d3e 6368616E 		.ascii	"changed\000"
 11531      67656400 
 11532              	.LASF26:
 11533 1d46 5F6D6273 		.ascii	"_mbstate_t\000"
 11533      74617465 
 11533      5F7400
 11534              	.LASF121:
 11535 1d51 5F685F65 		.ascii	"_h_errno\000"
 11535      72726E6F 
 11535      00
 11536              	.LASF238:
 11537 1d5a 52445452 		.ascii	"RDTR\000"
 11537      00
 11538              	.LASF409:
 11539 1d5f 626C6B5F 		.ascii	"blk_num\000"
 11539      6E756D00 
 11540              	.LASF709:
 11541 1d67 5553425F 		.ascii	"USB_EVENT_RESET\000"
 11541      4556454E 
 11541      545F5245 
 11541      53455400 
 11542              	.LASF186:
 11543 1d77 63685F72 		.ascii	"ch_ready_list\000"
 11543      65616479 
 11543      5F6C6973 
 11543      7400
 11544              	.LASF848:
 11545 1d85 67726F75 		.ascii	"group\000"
 11545      7000
 11546              	.LASF416:
 11547 1d8b 50555044 		.ascii	"PUPDR\000"
 11547      5200
 11548              	.LASF7:
ARM GAS  /tmp/ccwPAVQD.s 			page 228


 11549 1d91 5F5F696E 		.ascii	"__int32_t\000"
 11549      7433325F 
 11549      7400
 11550              	.LASF9:
 11551 1d9b 5F5F7569 		.ascii	"__uint32_t\000"
 11551      6E743332 
 11551      5F7400
 11552              	.LASF205:
 11553 1da6 63685F73 		.ascii	"ch_system_debug\000"
 11553      79737465 
 11553      6D5F6465 
 11553      62756700 
 11554              	.LASF782:
 11555 1db6 4441494E 		.ascii	"DAINTMSK\000"
 11555      544D534B 
 11555      00
 11556              	.LASF536:
 11557 1dbf 45585443 		.ascii	"EXTConfig\000"
 11557      6F6E6669 
 11557      6700
 11558              	.LASF857:
 11559 1dc9 70617261 		.ascii	"parameter_namespace_s\000"
 11559      6D657465 
 11559      725F6E61 
 11559      6D657370 
 11559      6163655F 
 11560              	.LASF25:
 11561 1ddf 5F5F7661 		.ascii	"__value\000"
 11561      6C756500 
 11562              	.LASF701:
 11563 1de7 5553425F 		.ascii	"USB_EP0_WAITING_SETUP\000"
 11563      4550305F 
 11563      57414954 
 11563      494E475F 
 11563      53455455 
 11564              	.LASF48:
 11565 1dfd 5F69735F 		.ascii	"_is_cxa\000"
 11565      63786100 
 11566              	.LASF404:
 11567 1e05 424C4B5F 		.ascii	"BLK_READING\000"
 11567      52454144 
 11567      494E4700 
 11568              	.LASF426:
 11569 1e11 6166726C 		.ascii	"afrl\000"
 11569      00
 11570              	.LASF804:
 11571 1e16 71756575 		.ascii	"queue\000"
 11571      6500
 11572              	.LASF684:
 11573 1e1c 65703065 		.ascii	"ep0endcb\000"
 11573      6E646362 
 11573      00
 11574              	.LASF394:
 11575 1e25 73656C66 		.ascii	"selfindex\000"
 11575      696E6465 
 11575      7800
 11576              	.LASF364:
ARM GAS  /tmp/ccwPAVQD.s 			page 229


 11577 1e2f 6D757465 		.ascii	"mutex_t\000"
 11577      785F7400 
 11578              	.LASF85:
 11579 1e37 5F703573 		.ascii	"_p5s\000"
 11579      00
 11580              	.LASF175:
 11581 1e3c 705F6570 		.ascii	"p_epending\000"
 11581      656E6469 
 11581      6E6700
 11582              	.LASF413:
 11583 1e47 4D4F4445 		.ascii	"MODER\000"
 11583      5200
 11584              	.LASF598:
 11585 1e4d 4932535F 		.ascii	"I2S_COMPLETE\000"
 11585      434F4D50 
 11585      4C455445 
 11585      00
 11586              	.LASF845:
 11587 1e5a 77617463 		.ascii	"watchers\000"
 11587      68657273 
 11587      00
 11588              	.LASF245:
 11589 1e63 52455345 		.ascii	"RESERVED0\000"
 11589      52564544 
 11589      3000
 11590              	.LASF248:
 11591 1e6d 52455345 		.ascii	"RESERVED1\000"
 11591      52564544 
 11591      3100
 11592              	.LASF250:
 11593 1e77 52455345 		.ascii	"RESERVED2\000"
 11593      52564544 
 11593      3200
 11594              	.LASF252:
 11595 1e81 52455345 		.ascii	"RESERVED3\000"
 11595      52564544 
 11595      3300
 11596              	.LASF254:
 11597 1e8b 52455345 		.ascii	"RESERVED4\000"
 11597      52564544 
 11597      3400
 11598              	.LASF256:
 11599 1e95 52455345 		.ascii	"RESERVED5\000"
 11599      52564544 
 11599      3500
 11600              	.LASF825:
 11601 1e9f 55534245 		.ascii	"USBEndpointConfig\000"
 11601      6E64706F 
 11601      696E7443 
 11601      6F6E6669 
 11601      6700
 11602              	.LASF260:
 11603 1eb1 44485231 		.ascii	"DHR12R1\000"
 11603      32523100 
 11604              	.LASF263:
 11605 1eb9 44485231 		.ascii	"DHR12R2\000"
 11605      32523200 
ARM GAS  /tmp/ccwPAVQD.s 			page 230


 11606              	.LASF532:
 11607 1ec1 65787463 		.ascii	"extcallback_t\000"
 11607      616C6C62 
 11607      61636B5F 
 11607      7400
 11608              	.LASF488:
 11609 1ecf 72787175 		.ascii	"rxqueue\000"
 11609      65756500 
 11610              	.LASF308:
 11611 1ed7 73655F74 		.ascii	"se_time\000"
 11611      696D6500 
 11612              	.LASF773:
 11613 1edf 72657376 		.ascii	"resvd444\000"
 11613      64343434 
 11613      00
 11614              	.LASF440:
 11615 1ee8 70616C5F 		.ascii	"pal_default_config\000"
 11615      64656661 
 11615      756C745F 
 11615      636F6E66 
 11615      696700
 11616              	.LASF458:
 11617 1efb 67727070 		.ascii	"grpp\000"
 11617      00
 11618              	.LASF266:
 11619 1f00 44485231 		.ascii	"DHR12RD\000"
 11619      32524400 
 11620              	.LASF371:
 11621 1f08 656C5F6C 		.ascii	"el_listener\000"
 11621      69737465 
 11621      6E657200 
 11622              	.LASF803:
 11623 1f14 6C696E65 		.ascii	"linear\000"
 11623      617200
 11624              	.LASF556:
 11625 1f1b 73746D33 		.ascii	"stm32_tim_t\000"
 11625      325F7469 
 11625      6D5F7400 
 11626              	.LASF188:
 11627 1f27 725F7072 		.ascii	"r_prio\000"
 11627      696F00
 11628              	.LASF690:
 11629 1f2e 706D6E65 		.ascii	"pmnext\000"
 11629      787400
 11630              	.LASF217:
 11631 1f35 49544D5F 		.ascii	"ITM_RxBuffer\000"
 11631      52784275 
 11631      66666572 
 11631      00
 11632              	.LASF838:
 11633 1f42 746F7069 		.ascii	"topic_s\000"
 11633      635F7300 
 11634              	.LASF410:
 11635 1f4a 426C6F63 		.ascii	"BlockDeviceInfo\000"
 11635      6B446576 
 11635      69636549 
 11635      6E666F00 
ARM GAS  /tmp/ccwPAVQD.s 			page 231


 11636              	.LASF13:
 11637 1f5a 6C6F6E67 		.ascii	"long long unsigned int\000"
 11637      206C6F6E 
 11637      6720756E 
 11637      7369676E 
 11637      65642069 
 11638              	.LASF295:
 11639 1f71 5344494F 		.ascii	"SDIO_TypeDef\000"
 11639      5F547970 
 11639      65446566 
 11639      00
 11640              	.LASF317:
 11641 1f7e 6F666673 		.ascii	"offset\000"
 11641      657400
 11642              	.LASF891:
 11643 1f85 73656C65 		.ascii	"selecta\000"
 11643      63746100 
 11644              	.LASF675:
 11645 1f8d 53504944 		.ascii	"SPID1\000"
 11645      3100
 11646              	.LASF851:
 11647 1f93 746F7069 		.ascii	"topics\000"
 11647      637300
 11648              	.LASF272:
 11649 1f9a 4E445452 		.ascii	"NDTR\000"
 11649      00
 11650              	.LASF376:
 11651 1f9f 65735F6E 		.ascii	"es_next\000"
 11651      65787400 
 11652              	.LASF107:
 11653 1fa7 5F67616D 		.ascii	"_gamma_signgam\000"
 11653      6D615F73 
 11653      69676E67 
 11653      616D00
 11654              	.LASF739:
 11655 1fb6 72657376 		.ascii	"resvd1C\000"
 11655      64314300 
 11656              	.LASF216:
 11657 1fbe 69646C65 		.ascii	"idle_thread_wa\000"
 11657      5F746872 
 11657      6561645F 
 11657      776100
 11658              	.LASF735:
 11659 1fcd 44494550 		.ascii	"DIEPINT\000"
 11659      494E5400 
 11660              	.LASF301:
 11661 1fd5 5350495F 		.ascii	"SPI_TypeDef\000"
 11661      54797065 
 11661      44656600 
 11662              	.LASF199:
 11663 1fe1 76745F66 		.ascii	"vt_func\000"
 11663      756E6300 
 11664              	.LASF547:
 11665 1fe9 534D4352 		.ascii	"SMCR\000"
 11665      00
 11666              	.LASF780:
 11667 1fee 444F4550 		.ascii	"DOEPMSK\000"
ARM GAS  /tmp/ccwPAVQD.s 			page 232


 11667      4D534B00 
 11668              	.LASF195:
 11669 1ff6 63685F76 		.ascii	"ch_virtual_timer\000"
 11669      69727475 
 11669      616C5F74 
 11669      696D6572 
 11669      00
 11670              	.LASF168:
 11671 2007 705F666C 		.ascii	"p_flags\000"
 11671      61677300 
 11672              	.LASF335:
 11673 200f 65776D61 		.ascii	"ewmask\000"
 11673      736B00
 11674              	.LASF373:
 11675 2016 656C5F66 		.ascii	"el_flags\000"
 11675      6C616773 
 11675      00
 11676              	.LASF375:
 11677 201f 6576656E 		.ascii	"event_source\000"
 11677      745F736F 
 11677      75726365 
 11677      00
 11678              	.LASF176:
 11679 202c 705F6D74 		.ascii	"p_mtxlist\000"
 11679      786C6973 
 11679      7400
 11680              	.LASF495:
 11681 2036 43414E44 		.ascii	"CAND1\000"
 11681      3100
 11682              	.LASF251:
 11683 203c 46533152 		.ascii	"FS1R\000"
 11683      00
 11684              	.LASF147:
 11685 2041 74737461 		.ascii	"tstate_t\000"
 11685      74655F74 
 11685      00
 11686              	.LASF128:
 11687 204a 5F676C6F 		.ascii	"_global_impure_ptr\000"
 11687      62616C5F 
 11687      696D7075 
 11687      72655F70 
 11687      747200
 11688              	.LASF781:
 11689 205d 4441494E 		.ascii	"DAINT\000"
 11689      5400
 11690              	.LASF674:
 11691 2063 53504943 		.ascii	"SPIConfig\000"
 11691      6F6E6669 
 11691      6700
 11692              	.LASF79:
 11693 206d 5F756E73 		.ascii	"_unspecified_locale_info\000"
 11693      70656369 
 11693      66696564 
 11693      5F6C6F63 
 11693      616C655F 
 11694              	.LASF425:
 11695 2086 70757064 		.ascii	"pupdr\000"
ARM GAS  /tmp/ccwPAVQD.s 			page 233


 11695      7200
 11696              	.LASF515:
 11697 208c 64616365 		.ascii	"dacerrorcallback_t\000"
 11697      72726F72 
 11697      63616C6C 
 11697      6261636B 
 11697      5F7400
 11698              	.LASF677:
 11699 209f 7472616E 		.ascii	"transmitting\000"
 11699      736D6974 
 11699      74696E67 
 11699      00
 11700              	.LASF535:
 11701 20ac 6368616E 		.ascii	"channels\000"
 11701      6E656C73 
 11701      00
 11702              	.LASF282:
 11703 20b5 434C4B43 		.ascii	"CLKCR\000"
 11703      5200
 11704              	.LASF649:
 11705 20bb 53444344 		.ascii	"SDCDriver\000"
 11705      72697665 
 11705      7200
 11706              	.LASF165:
 11707 20c5 705F6E61 		.ascii	"p_name\000"
 11707      6D6500
 11708              	.LASF81:
 11709 20cc 5F5F7364 		.ascii	"__sdidinit\000"
 11709      6964696E 
 11709      697400
 11710              	.LASF631:
 11711 20d7 53657269 		.ascii	"SerialDriver\000"
 11711      616C4472 
 11711      69766572 
 11711      00
 11712              	.LASF229:
 11713 20e4 4A445231 		.ascii	"JDR1\000"
 11713      00
 11714              	.LASF142:
 11715 20e9 5F5F6664 		.ascii	"__fdlibm_posix\000"
 11715      6C69626D 
 11715      5F706F73 
 11715      697800
 11716              	.LASF231:
 11717 20f8 4A445233 		.ascii	"JDR3\000"
 11717      00
 11718              	.LASF232:
 11719 20fd 4A445234 		.ascii	"JDR4\000"
 11719      00
 11720              	.LASF743:
 11721 2102 444F4550 		.ascii	"DOEPTSIZ\000"
 11721      5453495A 
 11721      00
 11722              	.LASF443:
 11723 210b 4144435F 		.ascii	"ADC_READY\000"
 11723      52454144 
 11723      5900
ARM GAS  /tmp/ccwPAVQD.s 			page 234


 11724              	.LASF352:
 11725 2115 63665F6F 		.ascii	"cf_off_ctx\000"
 11725      66665F63 
 11725      747800
 11726              	.LASF843:
 11727 2120 6E616D65 		.ascii	"name\000"
 11727      00
 11728              	.LASF27:
 11729 2125 5F666C6F 		.ascii	"_flock_t\000"
 11729      636B5F74 
 11729      00
 11730              	.LASF201:
 11731 212e 76697274 		.ascii	"virtual_timers_list_t\000"
 11731      75616C5F 
 11731      74696D65 
 11731      72735F6C 
 11731      6973745F 
 11732              	.LASF767:
 11733 2144 72657376 		.ascii	"resvd40C\000"
 11733      64343043 
 11733      00
 11734              	.LASF465:
 11735 214d 63697263 		.ascii	"circular\000"
 11735      756C6172 
 11735      00
 11736              	.LASF599:
 11737 2156 69327373 		.ascii	"i2sstate_t\000"
 11737      74617465 
 11737      5F7400
 11738              	.LASF422:
 11739 2161 6D6F6465 		.ascii	"moder\000"
 11739      7200
 11740              	.LASF670:
 11741 2167 53504944 		.ascii	"SPIDriver\000"
 11741      72697665 
 11741      7200
 11742              	.LASF337:
 11743 2171 735F7175 		.ascii	"s_queue\000"
 11743      65756500 
 11744              	.LASF326:
 11745 2179 6D5F6372 		.ascii	"m_crit_thd\000"
 11745      69745F74 
 11745      686400
 11746              	.LASF497:
 11747 2184 4441435F 		.ascii	"DAC_STOP\000"
 11747      53544F50 
 11747      00
 11748              	.LASF774:
 11749 218d 72657376 		.ascii	"resvd700\000"
 11749      64373030 
 11749      00
 11750              	.LASF299:
 11751 2196 49325343 		.ascii	"I2SCFGR\000"
 11751      46475200 
 11752              	.LASF834:
 11753 219e 6F707469 		.ascii	"optind\000"
 11753      6E6400
ARM GAS  /tmp/ccwPAVQD.s 			page 235


 11754              	.LASF344:
 11755 21a5 63685F69 		.ascii	"ch_identifier\000"
 11755      64656E74 
 11755      69666965 
 11755      7200
 11756              	.LASF641:
 11757 21b3 77726974 		.ascii	"writet\000"
 11757      657400
 11758              	.LASF11:
 11759 21ba 6C6F6E67 		.ascii	"long long int\000"
 11759      206C6F6E 
 11759      6720696E 
 11759      7400
 11760              	.LASF761:
 11761 21c8 48505458 		.ascii	"HPTXFSIZ\000"
 11761      4653495A 
 11761      00
 11762              	.LASF351:
 11763 21d1 63665F6F 		.ascii	"cf_off_prio\000"
 11763      66665F70 
 11763      72696F00 
 11764              	.LASF71:
 11765 21dd 5F666C61 		.ascii	"_flags2\000"
 11765      67733200 
 11766              	.LASF323:
 11767 21e5 74696D65 		.ascii	"time_measurement_t\000"
 11767      5F6D6561 
 11767      73757265 
 11767      6D656E74 
 11767      5F7400
 11768              	.LASF662:
 11769 21f8 6765745F 		.ascii	"get_info\000"
 11769      696E666F 
 11769      00
 11770              	.LASF452:
 11771 2201 61646365 		.ascii	"adcerror_t\000"
 11771      72726F72 
 11771      5F7400
 11772              	.LASF902:
 11773 220c 636C6561 		.ascii	"clear_leds\000"
 11773      725F6C65 
 11773      647300
 11774              	.LASF827:
 11775 2217 6765745F 		.ascii	"get_descriptor_cb\000"
 11775      64657363 
 11775      72697074 
 11775      6F725F63 
 11775      6200
 11776              	.LASF80:
 11777 2229 5F6C6F63 		.ascii	"_locale\000"
 11777      616C6500 
 11778              	.LASF153:
 11779 2231 6576656E 		.ascii	"eventflags_t\000"
 11779      74666C61 
 11779      67735F74 
 11779      00
 11780              	.LASF666:
ARM GAS  /tmp/ccwPAVQD.s 			page 236


 11781 223e 5350495F 		.ascii	"SPI_READY\000"
 11781      52454144 
 11781      5900
 11782              	.LASF247:
 11783 2248 73464946 		.ascii	"sFIFOMailBox\000"
 11783      4F4D6169 
 11783      6C426F78 
 11783      00
 11784              	.LASF654:
 11785 2255 6275735F 		.ascii	"bus_width\000"
 11785      77696474 
 11785      6800
 11786              	.LASF912:
 11787 225f 6D61696E 		.ascii	"main.c\000"
 11787      2E6300
 11788              	.LASF268:
 11789 2266 44485238 		.ascii	"DHR8RD\000"
 11789      524400
 11790              	.LASF776:
 11791 226d 4443544C 		.ascii	"DCTL\000"
 11791      00
 11792              	.LASF656:
 11793 2272 53444344 		.ascii	"SDCDriverVMT\000"
 11793      72697665 
 11793      72564D54 
 11793      00
 11794              	.LASF802:
 11795 227f 74786275 		.ascii	"txbuf\000"
 11795      6600
 11796              	.LASF795:
 11797 2285 50434743 		.ascii	"PCGCCTL\000"
 11797      43544C00 
 11798              	.LASF713:
 11799 228d 5553425F 		.ascii	"USB_EVENT_WAKEUP\000"
 11799      4556454E 
 11799      545F5741 
 11799      4B455550 
 11799      00
 11800              	.LASF164:
 11801 229e 705F6F6C 		.ascii	"p_older\000"
 11801      64657200 
 11802              	.LASF406:
 11803 22a6 424C4B5F 		.ascii	"BLK_SYNCING\000"
 11803      53594E43 
 11803      494E4700 
 11804              	.LASF437:
 11805 22b2 50494461 		.ascii	"PIData\000"
 11805      746100
 11806              	.LASF824:
 11807 22b9 73657475 		.ascii	"setup_buf\000"
 11807      705F6275 
 11807      6600
 11808              	.LASF758:
 11809 22c3 72657376 		.ascii	"resvd34\000"
 11809      64333400 
 11810              	.LASF562:
 11811 22cb 47505444 		.ascii	"GPTD6\000"
ARM GAS  /tmp/ccwPAVQD.s 			page 237


 11811      3600
 11812              	.LASF859:
 11813 22d1 70617265 		.ascii	"parent\000"
 11813      6E7400
 11814              	.LASF468:
 11815 22d8 6572726F 		.ascii	"error_cb\000"
 11815      725F6362 
 11815      00
 11816              	.LASF402:
 11817 22e1 424C4B5F 		.ascii	"BLK_DISCONNECTING\000"
 11817      44495343 
 11817      4F4E4E45 
 11817      4354494E 
 11817      4700
 11818              	.LASF672:
 11819 22f3 7373706F 		.ascii	"ssport\000"
 11819      727400
 11820              	.LASF869:
 11821 22fa 6275665F 		.ascii	"buf_len\000"
 11821      6C656E00 
 11822              	.LASF180:
 11823 2302 74687265 		.ascii	"thread_reference_t\000"
 11823      61645F72 
 11823      65666572 
 11823      656E6365 
 11823      5F7400
 11824              	.LASF531:
 11825 2315 65787063 		.ascii	"expchannel_t\000"
 11825      68616E6E 
 11825      656C5F74 
 11825      00
 11826              	.LASF678:
 11827 2322 72656365 		.ascii	"receiving\000"
 11827      6976696E 
 11827      6700
 11828              	.LASF861:
 11829 232c 70617261 		.ascii	"parameter_list\000"
 11829      6D657465 
 11829      725F6C69 
 11829      737400
 11830              	.LASF95:
 11831 233b 5F5F4649 		.ascii	"__FILE\000"
 11831      4C4500
 11832              	.LASF558:
 11833 2342 66726571 		.ascii	"frequency\000"
 11833      75656E63 
 11833      7900
 11834              	.LASF31:
 11835 234c 5F736967 		.ascii	"_sign\000"
 11835      6E00
 11836              	.LASF821:
 11837 2352 696E5F73 		.ascii	"in_state\000"
 11837      74617465 
 11837      00
 11838              	.LASF36:
 11839 235b 5F5F746D 		.ascii	"__tm_min\000"
 11839      5F6D696E 
ARM GAS  /tmp/ccwPAVQD.s 			page 238


 11839      00
 11840              	.LASF916:
 11841 2364 6D61696E 		.ascii	"main\000"
 11841      00
 11842              	.LASF345:
 11843 2369 63685F7A 		.ascii	"ch_zero\000"
 11843      65726F00 
 11844              	.LASF579:
 11845 2371 46415354 		.ascii	"FAST_DUTY_CYCLE_2\000"
 11845      5F445554 
 11845      595F4359 
 11845      434C455F 
 11845      3200
 11846              	.LASF290:
 11847 2383 44435452 		.ascii	"DCTRL\000"
 11847      4C00
 11848              	.LASF350:
 11849 2389 63685F74 		.ascii	"ch_threadsize\000"
 11849      68726561 
 11849      6473697A 
 11849      6500
 11850              	.LASF279:
 11851 2397 464C5452 		.ascii	"FLTR\000"
 11851      00
 11852              	.LASF549:
 11853 239c 43434D52 		.ascii	"CCMR1\000"
 11853      3100
 11854              	.LASF550:
 11855 23a2 43434D52 		.ascii	"CCMR2\000"
 11855      3200
 11856              	.LASF554:
 11857 23a8 43434D52 		.ascii	"CCMR3\000"
 11857      3300
 11858              	.LASF15:
 11859 23ae 756E7369 		.ascii	"unsigned int\000"
 11859      676E6564 
 11859      20696E74 
 11859      00
 11860              	.LASF472:
 11861 23bb 73717232 		.ascii	"sqr2\000"
 11861      00
 11862              	.LASF473:
 11863 23c0 73717233 		.ascii	"sqr3\000"
 11863      00
 11864              	.LASF109:
 11865 23c5 5F723438 		.ascii	"_r48\000"
 11865      00
 11866              	.LASF765:
 11867 23ca 48464952 		.ascii	"HFIR\000"
 11867      00
 11868              	.LASF695:
 11869 23cf 5553425F 		.ascii	"USB_UNINIT\000"
 11869      554E494E 
 11869      495400
 11870              	.LASF391:
 11871 23da 73747265 		.ascii	"stream\000"
 11871      616D00
ARM GAS  /tmp/ccwPAVQD.s 			page 239


 11872              	.LASF475:
 11873 23e1 64756D6D 		.ascii	"dummy\000"
 11873      7900
 11874              	.LASF577:
 11875 23e7 6932636F 		.ascii	"i2copmode_t\000"
 11875      706D6F64 
 11875      655F7400 
 11876              	.LASF369:
 11877 23f3 6576656E 		.ascii	"event_listener\000"
 11877      745F6C69 
 11877      7374656E 
 11877      657200
 11878              	.LASF4:
 11879 2402 73686F72 		.ascii	"short int\000"
 11879      7420696E 
 11879      7400
 11880              	.LASF719:
 11881 240c 75736263 		.ascii	"usbcallback_t\000"
 11881      616C6C62 
 11881      61636B5F 
 11881      7400
 11882              	.LASF60:
 11883 241a 5F726561 		.ascii	"_read\000"
 11883      6400
 11884              	.LASF748:
 11885 2420 47555342 		.ascii	"GUSBCFG\000"
 11885      43464700 
 11886              	.LASF303:
 11887 2428 55534152 		.ascii	"USART_TypeDef\000"
 11887      545F5479 
 11887      70654465 
 11887      6600
 11888              	.LASF390:
 11889 2436 6F757470 		.ascii	"output_queue_t\000"
 11889      75745F71 
 11889      75657565 
 11889      5F7400
 11890              	.LASF99:
 11891 2445 5F72616E 		.ascii	"_rand48\000"
 11891      64343800 
 11892              	.LASF797:
 11893 244d 73746D33 		.ascii	"stm32_otg_t\000"
 11893      325F6F74 
 11893      675F7400 
 11894              	.LASF600:
 11895 2459 49325344 		.ascii	"I2SDriver\000"
 11895      72697665 
 11895      7200
 11896              	.LASF584:
 11897 2463 64757479 		.ascii	"duty_cycle\000"
 11897      5F637963 
 11897      6C6500
 11898              	.LASF607:
 11899 246e 49325343 		.ascii	"I2SConfig\000"
 11899      6F6E6669 
 11899      6700
 11900              	.LASF886:
ARM GAS  /tmp/ccwPAVQD.s 			page 240


 11901 2478 7374726F 		.ascii	"strongest\000"
 11901      6E676573 
 11901      7400
 11902              	.LASF716:
 11903 2482 75645F73 		.ascii	"ud_size\000"
 11903      697A6500 
 11904              	.LASF819:
 11905 248a 696E5F6D 		.ascii	"in_maxsize\000"
 11905      61787369 
 11905      7A6500
 11906              	.LASF434:
 11907 2495 50464461 		.ascii	"PFData\000"
 11907      746100
 11908              	.LASF527:
 11909 249c 4558545F 		.ascii	"EXT_STOP\000"
 11909      53544F50 
 11909      00
 11910              	.LASF167:
 11911 24a5 705F7374 		.ascii	"p_state\000"
 11911      61746500 
 11912              	.LASF608:
 11913 24ad 49325344 		.ascii	"I2SD2\000"
 11913      3200
 11914              	.LASF657:
 11915 24b3 69735F69 		.ascii	"is_inserted\000"
 11915      6E736572 
 11915      74656400 
 11916              	.LASF182:
 11917 24bf 63685F74 		.ascii	"ch_threads_list\000"
 11917      68726561 
 11917      64735F6C 
 11917      69737400 
 11918              	.LASF291:
 11919 24cf 44434F55 		.ascii	"DCOUNT\000"
 11919      4E5400
 11920              	.LASF276:
 11921 24d6 4F415231 		.ascii	"OAR1\000"
 11921      00
 11922              	.LASF277:
 11923 24db 4F415232 		.ascii	"OAR2\000"
 11923      00
 11924              	.LASF179:
 11925 24e0 705F7374 		.ascii	"p_stats\000"
 11925      61747300 
 11926              	.LASF700:
 11927 24e8 75736273 		.ascii	"usbstate_t\000"
 11927      74617465 
 11927      5F7400
 11928              		.ident	"GCC: (GNU Tools for Arm Embedded Processors 7-2017-q4-major) 7.2.1 20170904 (release) [ARM
ARM GAS  /tmp/ccwPAVQD.s 			page 241


DEFINED SYMBOLS
                            *ABS*:0000000000000000 main.c
     /tmp/ccwPAVQD.s:18     .text.startup.main:0000000000000000 $t
     /tmp/ccwPAVQD.s:26     .text.startup.main:0000000000000000 main
     /tmp/ccwPAVQD.s:144    .text.startup.main:000000000000008c $d
     /tmp/ccwPAVQD.s:152    .text.startup.main:0000000000000094 $t
     /tmp/ccwPAVQD.s:208    .text.startup.main:00000000000000da $d
     /tmp/ccwPAVQD.s:216    .text.startup.main:00000000000000e2 $t
     /tmp/ccwPAVQD.s:330    .text.startup.main:0000000000000174 $d
     /tmp/ccwPAVQD.s:406    .data.__stack_chk_guard:0000000000000000 __stack_chk_guard
     /tmp/ccwPAVQD.s:339    .text.__stack_chk_fail:0000000000000000 $t
     /tmp/ccwPAVQD.s:347    .text.__stack_chk_fail:0000000000000000 __stack_chk_fail
     /tmp/ccwPAVQD.s:386    .text.__stack_chk_fail:0000000000000024 $d
     /tmp/ccwPAVQD.s:413    .data.bus_condvar:0000000000000000 bus_condvar
     /tmp/ccwPAVQD.s:421    .data.bus_lock:0000000000000000 bus_lock
     /tmp/ccwPAVQD.s:400    .bss.bus:0000000000000000 bus
     /tmp/ccwPAVQD.s:396    .bss.bus:0000000000000000 $d
     /tmp/ccwPAVQD.s:403    .data.__stack_chk_guard:0000000000000000 $d
     /tmp/ccwPAVQD.s:409    .data.bus_condvar:0000000000000000 $d
     /tmp/ccwPAVQD.s:417    .data.bus_lock:0000000000000000 $d
     /tmp/ccwPAVQD.s:428    .rodata.__stack_chk_fail.str1.4:0000000000000000 $d

UNDEFINED SYMBOLS
halInit
chSysInit
mpu_init
messagebus_init
proximity_start
calibrate_ir
VL53L0X_start
clear_leds
spi_comm_start
motors_init
serial_start
get_selector
set_led
get_calibrated_prox
left_motor_set_speed
right_motor_set_speed
VL53L0X_get_dist_mm
chSysHalt
